loan_id,user_id,loan_amount,origination_date,term_months,age,annual_income,credit_score,employment_status,is_default,origination_month,cohort_type
101,906,5000,2024-03-13,36,34,113556.13986890748,300,Contractor,0,2024-03,Bad
102,8142,5000,2024-10-25,24,67,123601.34447081565,649,Employed,0,2024-10,Bad
103,1883,25000,2024-04-14,12,62,20000.0,667,Employed,1,2024-04,Good
104,492,10000,2024-10-18,12,18,63303.21545751295,690,Employed,0,2024-10,Bad
105,7812,15000,2024-08-19,12,32,65771.23731892348,434,Employed,1,2024-08,Good
106,8733,10000,2024-04-10,24,56,127132.84811334216,660,Employed,0,2024-04,Good
107,2887,10000,2024-09-15,12,25,82345.58634647756,822,Contractor,1,2024-09,Bad
108,6133,25000,2024-10-18,36,59,88540.47533878728,846,Employed,0,2024-10,Bad
109,456,10000,2024-04-21,24,23,44961.81024738646,743,Employed,1,2024-04,Good
110,651,5000,2024-02-14,12,33,97887.7072735026,423,Employed,0,2024-02,Good
111,9505,15000,2024-04-09,24,23,43790.83658942273,388,Self-Employed,0,2024-04,Good
112,1305,15000,2024-06-05,24,26,75420.03936207785,827,Employed,0,2024-06,Bad
113,4513,15000,2024-08-12,36,23,69249.36349373174,773,Employed,1,2024-08,Good
114,3610,10000,2024-03-13,24,39,40723.44927230667,597,Employed,0,2024-03,Bad
115,8996,15000,2024-03-09,36,22,65514.754430866975,737,Employed,0,2024-03,Bad
116,8990,15000,2024-06-20,36,20,69819.96981265672,744,Employed,1,2024-06,Bad
117,3385,5000,2024-08-11,12,27,85912.10344912353,617,Employed,0,2024-08,Good
118,4705,25000,2024-02-18,12,54,75192.24342092943,638,Employed,1,2024-02,Good
119,5728,25000,2024-08-23,24,61,48202.06723837524,800,Employed,0,2024-08,Good
120,9273,5000,2024-04-18,12,33,79423.01026710731,554,Employed,0,2024-04,Good
121,9506,5000,2024-09-29,24,31,50416.4266780378,422,Employed,1,2024-09,Bad
122,2646,25000,2024-06-06,36,68,54915.50635078293,331,Employed,0,2024-06,Bad
123,7117,10000,2024-08-26,24,45,62482.60317957058,621,Employed,1,2024-08,Good
124,5430,5000,2024-01-04,36,62,51939.63179056227,686,Employed,1,2024-01,Bad
125,2054,15000,2024-07-22,36,39,77015.21483368368,372,Employed,0,2024-07,Good
126,3515,5000,2024-03-24,24,64,88132.04731792078,798,Employed,1,2024-03,Bad
127,310,10000,2024-08-01,36,41,63967.68282481793,667,Employed,0,2024-08,Good
128,8977,5000,2024-12-24,12,64,67815.917045641,615,Employed,0,2024-12,Bad
129,5001,15000,2024-03-02,24,18,35019.89187260892,698,Employed,1,2024-03,Bad
130,5122,5000,2024-02-27,12,55,67760.45117365298,444,Employed,1,2024-02,Good
131,5723,5000,2024-06-20,36,27,69572.8640905064,420,Employed,1,2024-06,Bad
132,6898,5000,2024-11-09,36,60,43942.60708074828,399,Employed,1,2024-11,Good
133,5495,25000,2024-12-27,24,52,89015.33081258714,793,Contractor,0,2024-12,Bad
134,7640,25000,2024-09-08,36,40,51878.513491889134,732,Employed,1,2024-09,Bad
135,9807,10000,2024-11-23,12,38,95080.31955730714,745,Employed,0,2024-11,Good
136,9015,25000,2024-05-16,24,63,94405.64266896324,664,Employed,0,2024-05,Bad
137,9520,10000,2024-08-25,24,67,32577.184668200436,388,Employed,1,2024-08,Good
138,58,25000,2024-01-06,12,64,29998.23192042477,334,Employed,0,2024-01,Bad
139,1249,10000,2024-10-01,36,28,72549.02250429412,744,Employed,0,2024-10,Bad
140,9642,10000,2024-03-26,36,56,94676.27876665955,378,Employed,1,2024-03,Bad
141,6037,10000,2024-05-27,24,29,39408.50634673214,705,Employed,0,2024-05,Bad
142,518,5000,2024-03-04,12,66,72787.27146994475,714,Self-Employed,0,2024-03,Bad
143,2078,5000,2024-06-03,24,43,67428.89467715619,371,Employed,1,2024-06,Bad
144,8343,10000,2024-05-14,24,52,91109.65129691447,714,Employed,0,2024-05,Bad
145,2158,10000,2024-04-27,36,37,45435.21593629667,687,Employed,1,2024-04,Good
146,6385,5000,2024-01-24,24,32,72023.21242369566,377,Employed,0,2024-01,Bad
147,3674,15000,2024-09-20,12,19,69531.34870862626,572,Employed,0,2024-09,Bad
148,8098,5000,2024-11-18,12,34,43037.530225762384,648,Employed,1,2024-11,Good
149,5150,10000,2024-01-11,12,69,88640.83568919075,791,Employed,0,2024-01,Bad
150,2514,5000,2024-12-21,12,41,20000.0,555,Employed,0,2024-12,Bad
151,6609,25000,2024-03-06,36,32,44654.65895177677,632,Employed,0,2024-03,Bad
152,1395,10000,2024-09-19,36,51,87755.39459161863,780,Employed,0,2024-09,Bad
153,1706,5000,2024-01-24,36,22,58499.093745488884,477,Employed,0,2024-01,Bad
154,9365,25000,2024-11-14,36,56,103016.60432452965,317,Employed,1,2024-11,Good
155,2422,5000,2024-11-23,12,29,73474.8378452355,447,Employed,0,2024-11,Good
156,8792,5000,2024-05-20,12,41,64216.47118325694,643,Employed,1,2024-05,Bad
157,3505,15000,2024-08-18,24,44,105753.24912186025,791,Employed,1,2024-08,Good
158,2300,5000,2024-03-28,24,37,56026.04037051466,403,Self-Employed,0,2024-03,Bad
159,4016,5000,2024-04-25,36,61,72612.30504200362,630,Self-Employed,0,2024-04,Good
160,1497,15000,2024-10-06,24,54,87663.60392774909,801,Employed,0,2024-10,Bad
161,6707,5000,2024-02-07,36,42,57310.565260906405,609,Employed,0,2024-02,Good
162,6772,15000,2024-07-17,36,65,106964.34910871893,723,Employed,0,2024-07,Good
163,7707,25000,2024-09-22,36,68,24834.93161604985,716,Employed,0,2024-09,Bad
164,8627,15000,2024-06-06,24,29,36927.471098079186,553,Employed,0,2024-06,Bad
165,2659,25000,2024-08-18,24,25,80247.00117976047,673,Employed,0,2024-08,Good
166,2324,15000,2024-12-09,36,47,68920.57540245482,318,Self-Employed,1,2024-12,Bad
167,2896,25000,2024-10-09,12,36,39528.251073331616,391,Employed,1,2024-10,Bad
168,1532,5000,2024-10-12,24,19,73286.77240827239,305,Employed,1,2024-10,Bad
169,782,25000,2024-05-07,12,44,28036.326575030027,710,Contractor,1,2024-05,Bad
170,1426,25000,2024-07-25,36,21,86424.38842456965,657,Employed,0,2024-07,Good
171,4929,10000,2024-09-14,36,20,50919.75664893449,428,Employed,1,2024-09,Bad
172,2552,25000,2024-09-20,24,27,41891.06665924061,631,Employed,0,2024-09,Bad
173,7424,5000,2024-05-24,24,24,47977.27927160764,480,Employed,0,2024-05,Bad
174,557,10000,2024-02-17,24,41,73545.63034887417,762,Employed,0,2024-02,Good
175,8705,10000,2024-03-04,36,37,49816.92386322712,711,Employed,1,2024-03,Bad
176,6439,15000,2024-07-07,12,33,74513.00763290757,477,Employed,1,2024-07,Good
177,6519,25000,2024-05-20,12,43,61021.263211556805,731,Self-Employed,0,2024-05,Bad
178,5787,15000,2024-08-15,24,30,66644.61723686874,587,Employed,0,2024-08,Good
179,4152,15000,2024-04-16,24,31,35505.58126563729,776,Self-Employed,0,2024-04,Good
180,6094,25000,2024-05-09,24,54,71207.6368933996,715,Employed,0,2024-05,Bad
181,2900,15000,2024-12-05,12,18,90380.52229535763,384,Self-Employed,1,2024-12,Bad
182,6735,5000,2024-05-30,24,46,56264.376234107316,795,Self-Employed,0,2024-05,Bad
183,5017,5000,2024-07-31,24,67,105321.7092676782,674,Contractor,0,2024-07,Good
184,6510,25000,2024-08-10,36,56,75301.77842665059,424,Self-Employed,1,2024-08,Good
185,2961,25000,2024-01-16,24,38,81453.57590006408,414,Contractor,1,2024-01,Bad
186,4944,10000,2024-05-20,36,46,26646.882663778713,632,Self-Employed,0,2024-05,Bad
187,9445,25000,2024-09-14,12,56,68373.48825408124,762,Self-Employed,1,2024-09,Bad
188,8917,25000,2024-04-23,24,40,102081.47212141477,808,Self-Employed,0,2024-04,Good
189,1307,5000,2024-11-16,12,27,64423.736097863344,701,Employed,0,2024-11,Good
190,760,5000,2024-01-26,12,40,51011.34286776328,371,Employed,1,2024-01,Bad
191,5239,25000,2024-10-12,12,36,127579.29477264277,698,Employed,0,2024-10,Bad
192,227,10000,2024-02-07,12,34,38157.783527056185,710,Self-Employed,0,2024-02,Good
193,4798,5000,2024-01-25,12,29,64823.427386229254,619,Employed,0,2024-01,Bad
194,8500,5000,2024-02-21,36,51,95652.61463335171,604,Self-Employed,0,2024-02,Good
195,3379,15000,2024-12-04,36,60,52034.0500628856,396,Self-Employed,1,2024-12,Bad
196,6713,25000,2024-03-31,12,49,65314.39424000786,819,Employed,0,2024-03,Bad
197,9710,15000,2024-05-17,12,30,48490.46573661152,685,Self-Employed,1,2024-05,Bad
198,9724,25000,2024-07-27,24,40,117493.81369989974,369,Employed,1,2024-07,Good
199,5209,10000,2024-03-01,12,50,54028.750238045715,736,Employed,0,2024-03,Bad
200,7443,15000,2024-04-20,36,24,88742.50960694674,704,Employed,0,2024-04,Good
201,4749,5000,2024-09-14,36,27,115110.58259187927,515,Contractor,0,2024-09,Bad
202,8989,25000,2024-12-02,36,37,41807.14269289079,625,Employed,1,2024-12,Bad
203,7046,25000,2024-05-14,36,36,72531.06200228476,810,Self-Employed,0,2024-05,Bad
204,7625,15000,2024-02-29,12,41,64873.97824441178,641,Self-Employed,0,2024-02,Good
205,1780,15000,2024-07-07,36,21,49243.76762488909,780,Employed,0,2024-07,Good
206,7064,10000,2024-12-01,36,31,66097.70754692893,459,Employed,1,2024-12,Bad
207,586,5000,2024-04-22,36,25,71235.44219212604,803,Employed,1,2024-04,Good
208,1379,10000,2024-01-27,24,66,100410.29479250731,342,Employed,0,2024-01,Bad
209,5708,5000,2024-01-01,12,21,55749.438354068894,613,Employed,0,2024-01,Bad
210,5443,5000,2024-08-01,36,32,69557.00558844674,490,Employed,0,2024-08,Good
211,6930,25000,2024-03-26,36,43,33719.30211555811,382,Self-Employed,0,2024-03,Bad
212,6421,5000,2024-06-03,12,64,46929.13012054376,414,Employed,1,2024-06,Bad
213,4032,15000,2024-03-20,36,34,72050.90526155551,668,Employed,0,2024-03,Bad
214,7443,25000,2024-02-29,36,24,88742.50960694674,704,Employed,0,2024-02,Good
215,6361,10000,2024-11-04,36,35,56158.68612796122,331,Self-Employed,0,2024-11,Good
216,1848,5000,2024-02-05,24,55,109598.06488004423,329,Employed,1,2024-02,Good
217,1042,25000,2024-10-17,36,51,67049.72034561799,416,Employed,1,2024-10,Bad
218,4840,15000,2024-10-15,36,36,70943.29319764965,482,Employed,0,2024-10,Bad
219,7352,10000,2024-11-20,12,27,63188.057010149125,357,Employed,0,2024-11,Good
220,7786,25000,2024-12-28,12,50,56900.47873248557,525,Employed,0,2024-12,Bad
221,243,25000,2024-06-23,24,49,82229.11142685839,358,Contractor,0,2024-06,Bad
222,5546,15000,2024-12-19,12,45,52450.20099546989,688,Employed,1,2024-12,Bad
223,2101,15000,2024-12-17,12,67,58077.76610577991,722,Employed,0,2024-12,Bad
224,9442,5000,2024-03-29,24,67,58567.08748526831,826,Employed,0,2024-03,Bad
225,1738,10000,2024-02-28,36,51,59368.43393771616,569,Employed,1,2024-02,Good
226,2755,25000,2024-03-01,12,62,37559.72544310683,542,Employed,1,2024-03,Bad
227,1393,15000,2024-08-29,12,36,54917.80520222653,693,Employed,0,2024-08,Good
228,8440,15000,2024-10-09,24,57,44355.772613296045,449,Employed,0,2024-10,Bad
229,7736,25000,2024-08-12,12,18,79019.03170013933,797,Employed,1,2024-08,Good
230,7644,15000,2024-08-09,12,66,81334.20959489714,710,Employed,1,2024-08,Good
231,9878,15000,2024-03-30,36,56,70589.98636114763,341,Employed,0,2024-03,Bad
232,4017,5000,2024-01-15,24,61,38562.13324266421,608,Employed,0,2024-01,Bad
233,3433,25000,2024-12-30,36,28,86598.08874906115,541,Self-Employed,0,2024-12,Bad
234,4527,5000,2024-07-03,36,55,55264.910961865586,664,Employed,1,2024-07,Good
235,7785,10000,2024-07-22,36,62,68418.66256621158,466,Employed,0,2024-07,Good
236,2082,15000,2024-02-10,24,51,56446.283721819025,570,Employed,0,2024-02,Good
237,9540,5000,2024-06-19,12,65,42444.04493213083,792,Employed,0,2024-06,Bad
238,5576,25000,2024-09-24,36,39,130809.65511693746,308,Employed,0,2024-09,Bad
239,5345,10000,2024-07-14,24,48,48432.712912799114,571,Contractor,0,2024-07,Good
240,4737,10000,2024-09-06,12,64,90676.51067182544,352,Employed,0,2024-09,Bad
241,133,5000,2024-07-13,24,52,66915.22676129149,383,Employed,0,2024-07,Good
242,1855,5000,2024-08-17,36,40,85292.63929033163,552,Employed,0,2024-08,Good
243,6051,15000,2024-04-05,24,66,35850.64535798847,609,Employed,0,2024-04,Good
244,5078,5000,2024-08-05,36,63,75647.77417753529,791,Employed,0,2024-08,Good
245,5341,5000,2024-01-04,24,57,20000.0,745,Self-Employed,0,2024-01,Bad
246,8593,5000,2024-01-05,36,30,27368.020595963986,496,Self-Employed,1,2024-01,Bad
247,606,10000,2024-02-15,12,26,75708.55126651813,326,Self-Employed,1,2024-02,Good
248,132,25000,2024-11-26,24,54,59057.91707597539,791,Contractor,0,2024-11,Good
249,7072,5000,2024-05-05,24,39,20000.0,757,Self-Employed,1,2024-05,Bad
250,6158,10000,2024-05-16,12,31,46433.52085569054,393,Employed,0,2024-05,Bad
251,6579,10000,2024-05-15,36,58,79710.90450600768,475,Employed,1,2024-05,Bad
252,6614,5000,2024-11-09,36,56,63562.425780127094,633,Employed,0,2024-11,Good
253,4507,10000,2024-12-24,36,30,90678.77589732877,752,Employed,0,2024-12,Bad
254,804,15000,2024-11-14,12,62,27649.055167756233,571,Self-Employed,0,2024-11,Good
255,5193,25000,2024-07-07,24,63,87944.20494487844,791,Employed,0,2024-07,Good
256,4290,15000,2024-05-22,24,24,66114.2402722318,667,Self-Employed,1,2024-05,Bad
257,3634,25000,2024-03-13,24,52,70793.27355075981,304,Employed,0,2024-03,Bad
258,2677,10000,2024-06-26,12,19,43300.6144367917,460,Self-Employed,1,2024-06,Bad
259,1216,5000,2024-12-15,36,27,67186.84384201848,542,Employed,0,2024-12,Bad
260,2478,5000,2024-08-13,36,42,113588.22202805494,508,Self-Employed,0,2024-08,Good
261,2265,10000,2024-10-04,36,67,79740.980783935,438,Self-Employed,0,2024-10,Bad
262,7791,5000,2024-08-25,24,24,57234.269004077985,834,Employed,0,2024-08,Good
263,970,10000,2024-04-03,12,43,53244.91653036722,312,Employed,1,2024-04,Good
264,6629,15000,2024-11-25,36,62,90210.39924857479,331,Contractor,1,2024-11,Good
265,601,10000,2024-07-15,36,42,67069.32259463564,563,Employed,0,2024-07,Good
266,4456,10000,2024-03-04,24,66,59693.89225400174,651,Employed,0,2024-03,Bad
267,5942,15000,2024-05-29,36,58,74302.03696668465,335,Employed,1,2024-05,Bad
268,9525,15000,2024-05-20,24,27,74372.6921575194,638,Employed,1,2024-05,Bad
269,2717,10000,2024-08-18,36,32,89857.47066719059,725,Employed,0,2024-08,Good
270,782,15000,2024-09-01,24,44,28036.326575030027,710,Contractor,0,2024-09,Bad
271,1435,25000,2024-10-29,24,27,123117.47285808544,726,Employed,0,2024-10,Bad
272,4339,15000,2024-12-12,36,54,72159.66859888476,461,Self-Employed,0,2024-12,Bad
273,9209,5000,2024-10-03,24,18,64607.80083107655,493,Self-Employed,0,2024-10,Bad
274,2703,15000,2024-01-31,36,62,81563.40083496533,770,Employed,0,2024-01,Bad
275,3992,15000,2024-02-07,36,53,57483.14098890794,383,Employed,0,2024-02,Good
276,8652,10000,2024-02-08,12,26,95247.34900047761,817,Employed,0,2024-02,Good
277,7533,15000,2024-06-12,36,23,102801.69872853633,600,Employed,0,2024-06,Bad
278,7246,25000,2024-12-21,36,30,84649.8203175783,545,Employed,0,2024-12,Bad
279,3641,10000,2024-09-23,12,62,52625.88622773248,653,Self-Employed,0,2024-09,Bad
280,532,25000,2024-03-09,12,47,86904.34829232687,521,Self-Employed,1,2024-03,Bad
281,1978,5000,2024-10-16,24,52,87462.79261378912,428,Self-Employed,0,2024-10,Bad
282,3765,10000,2024-08-16,12,62,20000.0,676,Self-Employed,0,2024-08,Good
283,291,10000,2024-09-17,12,43,54634.32748570342,569,Employed,1,2024-09,Bad
284,6078,5000,2024-01-20,24,45,68337.48547653429,694,Self-Employed,0,2024-01,Bad
285,7869,5000,2024-03-03,12,50,29173.989884553645,381,Self-Employed,1,2024-03,Bad
286,3576,25000,2024-10-27,36,26,65584.63036646269,408,Employed,0,2024-10,Bad
287,4650,15000,2024-06-18,12,24,95808.2151303666,490,Self-Employed,1,2024-06,Bad
288,6615,10000,2024-01-13,24,41,53112.88147026393,675,Employed,1,2024-01,Bad
289,513,10000,2024-05-16,36,46,29723.57922334795,750,Self-Employed,0,2024-05,Bad
290,1640,25000,2024-08-11,24,40,63126.8360970388,747,Self-Employed,0,2024-08,Good
291,8447,10000,2024-04-03,12,43,66384.92279458336,777,Employed,0,2024-04,Good
292,4817,5000,2024-06-25,36,57,95089.4513633365,820,Employed,0,2024-06,Bad
293,5850,10000,2024-12-13,12,44,73417.80738551528,636,Employed,0,2024-12,Bad
294,2638,15000,2024-12-22,24,25,81751.2417953881,630,Employed,1,2024-12,Bad
295,1966,5000,2024-06-04,24,64,76906.00883469165,368,Employed,1,2024-06,Bad
296,51,25000,2024-04-30,12,31,103362.05254486288,373,Employed,1,2024-04,Good
297,800,25000,2024-06-19,24,19,56454.45449384661,345,Employed,0,2024-06,Bad
298,8292,10000,2024-07-16,12,67,77726.1286199286,329,Employed,0,2024-07,Good
299,9940,5000,2024-06-17,24,49,93964.13732055805,374,Employed,0,2024-06,Bad
300,6643,5000,2024-06-20,24,20,44507.124428315255,341,Employed,1,2024-06,Bad
301,237,5000,2024-06-05,24,36,25439.300649409,654,Employed,1,2024-06,Bad
302,472,10000,2024-11-19,24,64,94056.48993764167,543,Employed,0,2024-11,Good
303,2205,10000,2024-07-28,36,62,68451.96021043867,798,Employed,0,2024-07,Good
304,7182,25000,2024-10-07,36,33,70480.10469083971,767,Employed,1,2024-10,Bad
305,6260,15000,2024-07-14,12,56,101766.54976630723,689,Self-Employed,0,2024-07,Good
306,8331,5000,2024-09-26,12,61,68253.23595245105,527,Self-Employed,0,2024-09,Bad
307,1384,10000,2024-07-05,12,21,68491.34223913377,771,Employed,0,2024-07,Good
308,4502,10000,2024-03-02,12,61,39867.12185006912,384,Self-Employed,1,2024-03,Bad
309,1713,15000,2024-05-24,24,47,20000.0,472,Employed,1,2024-05,Bad
310,9143,10000,2024-08-13,24,20,20000.0,705,Employed,0,2024-08,Good
311,6711,10000,2024-04-26,24,61,123325.41045631721,524,Employed,0,2024-04,Good
312,3797,10000,2024-07-24,12,68,75587.69685055094,356,Employed,1,2024-07,Good
313,2374,5000,2024-12-21,36,30,110494.29468281494,593,Employed,0,2024-12,Bad
314,9550,15000,2024-03-06,12,20,45934.427089111996,587,Employed,0,2024-03,Bad
315,4425,25000,2024-10-27,36,22,85754.0343086576,624,Employed,0,2024-10,Bad
316,5420,15000,2024-11-22,36,49,40565.89706290723,782,Employed,1,2024-11,Good
317,1700,15000,2024-01-28,24,64,71125.96660788514,488,Employed,1,2024-01,Bad
318,4111,25000,2024-11-10,24,57,61133.757335979164,496,Self-Employed,1,2024-11,Good
319,3373,25000,2024-09-20,12,23,67873.5442939783,583,Employed,0,2024-09,Bad
320,8826,10000,2024-08-08,12,45,73799.02685520139,390,Employed,0,2024-08,Good
321,5582,10000,2024-01-10,36,32,43857.76721383694,367,Employed,1,2024-01,Bad
322,9321,10000,2024-10-03,36,55,31791.205212178313,784,Contractor,1,2024-10,Bad
323,2387,5000,2024-10-17,24,29,69574.86124113151,440,Self-Employed,1,2024-10,Bad
324,8584,5000,2024-01-04,36,69,97938.520475435,346,Employed,1,2024-01,Bad
325,169,15000,2024-06-29,36,32,83226.59112505912,776,Employed,0,2024-06,Bad
326,3966,5000,2024-03-25,12,68,68036.52660498864,543,Employed,1,2024-03,Bad
327,3209,5000,2024-01-25,12,22,38739.05928110082,346,Employed,0,2024-01,Bad
328,9378,25000,2024-01-20,36,35,68138.96306183944,657,Employed,0,2024-01,Bad
329,8173,10000,2024-07-17,36,23,42551.45035899424,737,Employed,0,2024-07,Good
330,2728,25000,2024-07-17,36,27,63779.25410165742,643,Contractor,1,2024-07,Good
331,3510,10000,2024-04-05,12,51,62070.69987564061,641,Employed,0,2024-04,Good
332,7550,15000,2024-04-05,12,69,103450.40704654084,794,Employed,0,2024-04,Good
333,4478,25000,2024-10-04,24,51,72726.17087560087,433,Employed,0,2024-10,Bad
334,4721,10000,2024-02-18,24,68,69755.58054612235,830,Employed,0,2024-02,Good
335,1714,25000,2024-03-29,24,67,98204.15134893332,621,Employed,0,2024-03,Bad
336,6620,25000,2024-01-06,24,54,75507.74543713011,709,Self-Employed,0,2024-01,Bad
337,2513,10000,2024-05-25,12,25,66101.56418516499,730,Employed,0,2024-05,Bad
338,4590,5000,2024-01-12,24,44,104404.31319353447,430,Employed,0,2024-01,Bad
339,6679,25000,2024-01-28,12,57,69279.67859364157,523,Employed,1,2024-01,Bad
340,2679,15000,2024-10-01,12,26,26682.90072690665,473,Employed,0,2024-10,Bad
341,282,5000,2024-02-12,24,42,65400.63205737901,458,Employed,0,2024-02,Good
342,4927,25000,2024-04-08,12,29,20000.0,373,Self-Employed,0,2024-04,Good
343,430,15000,2024-05-22,36,24,95843.10695840482,390,Employed,0,2024-05,Bad
344,4659,15000,2024-10-18,24,40,73216.10064512021,346,Employed,1,2024-10,Bad
345,5163,10000,2024-04-06,24,56,44292.65599129003,566,Self-Employed,0,2024-04,Good
346,8106,5000,2024-03-25,36,59,28505.33320205003,369,Employed,1,2024-03,Bad
347,3213,5000,2024-10-24,24,21,66047.39802885691,365,Self-Employed,1,2024-10,Bad
348,4633,10000,2024-03-31,12,34,70188.55737221855,785,Employed,0,2024-03,Bad
349,2664,25000,2024-10-27,12,29,76762.74618446392,528,Employed,0,2024-10,Bad
350,9128,25000,2024-01-30,12,54,112547.82871656252,523,Employed,1,2024-01,Bad
351,1689,15000,2024-10-21,24,49,61674.92090174841,783,Employed,0,2024-10,Bad
352,5595,15000,2024-06-22,36,67,40151.97677061517,676,Employed,1,2024-06,Bad
353,5936,15000,2024-07-04,36,67,70051.86265403281,556,Self-Employed,0,2024-07,Good
354,9075,15000,2024-01-30,24,40,29268.328008221368,473,Employed,1,2024-01,Bad
355,817,10000,2024-09-07,12,44,62375.807310909404,843,Employed,0,2024-09,Bad
356,3867,25000,2024-04-18,12,24,20000.0,615,Employed,0,2024-04,Good
357,6189,15000,2024-07-31,24,61,47561.45143812214,840,Employed,0,2024-07,Good
358,678,5000,2024-08-05,24,61,84377.87803972715,796,Employed,0,2024-08,Good
359,2490,15000,2024-12-09,12,59,66455.3181771264,493,Self-Employed,0,2024-12,Bad
360,7233,15000,2024-06-30,24,65,56777.76258322977,525,Employed,1,2024-06,Bad
361,2447,25000,2024-12-07,36,53,30609.14778034095,682,Contractor,0,2024-12,Bad
362,1889,15000,2024-02-06,36,24,64198.812645907165,668,Employed,1,2024-02,Good
363,1721,10000,2024-12-11,24,63,87815.508063511,847,Employed,0,2024-12,Bad
364,224,25000,2024-05-29,12,66,70041.32262823137,620,Employed,0,2024-05,Bad
365,935,25000,2024-04-06,36,44,44631.0999294113,834,Employed,0,2024-04,Good
366,9505,15000,2024-01-24,24,23,43790.83658942273,388,Self-Employed,1,2024-01,Bad
367,1309,10000,2024-11-20,12,43,92074.9984629217,377,Self-Employed,0,2024-11,Good
368,8418,25000,2024-12-09,24,63,27443.36869149297,827,Contractor,0,2024-12,Bad
369,200,5000,2024-12-20,24,56,68398.1141804587,772,Self-Employed,0,2024-12,Bad
370,4107,15000,2024-05-01,24,18,103112.92952789758,491,Self-Employed,0,2024-05,Bad
371,5075,25000,2024-03-26,24,63,74797.03155613961,481,Employed,0,2024-03,Bad
372,3994,15000,2024-06-09,24,44,56673.80947561194,743,Employed,0,2024-06,Bad
373,7073,5000,2024-01-17,12,41,44217.80261295274,429,Employed,0,2024-01,Bad
374,3934,15000,2024-08-31,36,69,66643.44150118218,508,Employed,1,2024-08,Good
375,6934,15000,2024-09-24,12,21,82599.11691985583,756,Employed,0,2024-09,Bad
376,1598,10000,2024-10-12,36,64,72367.98132255753,459,Employed,0,2024-10,Bad
377,5,10000,2024-08-05,24,60,45705.701065178124,439,Employed,0,2024-08,Good
378,8472,5000,2024-01-06,24,40,88464.27667649848,629,Employed,0,2024-01,Bad
379,7591,10000,2024-09-23,12,51,72934.06583138404,681,Employed,0,2024-09,Bad
380,3020,25000,2024-08-22,12,60,36870.347456720956,331,Employed,1,2024-08,Good
381,5358,10000,2024-05-03,36,65,85998.61349355069,563,Self-Employed,0,2024-05,Bad
382,2365,25000,2024-02-29,24,51,62058.6267099459,596,Contractor,0,2024-02,Good
383,127,5000,2024-01-10,12,51,46644.16695072406,634,Employed,0,2024-01,Bad
384,4827,5000,2024-01-16,24,50,31376.80532337069,517,Employed,0,2024-01,Bad
385,3250,15000,2024-03-24,24,61,79625.53330719496,688,Employed,0,2024-03,Bad
386,3902,25000,2024-06-20,24,47,35883.416287190135,584,Employed,0,2024-06,Bad
387,5158,15000,2024-05-26,36,53,114641.91027537099,407,Employed,0,2024-05,Bad
388,8675,15000,2024-04-09,24,63,20723.579941570446,670,Employed,0,2024-04,Good
389,3040,15000,2024-09-27,36,30,94277.54929173898,812,Self-Employed,0,2024-09,Bad
390,4411,25000,2024-08-02,12,58,25826.015720816176,584,Employed,0,2024-08,Good
391,9700,10000,2024-03-25,12,57,20000.0,573,Employed,1,2024-03,Bad
392,9131,25000,2024-02-08,24,41,33915.94348300274,383,Employed,0,2024-02,Good
393,17,10000,2024-01-05,24,20,81772.78120692188,536,Self-Employed,0,2024-01,Bad
394,8005,25000,2024-03-26,36,43,74222.93007270616,548,Self-Employed,0,2024-03,Bad
395,7084,5000,2024-10-13,24,42,66161.53182885474,502,Employed,0,2024-10,Bad
396,5076,5000,2024-07-25,24,25,39135.05100983363,555,Employed,1,2024-07,Good
397,3943,10000,2024-02-07,24,58,87090.16964985423,466,Contractor,0,2024-02,Good
398,6173,15000,2024-09-12,36,51,85661.32777146906,362,Employed,1,2024-09,Bad
399,3618,15000,2024-06-28,36,52,91604.2675585261,686,Employed,0,2024-06,Bad
400,9226,15000,2024-01-19,24,53,76689.37281205393,824,Employed,0,2024-01,Bad
401,6231,15000,2024-06-11,24,49,65821.58434950533,472,Employed,0,2024-06,Bad
402,8662,25000,2024-07-20,12,37,92778.63038011157,660,Employed,0,2024-07,Good
403,1325,5000,2024-09-27,36,61,55013.36273817868,645,Employed,0,2024-09,Bad
404,3278,25000,2024-03-28,12,31,45951.46904662291,331,Self-Employed,1,2024-03,Bad
405,1625,25000,2024-06-23,24,24,96714.58089118674,601,Employed,0,2024-06,Bad
406,7250,25000,2024-08-30,24,54,72831.04234234041,702,Self-Employed,0,2024-08,Good
407,9428,10000,2024-05-27,24,42,65316.36160371636,484,Employed,0,2024-05,Bad
408,119,5000,2024-09-21,24,59,54406.007949432416,309,Employed,0,2024-09,Bad
409,7304,10000,2024-01-05,36,57,113055.61400673632,456,Employed,1,2024-01,Bad
410,7941,15000,2024-05-18,24,66,69841.75045870422,325,Employed,1,2024-05,Bad
411,8980,5000,2024-04-12,12,52,103536.42987080634,800,Employed,0,2024-04,Good
412,6521,10000,2024-12-12,12,67,49025.37364833306,388,Employed,0,2024-12,Bad
413,2476,10000,2024-09-14,12,21,59223.51157897754,717,Employed,0,2024-09,Bad
414,2768,25000,2024-06-28,36,46,38524.071949697565,842,Employed,0,2024-06,Bad
415,9620,10000,2024-09-02,12,69,65426.72062999315,482,Employed,0,2024-09,Bad
416,243,10000,2024-05-27,36,49,82229.11142685839,358,Contractor,0,2024-05,Bad
417,5081,15000,2024-01-21,36,26,82212.39936403916,706,Contractor,0,2024-01,Bad
418,5465,15000,2024-11-02,24,63,87195.09838947121,798,Employed,0,2024-11,Good
419,4723,10000,2024-06-06,36,64,86428.95971058222,631,Employed,0,2024-06,Bad
420,8208,10000,2024-06-24,36,64,113564.42947076578,747,Employed,0,2024-06,Bad
421,4612,10000,2024-09-13,36,62,74811.400461763,488,Employed,1,2024-09,Bad
422,6410,25000,2024-09-21,24,33,88147.60441819295,332,Self-Employed,0,2024-09,Bad
423,8115,25000,2024-04-22,24,36,63047.274747180265,710,Employed,0,2024-04,Good
424,6704,25000,2024-06-16,24,62,92081.5444073576,379,Contractor,1,2024-06,Bad
425,2783,15000,2024-01-21,12,48,87329.7086801813,378,Self-Employed,1,2024-01,Bad
426,6860,5000,2024-03-20,12,63,62064.74249137826,404,Contractor,0,2024-03,Bad
427,6164,25000,2024-08-15,36,66,86485.35636898632,518,Self-Employed,1,2024-08,Good
428,1824,25000,2024-02-06,12,20,35923.933742884954,477,Employed,0,2024-02,Good
429,4924,10000,2024-03-31,24,66,32211.40084907497,380,Employed,0,2024-03,Bad
430,8203,25000,2024-11-22,12,57,61867.83443076405,300,Employed,1,2024-11,Good
431,5140,5000,2024-05-31,24,21,80102.43565888918,379,Employed,1,2024-05,Bad
432,8471,15000,2024-06-26,12,48,87732.18491734235,456,Employed,1,2024-06,Bad
433,5667,25000,2024-06-30,24,63,55312.71712736415,820,Employed,0,2024-06,Bad
434,5521,15000,2024-04-19,12,60,94959.21423433648,682,Self-Employed,1,2024-04,Good
435,6922,25000,2024-12-25,36,64,53911.96000407213,678,Employed,1,2024-12,Bad
436,2086,15000,2024-04-18,12,57,63062.6425026753,371,Employed,0,2024-04,Good
437,5070,15000,2024-06-04,12,20,70685.12697479052,698,Self-Employed,0,2024-06,Bad
438,1107,25000,2024-09-16,36,20,75873.52595919746,697,Contractor,0,2024-09,Bad
439,8224,25000,2024-03-07,36,69,20000.0,700,Employed,1,2024-03,Bad
440,8929,15000,2024-09-16,24,22,113589.60218443908,364,Employed,0,2024-09,Bad
441,1849,5000,2024-09-27,36,24,107037.31143545039,666,Self-Employed,0,2024-09,Bad
442,3609,5000,2024-02-06,12,63,96666.5313299603,504,Self-Employed,0,2024-02,Good
443,8108,5000,2024-09-26,24,51,76379.3917467206,823,Employed,0,2024-09,Bad
444,2678,5000,2024-05-02,12,44,59660.168944873934,650,Employed,0,2024-05,Bad
445,294,25000,2024-08-11,24,66,110035.7524816622,508,Employed,0,2024-08,Good
446,3197,10000,2024-07-13,24,59,73976.37733700917,618,Self-Employed,0,2024-07,Good
447,1572,15000,2024-03-22,36,34,49521.926293751705,842,Employed,0,2024-03,Bad
448,6567,5000,2024-02-19,12,30,89027.33643080208,347,Employed,1,2024-02,Good
449,269,5000,2024-03-18,24,37,121895.63569119094,615,Employed,0,2024-03,Bad
450,7074,10000,2024-01-25,24,66,52726.27625670334,327,Employed,1,2024-01,Bad
451,9340,10000,2024-10-21,24,22,88048.4150321339,700,Employed,0,2024-10,Bad
452,3343,25000,2024-01-26,24,38,88025.64599327484,489,Self-Employed,0,2024-01,Bad
453,5178,15000,2024-02-29,36,40,29009.796730029317,514,Employed,0,2024-02,Good
454,880,15000,2024-11-03,36,68,77916.11114839918,451,Self-Employed,0,2024-11,Good
455,59,10000,2024-03-10,12,24,79681.56033660442,743,Employed,0,2024-03,Bad
456,3892,10000,2024-06-02,24,69,81423.2266585522,447,Self-Employed,1,2024-06,Bad
457,217,10000,2024-02-17,12,66,45828.39904988619,705,Contractor,0,2024-02,Good
458,5701,25000,2024-02-23,12,53,52820.820424271384,426,Employed,0,2024-02,Good
459,7650,15000,2024-04-23,36,60,51067.96725963616,737,Employed,0,2024-04,Good
460,6247,10000,2024-10-03,24,61,47468.76138989809,808,Employed,0,2024-10,Bad
461,7979,5000,2024-04-19,36,33,105998.91704571652,499,Employed,0,2024-04,Good
462,6385,15000,2024-03-12,24,32,72023.21242369566,377,Employed,0,2024-03,Bad
463,4957,15000,2024-01-18,24,47,40029.47826664876,611,Employed,1,2024-01,Bad
464,734,5000,2024-01-15,12,55,20000.0,538,Employed,0,2024-01,Bad
465,5951,5000,2024-02-11,12,19,50973.7286994433,637,Contractor,0,2024-02,Good
466,5349,15000,2024-01-20,36,47,88884.71427949627,789,Self-Employed,0,2024-01,Bad
467,5572,15000,2024-01-16,36,58,94660.38976294022,516,Contractor,0,2024-01,Bad
468,7075,10000,2024-05-14,24,54,99621.7773448511,625,Self-Employed,1,2024-05,Bad
469,2422,25000,2024-08-08,12,29,73474.8378452355,447,Employed,0,2024-08,Good
470,3378,25000,2024-04-04,12,67,71720.30891030385,515,Self-Employed,0,2024-04,Good
471,8566,10000,2024-04-02,24,23,42179.887834970126,788,Employed,0,2024-04,Good
472,7105,5000,2024-03-21,36,31,66934.09325710242,551,Employed,0,2024-03,Bad
473,6784,5000,2024-03-18,24,68,46157.308878456344,548,Employed,1,2024-03,Bad
474,112,5000,2024-12-16,12,68,79169.29315460449,634,Employed,0,2024-12,Bad
475,8486,5000,2024-05-25,36,47,20000.0,601,Employed,0,2024-05,Bad
476,2470,10000,2024-11-15,24,53,68161.48047651724,511,Employed,0,2024-11,Good
477,2199,15000,2024-01-26,12,31,73573.15943303356,802,Employed,0,2024-01,Bad
478,5294,10000,2024-07-15,36,61,59985.720483605786,478,Employed,1,2024-07,Good
479,7582,5000,2024-05-23,24,67,60953.38086605673,528,Employed,0,2024-05,Bad
480,8360,10000,2024-03-17,36,58,45580.652270323495,395,Employed,0,2024-03,Bad
481,70,25000,2024-11-09,24,19,96328.32061920609,762,Employed,0,2024-11,Good
482,5957,25000,2024-12-17,12,23,51271.83797526057,808,Self-Employed,0,2024-12,Bad
483,9618,5000,2024-07-19,24,34,81902.59095742874,670,Employed,0,2024-07,Good
484,6075,10000,2024-10-29,24,44,20000.0,425,Employed,0,2024-10,Bad
485,2573,25000,2024-11-22,12,43,38600.25470182892,636,Employed,0,2024-11,Good
486,1655,15000,2024-05-02,36,52,41226.16542263821,599,Employed,1,2024-05,Bad
487,2260,5000,2024-06-26,36,64,74889.97086907356,418,Employed,1,2024-06,Bad
488,102,10000,2024-10-28,12,18,61319.86803286007,609,Employed,0,2024-10,Bad
489,5909,5000,2024-01-08,12,29,58530.88970319053,303,Employed,1,2024-01,Bad
490,9924,25000,2024-01-02,36,56,48462.802867962004,736,Employed,1,2024-01,Bad
491,5709,15000,2024-05-25,12,48,58016.243823576966,318,Self-Employed,0,2024-05,Bad
492,1362,25000,2024-02-05,36,47,88223.30033830537,810,Employed,1,2024-02,Good
493,8525,5000,2024-03-28,12,66,27373.353577407383,546,Self-Employed,1,2024-03,Bad
494,3261,15000,2024-04-28,12,50,28837.544911482815,658,Contractor,0,2024-04,Good
495,1123,10000,2024-02-11,12,26,59646.242232220284,638,Self-Employed,0,2024-02,Good
496,1958,25000,2024-12-23,12,28,58549.78659505978,574,Employed,1,2024-12,Bad
497,8652,15000,2024-05-18,12,26,95247.34900047761,817,Employed,0,2024-05,Bad
498,9410,5000,2024-02-28,12,38,50080.68809080962,681,Employed,0,2024-02,Good
499,6699,10000,2024-06-28,36,23,61735.61356762072,551,Employed,1,2024-06,Bad
500,4986,5000,2024-07-20,12,53,67912.70131189677,752,Contractor,1,2024-07,Good
501,6780,5000,2024-08-08,24,37,50219.609518940655,739,Employed,1,2024-08,Good
502,931,10000,2024-02-18,36,42,70474.09789639938,591,Employed,1,2024-02,Good
503,8503,15000,2024-12-25,24,27,25516.370948243493,536,Employed,1,2024-12,Bad
504,2890,15000,2024-08-27,12,66,59891.106833858794,550,Contractor,1,2024-08,Good
505,5960,10000,2024-05-07,36,45,36894.99757632555,755,Employed,0,2024-05,Bad
506,7140,10000,2024-11-25,24,19,78215.87038336397,822,Employed,0,2024-11,Good
507,1759,5000,2024-10-12,12,64,37524.01938670352,624,Employed,1,2024-10,Bad
508,8082,5000,2024-01-28,36,55,104966.18983977775,506,Contractor,0,2024-01,Bad
509,4342,25000,2024-04-02,12,19,26755.64799726659,739,Employed,1,2024-04,Good
510,8147,10000,2024-06-27,24,67,50325.72534948842,470,Self-Employed,1,2024-06,Bad
511,472,25000,2024-08-04,36,64,94056.48993764167,543,Employed,0,2024-08,Good
512,4418,10000,2024-01-27,36,40,38424.09317865704,612,Self-Employed,1,2024-01,Bad
513,3181,25000,2024-05-06,36,33,27423.828516062982,580,Self-Employed,1,2024-05,Bad
514,7817,5000,2024-04-07,36,50,30337.76448271892,699,Employed,0,2024-04,Good
515,1145,5000,2024-11-03,36,57,91787.89838952597,403,Employed,1,2024-11,Good
516,99,15000,2024-10-26,24,46,35050.83926956846,545,Self-Employed,1,2024-10,Bad
517,3650,25000,2024-02-17,36,58,28932.130349932188,577,Employed,0,2024-02,Good
518,494,10000,2024-12-19,36,51,83491.88670294583,383,Self-Employed,1,2024-12,Bad
519,2158,25000,2024-09-28,12,37,45435.21593629667,687,Employed,1,2024-09,Bad
520,4580,5000,2024-07-06,36,54,63984.84420803675,596,Self-Employed,1,2024-07,Good
521,2178,15000,2024-10-29,24,56,82173.91580246693,378,Employed,0,2024-10,Bad
522,9616,25000,2024-04-19,24,45,122937.90577992136,489,Employed,0,2024-04,Good
523,8698,5000,2024-11-26,24,35,33377.77889743229,589,Employed,1,2024-11,Good
524,6913,10000,2024-01-15,12,60,98073.1540083883,381,Employed,0,2024-01,Bad
525,8553,15000,2024-04-11,36,45,33336.5292763757,594,Employed,0,2024-04,Good
526,8346,5000,2024-04-03,24,63,32206.58269387189,720,Employed,0,2024-04,Good
527,8108,10000,2024-07-02,36,51,76379.3917467206,823,Employed,0,2024-07,Good
528,533,25000,2024-08-06,24,54,47264.2210667881,664,Employed,0,2024-08,Good
529,5667,10000,2024-05-08,24,63,55312.71712736415,820,Employed,0,2024-05,Bad
530,2358,10000,2024-06-01,24,30,40076.70933994683,676,Employed,1,2024-06,Bad
531,6780,10000,2024-11-15,12,37,50219.609518940655,739,Employed,0,2024-11,Good
532,1970,15000,2024-04-01,36,23,46128.34508570198,751,Employed,0,2024-04,Good
533,4972,5000,2024-02-12,36,19,48954.46490139147,488,Employed,0,2024-02,Good
534,7172,5000,2024-09-26,36,36,48496.3033165881,585,Employed,0,2024-09,Bad
535,635,10000,2024-09-04,36,30,77614.54536193475,505,Employed,1,2024-09,Bad
536,2602,25000,2024-03-08,24,55,57198.201698681674,535,Employed,0,2024-03,Bad
537,1193,25000,2024-09-26,36,24,107683.24523898057,412,Employed,1,2024-09,Bad
538,8929,5000,2024-07-26,12,22,113589.60218443908,364,Employed,0,2024-07,Good
539,9401,25000,2024-08-13,12,29,68967.08309046822,692,Employed,1,2024-08,Good
540,5805,10000,2024-07-23,12,51,24043.858522636663,712,Employed,0,2024-07,Good
541,608,5000,2024-05-24,36,52,55388.57802557271,357,Self-Employed,0,2024-05,Bad
542,6422,5000,2024-04-01,12,63,20000.0,753,Employed,1,2024-04,Good
543,5259,25000,2024-05-17,24,46,60532.97780980041,415,Contractor,0,2024-05,Bad
544,3066,5000,2024-01-17,12,57,85139.36757015434,643,Employed,0,2024-01,Bad
545,7867,15000,2024-01-02,36,39,68650.26524439317,382,Contractor,1,2024-01,Bad
546,7254,10000,2024-09-06,24,58,75851.71217957942,344,Self-Employed,1,2024-09,Bad
547,4327,15000,2024-11-16,12,53,71181.7863027189,827,Employed,0,2024-11,Good
548,5571,5000,2024-04-28,36,40,87891.3451064586,523,Self-Employed,0,2024-04,Good
549,2038,25000,2024-07-15,36,42,64212.037166797396,667,Employed,0,2024-07,Good
550,2186,15000,2024-12-20,36,57,59855.8251580707,805,Employed,0,2024-12,Bad
551,9189,15000,2024-08-01,24,20,62216.13994036222,572,Employed,0,2024-08,Good
552,7506,15000,2024-04-16,36,54,29829.736384878204,542,Employed,1,2024-04,Good
553,1180,25000,2024-07-26,12,34,83061.17463052449,710,Employed,0,2024-07,Good
554,4703,25000,2024-04-26,12,58,93737.18410025921,831,Self-Employed,0,2024-04,Good
555,6936,5000,2024-01-09,12,47,75519.16406296466,373,Self-Employed,1,2024-01,Bad
556,9525,25000,2024-05-21,36,27,74372.6921575194,638,Employed,1,2024-05,Bad
557,2745,15000,2024-11-25,36,42,92543.44654465522,788,Employed,0,2024-11,Good
558,2261,5000,2024-01-22,12,32,65856.79535500555,496,Employed,0,2024-01,Bad
559,6121,25000,2024-09-28,24,51,92768.82931036605,776,Employed,0,2024-09,Bad
560,3499,10000,2024-06-17,24,34,67544.70834268318,660,Self-Employed,1,2024-06,Bad
561,3414,25000,2024-07-13,24,57,90686.98358381729,744,Employed,0,2024-07,Good
562,5479,25000,2024-04-03,24,25,67183.9356315066,777,Employed,0,2024-04,Good
563,5799,5000,2024-07-11,36,45,44188.08445691528,792,Self-Employed,0,2024-07,Good
564,8098,5000,2024-12-07,24,34,43037.530225762384,648,Employed,0,2024-12,Bad
565,206,5000,2024-10-14,12,50,77625.52720684417,815,Employed,0,2024-10,Bad
566,5381,10000,2024-06-28,36,34,79777.26328313054,607,Employed,1,2024-06,Bad
567,1810,10000,2024-09-23,36,23,47427.214049010814,330,Employed,1,2024-09,Bad
568,9092,25000,2024-01-20,12,46,48921.239746933614,789,Employed,0,2024-01,Bad
569,8940,25000,2024-12-05,12,24,106878.24849225565,619,Employed,0,2024-12,Bad
570,6943,5000,2024-08-12,24,53,37044.201516099216,568,Employed,1,2024-08,Good
571,9954,5000,2024-06-17,36,35,61953.85971722412,401,Contractor,1,2024-06,Bad
572,2297,10000,2024-11-18,24,40,54634.237279649235,482,Employed,0,2024-11,Good
573,4929,10000,2024-02-13,24,20,50919.75664893449,428,Employed,0,2024-02,Good
574,9924,5000,2024-07-06,36,56,48462.802867962004,736,Employed,0,2024-07,Good
575,5150,25000,2024-04-04,12,69,88640.83568919075,791,Employed,0,2024-04,Good
576,3999,10000,2024-12-27,36,29,20000.0,551,Employed,1,2024-12,Bad
577,5935,5000,2024-05-14,12,39,67400.23169992625,752,Employed,1,2024-05,Bad
578,939,5000,2024-04-03,12,68,65842.97637252633,496,Contractor,1,2024-04,Good
579,5251,5000,2024-02-23,24,18,43612.93260186046,670,Self-Employed,0,2024-02,Good
580,4556,10000,2024-03-22,24,41,62286.8039358788,557,Employed,1,2024-03,Bad
581,6539,25000,2024-09-25,24,36,69605.43073825234,683,Self-Employed,0,2024-09,Bad
582,7696,10000,2024-10-15,36,64,63780.59338748458,386,Employed,1,2024-10,Bad
583,6557,25000,2024-05-14,36,47,74280.16908675147,461,Employed,0,2024-05,Bad
584,2165,10000,2024-06-06,12,67,65304.24205707263,739,Employed,0,2024-06,Bad
585,5269,5000,2024-09-23,12,20,65855.11711345188,772,Employed,0,2024-09,Bad
586,6253,5000,2024-11-21,36,47,69508.46726659719,825,Self-Employed,0,2024-11,Good
587,6122,15000,2024-10-03,36,48,83879.62434509858,588,Self-Employed,0,2024-10,Bad
588,2874,5000,2024-10-14,12,58,68138.71466627871,356,Employed,1,2024-10,Bad
589,1451,25000,2024-05-12,12,28,53918.413379552425,831,Self-Employed,0,2024-05,Bad
590,5106,5000,2024-12-27,36,28,20600.443825952687,545,Employed,1,2024-12,Bad
591,5637,15000,2024-12-14,24,33,25995.729371751404,531,Contractor,0,2024-12,Bad
592,1204,5000,2024-02-04,36,56,56674.05952365596,382,Self-Employed,1,2024-02,Good
593,7053,5000,2024-09-07,24,68,55601.79386321609,321,Employed,1,2024-09,Bad
594,4492,10000,2024-02-16,24,48,73275.97257043034,532,Contractor,1,2024-02,Good
595,3025,25000,2024-09-24,36,30,67139.86759861314,529,Contractor,1,2024-09,Bad
596,6145,15000,2024-10-19,12,34,70417.99105307208,720,Contractor,0,2024-10,Bad
597,2056,10000,2024-02-13,24,37,53503.518442121494,843,Employed,0,2024-02,Good
598,2192,15000,2024-10-04,36,25,94498.5532509616,611,Employed,1,2024-10,Bad
599,9871,5000,2024-05-18,24,45,65773.70220669576,834,Self-Employed,0,2024-05,Bad
600,7833,15000,2024-12-08,24,23,68984.82994440556,755,Employed,0,2024-12,Bad
601,9858,10000,2024-11-06,12,35,44146.023832085484,585,Self-Employed,0,2024-11,Good
602,4729,5000,2024-08-24,24,47,68198.18005936449,342,Self-Employed,1,2024-08,Good
603,5691,10000,2024-09-22,36,57,34787.944893273096,469,Self-Employed,0,2024-09,Bad
604,4825,25000,2024-06-18,24,36,103947.63580795893,790,Contractor,1,2024-06,Bad
605,3012,25000,2024-08-03,36,63,39683.888963922764,584,Employed,0,2024-08,Good
606,7620,25000,2024-04-26,24,35,39551.26384662124,798,Employed,0,2024-04,Good
607,8436,15000,2024-08-25,12,48,75098.51040170761,582,Employed,1,2024-08,Good
608,8332,25000,2024-09-12,12,29,27396.286726300525,844,Employed,0,2024-09,Bad
609,2449,15000,2024-08-31,24,68,138576.20838171552,492,Self-Employed,0,2024-08,Good
610,725,15000,2024-12-01,12,58,33226.20697269293,458,Employed,1,2024-12,Bad
611,9757,10000,2024-11-27,24,34,48372.315724529864,840,Employed,0,2024-11,Good
612,104,5000,2024-03-28,24,24,105894.94515339538,337,Employed,1,2024-03,Bad
613,4048,5000,2024-08-21,12,69,68170.61712837404,732,Self-Employed,0,2024-08,Good
614,63,10000,2024-04-06,12,52,108703.42672802089,729,Contractor,0,2024-04,Good
615,2063,25000,2024-01-18,24,19,20145.203336264094,308,Self-Employed,1,2024-01,Bad
616,3566,10000,2024-04-20,36,55,120240.13940105944,593,Employed,1,2024-04,Good
617,9739,10000,2024-07-27,36,66,110724.36890635882,842,Employed,0,2024-07,Good
618,6585,5000,2024-12-06,12,19,56856.5276704345,727,Employed,0,2024-12,Bad
619,6669,15000,2024-03-05,12,34,96326.45525609786,846,Employed,0,2024-03,Bad
620,4823,10000,2024-05-02,36,41,78560.59923830254,365,Employed,0,2024-05,Bad
621,4834,10000,2024-08-25,36,33,63345.85163633913,823,Contractor,1,2024-08,Good
622,3647,15000,2024-12-29,24,63,90259.48283208159,776,Employed,0,2024-12,Bad
623,9983,5000,2024-05-02,12,47,88054.33641267716,423,Employed,1,2024-05,Bad
624,130,25000,2024-10-13,24,40,83338.69533764664,600,Self-Employed,0,2024-10,Bad
625,3016,10000,2024-08-05,24,49,61985.32028816326,452,Contractor,0,2024-08,Good
626,7670,25000,2024-08-09,36,21,25228.853578532602,766,Contractor,1,2024-08,Good
627,5291,25000,2024-12-10,24,33,81000.66545960824,498,Self-Employed,0,2024-12,Bad
628,927,10000,2024-04-22,12,25,132575.6891101271,355,Employed,1,2024-04,Good
629,1981,25000,2024-01-18,12,41,113333.99369285893,341,Employed,0,2024-01,Bad
630,5526,10000,2024-08-06,12,38,46249.43296085707,628,Employed,1,2024-08,Good
631,9918,15000,2024-06-09,24,26,56038.84526733313,709,Employed,0,2024-06,Bad
632,1820,15000,2024-03-10,24,62,61328.66196861748,807,Self-Employed,0,2024-03,Bad
633,5108,15000,2024-01-07,12,21,45729.65923464777,499,Employed,0,2024-01,Bad
634,4784,15000,2024-01-01,36,56,96856.80646835925,409,Employed,0,2024-01,Bad
635,2896,5000,2024-12-23,36,36,39528.251073331616,391,Employed,1,2024-12,Bad
636,1757,15000,2024-04-08,12,22,55072.116710803675,534,Employed,1,2024-04,Good
637,2328,10000,2024-03-27,24,43,93867.344167918,595,Employed,1,2024-03,Bad
638,3197,10000,2024-03-20,24,59,73976.37733700917,618,Self-Employed,0,2024-03,Bad
639,3654,10000,2024-11-10,24,46,82748.31870368094,643,Employed,1,2024-11,Good
640,6255,25000,2024-02-03,24,55,41016.12598379693,417,Employed,0,2024-02,Good
641,4260,10000,2024-08-13,12,41,60570.797122130956,426,Employed,1,2024-08,Good
642,415,5000,2024-08-10,24,34,66989.33837355414,431,Employed,0,2024-08,Good
643,6338,5000,2024-06-28,12,59,55422.62697100516,737,Employed,0,2024-06,Bad
644,8147,5000,2024-01-08,12,67,50325.72534948842,470,Self-Employed,1,2024-01,Bad
645,2871,5000,2024-08-30,24,58,85250.68096265291,593,Self-Employed,0,2024-08,Good
646,9215,5000,2024-03-28,36,33,82169.38722619163,328,Self-Employed,1,2024-03,Bad
647,6253,5000,2024-11-04,24,47,69508.46726659719,825,Self-Employed,0,2024-11,Good
648,399,15000,2024-05-22,36,59,48972.96833654112,526,Contractor,0,2024-05,Bad
649,3971,5000,2024-01-28,36,30,23371.867592398892,672,Employed,1,2024-01,Bad
650,8321,25000,2024-05-21,12,30,49730.93360670657,578,Employed,1,2024-05,Bad
651,9725,5000,2024-03-30,36,67,50612.744672596964,351,Employed,1,2024-03,Bad
652,6571,10000,2024-07-04,36,54,20000.0,417,Employed,1,2024-07,Good
653,1051,10000,2024-11-08,12,65,67572.93476308094,520,Employed,0,2024-11,Good
654,2953,25000,2024-06-28,24,53,70442.95502717917,397,Employed,0,2024-06,Bad
655,344,5000,2024-02-06,36,20,38166.799194427615,719,Employed,0,2024-02,Good
656,9617,15000,2024-01-02,24,62,79585.12289495477,375,Employed,1,2024-01,Bad
657,604,15000,2024-02-03,12,27,83628.77160712043,823,Self-Employed,0,2024-02,Good
658,9783,15000,2024-11-09,36,54,85694.38035929794,764,Employed,0,2024-11,Good
659,7037,15000,2024-08-13,12,46,79359.6587783469,777,Self-Employed,0,2024-08,Good
660,4829,5000,2024-03-13,12,57,38826.95624732735,801,Self-Employed,0,2024-03,Bad
661,5933,25000,2024-12-29,12,40,53506.46512342402,751,Employed,0,2024-12,Bad
662,4252,15000,2024-04-25,36,64,71847.77717117948,726,Self-Employed,0,2024-04,Good
663,6584,5000,2024-04-23,12,42,61471.25819142986,536,Employed,1,2024-04,Good
664,2149,5000,2024-01-30,24,32,30897.35015454104,628,Employed,0,2024-01,Bad
665,6045,5000,2024-03-23,12,19,45718.26458306298,676,Employed,0,2024-03,Bad
666,748,5000,2024-07-26,36,36,74170.35108213605,829,Employed,0,2024-07,Good
667,8692,5000,2024-04-16,36,26,41222.298831438384,510,Employed,0,2024-04,Good
668,3357,10000,2024-11-10,36,31,105396.81225305784,604,Employed,1,2024-11,Good
669,5189,5000,2024-07-04,24,54,53977.445284728616,332,Employed,1,2024-07,Good
670,5899,5000,2024-05-31,36,64,33835.95084601434,654,Self-Employed,0,2024-05,Bad
671,386,5000,2024-05-29,24,66,51302.36739482662,495,Contractor,1,2024-05,Bad
672,4234,10000,2024-06-08,12,32,87773.61009598688,691,Employed,0,2024-06,Bad
673,6247,10000,2024-03-15,24,61,47468.76138989809,808,Employed,0,2024-03,Bad
674,1736,25000,2024-12-14,12,28,124135.19429999933,807,Employed,0,2024-12,Bad
675,2558,25000,2024-06-18,12,52,80771.89008990389,603,Contractor,1,2024-06,Bad
676,4823,5000,2024-07-05,12,41,78560.59923830254,365,Employed,0,2024-07,Good
677,1179,15000,2024-12-09,36,42,66233.2041448711,669,Employed,0,2024-12,Bad
678,880,5000,2024-12-04,24,68,77916.11114839918,451,Self-Employed,0,2024-12,Bad
679,1506,25000,2024-11-06,36,51,29444.25876234482,602,Employed,0,2024-11,Good
680,5329,15000,2024-06-17,36,19,57225.713337848196,594,Employed,0,2024-06,Bad
681,1007,15000,2024-11-08,24,27,20000.0,562,Employed,1,2024-11,Good
682,5298,25000,2024-02-22,12,31,92958.4534198282,482,Employed,1,2024-02,Good
683,3658,5000,2024-09-13,24,68,81153.24190060429,569,Employed,1,2024-09,Bad
684,5110,25000,2024-02-29,36,24,69786.26789893382,312,Self-Employed,1,2024-02,Good
685,273,15000,2024-08-09,24,58,43267.825325283906,845,Contractor,0,2024-08,Good
686,2896,10000,2024-03-16,12,36,39528.251073331616,391,Employed,1,2024-03,Bad
687,3096,5000,2024-02-15,36,33,83075.9484894966,491,Employed,0,2024-02,Good
688,1607,25000,2024-09-16,24,40,75056.70193003245,653,Employed,1,2024-09,Bad
689,2448,25000,2024-01-15,12,28,53158.86355872022,618,Employed,0,2024-01,Bad
690,6497,25000,2024-12-02,36,48,79623.8373271611,683,Employed,0,2024-12,Bad
691,1325,10000,2024-04-25,36,61,55013.36273817868,645,Employed,0,2024-04,Good
692,3903,10000,2024-01-12,12,41,34902.15877584049,544,Self-Employed,0,2024-01,Bad
693,7211,5000,2024-01-01,24,47,64818.60753835847,446,Employed,0,2024-01,Bad
694,3123,5000,2024-03-17,12,24,96946.41637576284,615,Employed,0,2024-03,Bad
695,4867,5000,2024-01-30,36,50,47948.13004940542,717,Employed,1,2024-01,Bad
696,1730,25000,2024-07-20,12,54,89062.57214500254,751,Employed,0,2024-07,Good
697,5355,10000,2024-11-24,36,48,94037.5762120494,650,Employed,0,2024-11,Good
698,4586,5000,2024-02-19,12,62,20000.0,791,Employed,0,2024-02,Good
699,2723,10000,2024-05-09,24,52,72641.6392160649,382,Contractor,0,2024-05,Bad
700,4677,15000,2024-01-06,12,21,50634.95354541522,798,Employed,1,2024-01,Bad
701,2895,5000,2024-03-15,36,62,91001.44726983472,592,Contractor,0,2024-03,Bad
702,7649,10000,2024-12-11,24,54,65007.965286626706,818,Self-Employed,0,2024-12,Bad
703,1962,5000,2024-12-13,36,61,43727.89777402753,325,Employed,1,2024-12,Bad
704,6569,10000,2024-11-28,24,59,50460.48091931955,776,Employed,0,2024-11,Good
705,4863,10000,2024-06-14,36,35,79311.7852944934,336,Contractor,1,2024-06,Bad
706,2676,25000,2024-11-27,36,38,64613.20898183151,848,Employed,0,2024-11,Good
707,1940,15000,2024-12-04,36,46,110847.41365060938,391,Employed,0,2024-12,Bad
708,14,5000,2024-09-30,24,53,64753.87978374043,333,Employed,1,2024-09,Bad
709,746,10000,2024-06-04,36,53,88811.95392382014,331,Employed,1,2024-06,Bad
710,8163,5000,2024-09-24,12,23,31471.74918360723,596,Self-Employed,1,2024-09,Bad
711,4571,10000,2024-11-03,36,38,49355.67390670559,671,Self-Employed,0,2024-11,Good
712,7710,15000,2024-07-23,36,51,100170.18821832413,432,Employed,0,2024-07,Good
713,2947,10000,2024-08-31,24,26,69778.1058459098,570,Employed,0,2024-08,Good
714,3183,10000,2024-03-27,36,69,42964.15736932511,393,Self-Employed,1,2024-03,Bad
715,3487,5000,2024-04-09,36,38,105660.76836522148,744,Self-Employed,1,2024-04,Good
716,6565,15000,2024-07-04,36,57,55287.32332202868,423,Contractor,1,2024-07,Good
717,4507,10000,2024-08-09,36,30,90678.77589732877,752,Employed,0,2024-08,Good
718,4079,5000,2024-10-04,36,41,76510.3912460706,504,Employed,0,2024-10,Bad
719,1908,10000,2024-12-23,12,29,82185.6688781626,820,Contractor,0,2024-12,Bad
720,3992,5000,2024-06-21,12,53,57483.14098890794,383,Employed,1,2024-06,Bad
721,1648,15000,2024-11-13,24,35,44939.24900337908,335,Contractor,1,2024-11,Good
722,4777,25000,2024-02-11,24,32,97620.86908298323,702,Employed,0,2024-02,Good
723,2664,15000,2024-03-07,12,29,76762.74618446392,528,Employed,1,2024-03,Bad
724,8128,5000,2024-07-10,24,25,56432.05557804639,682,Employed,1,2024-07,Good
725,1883,15000,2024-05-22,12,62,20000.0,667,Employed,1,2024-05,Bad
726,329,5000,2024-06-02,12,35,67679.24788148991,726,Self-Employed,0,2024-06,Bad
727,4368,5000,2024-04-03,24,34,23110.48875939764,751,Self-Employed,0,2024-04,Good
728,4718,15000,2024-07-15,24,45,56895.57847398397,733,Employed,0,2024-07,Good
729,9880,25000,2024-04-04,36,47,75872.32406693346,729,Employed,0,2024-04,Good
730,5601,15000,2024-09-05,12,57,31558.1453478079,749,Employed,0,2024-09,Bad
731,2167,5000,2024-01-22,12,68,33211.2869776929,332,Employed,1,2024-01,Bad
732,382,25000,2024-02-23,12,58,75436.62724553238,590,Employed,1,2024-02,Good
733,9626,5000,2024-05-04,24,63,50290.96089233054,731,Employed,0,2024-05,Bad
734,4145,25000,2024-11-09,12,64,54087.12841836141,481,Employed,0,2024-11,Good
735,3882,15000,2024-07-25,12,48,79472.74545172835,775,Contractor,0,2024-07,Good
736,8109,15000,2024-06-29,24,59,58942.79754554029,596,Self-Employed,0,2024-06,Bad
737,6748,5000,2024-12-20,12,26,110171.47210366279,842,Employed,0,2024-12,Bad
738,2200,25000,2024-10-01,12,31,96086.72820864909,395,Self-Employed,0,2024-10,Bad
739,3533,5000,2024-06-10,36,31,50544.697544506154,395,Employed,1,2024-06,Bad
740,2730,25000,2024-10-04,36,19,20000.0,681,Self-Employed,1,2024-10,Bad
741,8788,5000,2024-05-20,36,44,103390.77447027579,386,Employed,0,2024-05,Bad
742,8039,15000,2024-05-02,12,36,36610.06836186189,515,Employed,1,2024-05,Bad
743,3911,10000,2024-07-10,36,60,66580.80366282753,799,Employed,0,2024-07,Good
744,3497,5000,2024-02-25,24,65,85241.43825370603,320,Employed,1,2024-02,Good
745,7503,10000,2024-10-24,36,50,55123.327346819766,353,Employed,1,2024-10,Bad
746,3801,15000,2024-09-03,24,31,22818.023008970784,445,Employed,1,2024-09,Bad
747,8163,10000,2024-11-17,24,23,31471.74918360723,596,Self-Employed,0,2024-11,Good
748,2637,25000,2024-07-09,24,29,20000.0,348,Self-Employed,0,2024-07,Good
749,2824,10000,2024-06-18,12,22,57507.598583392144,672,Self-Employed,1,2024-06,Bad
750,1493,5000,2024-08-06,24,46,60708.15865188042,407,Employed,1,2024-08,Good
751,3317,10000,2024-02-03,12,18,120161.72449711681,336,Employed,0,2024-02,Good
752,6776,25000,2024-10-11,24,60,92313.44584020758,728,Self-Employed,0,2024-10,Bad
753,3903,15000,2024-02-05,12,41,34902.15877584049,544,Self-Employed,0,2024-02,Good
754,4938,25000,2024-09-21,24,55,92711.11504307232,696,Employed,0,2024-09,Bad
755,7418,5000,2024-12-06,24,52,81101.62307393056,426,Self-Employed,1,2024-12,Bad
756,4585,25000,2024-10-24,12,30,100840.84022044695,755,Self-Employed,0,2024-10,Bad
757,6395,10000,2024-08-15,36,34,112232.06135625631,649,Employed,0,2024-08,Good
758,8173,10000,2024-03-07,24,23,42551.45035899424,737,Employed,0,2024-03,Bad
759,6458,25000,2024-01-07,24,56,77892.9904792534,313,Self-Employed,1,2024-01,Bad
760,3297,10000,2024-01-23,36,21,83925.80162634944,502,Employed,0,2024-01,Bad
761,5785,10000,2024-01-23,24,23,86298.22676977106,349,Self-Employed,1,2024-01,Bad
762,7224,5000,2024-09-28,12,35,35812.47940298214,493,Employed,1,2024-09,Bad
763,9716,5000,2024-03-09,12,49,86559.7643979422,510,Employed,0,2024-03,Bad
764,8165,5000,2024-01-13,24,68,94919.08062451097,479,Employed,0,2024-01,Bad
765,5561,15000,2024-09-22,24,49,62824.61941704657,649,Employed,0,2024-09,Bad
766,975,15000,2024-09-04,12,52,20000.0,371,Contractor,1,2024-09,Bad
767,6277,5000,2024-02-28,36,32,81388.85895721131,627,Employed,0,2024-02,Good
768,6225,25000,2024-09-14,24,45,78050.51587776917,790,Employed,0,2024-09,Bad
769,6494,25000,2024-07-26,12,38,22965.5777071184,484,Employed,0,2024-07,Good
770,1671,25000,2024-05-08,36,39,74934.92558648085,827,Contractor,0,2024-05,Bad
771,7119,5000,2024-07-16,24,21,94370.3514396423,525,Self-Employed,0,2024-07,Good
772,8185,15000,2024-11-05,24,44,124961.23213970174,413,Self-Employed,0,2024-11,Good
773,5172,10000,2024-10-01,36,52,37604.02092490105,406,Contractor,1,2024-10,Bad
774,6638,25000,2024-04-06,24,62,57907.84447682068,359,Employed,1,2024-04,Good
775,4806,5000,2024-01-28,24,32,26910.05473329583,403,Employed,0,2024-01,Bad
776,6762,5000,2024-05-12,12,64,20000.0,811,Employed,0,2024-05,Bad
777,2804,10000,2024-11-27,36,54,87556.78499858631,717,Employed,0,2024-11,Good
778,9724,15000,2024-10-01,24,40,117493.81369989974,369,Employed,1,2024-10,Bad
779,3817,15000,2024-04-13,12,57,62404.68788992583,358,Employed,1,2024-04,Good
780,5134,5000,2024-02-11,24,20,66038.54601409736,614,Employed,1,2024-02,Good
781,4080,10000,2024-06-01,12,52,61511.44892680241,708,Employed,1,2024-06,Bad
782,8076,15000,2024-10-17,24,34,84718.85109713618,559,Self-Employed,0,2024-10,Bad
783,8774,10000,2024-01-09,24,30,57084.91392742315,630,Self-Employed,0,2024-01,Bad
784,6263,10000,2024-08-11,24,62,94629.07578598351,673,Employed,0,2024-08,Good
785,7819,5000,2024-02-08,24,58,60400.283497425895,311,Employed,1,2024-02,Good
786,3558,10000,2024-02-07,24,31,77765.01726025784,779,Employed,0,2024-02,Good
787,7351,10000,2024-09-27,36,62,43486.90330046903,390,Employed,0,2024-09,Bad
788,2383,10000,2024-04-18,36,42,61321.51237964733,539,Employed,1,2024-04,Good
789,5682,25000,2024-12-11,36,54,61199.52735918255,803,Contractor,0,2024-12,Bad
790,231,10000,2024-02-29,12,45,64002.6404062072,778,Employed,0,2024-02,Good
791,6455,10000,2024-03-02,36,64,70739.31602685632,373,Self-Employed,0,2024-03,Bad
792,1884,5000,2024-01-31,24,52,75340.40643929201,610,Employed,0,2024-01,Bad
793,6032,15000,2024-01-30,24,51,78753.21203044699,571,Employed,1,2024-01,Bad
794,8877,15000,2024-03-06,36,24,82958.28857985616,386,Contractor,0,2024-03,Bad
795,4177,10000,2024-09-19,12,49,27944.21440806728,657,Employed,0,2024-09,Bad
796,9491,5000,2024-06-06,24,23,105451.71202915098,323,Employed,1,2024-06,Bad
797,4484,5000,2024-06-09,12,23,27479.94961844563,788,Contractor,1,2024-06,Bad
798,4923,10000,2024-12-24,24,58,85564.32303001202,788,Employed,0,2024-12,Bad
799,1369,10000,2024-04-20,12,57,50757.52592685672,515,Employed,0,2024-04,Good
800,2267,15000,2024-02-07,12,19,99159.73529636096,518,Employed,0,2024-02,Good
801,652,15000,2024-07-30,12,22,70262.40747303759,371,Employed,1,2024-07,Good
802,2111,15000,2024-05-16,24,39,88647.20391386599,753,Employed,0,2024-05,Bad
803,3099,10000,2024-12-07,24,23,41776.83793848174,728,Contractor,1,2024-12,Bad
804,2756,15000,2024-06-06,36,29,55959.29726568636,471,Employed,1,2024-06,Bad
805,7549,5000,2024-05-13,12,47,98733.09819526848,630,Self-Employed,1,2024-05,Bad
806,4049,25000,2024-07-07,12,62,55841.45807155606,517,Contractor,0,2024-07,Good
807,1178,25000,2024-06-13,24,50,79952.47887618665,725,Self-Employed,0,2024-06,Bad
808,7750,25000,2024-03-19,12,60,62430.81346281001,819,Contractor,1,2024-03,Bad
809,9235,5000,2024-09-08,12,35,78591.35320701517,755,Employed,0,2024-09,Bad
810,2557,25000,2024-07-24,24,19,27154.23746887866,645,Employed,1,2024-07,Good
811,6795,10000,2024-05-27,24,51,65417.52168168876,797,Employed,0,2024-05,Bad
812,9816,10000,2024-10-12,24,41,45675.664145834475,529,Employed,0,2024-10,Bad
813,7597,25000,2024-01-18,24,22,78349.5199354666,351,Employed,1,2024-01,Bad
814,2085,25000,2024-07-09,24,66,50538.506778091716,719,Employed,0,2024-07,Good
815,2472,15000,2024-07-03,24,35,94471.64842592347,407,Employed,1,2024-07,Good
816,4779,5000,2024-08-04,12,56,63701.13072748055,751,Employed,0,2024-08,Good
817,2386,15000,2024-03-28,24,18,66960.98115209176,552,Employed,1,2024-03,Bad
818,8158,5000,2024-04-04,36,55,98462.9877145318,670,Employed,0,2024-04,Good
819,9487,15000,2024-09-30,12,66,101258.50646897656,381,Employed,0,2024-09,Bad
820,919,10000,2024-03-01,36,28,72380.81437601507,580,Self-Employed,1,2024-03,Bad
821,4748,5000,2024-03-22,24,59,116003.34714992298,310,Employed,1,2024-03,Bad
822,9796,25000,2024-03-18,24,47,45028.71139956759,749,Contractor,0,2024-03,Bad
823,5737,5000,2024-07-14,12,51,97034.58495309087,516,Employed,0,2024-07,Good
824,5582,5000,2024-11-16,24,32,43857.76721383694,367,Employed,1,2024-11,Good
825,1082,15000,2024-02-09,12,25,30612.227760781432,622,Employed,1,2024-02,Good
826,8568,25000,2024-01-24,12,36,44671.89765384034,688,Employed,0,2024-01,Bad
827,7867,15000,2024-06-08,24,39,68650.26524439317,382,Contractor,0,2024-06,Bad
828,7624,25000,2024-09-22,12,18,94254.80835176405,508,Employed,0,2024-09,Bad
829,6551,15000,2024-05-16,12,44,20000.0,644,Self-Employed,1,2024-05,Bad
830,9601,25000,2024-02-08,12,18,35532.72170509363,326,Employed,1,2024-02,Good
831,2104,5000,2024-04-17,24,64,51124.582461397265,571,Employed,0,2024-04,Good
832,5636,10000,2024-08-14,12,24,96812.08327121899,324,Employed,0,2024-08,Good
833,5917,25000,2024-03-09,36,18,66092.7599247996,830,Employed,1,2024-03,Bad
834,8209,15000,2024-09-19,12,50,53715.61922296641,637,Contractor,0,2024-09,Bad
835,433,5000,2024-10-05,12,37,48582.76635931467,535,Employed,1,2024-10,Bad
836,4051,15000,2024-12-10,24,34,65558.76387415914,410,Contractor,1,2024-12,Bad
837,237,5000,2024-01-17,12,36,25439.300649409,654,Employed,1,2024-01,Bad
838,307,5000,2024-11-29,24,33,42050.597384731605,318,Employed,1,2024-11,Good
839,5882,25000,2024-08-14,12,65,105022.69979722289,796,Employed,0,2024-08,Good
840,24,15000,2024-07-10,36,19,88206.14228360812,522,Employed,1,2024-07,Good
841,5420,5000,2024-11-16,24,49,40565.89706290723,782,Employed,0,2024-11,Good
842,9206,15000,2024-12-07,36,49,33281.22480996791,392,Contractor,1,2024-12,Bad
843,681,5000,2024-01-28,12,24,49387.23862278557,336,Employed,1,2024-01,Bad
844,1516,25000,2024-11-09,36,44,32860.22498109931,849,Employed,1,2024-11,Good
845,952,10000,2024-08-02,12,29,85513.83757219743,805,Employed,0,2024-08,Good
846,5408,10000,2024-01-18,12,28,46220.81950940303,390,Employed,0,2024-01,Bad
847,415,10000,2024-04-19,12,34,66989.33837355414,431,Employed,0,2024-04,Good
848,4849,10000,2024-04-30,12,61,33064.08490386643,491,Employed,0,2024-04,Good
849,9616,25000,2024-10-26,12,45,122937.90577992136,489,Employed,0,2024-10,Bad
850,4512,25000,2024-03-04,12,61,64218.464646143846,371,Employed,1,2024-03,Bad
851,4972,25000,2024-02-06,24,19,48954.46490139147,488,Employed,1,2024-02,Good
852,4986,15000,2024-01-03,12,53,67912.70131189677,752,Contractor,0,2024-01,Bad
853,7970,5000,2024-09-26,12,42,108902.53974233835,403,Employed,1,2024-09,Bad
854,7651,5000,2024-05-14,12,56,71752.1102836941,312,Employed,1,2024-05,Bad
855,5371,10000,2024-03-23,36,54,78200.90011369911,584,Self-Employed,0,2024-03,Bad
856,6522,10000,2024-07-25,36,29,37993.32350548268,305,Employed,1,2024-07,Good
857,5458,5000,2024-06-15,24,39,36817.86190732675,794,Employed,0,2024-06,Bad
858,450,5000,2024-05-12,36,42,58626.325739910266,452,Employed,0,2024-05,Bad
859,7329,5000,2024-03-19,24,57,30351.833350743836,678,Employed,0,2024-03,Bad
860,8284,25000,2024-11-03,12,30,44605.306870785695,436,Employed,1,2024-11,Good
861,6629,25000,2024-04-18,12,62,90210.39924857479,331,Contractor,1,2024-04,Good
862,7587,25000,2024-01-26,24,19,103155.39896990696,826,Employed,0,2024-01,Bad
863,2952,10000,2024-06-15,24,66,58243.309890902776,315,Employed,1,2024-06,Bad
864,3126,25000,2024-06-21,24,31,102450.29425761069,654,Employed,0,2024-06,Bad
865,6745,5000,2024-11-28,12,37,46531.53186737681,480,Self-Employed,1,2024-11,Good
866,1538,10000,2024-01-31,36,43,59272.97422695726,665,Employed,0,2024-01,Bad
867,3169,10000,2024-05-30,12,37,37989.81676803746,447,Employed,1,2024-05,Bad
868,5688,25000,2024-02-09,24,57,105732.9629360403,682,Employed,0,2024-02,Good
869,1896,10000,2024-10-14,12,47,73100.91106766333,416,Employed,0,2024-10,Bad
870,7804,5000,2024-12-22,12,33,104672.49142582728,820,Contractor,0,2024-12,Bad
871,8377,10000,2024-09-16,12,35,76987.76407353258,388,Employed,0,2024-09,Bad
872,1457,15000,2024-03-21,36,37,68475.71717382815,597,Employed,0,2024-03,Bad
873,1495,5000,2024-12-05,36,51,73941.53416577724,764,Employed,0,2024-12,Bad
874,5061,5000,2024-06-22,12,47,115554.35250218445,319,Employed,1,2024-06,Bad
875,9341,25000,2024-03-15,12,22,88075.83593089323,699,Employed,0,2024-03,Bad
876,9480,5000,2024-02-11,24,33,70437.83739846964,431,Employed,1,2024-02,Good
877,1751,5000,2024-04-06,12,51,55165.442556383576,621,Employed,0,2024-04,Good
878,9437,10000,2024-06-15,36,57,79288.26742251855,785,Employed,0,2024-06,Bad
879,6488,15000,2024-07-16,36,21,96343.36965549336,730,Employed,0,2024-07,Good
880,174,10000,2024-04-12,12,49,36961.746314374315,540,Employed,0,2024-04,Good
881,4313,15000,2024-02-16,36,41,39789.17448672136,677,Self-Employed,0,2024-02,Good
882,3278,5000,2024-06-14,36,31,45951.46904662291,331,Self-Employed,1,2024-06,Bad
883,2022,10000,2024-01-18,36,25,53345.284701344426,533,Self-Employed,0,2024-01,Bad
884,5699,10000,2024-01-02,12,45,37784.12892352403,538,Employed,1,2024-01,Bad
885,1397,25000,2024-04-14,24,40,34770.03221900985,612,Employed,0,2024-04,Good
886,174,10000,2024-04-11,36,49,36961.746314374315,540,Employed,0,2024-04,Good
887,6222,15000,2024-06-30,24,21,70917.92802565983,811,Self-Employed,0,2024-06,Bad
888,7552,15000,2024-07-27,12,30,73189.81827857393,328,Employed,1,2024-07,Good
889,2247,5000,2024-12-09,24,18,69836.2143747949,399,Employed,0,2024-12,Bad
890,6746,25000,2024-08-03,24,62,49324.303704240134,324,Employed,0,2024-08,Good
891,3079,25000,2024-09-16,24,19,49238.53864536306,497,Employed,0,2024-09,Bad
892,3052,10000,2024-01-07,12,64,99004.20327070032,508,Employed,1,2024-01,Bad
893,4730,5000,2024-07-25,12,54,80893.16316101374,425,Employed,0,2024-07,Good
894,1700,15000,2024-02-26,12,64,71125.96660788514,488,Employed,1,2024-02,Good
895,6669,25000,2024-01-30,12,34,96326.45525609786,846,Employed,0,2024-01,Bad
896,9155,5000,2024-09-07,36,52,95615.96828037938,748,Employed,0,2024-09,Bad
897,3092,10000,2024-08-08,12,31,52234.787517560515,559,Self-Employed,0,2024-08,Good
898,3785,25000,2024-08-28,24,66,40449.512569727376,475,Employed,1,2024-08,Good
899,1845,10000,2024-06-20,24,59,44810.2164975426,823,Employed,0,2024-06,Bad
900,6398,15000,2024-09-01,12,25,40490.29371291313,722,Employed,0,2024-09,Bad
901,3252,15000,2024-07-23,36,62,110814.03100890032,431,Employed,0,2024-07,Good
902,7521,5000,2024-08-18,36,48,59994.583337708595,456,Contractor,1,2024-08,Good
903,9943,10000,2024-12-11,12,30,98918.21226780303,602,Self-Employed,0,2024-12,Bad
904,893,5000,2024-02-05,36,69,72700.24755543353,553,Self-Employed,0,2024-02,Good
905,8407,15000,2024-04-08,24,51,48451.62050206431,407,Employed,1,2024-04,Good
906,3430,25000,2024-09-14,36,49,132458.2208984272,779,Self-Employed,0,2024-09,Bad
907,6746,15000,2024-05-21,36,62,49324.303704240134,324,Employed,1,2024-05,Bad
908,3645,5000,2024-07-26,12,29,56902.278669601954,779,Contractor,0,2024-07,Good
909,5340,10000,2024-04-22,24,31,60035.77032797599,807,Employed,0,2024-04,Good
910,606,15000,2024-04-09,36,26,75708.55126651813,326,Self-Employed,1,2024-04,Good
911,8744,5000,2024-04-13,36,48,99699.13959933419,608,Contractor,0,2024-04,Good
912,4415,10000,2024-08-27,24,45,46004.94670030562,664,Employed,0,2024-08,Good
913,2514,5000,2024-08-28,36,41,20000.0,555,Employed,0,2024-08,Good
914,7044,15000,2024-10-17,24,30,66847.17340311385,321,Employed,0,2024-10,Bad
915,1178,10000,2024-05-28,36,50,79952.47887618665,725,Self-Employed,0,2024-05,Bad
916,5182,15000,2024-08-07,12,33,109542.11966167128,702,Employed,0,2024-08,Good
917,1484,15000,2024-03-22,36,62,109683.66036074563,834,Employed,0,2024-03,Bad
918,3312,15000,2024-10-14,36,51,67278.12168133442,428,Employed,0,2024-10,Bad
919,4286,15000,2024-05-30,36,31,40026.59059386022,693,Employed,0,2024-05,Bad
920,7314,15000,2024-05-13,24,65,77663.35978464794,433,Employed,1,2024-05,Bad
921,9738,5000,2024-10-11,24,35,80350.9065989302,502,Self-Employed,0,2024-10,Bad
922,9689,25000,2024-11-14,12,22,59485.93663977526,379,Self-Employed,1,2024-11,Good
923,8265,25000,2024-08-12,12,35,73745.6978170022,749,Employed,1,2024-08,Good
924,5359,15000,2024-05-04,12,42,107142.5438508743,328,Employed,1,2024-05,Bad
925,6560,15000,2024-04-05,12,45,47159.27766988832,372,Employed,1,2024-04,Good
926,1091,15000,2024-12-02,12,36,82146.44546521048,382,Employed,0,2024-12,Bad
927,9809,10000,2024-08-27,24,60,71955.1149005245,453,Employed,1,2024-08,Good
928,4803,15000,2024-11-09,12,34,45504.83310655999,556,Employed,0,2024-11,Good
929,9180,10000,2024-03-25,36,35,46957.588649613936,615,Employed,0,2024-03,Bad
930,1592,5000,2024-03-24,12,54,20000.0,386,Self-Employed,1,2024-03,Bad
931,5902,25000,2024-12-08,12,52,85193.48889960378,535,Self-Employed,1,2024-12,Bad
932,8080,15000,2024-09-28,12,38,91124.51237832985,459,Self-Employed,0,2024-09,Bad
933,8780,25000,2024-01-06,12,34,79489.44617784618,547,Contractor,0,2024-01,Bad
934,9035,5000,2024-01-07,24,33,20000.0,842,Self-Employed,0,2024-01,Bad
935,3650,25000,2024-01-14,12,58,28932.130349932188,577,Employed,1,2024-01,Bad
936,1566,5000,2024-01-03,24,26,53468.32373754232,806,Self-Employed,0,2024-01,Bad
937,3610,15000,2024-08-12,12,39,40723.44927230667,597,Employed,1,2024-08,Good
938,2930,5000,2024-10-31,24,60,60549.41774840404,710,Employed,0,2024-10,Bad
939,722,15000,2024-10-18,12,37,89257.90504470703,611,Employed,0,2024-10,Bad
940,1805,25000,2024-10-11,36,25,52102.3671716915,555,Employed,0,2024-10,Bad
941,655,5000,2024-06-16,24,42,38609.01275503509,793,Employed,0,2024-06,Bad
942,8337,10000,2024-05-11,24,45,61987.473544416884,613,Employed,0,2024-05,Bad
943,7685,10000,2024-04-30,12,68,78333.1257653587,666,Employed,0,2024-04,Good
944,9889,10000,2024-08-23,24,32,54970.67070631527,755,Self-Employed,0,2024-08,Good
945,6454,15000,2024-01-23,24,69,40638.686309742596,539,Self-Employed,0,2024-01,Bad
946,4240,5000,2024-04-11,24,65,29444.13746232816,708,Employed,0,2024-04,Good
947,893,10000,2024-05-11,36,69,72700.24755543353,553,Self-Employed,1,2024-05,Bad
948,4291,15000,2024-09-30,12,58,80780.60892429457,405,Employed,1,2024-09,Bad
949,1661,10000,2024-01-01,36,60,21225.6106398693,534,Employed,0,2024-01,Bad
950,4914,25000,2024-02-01,36,19,96126.02520558142,669,Employed,0,2024-02,Good
951,7337,25000,2024-05-28,12,32,66300.5162609905,711,Self-Employed,0,2024-05,Bad
952,7351,25000,2024-06-14,36,62,43486.90330046903,390,Employed,0,2024-06,Bad
953,3921,10000,2024-10-23,36,54,77415.86537449739,406,Self-Employed,0,2024-10,Bad
954,9329,15000,2024-06-25,24,30,61300.28131192866,795,Employed,0,2024-06,Bad
955,1300,10000,2024-12-06,24,68,57363.88243895795,842,Employed,1,2024-12,Bad
956,2524,15000,2024-04-02,12,53,106640.08034216319,607,Self-Employed,0,2024-04,Good
957,1661,10000,2024-04-26,12,60,21225.6106398693,534,Employed,1,2024-04,Good
958,9507,15000,2024-04-05,36,39,67574.13106161526,673,Employed,0,2024-04,Good
959,8626,10000,2024-02-28,12,47,60987.84449178593,517,Contractor,0,2024-02,Good
960,7631,5000,2024-05-20,12,49,56144.534602083986,794,Employed,1,2024-05,Bad
961,4513,5000,2024-11-12,24,23,69249.36349373174,773,Employed,0,2024-11,Good
962,1859,15000,2024-02-20,36,60,22234.916139087145,652,Employed,0,2024-02,Good
963,8903,25000,2024-09-11,24,22,47816.13914104266,477,Employed,0,2024-09,Bad
964,8330,25000,2024-03-31,24,42,65951.95048491147,750,Employed,0,2024-03,Bad
965,1754,25000,2024-11-16,24,66,55159.71044917475,846,Self-Employed,0,2024-11,Good
966,7336,15000,2024-10-31,36,33,63191.313121233215,319,Self-Employed,1,2024-10,Bad
967,6278,5000,2024-06-25,36,57,110141.72195290664,606,Self-Employed,1,2024-06,Bad
968,1185,15000,2024-04-12,36,57,44107.7748744991,704,Employed,0,2024-04,Good
969,6928,10000,2024-05-21,24,65,86739.31296633554,389,Employed,1,2024-05,Bad
970,734,10000,2024-01-30,12,55,20000.0,538,Employed,1,2024-01,Bad
971,1852,10000,2024-05-21,36,62,47987.6488058988,446,Employed,1,2024-05,Bad
972,6521,10000,2024-07-21,12,67,49025.37364833306,388,Employed,1,2024-07,Good
973,9546,10000,2024-08-10,24,26,44793.40437332688,838,Employed,1,2024-08,Good
974,8587,10000,2024-12-13,36,51,80993.43766747238,786,Employed,0,2024-12,Bad
975,5292,25000,2024-11-13,12,58,73910.3145883594,685,Self-Employed,1,2024-11,Good
976,2518,25000,2024-01-03,36,44,99138.16156315664,758,Self-Employed,0,2024-01,Bad
977,7590,10000,2024-02-08,24,56,38834.52229766245,511,Employed,1,2024-02,Good
978,3328,15000,2024-10-01,36,65,73578.96385493541,505,Employed,1,2024-10,Bad
979,6125,5000,2024-12-26,24,29,53334.52579560886,417,Employed,1,2024-12,Bad
980,2067,10000,2024-04-07,24,30,55805.38683572362,474,Contractor,1,2024-04,Good
981,247,10000,2024-05-07,12,55,68739.9489379697,414,Employed,0,2024-05,Bad
982,5325,15000,2024-06-15,24,69,102902.90450887608,764,Self-Employed,1,2024-06,Bad
983,7588,25000,2024-09-22,24,21,84187.72704543243,846,Employed,0,2024-09,Bad
984,3139,15000,2024-12-10,36,36,20000.0,784,Contractor,1,2024-12,Bad
985,342,5000,2024-05-30,24,25,41780.19796368854,530,Self-Employed,0,2024-05,Bad
986,2435,5000,2024-09-04,24,63,41794.50081629955,592,Employed,1,2024-09,Bad
987,342,15000,2024-02-28,24,25,41780.19796368854,530,Self-Employed,1,2024-02,Good
988,108,10000,2024-08-05,24,61,124802.74088184981,591,Employed,1,2024-08,Good
989,6821,25000,2024-03-23,12,60,23469.889870401938,459,Self-Employed,0,2024-03,Bad
990,4729,10000,2024-04-11,36,47,68198.18005936449,342,Self-Employed,1,2024-04,Good
991,5094,10000,2024-05-27,36,60,51455.66909970995,736,Employed,0,2024-05,Bad
992,5522,10000,2024-08-31,24,52,65358.410554394,668,Employed,0,2024-08,Good
993,9989,10000,2024-10-26,12,41,73170.805237088,645,Employed,0,2024-10,Bad
994,5227,25000,2024-09-30,12,56,63078.36482490845,752,Employed,0,2024-09,Bad
995,7803,15000,2024-02-17,24,50,42660.47580054973,497,Employed,1,2024-02,Good
996,2385,5000,2024-11-26,24,32,86849.74377517206,421,Employed,1,2024-11,Good
997,5921,5000,2024-09-06,36,68,72252.19749088581,347,Employed,1,2024-09,Bad
998,8801,25000,2024-08-04,36,65,47592.66052369013,807,Employed,0,2024-08,Good
999,5924,15000,2024-08-22,36,60,48478.970081185485,642,Self-Employed,1,2024-08,Good
1000,5469,25000,2024-01-01,36,42,68527.86241763983,472,Employed,0,2024-01,Bad
1001,7697,10000,2024-04-06,24,24,33840.16253652095,302,Employed,0,2024-04,Good
1002,2740,25000,2024-09-19,24,69,52384.156442769134,537,Contractor,0,2024-09,Bad
1003,4824,15000,2024-12-16,36,46,44775.90267685499,452,Employed,0,2024-12,Bad
1004,5061,5000,2024-03-30,36,47,115554.35250218445,319,Employed,0,2024-03,Bad
1005,7041,25000,2024-07-17,24,29,68348.54707380034,776,Employed,0,2024-07,Good
1006,8403,5000,2024-04-09,36,33,55032.45543792027,332,Employed,1,2024-04,Good
1007,8478,5000,2024-05-31,24,54,89796.34251269644,463,Contractor,0,2024-05,Bad
1008,5839,5000,2024-03-09,36,30,60171.11937876052,321,Employed,1,2024-03,Bad
1009,8686,15000,2024-08-01,24,48,43487.31683736724,737,Employed,0,2024-08,Good
1010,1018,10000,2024-04-17,12,42,92295.13347686615,331,Employed,0,2024-04,Good
1011,3491,10000,2024-06-12,24,58,71240.23645524279,793,Self-Employed,0,2024-06,Bad
1012,2885,15000,2024-11-01,12,28,129970.57250186455,563,Contractor,0,2024-11,Good
1013,2815,10000,2024-09-04,12,52,90791.34436437937,494,Contractor,0,2024-09,Bad
1014,8715,10000,2024-10-28,36,65,69175.07304239346,511,Employed,1,2024-10,Bad
1015,4915,10000,2024-07-16,12,23,63712.270156151804,825,Employed,0,2024-07,Good
1016,9849,25000,2024-10-05,36,57,20000.0,401,Employed,1,2024-10,Bad
1017,7916,10000,2024-01-12,12,66,49159.003352235566,794,Employed,0,2024-01,Bad
1018,3065,25000,2024-06-04,12,21,93024.17559035943,568,Self-Employed,0,2024-06,Bad
1019,590,5000,2024-07-04,36,43,74543.35422406273,363,Employed,0,2024-07,Good
1020,8827,25000,2024-08-23,24,60,35582.54535572734,712,Self-Employed,0,2024-08,Good
1021,8400,10000,2024-11-12,36,32,66999.89638108955,432,Employed,0,2024-11,Good
1022,2234,15000,2024-08-11,12,33,54165.26083284617,331,Employed,1,2024-08,Good
1023,9169,5000,2024-02-03,36,18,72156.83341943607,502,Self-Employed,0,2024-02,Good
1024,1314,5000,2024-12-15,36,43,61263.60767087528,512,Employed,0,2024-12,Bad
1025,8170,25000,2024-04-10,12,27,104495.17393503874,694,Self-Employed,0,2024-04,Good
1026,971,15000,2024-09-10,12,53,80308.3053500628,459,Employed,0,2024-09,Bad
1027,4707,10000,2024-09-30,12,57,20000.0,332,Employed,1,2024-09,Bad
1028,6590,25000,2024-06-11,36,43,61886.28800783941,341,Self-Employed,0,2024-06,Bad
1029,9672,25000,2024-02-06,36,43,86522.75261353658,783,Employed,0,2024-02,Good
1030,9363,5000,2024-10-23,36,68,82210.91299686671,441,Employed,0,2024-10,Bad
1031,3186,25000,2024-07-29,24,20,88141.91894284674,650,Employed,0,2024-07,Good
1032,7265,15000,2024-03-26,36,31,91833.50442158863,844,Self-Employed,1,2024-03,Bad
1033,9592,25000,2024-03-31,24,48,60887.13670509575,326,Self-Employed,1,2024-03,Bad
1034,7127,25000,2024-09-07,12,33,55798.54294640798,392,Employed,1,2024-09,Bad
1035,2376,15000,2024-07-26,24,40,81222.04814759598,749,Self-Employed,0,2024-07,Good
1036,4445,25000,2024-10-21,36,28,45064.04707324752,311,Self-Employed,1,2024-10,Bad
1037,6451,10000,2024-09-16,12,53,77690.29557358118,651,Employed,0,2024-09,Bad
1038,199,25000,2024-11-03,24,20,40160.262110149095,512,Employed,0,2024-11,Good
1039,3249,10000,2024-04-22,12,23,58174.83129943539,303,Employed,1,2024-04,Good
1040,1148,15000,2024-10-01,12,25,50322.11823449631,711,Employed,1,2024-10,Bad
1041,5277,10000,2024-04-01,24,42,77563.65616135455,488,Employed,1,2024-04,Good
1042,6751,15000,2024-09-29,12,68,125654.45009604437,337,Employed,1,2024-09,Bad
1043,4707,10000,2024-06-21,12,57,20000.0,332,Employed,1,2024-06,Bad
1044,4036,10000,2024-05-09,36,35,52307.080771257155,312,Employed,1,2024-05,Bad
1045,9918,15000,2024-03-28,12,26,56038.84526733313,709,Employed,0,2024-03,Bad
1046,9510,15000,2024-09-02,24,56,95035.42579467563,445,Employed,1,2024-09,Bad
1047,3969,10000,2024-02-24,24,41,111726.66259195653,682,Contractor,1,2024-02,Good
1048,5055,15000,2024-12-12,36,67,72801.55329316846,842,Contractor,0,2024-12,Bad
1049,1427,5000,2024-01-04,36,69,63288.83768333961,777,Employed,0,2024-01,Bad
1050,1842,25000,2024-12-21,24,60,20000.0,306,Employed,0,2024-12,Bad
1051,7288,10000,2024-11-11,24,51,67007.9893156303,330,Contractor,1,2024-11,Good
1052,4864,5000,2024-01-29,36,69,81274.14196948604,318,Contractor,1,2024-01,Bad
1053,6175,5000,2024-07-07,24,64,44009.7906989832,466,Employed,1,2024-07,Good
1054,2145,5000,2024-02-15,12,27,72761.81885451879,329,Employed,1,2024-02,Good
1055,9686,15000,2024-04-06,36,52,76020.49497264289,654,Self-Employed,0,2024-04,Good
1056,705,25000,2024-02-18,36,21,48891.49332445039,307,Contractor,0,2024-02,Good
1057,9961,10000,2024-04-29,36,48,99585.60196389937,510,Employed,0,2024-04,Good
1058,1070,25000,2024-05-25,36,45,65634.63194930679,436,Employed,1,2024-05,Bad
1059,7729,10000,2024-11-27,12,67,70464.2222218429,638,Employed,1,2024-11,Good
1060,6481,25000,2024-09-05,36,51,43463.91426339284,564,Employed,0,2024-09,Bad
1061,6818,25000,2024-03-14,36,55,28598.83766633916,671,Employed,1,2024-03,Bad
1062,6429,5000,2024-09-29,24,44,61854.51621129167,303,Employed,1,2024-09,Bad
1063,6278,15000,2024-04-16,36,57,110141.72195290664,606,Self-Employed,1,2024-04,Good
1064,8961,10000,2024-12-17,24,69,68600.77254948065,630,Self-Employed,0,2024-12,Bad
1065,8452,10000,2024-07-02,24,44,124614.94500828674,599,Contractor,0,2024-07,Good
1066,6647,10000,2024-12-10,24,33,79902.03735331217,512,Employed,0,2024-12,Bad
1067,6736,5000,2024-11-03,12,65,87576.45416842333,475,Self-Employed,1,2024-11,Good
1068,2944,5000,2024-03-11,36,25,94139.8723786032,574,Employed,0,2024-03,Bad
1069,9780,5000,2024-01-20,36,44,95238.28502840671,382,Employed,1,2024-01,Bad
1070,8276,5000,2024-06-05,24,29,112144.71291213817,479,Employed,0,2024-06,Bad
1071,4506,5000,2024-12-04,36,28,108662.26578986555,657,Employed,0,2024-12,Bad
1072,5276,25000,2024-08-12,24,60,49433.20583619043,779,Employed,1,2024-08,Good
1073,3562,10000,2024-06-26,36,57,32211.271552532955,454,Employed,0,2024-06,Bad
1074,6472,25000,2024-04-27,24,22,99244.52754905946,358,Employed,0,2024-04,Good
1075,9832,5000,2024-06-07,24,62,99635.94454140955,627,Employed,1,2024-06,Bad
1076,2394,15000,2024-01-13,24,50,47402.091864611386,644,Employed,1,2024-01,Bad
1077,6241,5000,2024-02-25,12,26,81433.02737798847,520,Employed,1,2024-02,Good
1078,2685,5000,2024-08-27,24,43,56039.91061217779,827,Contractor,0,2024-08,Good
1079,2231,5000,2024-10-01,12,27,97851.87453811511,533,Employed,1,2024-10,Bad
1080,9006,10000,2024-11-21,12,38,48420.94060476775,645,Self-Employed,0,2024-11,Good
1081,3748,10000,2024-06-04,24,25,47888.98994784543,632,Employed,1,2024-06,Bad
1082,896,15000,2024-03-20,12,41,56100.64789035418,625,Employed,0,2024-03,Bad
1083,8853,10000,2024-04-23,36,43,90536.45260038441,366,Employed,1,2024-04,Good
1084,5041,5000,2024-02-02,12,66,22026.739676153826,317,Employed,1,2024-02,Good
1085,1111,15000,2024-04-23,12,27,40042.33061772362,435,Employed,1,2024-04,Good
1086,3746,15000,2024-03-03,12,36,89023.30446520654,506,Contractor,0,2024-03,Bad
1087,6824,15000,2024-01-26,12,63,83742.45053612173,817,Employed,0,2024-01,Bad
1088,9351,5000,2024-03-27,24,29,33749.35861030989,713,Self-Employed,0,2024-03,Bad
1089,2138,10000,2024-09-13,36,36,66379.98106325223,628,Self-Employed,0,2024-09,Bad
1090,1841,25000,2024-04-02,36,30,73334.24628152195,648,Employed,1,2024-04,Good
1091,1911,10000,2024-07-18,12,27,87251.4433118865,485,Self-Employed,1,2024-07,Good
1092,743,25000,2024-12-27,36,38,107897.69077831737,547,Employed,0,2024-12,Bad
1093,3161,5000,2024-07-23,24,45,28952.241097204773,364,Contractor,0,2024-07,Good
1094,1317,10000,2024-03-24,12,19,57529.4977742699,425,Contractor,1,2024-03,Bad
1095,4542,5000,2024-04-16,12,25,67871.12725694383,547,Employed,0,2024-04,Good
1096,7567,5000,2024-09-03,12,25,72998.19654611933,545,Employed,0,2024-09,Bad
1097,7682,15000,2024-01-05,36,29,62914.73163133596,591,Self-Employed,0,2024-01,Bad
1098,7008,10000,2024-09-24,12,38,47133.39707897519,583,Employed,1,2024-09,Bad
1099,3806,15000,2024-10-30,12,45,99503.47347171287,412,Self-Employed,0,2024-10,Bad
1100,9233,10000,2024-01-14,36,33,20000.0,422,Employed,1,2024-01,Bad
1101,8109,5000,2024-11-04,24,59,58942.79754554029,596,Self-Employed,1,2024-11,Good
1102,1732,15000,2024-08-05,36,23,119916.15137447385,778,Employed,0,2024-08,Good
1103,9848,5000,2024-08-21,24,31,75384.49056264975,381,Employed,0,2024-08,Good
1104,7410,25000,2024-02-14,24,64,32399.920554084052,745,Employed,0,2024-02,Good
1105,1568,5000,2024-06-08,24,19,73399.20433601442,570,Employed,1,2024-06,Bad
1106,1811,25000,2024-06-06,12,54,59054.82406435151,354,Employed,0,2024-06,Bad
1107,7875,25000,2024-09-24,24,60,75549.22053583644,510,Self-Employed,1,2024-09,Bad
1108,5124,15000,2024-04-09,12,38,45723.94607146988,643,Employed,0,2024-04,Good
1109,9687,15000,2024-03-23,36,29,48796.68915280556,450,Employed,1,2024-03,Bad
1110,8797,10000,2024-02-13,24,20,100235.86060127275,824,Self-Employed,0,2024-02,Good
1111,8670,10000,2024-06-01,12,49,69239.94190987338,300,Employed,1,2024-06,Bad
1112,7281,15000,2024-06-18,12,42,70882.92921211594,754,Employed,0,2024-06,Bad
1113,5853,10000,2024-01-21,24,63,40389.6738456197,424,Employed,0,2024-01,Bad
1114,4706,5000,2024-09-06,24,27,79524.9884990423,320,Employed,0,2024-09,Bad
1115,142,5000,2024-07-07,24,64,25015.13094514222,554,Employed,0,2024-07,Good
1116,4656,5000,2024-11-17,12,38,90463.43569125986,591,Employed,1,2024-11,Good
1117,2099,5000,2024-12-22,12,25,32113.96732375386,513,Employed,0,2024-12,Bad
1118,5390,5000,2024-01-21,24,54,55239.770339459166,634,Employed,0,2024-01,Bad
1119,1287,25000,2024-10-08,36,58,60951.12957646681,729,Employed,0,2024-10,Bad
1120,9402,5000,2024-06-08,12,66,55097.90084801828,317,Self-Employed,1,2024-06,Bad
1121,808,10000,2024-08-06,12,35,60793.521637811464,377,Employed,1,2024-08,Good
1122,7389,15000,2024-01-17,36,67,20000.0,533,Employed,0,2024-01,Bad
1123,3806,15000,2024-01-04,36,45,99503.47347171287,412,Self-Employed,0,2024-01,Bad
1124,4505,10000,2024-02-08,36,65,45107.05841198471,599,Contractor,0,2024-02,Good
1125,974,10000,2024-09-27,12,66,20044.631514772314,307,Self-Employed,1,2024-09,Bad
1126,2939,10000,2024-10-15,36,49,79974.9085421066,592,Employed,0,2024-10,Bad
1127,86,15000,2024-07-07,36,31,92981.1229391024,312,Employed,1,2024-07,Good
1128,7724,10000,2024-05-21,12,20,74129.52600756615,612,Employed,1,2024-05,Bad
1129,9989,10000,2024-12-11,12,41,73170.805237088,645,Employed,0,2024-12,Bad
1130,9500,25000,2024-10-29,12,25,58299.18531680974,738,Employed,0,2024-10,Bad
1131,8652,25000,2024-05-09,36,26,95247.34900047761,817,Employed,1,2024-05,Bad
1132,2509,25000,2024-12-11,24,32,97069.87422097451,823,Self-Employed,0,2024-12,Bad
1133,1145,15000,2024-11-17,24,57,91787.89838952597,403,Employed,1,2024-11,Good
1134,7829,10000,2024-06-24,12,18,58324.90595582421,639,Employed,0,2024-06,Bad
1135,4665,5000,2024-07-12,36,62,81781.75341763384,499,Self-Employed,0,2024-07,Good
1136,4646,15000,2024-12-02,36,43,76044.01624123698,627,Employed,0,2024-12,Bad
1137,5833,25000,2024-09-30,36,62,58870.68945371536,322,Contractor,1,2024-09,Bad
1138,9602,25000,2024-06-27,12,20,73800.96532395302,750,Employed,0,2024-06,Bad
1139,4267,15000,2024-08-27,24,47,52100.47526627301,610,Employed,1,2024-08,Good
1140,9546,15000,2024-05-11,36,26,44793.40437332688,838,Employed,1,2024-05,Bad
1141,4131,10000,2024-03-21,24,36,20000.0,336,Employed,1,2024-03,Bad
1142,9417,15000,2024-06-09,24,47,107150.1737442611,411,Employed,0,2024-06,Bad
1143,1192,5000,2024-06-29,36,20,76318.90880191737,524,Employed,1,2024-06,Bad
1144,9725,5000,2024-09-25,12,67,50612.744672596964,351,Employed,1,2024-09,Bad
1145,9440,15000,2024-11-22,24,44,53170.422342322156,791,Employed,1,2024-11,Good
1146,5922,5000,2024-02-27,24,28,66097.51332808471,745,Employed,0,2024-02,Good
1147,2026,10000,2024-07-09,24,25,56050.239139666606,841,Employed,0,2024-07,Good
1148,3512,15000,2024-11-16,24,52,56352.3179833293,527,Employed,0,2024-11,Good
1149,5742,5000,2024-12-25,24,65,98818.97576536908,541,Employed,1,2024-12,Bad
1150,8025,25000,2024-02-11,36,40,63392.23874701885,437,Employed,1,2024-02,Good
1151,7873,10000,2024-04-04,12,54,21482.484840491612,414,Employed,1,2024-04,Good
1152,3693,15000,2024-12-21,24,36,61378.33112134764,732,Employed,1,2024-12,Bad
1153,6500,15000,2024-03-29,12,69,64319.64669055358,302,Employed,0,2024-03,Bad
1154,8160,15000,2024-04-18,12,39,52860.24719887477,806,Self-Employed,0,2024-04,Good
1155,4629,25000,2024-08-20,36,58,20000.0,584,Self-Employed,1,2024-08,Good
1156,6517,5000,2024-10-22,12,21,64046.63577938399,727,Employed,1,2024-10,Bad
1157,3484,15000,2024-12-15,12,45,73791.55887435147,378,Employed,1,2024-12,Bad
1158,1016,5000,2024-04-11,12,30,92037.85215749353,514,Self-Employed,1,2024-04,Good
1159,6158,10000,2024-01-21,12,31,46433.52085569054,393,Employed,1,2024-01,Bad
1160,6359,25000,2024-03-23,24,29,59604.23111409614,726,Employed,0,2024-03,Bad
1161,2584,25000,2024-06-09,36,53,43485.86490465283,740,Employed,0,2024-06,Bad
1162,5140,10000,2024-07-16,36,21,80102.43565888918,379,Employed,0,2024-07,Good
1163,928,10000,2024-02-11,36,21,59233.4583340073,702,Employed,0,2024-02,Good
1164,9704,15000,2024-02-06,12,67,72892.9855574131,304,Employed,0,2024-02,Good
1165,1738,10000,2024-07-18,12,51,59368.43393771616,569,Employed,1,2024-07,Good
1166,6580,25000,2024-11-28,24,33,75937.65508682591,591,Self-Employed,0,2024-11,Good
1167,3039,5000,2024-06-02,12,61,97765.14782033658,702,Employed,0,2024-06,Bad
1168,7220,5000,2024-02-08,12,40,42034.58853692419,324,Employed,0,2024-02,Good
1169,6501,5000,2024-02-16,36,27,29256.89392424072,349,Employed,1,2024-02,Good
1170,1722,5000,2024-11-07,12,32,75542.92332507743,707,Employed,0,2024-11,Good
1171,2767,5000,2024-04-19,36,49,40069.292814030596,428,Employed,0,2024-04,Good
1172,2826,5000,2024-07-04,36,44,63805.018740380256,500,Employed,0,2024-07,Good
1173,6671,25000,2024-07-03,36,64,94400.27462994267,338,Contractor,0,2024-07,Good
1174,8411,10000,2024-11-22,12,49,78688.1632608905,529,Employed,1,2024-11,Good
1175,8714,25000,2024-08-03,12,40,52763.32511645023,840,Employed,0,2024-08,Good
1176,405,15000,2024-04-19,24,67,34577.582241495824,504,Self-Employed,1,2024-04,Good
1177,5139,5000,2024-07-18,36,52,103621.03656045647,762,Employed,0,2024-07,Good
1178,8772,10000,2024-06-21,24,34,59232.22568787942,712,Employed,0,2024-06,Bad
1179,6159,10000,2024-11-16,12,64,52347.767720202784,331,Employed,1,2024-11,Good
1180,4422,5000,2024-01-04,12,43,20789.614359048188,679,Employed,0,2024-01,Bad
1181,3698,10000,2024-03-01,12,66,75775.24230325191,345,Employed,1,2024-03,Bad
1182,5067,5000,2024-06-19,24,53,60048.159246266,733,Employed,1,2024-06,Bad
1183,158,15000,2024-12-26,12,49,74579.20474397251,562,Self-Employed,0,2024-12,Bad
1184,3176,5000,2024-05-26,12,31,57796.09923722206,765,Employed,0,2024-05,Bad
1185,5912,15000,2024-12-07,12,31,76035.49399732376,710,Self-Employed,0,2024-12,Bad
1186,9814,10000,2024-12-21,24,58,20000.0,341,Employed,1,2024-12,Bad
1187,7044,25000,2024-05-08,24,30,66847.17340311385,321,Employed,1,2024-05,Bad
1188,7922,10000,2024-05-26,12,64,67390.18860281444,437,Contractor,0,2024-05,Bad
1189,806,25000,2024-02-20,36,50,52558.18691427402,410,Employed,0,2024-02,Good
1190,9498,5000,2024-03-04,24,44,86327.7566112435,382,Employed,0,2024-03,Bad
1191,8706,10000,2024-03-03,24,42,75691.91927524825,544,Employed,0,2024-03,Bad
1192,7236,10000,2024-10-11,36,23,77049.1956763223,402,Employed,0,2024-10,Bad
1193,504,15000,2024-02-12,24,39,65579.89946393437,707,Employed,0,2024-02,Good
1194,7237,5000,2024-03-10,36,44,46020.41134581239,474,Contractor,1,2024-03,Bad
1195,7727,25000,2024-09-12,36,51,20000.0,313,Employed,1,2024-09,Bad
1196,5987,5000,2024-10-21,36,65,47217.0022363358,422,Employed,1,2024-10,Bad
1197,5184,15000,2024-01-23,36,47,63688.15359842376,836,Employed,0,2024-01,Bad
1198,2640,15000,2024-09-13,36,20,25353.858990353816,310,Employed,1,2024-09,Bad
1199,8958,15000,2024-03-01,24,21,77015.28038121486,640,Employed,0,2024-03,Bad
1200,237,5000,2024-07-25,12,36,25439.300649409,654,Employed,0,2024-07,Good
1201,4492,15000,2024-10-07,36,48,73275.97257043034,532,Contractor,0,2024-10,Bad
1202,5961,5000,2024-05-11,24,19,44266.990640965756,346,Contractor,1,2024-05,Bad
1203,1800,15000,2024-12-30,12,28,71701.26068974384,555,Self-Employed,0,2024-12,Bad
1204,3388,10000,2024-12-29,12,45,84817.77544334161,756,Employed,0,2024-12,Bad
1205,4000,25000,2024-01-01,24,38,55718.56573324015,330,Employed,1,2024-01,Bad
1206,1447,5000,2024-02-09,12,18,99800.96878967728,429,Employed,1,2024-02,Good
1207,132,25000,2024-10-03,12,54,59057.91707597539,791,Contractor,0,2024-10,Bad
1208,6370,5000,2024-09-03,36,23,62410.30263382338,822,Employed,0,2024-09,Bad
1209,5593,5000,2024-05-17,36,67,74074.89258581719,337,Employed,1,2024-05,Bad
1210,4214,10000,2024-11-17,24,41,68887.79009408902,840,Employed,0,2024-11,Good
1211,6060,10000,2024-01-17,36,69,38805.62634652252,636,Employed,1,2024-01,Bad
1212,1459,5000,2024-05-03,12,54,41852.75240272125,656,Contractor,0,2024-05,Bad
1213,5299,15000,2024-03-31,12,46,29515.391105098985,657,Employed,0,2024-03,Bad
1214,2023,5000,2024-09-02,36,28,55819.90164470629,843,Employed,0,2024-09,Bad
1215,1949,5000,2024-04-22,24,46,76057.92170411213,542,Contractor,1,2024-04,Good
1216,6606,10000,2024-05-05,24,31,37466.83428075725,824,Self-Employed,1,2024-05,Bad
1217,9813,10000,2024-09-22,36,49,79007.02234197385,353,Self-Employed,1,2024-09,Bad
1218,6862,25000,2024-08-28,24,69,62098.22974698791,703,Self-Employed,0,2024-08,Good
1219,7272,25000,2024-05-17,24,36,36895.85038095165,706,Employed,1,2024-05,Bad
1220,7868,15000,2024-09-02,12,43,54296.36672517988,723,Employed,0,2024-09,Bad
1221,9950,25000,2024-08-25,36,68,48393.303376035445,462,Self-Employed,1,2024-08,Good
1222,4719,25000,2024-10-29,36,29,20000.0,407,Employed,1,2024-10,Bad
1223,4151,25000,2024-01-09,12,40,77229.45876594484,655,Self-Employed,0,2024-01,Bad
1224,524,15000,2024-02-15,12,33,65156.828904610455,500,Self-Employed,1,2024-02,Good
1225,2482,5000,2024-12-24,36,48,51117.987577366766,682,Self-Employed,1,2024-12,Bad
1226,4485,5000,2024-05-03,36,55,56923.10643307438,559,Employed,0,2024-05,Bad
1227,6811,15000,2024-03-08,12,24,102097.25384419404,661,Employed,0,2024-03,Bad
1228,7503,5000,2024-12-30,24,50,55123.327346819766,353,Employed,0,2024-12,Bad
1229,8538,25000,2024-11-19,12,30,73240.83832019479,386,Self-Employed,1,2024-11,Good
1230,2313,25000,2024-05-11,24,49,83686.1242856764,656,Self-Employed,0,2024-05,Bad
1231,7016,25000,2024-12-26,36,68,71981.00253052499,473,Employed,0,2024-12,Bad
1232,7272,25000,2024-08-24,36,36,36895.85038095165,706,Employed,1,2024-08,Good
1233,9891,5000,2024-07-31,36,67,86891.40908070591,577,Employed,0,2024-07,Good
1234,141,15000,2024-02-28,36,54,60351.887976280734,395,Contractor,1,2024-02,Good
1235,6893,15000,2024-06-01,36,61,97573.21054864528,351,Employed,1,2024-06,Bad
1236,7777,15000,2024-10-07,12,58,76830.42664529958,512,Employed,1,2024-10,Bad
1237,9314,10000,2024-03-22,36,33,59366.29665717481,745,Employed,1,2024-03,Bad
1238,2884,15000,2024-08-25,36,45,64243.42356007535,481,Employed,0,2024-08,Good
1239,7629,10000,2024-11-07,36,44,45489.884851784314,810,Self-Employed,0,2024-11,Good
1240,9227,15000,2024-02-18,36,53,93472.76528700118,764,Employed,0,2024-02,Good
1241,7462,25000,2024-03-05,24,51,84204.85320264619,579,Employed,0,2024-03,Bad
1242,9175,15000,2024-07-07,36,22,102663.21590780668,390,Employed,0,2024-07,Good
1243,3461,10000,2024-01-09,24,69,129589.34150416419,544,Employed,1,2024-01,Bad
1244,2585,25000,2024-04-05,24,20,56923.94078067483,333,Self-Employed,1,2024-04,Good
1245,4734,10000,2024-03-25,36,68,75171.19087849458,624,Employed,0,2024-03,Bad
1246,9349,5000,2024-02-05,24,47,78770.32087958763,620,Self-Employed,1,2024-02,Good
1247,9770,5000,2024-03-23,36,63,36124.787565002436,576,Employed,0,2024-03,Bad
1248,6548,5000,2024-06-11,24,29,79091.8413567539,682,Employed,0,2024-06,Bad
1249,1308,25000,2024-08-01,12,69,96964.37919848436,474,Employed,0,2024-08,Good
1250,2853,25000,2024-08-08,36,43,67942.68546152396,475,Employed,1,2024-08,Good
1251,2225,10000,2024-11-13,36,53,20000.0,644,Employed,1,2024-11,Good
1252,3445,25000,2024-11-14,24,48,60998.13783479238,372,Employed,0,2024-11,Good
1253,1252,15000,2024-04-28,12,55,65870.1885124958,574,Employed,0,2024-04,Good
1254,9864,10000,2024-03-16,36,52,67533.17942151171,527,Employed,0,2024-03,Bad
1255,1396,15000,2024-03-09,24,50,60411.795696071174,772,Self-Employed,0,2024-03,Bad
1256,9207,25000,2024-04-03,24,45,48301.45823851238,572,Employed,0,2024-04,Good
1257,4742,15000,2024-11-14,36,38,87296.94086425686,776,Employed,0,2024-11,Good
1258,757,25000,2024-11-12,24,18,56506.024808811904,528,Employed,0,2024-11,Good
1259,7305,25000,2024-12-20,36,35,75230.31446516367,447,Employed,1,2024-12,Bad
1260,2621,15000,2024-10-19,12,25,83835.43683552732,731,Employed,0,2024-10,Bad
1261,2430,5000,2024-09-10,12,32,46099.89951358488,806,Contractor,0,2024-09,Bad
1262,9424,25000,2024-01-04,12,26,47597.07371634246,603,Employed,0,2024-01,Bad
1263,7806,10000,2024-02-25,12,55,61495.5517543664,810,Employed,0,2024-02,Good
1264,4025,10000,2024-02-12,24,41,83352.65839518122,343,Employed,0,2024-02,Good
1265,35,5000,2024-10-03,24,33,91566.43226968816,794,Employed,0,2024-10,Bad
1266,7434,15000,2024-02-27,24,35,83830.33616040392,515,Employed,0,2024-02,Good
1267,21,5000,2024-09-06,36,61,39314.91121184973,603,Employed,1,2024-09,Bad
1268,2313,15000,2024-05-23,12,49,83686.1242856764,656,Self-Employed,0,2024-05,Bad
1269,457,5000,2024-11-04,36,32,56320.33762219344,667,Self-Employed,0,2024-11,Good
1270,7288,25000,2024-01-18,12,51,67007.9893156303,330,Contractor,1,2024-01,Bad
1271,7901,10000,2024-11-08,36,46,74994.49794042128,695,Employed,1,2024-11,Good
1272,4479,5000,2024-12-16,24,32,100598.84613852917,313,Self-Employed,1,2024-12,Bad
1273,1063,10000,2024-06-14,24,54,77322.09929629674,352,Self-Employed,0,2024-06,Bad
1274,7921,15000,2024-02-01,24,37,59302.89279045235,333,Employed,1,2024-02,Good
1275,7128,5000,2024-04-21,36,41,54810.26638350761,547,Employed,0,2024-04,Good
1276,7190,5000,2024-08-12,24,52,85238.5472063235,445,Contractor,1,2024-08,Good
1277,9783,5000,2024-10-01,24,54,85694.38035929794,764,Employed,0,2024-10,Bad
1278,8095,5000,2024-12-05,12,58,84650.43227035522,372,Employed,0,2024-12,Bad
1279,8239,10000,2024-10-30,36,54,72869.06403637909,735,Employed,0,2024-10,Bad
1280,4842,25000,2024-03-14,36,33,65599.50047538982,497,Self-Employed,1,2024-03,Bad
1281,4635,10000,2024-06-02,24,51,111196.67489255258,727,Employed,0,2024-06,Bad
1282,7650,25000,2024-04-19,36,60,51067.96725963616,737,Employed,0,2024-04,Good
1283,5168,5000,2024-12-03,24,26,75843.69023371338,340,Employed,0,2024-12,Bad
1284,4775,25000,2024-06-21,36,19,80173.56520966595,528,Employed,0,2024-06,Bad
1285,5080,10000,2024-09-27,12,34,45391.97574249361,837,Employed,0,2024-09,Bad
1286,7249,5000,2024-05-25,36,37,113992.09954889707,515,Self-Employed,0,2024-05,Bad
1287,1654,10000,2024-10-13,24,41,85507.45936272413,461,Employed,1,2024-10,Bad
1288,45,10000,2024-04-11,36,38,53786.429086803466,488,Contractor,1,2024-04,Good
1289,4371,10000,2024-01-15,36,29,54121.53130094914,623,Employed,0,2024-01,Bad
1290,3765,25000,2024-09-05,12,62,20000.0,676,Self-Employed,0,2024-09,Bad
1291,3033,5000,2024-03-05,36,67,56553.05561315483,535,Contractor,1,2024-03,Bad
1292,4328,5000,2024-12-26,12,38,87164.48731894125,573,Employed,1,2024-12,Bad
1293,86,10000,2024-06-22,12,31,92981.1229391024,312,Employed,1,2024-06,Bad
1294,1614,15000,2024-11-26,12,42,74535.64043835855,767,Employed,0,2024-11,Good
1295,6782,10000,2024-12-23,24,65,49288.93277111634,601,Contractor,1,2024-12,Bad
1296,7228,25000,2024-01-30,12,57,56816.86062319011,749,Employed,0,2024-01,Bad
1297,3292,25000,2024-02-10,36,38,45395.90354100418,445,Employed,1,2024-02,Good
1298,8780,5000,2024-03-07,36,34,79489.44617784618,547,Contractor,0,2024-03,Bad
1299,8795,15000,2024-09-29,12,41,56155.23172144216,839,Employed,0,2024-09,Bad
1300,6782,25000,2024-01-26,12,65,49288.93277111634,601,Contractor,1,2024-01,Bad
1301,3517,5000,2024-04-27,12,23,81908.92619187271,639,Contractor,0,2024-04,Good
1302,1257,15000,2024-11-24,24,43,66095.71998651071,362,Employed,0,2024-11,Good
1303,3036,15000,2024-07-27,12,68,53569.536517020104,313,Employed,1,2024-07,Good
1304,7517,5000,2024-12-22,12,52,31812.312736564236,771,Contractor,0,2024-12,Bad
1305,5287,25000,2024-09-04,12,26,39222.34866764342,630,Self-Employed,0,2024-09,Bad
1306,4956,10000,2024-04-04,12,19,94214.50910683454,502,Employed,1,2024-04,Good
1307,9002,25000,2024-11-09,12,27,114313.11932617263,785,Self-Employed,0,2024-11,Good
1308,638,25000,2024-04-04,36,53,27428.234782940264,643,Employed,0,2024-04,Good
1309,153,25000,2024-04-11,36,32,82893.356029271,559,Employed,0,2024-04,Good
1310,5910,5000,2024-08-01,36,50,52573.68782910794,698,Self-Employed,0,2024-08,Good
1311,2739,5000,2024-05-10,24,63,44943.20415163699,541,Employed,1,2024-05,Bad
1312,139,10000,2024-05-11,24,18,63552.30625307728,642,Employed,1,2024-05,Bad
1313,6240,25000,2024-04-11,36,48,66365.29457275177,641,Self-Employed,1,2024-04,Good
1314,726,25000,2024-02-26,12,56,55535.50641967115,652,Self-Employed,0,2024-02,Good
1315,5701,10000,2024-07-11,12,53,52820.820424271384,426,Employed,1,2024-07,Good
1316,2366,15000,2024-09-11,24,55,65375.693757177425,630,Employed,0,2024-09,Bad
1317,19,15000,2024-06-10,24,19,55203.08086532834,439,Employed,1,2024-06,Bad
1318,9629,10000,2024-02-01,12,47,45234.40021817619,351,Employed,1,2024-02,Good
1319,1962,25000,2024-06-20,24,61,43727.89777402753,325,Employed,1,2024-06,Bad
1320,1852,5000,2024-04-06,12,62,47987.6488058988,446,Employed,0,2024-04,Good
1321,7113,25000,2024-05-18,36,26,76283.68869661582,414,Employed,0,2024-05,Bad
1322,5522,10000,2024-10-18,24,52,65358.410554394,668,Employed,0,2024-10,Bad
1323,9055,10000,2024-05-20,36,37,39066.84504246643,715,Employed,1,2024-05,Bad
1324,101,10000,2024-11-08,24,62,72169.35280956466,783,Self-Employed,0,2024-11,Good
1325,8785,5000,2024-06-01,36,49,108909.44969069981,840,Employed,0,2024-06,Bad
1326,6839,25000,2024-07-16,36,40,59655.743798441275,337,Employed,1,2024-07,Good
1327,7136,5000,2024-12-11,24,37,46813.651881922044,398,Employed,1,2024-12,Bad
1328,6030,15000,2024-05-11,24,43,73589.9383794554,751,Employed,0,2024-05,Bad
1329,2510,25000,2024-12-30,36,27,66950.18546197144,654,Contractor,0,2024-12,Bad
1330,1956,10000,2024-01-26,36,37,20737.97155559805,476,Employed,1,2024-01,Bad
1331,9847,25000,2024-09-25,12,34,73987.14849434645,467,Employed,0,2024-09,Bad
1332,7079,10000,2024-03-12,36,60,65445.80636324394,815,Self-Employed,1,2024-03,Bad
1333,7544,5000,2024-10-29,24,51,49811.97725198224,495,Employed,0,2024-10,Bad
1334,4781,25000,2024-07-26,12,18,56375.42095107331,611,Self-Employed,1,2024-07,Good
1335,9881,10000,2024-06-18,12,40,20000.0,767,Contractor,1,2024-06,Bad
1336,911,5000,2024-08-18,36,22,72436.55132794542,401,Employed,0,2024-08,Good
1337,6164,25000,2024-10-13,12,66,86485.35636898632,518,Self-Employed,0,2024-10,Bad
1338,7994,25000,2024-06-16,24,20,32055.00619727566,670,Employed,0,2024-06,Bad
1339,6716,15000,2024-08-02,24,64,128084.33328498894,725,Employed,0,2024-08,Good
1340,6143,25000,2024-04-25,36,25,68109.40305752323,695,Employed,1,2024-04,Good
1341,6606,15000,2024-05-23,12,31,37466.83428075725,824,Self-Employed,1,2024-05,Bad
1342,1182,25000,2024-11-07,36,64,124699.1926381183,495,Self-Employed,0,2024-11,Good
1343,7532,15000,2024-11-25,36,32,80097.92603708437,843,Employed,0,2024-11,Good
1344,605,5000,2024-02-05,36,54,68354.16039989609,493,Self-Employed,1,2024-02,Good
1345,5850,25000,2024-08-10,12,44,73417.80738551528,636,Employed,0,2024-08,Good
1346,2371,5000,2024-08-23,24,23,91418.12278201047,833,Self-Employed,0,2024-08,Good
1347,203,25000,2024-12-17,24,44,88907.37505228365,527,Employed,0,2024-12,Bad
1348,243,25000,2024-12-01,12,49,82229.11142685839,358,Contractor,1,2024-12,Bad
1349,9722,25000,2024-07-02,36,57,77670.06486381186,428,Employed,1,2024-07,Good
1350,6232,25000,2024-08-29,24,62,55430.53995726103,746,Employed,0,2024-08,Good
1351,3741,25000,2024-10-30,36,63,57907.331790881704,392,Employed,0,2024-10,Bad
1352,2722,25000,2024-07-26,24,19,43772.378725244416,729,Employed,1,2024-07,Good
1353,6027,10000,2024-02-27,36,29,51424.451340355256,792,Employed,0,2024-02,Good
1354,8852,25000,2024-09-27,36,22,32183.485980018042,517,Employed,0,2024-09,Bad
1355,8905,15000,2024-05-28,36,35,20000.0,598,Employed,0,2024-05,Bad
1356,9367,25000,2024-03-04,24,52,77182.8290763329,833,Contractor,0,2024-03,Bad
1357,5220,5000,2024-05-14,36,53,70018.46351895973,350,Employed,1,2024-05,Bad
1358,8439,15000,2024-11-03,24,64,46393.91582611072,448,Employed,0,2024-11,Good
1359,731,15000,2024-01-19,24,66,90965.15173022042,654,Employed,0,2024-01,Bad
1360,1561,15000,2024-03-26,24,60,30416.480575709742,384,Employed,1,2024-03,Bad
1361,9177,10000,2024-06-22,24,30,118757.76983328027,692,Contractor,0,2024-06,Bad
1362,8688,25000,2024-02-07,12,24,20000.0,762,Employed,1,2024-02,Good
1363,5409,5000,2024-05-20,24,32,40035.740337939016,343,Employed,1,2024-05,Bad
1364,6559,5000,2024-10-26,36,55,64511.74026332245,520,Employed,0,2024-10,Bad
1365,2576,5000,2024-07-17,24,49,83987.50093790305,571,Self-Employed,0,2024-07,Good
1366,7509,10000,2024-02-04,36,52,95714.30205154994,477,Employed,0,2024-02,Good
1367,1083,10000,2024-05-10,12,43,99201.98376221504,829,Employed,0,2024-05,Bad
1368,2754,10000,2024-08-14,24,21,54555.42468715953,428,Employed,1,2024-08,Good
1369,2959,25000,2024-05-23,12,67,63427.65332750355,538,Employed,0,2024-05,Bad
1370,8736,10000,2024-05-23,24,27,34440.929824893654,389,Contractor,0,2024-05,Bad
1371,6834,5000,2024-07-12,24,24,23216.693309130693,837,Employed,0,2024-07,Good
1372,4315,10000,2024-12-23,12,24,103434.91826710725,387,Employed,0,2024-12,Bad
1373,5091,5000,2024-12-02,36,35,86131.8324260524,526,Contractor,0,2024-12,Bad
1374,2151,15000,2024-06-14,36,24,77522.93322714644,548,Employed,0,2024-06,Bad
1375,6104,5000,2024-01-24,36,68,69879.05117854544,451,Employed,1,2024-01,Bad
1376,884,15000,2024-08-02,24,55,57028.84111263172,691,Employed,0,2024-08,Good
1377,2678,25000,2024-12-29,36,44,59660.168944873934,650,Employed,1,2024-12,Bad
1378,5239,10000,2024-11-08,36,36,127579.29477264277,698,Employed,0,2024-11,Good
1379,3976,25000,2024-08-23,24,68,68314.94180065252,499,Self-Employed,1,2024-08,Good
1380,7,25000,2024-05-02,12,38,70687.39689330134,575,Employed,1,2024-05,Bad
1381,7646,25000,2024-02-25,36,35,98330.2640345011,479,Employed,0,2024-02,Good
1382,9738,15000,2024-03-26,12,35,80350.9065989302,502,Self-Employed,0,2024-03,Bad
1383,5401,10000,2024-11-17,24,62,91054.76442457543,762,Employed,0,2024-11,Good
1384,2090,25000,2024-03-18,24,26,63711.444784808715,345,Employed,1,2024-03,Bad
1385,4192,25000,2024-04-01,36,35,102253.43805249603,331,Employed,1,2024-04,Good
1386,5624,5000,2024-11-28,36,37,84094.99430908149,673,Employed,0,2024-11,Good
1387,2294,5000,2024-09-04,12,64,73992.02119215802,478,Employed,0,2024-09,Bad
1388,7392,10000,2024-04-11,36,34,35290.38323149823,716,Employed,0,2024-04,Good
1389,4210,5000,2024-12-02,12,39,56311.87643702855,369,Employed,1,2024-12,Bad
1390,4426,15000,2024-03-13,24,49,74321.05621639562,755,Employed,0,2024-03,Bad
1391,3225,15000,2024-11-13,12,48,64041.904107565686,588,Employed,1,2024-11,Good
1392,1241,15000,2024-08-19,24,68,45954.38320852879,344,Employed,1,2024-08,Good
1393,7518,25000,2024-01-14,36,69,52470.57157617412,568,Employed,1,2024-01,Bad
1394,3494,10000,2024-07-12,12,35,59854.0035019664,797,Employed,0,2024-07,Good
1395,3591,15000,2024-08-21,12,47,48540.43205148887,766,Employed,0,2024-08,Good
1396,8909,15000,2024-07-06,12,68,44479.026028742715,574,Employed,0,2024-07,Good
1397,8456,15000,2024-10-03,36,61,49994.894385359294,695,Employed,0,2024-10,Bad
1398,6945,15000,2024-01-30,36,43,107019.14283470475,334,Employed,0,2024-01,Bad
1399,318,15000,2024-01-25,36,55,88141.80523756804,711,Employed,1,2024-01,Bad
1400,2208,15000,2024-07-05,12,31,86632.24390338124,841,Employed,0,2024-07,Good
1401,641,10000,2024-08-18,12,36,83835.48658756076,826,Employed,0,2024-08,Good
1402,859,15000,2024-12-20,24,56,73458.93604839899,332,Contractor,1,2024-12,Bad
1403,4244,10000,2024-05-13,12,34,66610.18806079855,403,Self-Employed,1,2024-05,Bad
1404,9663,10000,2024-05-10,24,38,94572.37347194813,510,Employed,0,2024-05,Bad
1405,9167,10000,2024-04-21,36,51,45428.33724256272,475,Employed,1,2024-04,Good
1406,9478,15000,2024-05-08,24,47,41720.868480576,323,Employed,0,2024-05,Bad
1407,8244,15000,2024-03-05,24,18,20000.0,365,Employed,0,2024-03,Bad
1408,1020,10000,2024-01-26,12,27,20000.0,617,Employed,1,2024-01,Bad
1409,7901,10000,2024-01-18,12,46,74994.49794042128,695,Employed,0,2024-01,Bad
1410,8480,15000,2024-05-13,24,32,33841.49265947816,551,Self-Employed,0,2024-05,Bad
1411,5374,5000,2024-07-21,24,46,31207.311699383834,846,Employed,0,2024-07,Good
1412,6358,5000,2024-09-10,36,19,68221.24053389786,460,Employed,1,2024-09,Bad
1413,5212,5000,2024-02-09,12,60,40480.878908436556,418,Employed,1,2024-02,Good
1414,7773,15000,2024-01-30,36,29,69017.13745314133,669,Contractor,0,2024-01,Bad
1415,4739,10000,2024-03-18,24,56,74061.24703986317,676,Employed,0,2024-03,Bad
1416,3902,5000,2024-11-25,36,47,35883.416287190135,584,Employed,0,2024-11,Good
1417,7903,25000,2024-09-05,12,27,55779.91837027828,520,Self-Employed,0,2024-09,Bad
1418,4934,25000,2024-10-13,24,33,70137.1606890005,437,Employed,0,2024-10,Bad
1419,7671,10000,2024-06-12,24,63,78093.19413534633,571,Employed,0,2024-06,Bad
1420,1550,25000,2024-11-30,36,64,20000.0,846,Employed,0,2024-11,Good
1421,4935,15000,2024-02-17,12,19,67857.7188264812,754,Employed,0,2024-02,Good
1422,2667,25000,2024-03-18,24,51,83498.60128448291,794,Employed,0,2024-03,Bad
1423,2454,10000,2024-04-20,24,39,72535.17674452794,502,Employed,0,2024-04,Good
1424,1568,5000,2024-12-08,36,19,73399.20433601442,570,Employed,0,2024-12,Bad
1425,3753,15000,2024-09-29,24,50,37191.81325823548,325,Contractor,1,2024-09,Bad
1426,8480,10000,2024-10-09,24,32,33841.49265947816,551,Self-Employed,1,2024-10,Bad
1427,2474,15000,2024-12-29,12,66,86601.74955347367,726,Self-Employed,0,2024-12,Bad
1428,436,5000,2024-09-10,12,63,59486.54427108657,834,Employed,0,2024-09,Bad
1429,9182,5000,2024-05-05,36,56,46381.096080390285,705,Self-Employed,1,2024-05,Bad
1430,6225,5000,2024-06-19,24,45,78050.51587776917,790,Employed,0,2024-06,Bad
1431,2406,15000,2024-07-21,12,31,91181.91021398656,628,Employed,0,2024-07,Good
1432,8447,25000,2024-05-08,36,43,66384.92279458336,777,Employed,1,2024-05,Bad
1433,1835,15000,2024-10-06,12,33,91209.99719533852,819,Employed,0,2024-10,Bad
1434,7043,5000,2024-01-08,36,55,52578.096816461795,549,Self-Employed,1,2024-01,Bad
1435,8657,15000,2024-10-12,36,39,39861.100720406306,609,Employed,1,2024-10,Bad
1436,4352,15000,2024-01-18,24,55,61684.89804398758,658,Self-Employed,0,2024-01,Bad
1437,423,25000,2024-11-28,36,59,58567.49998455526,424,Employed,1,2024-11,Good
1438,5934,5000,2024-05-01,36,23,56522.79263682933,641,Employed,0,2024-05,Bad
1439,9481,25000,2024-05-05,12,30,45266.19085243557,620,Employed,0,2024-05,Bad
1440,6073,5000,2024-08-15,36,40,48236.420964582925,772,Employed,0,2024-08,Good
1441,9541,10000,2024-03-23,36,66,58460.819419336614,653,Employed,0,2024-03,Bad
1442,555,5000,2024-07-06,12,44,63573.97082867646,578,Employed,0,2024-07,Good
1443,7,15000,2024-06-02,12,38,70687.39689330134,575,Employed,1,2024-06,Bad
1444,1766,10000,2024-05-03,12,59,41585.19984390895,615,Self-Employed,1,2024-05,Bad
1445,2092,15000,2024-12-19,12,26,94101.50381464843,408,Employed,1,2024-12,Bad
1446,4831,10000,2024-11-04,24,18,32881.80583956332,734,Self-Employed,0,2024-11,Good
1447,1658,15000,2024-04-04,24,51,39418.66941561039,466,Employed,1,2024-04,Good
1448,9004,10000,2024-05-01,36,29,31391.349879236208,770,Contractor,0,2024-05,Bad
1449,6095,10000,2024-12-27,12,62,83812.08442685546,639,Employed,0,2024-12,Bad
1450,7464,15000,2024-03-11,24,20,86250.90987973925,570,Employed,0,2024-03,Bad
1451,9421,10000,2024-04-13,36,25,101886.35327605734,487,Employed,0,2024-04,Good
1452,1963,15000,2024-06-02,24,45,126030.54306179786,595,Employed,1,2024-06,Bad
1453,491,25000,2024-08-31,24,18,37594.49187828587,626,Employed,0,2024-08,Good
1454,8510,15000,2024-06-09,24,27,69192.03333623099,777,Employed,0,2024-06,Bad
1455,8083,25000,2024-06-09,36,25,28578.559293799044,612,Self-Employed,0,2024-06,Bad
1456,2549,10000,2024-06-28,24,24,65992.84554299086,317,Employed,1,2024-06,Bad
1457,9409,5000,2024-06-16,36,35,30403.524525103858,578,Self-Employed,1,2024-06,Bad
1458,8525,25000,2024-02-23,12,66,27373.353577407383,546,Self-Employed,1,2024-02,Good
1459,1177,5000,2024-08-26,12,32,131050.2977623155,809,Employed,0,2024-08,Good
1460,6100,5000,2024-12-19,12,65,72491.79943344816,712,Contractor,0,2024-12,Bad
1461,2601,15000,2024-02-18,12,25,51030.104527876065,376,Contractor,1,2024-02,Good
1462,3095,15000,2024-12-25,24,28,40303.3522465057,719,Self-Employed,0,2024-12,Bad
1463,2264,5000,2024-05-13,24,37,76893.7997957883,816,Self-Employed,0,2024-05,Bad
1464,1067,15000,2024-10-15,12,23,23330.914830270056,751,Employed,1,2024-10,Bad
1465,5745,5000,2024-05-12,36,29,97496.78108826511,603,Contractor,0,2024-05,Bad
1466,2791,15000,2024-05-25,24,26,73358.17636383759,586,Self-Employed,0,2024-05,Bad
1467,7080,15000,2024-05-10,24,33,65939.17146768131,553,Self-Employed,1,2024-05,Bad
1468,1674,15000,2024-12-19,36,35,29928.346069803636,315,Employed,0,2024-12,Bad
1469,2364,5000,2024-05-01,36,21,49274.053469909726,755,Employed,1,2024-05,Bad
1470,3724,10000,2024-01-02,36,41,93444.41951671656,709,Employed,0,2024-01,Bad
1471,3502,15000,2024-03-05,12,28,96071.56407145786,591,Employed,0,2024-03,Bad
1472,2815,15000,2024-10-17,12,52,90791.34436437937,494,Contractor,1,2024-10,Bad
1473,6643,5000,2024-11-19,36,20,44507.124428315255,341,Employed,1,2024-11,Good
1474,349,25000,2024-02-04,12,68,110190.21269423158,565,Employed,0,2024-02,Good
1475,2123,5000,2024-11-23,12,42,82686.44277160952,511,Self-Employed,0,2024-11,Good
1476,4134,15000,2024-10-11,36,19,40576.35651545295,645,Employed,0,2024-10,Bad
1477,212,15000,2024-11-29,24,49,107602.55195147794,599,Employed,1,2024-11,Good
1478,3530,10000,2024-10-24,12,52,90160.27600066387,307,Contractor,0,2024-10,Bad
1479,7738,15000,2024-04-22,36,18,71057.27964505796,395,Employed,0,2024-04,Good
1480,6350,25000,2024-04-03,36,28,50270.99030027645,540,Employed,0,2024-04,Good
1481,4101,15000,2024-04-23,36,54,62531.97763860818,640,Self-Employed,0,2024-04,Good
1482,9459,15000,2024-01-07,24,25,101605.03181308968,330,Employed,0,2024-01,Bad
1483,148,10000,2024-01-22,36,31,65362.72498156635,711,Employed,0,2024-01,Bad
1484,1710,25000,2024-02-26,36,20,35555.96355021605,747,Employed,0,2024-02,Good
1485,3023,25000,2024-06-21,24,45,92815.85763008255,355,Employed,0,2024-06,Bad
1486,3991,15000,2024-06-30,36,54,20796.077206169204,609,Employed,1,2024-06,Bad
1487,7855,25000,2024-01-02,12,45,45757.32251905362,713,Employed,1,2024-01,Bad
1488,3837,10000,2024-11-08,24,38,78083.09456821471,627,Contractor,1,2024-11,Good
1489,8184,5000,2024-04-27,24,59,106951.39001131488,529,Employed,1,2024-04,Good
1490,4524,15000,2024-03-24,36,35,110135.42116049452,808,Employed,0,2024-03,Bad
1491,369,15000,2024-11-26,12,65,40855.43417840102,401,Self-Employed,0,2024-11,Good
1492,7145,25000,2024-10-16,24,29,36810.22621978092,735,Employed,0,2024-10,Bad
1493,1471,15000,2024-02-13,36,27,31156.133132256036,785,Employed,0,2024-02,Good
1494,2598,15000,2024-03-09,36,44,56168.39661404605,786,Self-Employed,0,2024-03,Bad
1495,1303,10000,2024-02-22,24,38,63472.5622998533,810,Contractor,0,2024-02,Good
1496,1895,5000,2024-12-15,24,32,86803.82764210137,667,Employed,0,2024-12,Bad
1497,2525,5000,2024-10-15,36,56,55612.49899811073,726,Employed,0,2024-10,Bad
1498,1089,25000,2024-11-27,24,43,89392.83444173125,614,Self-Employed,0,2024-11,Good
1499,5706,10000,2024-11-20,12,43,73041.31648978965,822,Self-Employed,0,2024-11,Good
1500,1327,10000,2024-05-08,12,41,63418.151002577106,627,Contractor,1,2024-05,Bad
1501,7485,10000,2024-06-11,36,25,58691.162950227736,398,Employed,1,2024-06,Bad
1502,4270,10000,2024-09-07,12,37,70804.86261605819,516,Contractor,0,2024-09,Bad
1503,7583,15000,2024-01-25,36,66,71455.06836752842,441,Employed,1,2024-01,Bad
1504,9476,25000,2024-05-11,24,35,72548.2921279676,816,Self-Employed,0,2024-05,Bad
1505,3357,25000,2024-11-24,24,31,105396.81225305784,604,Employed,0,2024-11,Good
1506,6217,15000,2024-04-27,36,31,79039.33676427761,572,Employed,0,2024-04,Good
1507,1103,25000,2024-08-23,36,28,104760.08921434096,543,Employed,0,2024-08,Good
1508,1068,10000,2024-04-24,24,19,27631.096338758893,760,Employed,0,2024-04,Good
1509,745,15000,2024-05-04,36,54,73195.27683935309,586,Employed,1,2024-05,Bad
1510,3075,15000,2024-07-13,12,63,63968.79677551992,579,Self-Employed,1,2024-07,Good
1511,2491,5000,2024-04-03,12,59,55164.052593136235,788,Employed,0,2024-04,Good
1512,7545,15000,2024-07-30,12,41,47100.81942040144,510,Employed,0,2024-07,Good
1513,3765,5000,2024-05-06,24,62,20000.0,676,Self-Employed,0,2024-05,Bad
1514,6022,15000,2024-05-17,24,44,78717.51190987251,703,Contractor,0,2024-05,Bad
1515,2863,25000,2024-05-27,24,69,74642.77101328631,656,Employed,0,2024-05,Bad
1516,9075,5000,2024-10-22,36,40,29268.328008221368,473,Employed,1,2024-10,Bad
1517,5956,5000,2024-03-15,24,34,47875.096246840185,614,Employed,0,2024-03,Bad
1518,6869,5000,2024-01-15,24,55,81158.00407839564,840,Employed,0,2024-01,Bad
1519,2561,5000,2024-06-04,12,35,67279.20366666098,394,Contractor,1,2024-06,Bad
1520,4792,10000,2024-12-29,24,23,24970.470029710676,721,Employed,0,2024-12,Bad
1521,3835,15000,2024-02-04,36,55,81107.76250270501,717,Self-Employed,0,2024-02,Good
1522,2775,10000,2024-01-07,36,22,102998.80014785749,768,Self-Employed,0,2024-01,Bad
1523,8269,25000,2024-06-30,12,29,84803.43497863674,506,Self-Employed,0,2024-06,Bad
1524,3115,15000,2024-06-18,12,38,73174.86283175244,640,Employed,0,2024-06,Bad
1525,5705,10000,2024-10-20,36,54,85653.64040101289,478,Employed,1,2024-10,Bad
1526,1013,15000,2024-07-29,12,61,76274.06586941192,483,Employed,1,2024-07,Good
1527,4286,10000,2024-11-15,12,31,40026.59059386022,693,Employed,0,2024-11,Good
1528,9067,25000,2024-02-26,36,46,133399.0039845872,542,Self-Employed,0,2024-02,Good
1529,4358,10000,2024-12-29,12,60,34683.571684417155,621,Employed,1,2024-12,Bad
1530,3557,25000,2024-05-03,36,47,64396.772238625665,454,Employed,1,2024-05,Bad
1531,2326,5000,2024-07-12,36,35,102239.98523619122,416,Employed,0,2024-07,Good
1532,6958,10000,2024-03-23,36,36,67612.85090189552,578,Self-Employed,1,2024-03,Bad
1533,9918,5000,2024-07-19,12,26,56038.84526733313,709,Employed,1,2024-07,Good
1534,3989,25000,2024-09-08,36,22,91449.01784596982,654,Self-Employed,0,2024-09,Bad
1535,2355,5000,2024-12-02,24,58,58573.68977967338,496,Self-Employed,1,2024-12,Bad
1536,6694,10000,2024-01-02,24,37,73217.05873741207,715,Contractor,0,2024-01,Bad
1537,2395,15000,2024-09-26,24,66,38632.38862585201,581,Employed,0,2024-09,Bad
1538,5543,10000,2024-08-28,12,28,41139.03434272592,392,Employed,1,2024-08,Good
1539,4522,5000,2024-05-25,36,54,59817.09759979389,742,Self-Employed,1,2024-05,Bad
1540,42,5000,2024-11-21,24,54,100354.68220827726,331,Contractor,0,2024-11,Good
1541,1849,10000,2024-03-16,36,24,107037.31143545039,666,Self-Employed,0,2024-03,Bad
1542,4192,10000,2024-08-17,12,35,102253.43805249603,331,Employed,0,2024-08,Good
1543,7431,10000,2024-11-29,12,57,44035.48351296244,444,Employed,1,2024-11,Good
1544,2867,10000,2024-09-25,24,38,83245.48405669077,681,Employed,0,2024-09,Bad
1545,9839,25000,2024-03-13,12,24,86905.31448304158,733,Employed,1,2024-03,Bad
1546,6894,15000,2024-04-15,12,51,48374.202742401874,601,Contractor,0,2024-04,Good
1547,8397,5000,2024-08-11,36,58,44271.41286391487,367,Employed,0,2024-08,Good
1548,3335,25000,2024-01-10,36,57,102136.93423181374,442,Employed,0,2024-01,Bad
1549,3660,10000,2024-10-09,24,37,30948.915728631066,320,Self-Employed,1,2024-10,Bad
1550,7080,10000,2024-09-26,24,33,65939.17146768131,553,Self-Employed,0,2024-09,Bad
1551,655,25000,2024-09-21,36,42,38609.01275503509,793,Employed,0,2024-09,Bad
1552,2363,10000,2024-05-16,12,28,82473.82679293552,715,Employed,0,2024-05,Bad
1553,9585,5000,2024-08-05,24,49,109375.92552818664,756,Employed,0,2024-08,Good
1554,8076,5000,2024-08-11,36,34,84718.85109713618,559,Self-Employed,0,2024-08,Good
1555,5372,5000,2024-12-26,12,36,45789.112077412676,318,Employed,0,2024-12,Bad
1556,5453,25000,2024-10-17,12,50,70000.8446828082,457,Employed,0,2024-10,Bad
1557,4840,10000,2024-06-02,12,36,70943.29319764965,482,Employed,0,2024-06,Bad
1558,7594,25000,2024-06-17,24,34,99405.7992658893,530,Self-Employed,0,2024-06,Bad
1559,285,5000,2024-12-30,24,48,52410.75952730706,389,Employed,0,2024-12,Bad
1560,9533,25000,2024-04-15,36,68,53888.011753057384,501,Employed,0,2024-04,Good
1561,512,10000,2024-04-30,36,39,68733.54777649701,543,Employed,0,2024-04,Good
1562,4125,10000,2024-03-07,36,31,59934.85567704815,613,Employed,0,2024-03,Bad
1563,3079,15000,2024-10-12,36,19,49238.53864536306,497,Employed,1,2024-10,Bad
1564,4638,15000,2024-10-11,36,46,54882.60357841684,790,Contractor,0,2024-10,Bad
1565,8407,15000,2024-03-24,24,51,48451.62050206431,407,Employed,1,2024-03,Bad
1566,5120,5000,2024-11-19,12,67,57362.513423658675,303,Employed,0,2024-11,Good
1567,3332,15000,2024-01-14,12,29,40543.358768344,310,Employed,1,2024-01,Bad
1568,2309,5000,2024-12-30,24,38,68952.34746441965,533,Contractor,0,2024-12,Bad
1569,1838,25000,2024-06-28,12,50,86495.83903668645,306,Self-Employed,1,2024-06,Bad
1570,8011,10000,2024-02-08,24,51,31733.772924484343,379,Self-Employed,0,2024-02,Good
1571,5120,25000,2024-10-03,12,67,57362.513423658675,303,Employed,1,2024-10,Bad
1572,5737,15000,2024-11-22,12,51,97034.58495309087,516,Employed,0,2024-11,Good
1573,566,15000,2024-01-06,36,29,109204.23232649459,431,Employed,0,2024-01,Bad
1574,7640,5000,2024-07-01,24,40,51878.513491889134,732,Employed,0,2024-07,Good
1575,8993,5000,2024-02-09,12,35,68236.1660636861,330,Employed,1,2024-02,Good
1576,1279,25000,2024-07-16,24,66,68585.66417143733,766,Contractor,0,2024-07,Good
1577,9494,25000,2024-06-01,24,55,84584.61810385599,810,Employed,1,2024-06,Bad
1578,7192,15000,2024-09-08,36,63,27421.123260009954,662,Contractor,0,2024-09,Bad
1579,5085,5000,2024-08-16,36,56,52834.22029526827,329,Employed,1,2024-08,Good
1580,3505,5000,2024-03-29,36,44,105753.24912186025,791,Employed,0,2024-03,Bad
1581,9184,25000,2024-01-22,12,59,79499.30427584026,783,Self-Employed,0,2024-01,Bad
1582,5614,5000,2024-11-07,12,55,58484.791691651044,307,Employed,1,2024-11,Good
1583,6518,25000,2024-10-28,12,24,59736.6264911752,820,Self-Employed,1,2024-10,Bad
1584,6906,10000,2024-04-29,12,52,92790.78685352628,387,Employed,0,2024-04,Good
1585,377,15000,2024-07-02,36,47,24324.876978331282,330,Contractor,1,2024-07,Good
1586,8143,5000,2024-07-24,24,38,68344.01435135573,371,Employed,0,2024-07,Good
1587,1105,5000,2024-03-30,24,30,45072.16084437548,327,Employed,0,2024-03,Bad
1588,6747,10000,2024-04-25,24,37,127707.65682641408,648,Employed,0,2024-04,Good
1589,9806,10000,2024-06-11,12,66,49858.60916223419,531,Employed,1,2024-06,Bad
1590,5675,10000,2024-04-13,12,67,71850.97101623258,673,Employed,0,2024-04,Good
1591,5243,25000,2024-05-27,12,64,58009.68200238308,647,Employed,0,2024-05,Bad
1592,2848,25000,2024-09-27,24,52,69162.32817787811,321,Employed,1,2024-09,Bad
1593,8215,10000,2024-04-19,12,67,103959.60029701954,669,Employed,0,2024-04,Good
1594,2704,15000,2024-07-18,24,52,44428.60246203919,459,Self-Employed,1,2024-07,Good
1595,4866,15000,2024-10-06,12,25,36075.0886083909,662,Employed,0,2024-10,Bad
1596,6663,5000,2024-08-12,24,31,69652.32552189838,307,Employed,1,2024-08,Good
1597,3349,25000,2024-03-20,12,39,65159.53852408288,379,Employed,1,2024-03,Bad
1598,9111,15000,2024-09-07,36,26,79883.0821973166,822,Employed,0,2024-09,Bad
1599,377,5000,2024-08-07,12,47,24324.876978331282,330,Contractor,1,2024-08,Good
1600,6435,15000,2024-10-26,24,53,87669.60666688574,556,Self-Employed,1,2024-10,Bad
1601,9443,25000,2024-05-21,24,59,20000.0,468,Employed,1,2024-05,Bad
1602,9389,15000,2024-03-13,24,47,60464.84913207025,529,Employed,0,2024-03,Bad
1603,9863,15000,2024-07-23,36,26,76826.13182095003,391,Contractor,1,2024-07,Good
1604,7621,25000,2024-08-09,36,24,46038.40192672837,498,Self-Employed,0,2024-08,Good
1605,6486,5000,2024-06-08,24,48,107960.99039006785,524,Employed,0,2024-06,Bad
1606,1357,5000,2024-03-20,24,47,46101.232332701984,532,Employed,0,2024-03,Bad
1607,1767,10000,2024-04-24,24,52,92655.78897149922,667,Employed,0,2024-04,Good
1608,5506,5000,2024-01-25,12,28,54701.91914035117,664,Employed,1,2024-01,Bad
1609,9558,10000,2024-06-25,24,46,36614.192274235786,815,Employed,0,2024-06,Bad
1610,5427,25000,2024-10-05,12,47,61132.741721636135,807,Employed,0,2024-10,Bad
1611,3842,5000,2024-10-19,36,62,73004.69637304683,593,Employed,1,2024-10,Bad
1612,3245,25000,2024-08-07,36,48,86975.35386392518,466,Self-Employed,1,2024-08,Good
1613,544,5000,2024-01-03,24,18,81397.30344468956,743,Self-Employed,0,2024-01,Bad
1614,6048,15000,2024-11-11,36,38,59777.05106572821,798,Self-Employed,0,2024-11,Good
1615,8968,5000,2024-11-10,12,38,93426.47150113806,787,Employed,0,2024-11,Good
1616,1621,15000,2024-02-02,12,64,75964.48227302513,363,Self-Employed,1,2024-02,Good
1617,4313,5000,2024-06-30,24,41,39789.17448672136,677,Self-Employed,1,2024-06,Bad
1618,8724,25000,2024-02-08,24,48,84892.17550305967,636,Employed,0,2024-02,Good
1619,7829,10000,2024-06-01,36,18,58324.90595582421,639,Employed,0,2024-06,Bad
1620,889,5000,2024-03-03,24,32,112210.92349035642,720,Employed,0,2024-03,Bad
1621,393,25000,2024-03-29,24,49,54754.96890516167,343,Employed,0,2024-03,Bad
1622,9814,15000,2024-04-12,24,58,20000.0,341,Employed,1,2024-04,Good
1623,3458,15000,2024-12-06,12,45,60718.59237937664,830,Employed,0,2024-12,Bad
1624,7669,15000,2024-07-05,36,18,77702.19286051966,364,Employed,1,2024-07,Good
1625,2364,15000,2024-06-07,24,21,49274.053469909726,755,Employed,0,2024-06,Bad
1626,7355,25000,2024-02-18,24,25,122541.87130126936,782,Employed,0,2024-02,Good
1627,9541,5000,2024-08-09,24,66,58460.819419336614,653,Employed,0,2024-08,Good
1628,318,15000,2024-12-24,12,55,88141.80523756804,711,Employed,0,2024-12,Bad
1629,6538,15000,2024-07-06,12,61,86040.80639412688,559,Employed,0,2024-07,Good
1630,8897,5000,2024-09-09,24,66,49081.73602229857,541,Employed,0,2024-09,Bad
1631,3772,25000,2024-12-30,36,35,61556.473490301825,381,Self-Employed,1,2024-12,Bad
1632,9234,15000,2024-07-10,12,58,74650.615467714,389,Self-Employed,1,2024-07,Good
1633,4245,10000,2024-08-31,24,40,79273.64236509682,616,Employed,0,2024-08,Good
1634,4654,25000,2024-03-11,36,57,53306.53290353545,619,Self-Employed,0,2024-03,Bad
1635,6886,10000,2024-12-12,24,65,39031.63914593325,452,Employed,1,2024-12,Bad
1636,4007,25000,2024-03-17,36,58,63292.84480589273,571,Employed,0,2024-03,Bad
1637,4643,15000,2024-08-08,12,38,41941.21677345205,404,Contractor,1,2024-08,Good
1638,2128,25000,2024-12-08,36,53,101091.75797915595,352,Self-Employed,0,2024-12,Bad
1639,4614,25000,2024-09-20,12,46,34764.11677602353,413,Employed,1,2024-09,Bad
1640,2750,10000,2024-09-25,12,51,43665.01314902221,575,Self-Employed,1,2024-09,Bad
1641,8436,25000,2024-10-08,36,48,75098.51040170761,582,Employed,1,2024-10,Bad
1642,8201,25000,2024-08-08,12,48,52293.37134791699,532,Employed,0,2024-08,Good
1643,3655,15000,2024-03-31,36,39,80963.58293168998,730,Self-Employed,0,2024-03,Bad
1644,9516,5000,2024-02-25,36,40,37071.45596988468,452,Employed,0,2024-02,Good
1645,5440,10000,2024-04-15,12,27,79977.10463237055,346,Employed,1,2024-04,Good
1646,2371,10000,2024-10-13,12,23,91418.12278201047,833,Self-Employed,0,2024-10,Bad
1647,2604,5000,2024-09-29,12,67,49314.481639340665,705,Employed,0,2024-09,Bad
1648,5748,10000,2024-10-19,12,32,110263.06196052482,491,Employed,0,2024-10,Bad
1649,3534,15000,2024-02-16,12,53,72378.52448343541,605,Self-Employed,0,2024-02,Good
1650,7566,25000,2024-11-02,24,31,35165.529688904506,406,Employed,0,2024-11,Good
1651,8585,25000,2024-04-23,24,61,79341.42408191788,661,Self-Employed,1,2024-04,Good
1652,1252,15000,2024-02-27,24,55,65870.1885124958,574,Employed,1,2024-02,Good
1653,2967,10000,2024-02-13,24,30,48733.58446659513,558,Employed,0,2024-02,Good
1654,9359,25000,2024-12-19,24,20,53376.92464088199,317,Employed,1,2024-12,Bad
1655,7572,5000,2024-08-18,36,31,51750.17670741311,450,Employed,1,2024-08,Good
1656,3008,25000,2024-09-23,12,38,58296.52151895592,334,Employed,0,2024-09,Bad
1657,7814,15000,2024-01-12,24,40,92716.8604988931,368,Employed,1,2024-01,Bad
1658,7207,25000,2024-07-23,36,60,95898.58005570258,474,Employed,1,2024-07,Good
1659,8385,15000,2024-02-23,36,53,58990.03810778972,572,Employed,0,2024-02,Good
1660,8519,10000,2024-02-03,24,66,38711.311041495974,418,Self-Employed,0,2024-02,Good
1661,4121,5000,2024-09-04,24,28,77467.24780338861,723,Employed,0,2024-09,Bad
1662,4198,15000,2024-05-15,24,51,22906.685809648785,578,Contractor,0,2024-05,Bad
1663,8855,5000,2024-08-17,24,24,82459.97803323503,621,Self-Employed,0,2024-08,Good
1664,4838,10000,2024-12-21,36,65,49669.702688100086,647,Self-Employed,0,2024-12,Bad
1665,4026,10000,2024-10-04,12,40,26557.30478674994,389,Employed,0,2024-10,Bad
1666,4258,15000,2024-09-17,12,54,84908.50049372081,477,Employed,1,2024-09,Bad
1667,4774,25000,2024-01-20,36,41,97624.06721976047,380,Employed,0,2024-01,Bad
1668,9078,5000,2024-08-02,24,46,65994.9863529004,421,Contractor,0,2024-08,Good
1669,3954,25000,2024-08-19,12,49,64521.94550365731,774,Self-Employed,0,2024-08,Good
1670,2295,5000,2024-04-27,24,60,94676.94196854389,496,Contractor,1,2024-04,Good
1671,6318,10000,2024-02-18,12,58,63941.702608494685,666,Employed,0,2024-02,Good
1672,3468,10000,2024-04-28,12,19,97102.61737947245,749,Contractor,0,2024-04,Good
1673,1033,10000,2024-05-26,12,66,59126.893211975635,782,Employed,0,2024-05,Bad
1674,1472,25000,2024-08-05,36,47,83361.91862503045,759,Contractor,0,2024-08,Good
1675,5114,10000,2024-08-15,24,45,97527.55157560232,656,Employed,0,2024-08,Good
1676,5691,25000,2024-09-19,12,57,34787.944893273096,469,Self-Employed,1,2024-09,Bad
1677,6806,10000,2024-12-01,12,52,20000.0,326,Employed,1,2024-12,Bad
1678,4072,25000,2024-01-10,12,27,51339.809513408174,649,Self-Employed,1,2024-01,Bad
1679,7740,15000,2024-12-28,24,38,64287.771887240175,529,Employed,1,2024-12,Bad
1680,1149,15000,2024-05-29,12,28,24151.926023517823,620,Employed,1,2024-05,Bad
1681,8233,5000,2024-08-05,36,57,131990.7173475001,721,Employed,0,2024-08,Good
1682,6481,25000,2024-05-12,12,51,43463.91426339284,564,Employed,0,2024-05,Bad
1683,3757,25000,2024-07-22,12,45,77732.3830910502,487,Employed,0,2024-07,Good
1684,7409,15000,2024-01-24,36,36,53456.37396634682,753,Employed,0,2024-01,Bad
1685,7262,15000,2024-05-22,24,23,105071.10617944924,634,Employed,1,2024-05,Bad
1686,6664,15000,2024-12-09,24,24,97406.41774370005,807,Employed,0,2024-12,Bad
1687,3797,5000,2024-08-03,12,68,75587.69685055094,356,Employed,1,2024-08,Good
1688,3448,15000,2024-08-21,24,42,61876.960116910865,447,Employed,0,2024-08,Good
1689,8277,5000,2024-02-24,36,33,26385.006827359415,382,Employed,0,2024-02,Good
1690,7833,5000,2024-12-19,24,23,68984.82994440556,755,Employed,0,2024-12,Bad
1691,4458,15000,2024-06-19,12,69,65530.56627085646,526,Contractor,1,2024-06,Bad
1692,5371,15000,2024-06-21,36,54,78200.90011369911,584,Self-Employed,0,2024-06,Bad
1693,2640,15000,2024-10-07,12,20,25353.858990353816,310,Employed,1,2024-10,Bad
1694,9223,25000,2024-05-23,36,62,46568.45809020098,318,Employed,1,2024-05,Bad
1695,7688,10000,2024-09-03,36,41,53182.693056910706,739,Employed,0,2024-09,Bad
1696,931,25000,2024-01-29,12,42,70474.09789639938,591,Employed,1,2024-01,Bad
1697,1822,5000,2024-11-15,12,46,30007.962381682846,374,Employed,1,2024-11,Good
1698,5903,5000,2024-05-03,24,28,104508.49427057424,435,Employed,1,2024-05,Bad
1699,5828,10000,2024-06-21,24,37,51135.168989186204,332,Contractor,0,2024-06,Bad
1700,3810,10000,2024-08-21,12,44,70043.4663699011,697,Employed,0,2024-08,Good
1701,9786,15000,2024-12-30,12,42,119438.8547170193,629,Employed,0,2024-12,Bad
1702,5532,25000,2024-01-26,24,36,51808.65559554157,504,Employed,0,2024-01,Bad
1703,9313,25000,2024-03-25,12,56,36747.08419077629,635,Self-Employed,0,2024-03,Bad
1704,9874,25000,2024-02-19,36,28,80683.20300684523,635,Employed,0,2024-02,Good
1705,1925,10000,2024-06-03,24,24,42241.8914517929,322,Employed,1,2024-06,Bad
1706,2441,25000,2024-04-09,24,40,53613.32359375649,818,Employed,0,2024-04,Good
1707,7014,10000,2024-03-20,36,49,58820.709693890014,770,Employed,0,2024-03,Bad
1708,3443,25000,2024-01-29,36,45,66644.71621622406,505,Self-Employed,0,2024-01,Bad
1709,1208,10000,2024-05-14,12,55,63991.6522446489,691,Employed,1,2024-05,Bad
1710,9359,25000,2024-03-02,12,20,53376.92464088199,317,Employed,1,2024-03,Bad
1711,5583,5000,2024-03-11,36,57,58302.53164603753,723,Employed,0,2024-03,Bad
1712,8254,10000,2024-10-16,36,30,77067.81901390344,641,Employed,0,2024-10,Bad
1713,8355,15000,2024-05-12,24,59,20000.0,843,Employed,1,2024-05,Bad
1714,4648,5000,2024-04-26,24,36,61201.22191320035,808,Self-Employed,0,2024-04,Good
1715,7403,5000,2024-01-08,24,35,61510.12182210621,620,Employed,0,2024-01,Bad
1716,9276,10000,2024-07-18,12,46,83557.21268945759,628,Employed,1,2024-07,Good
1717,239,25000,2024-02-12,24,61,30485.032352508722,365,Contractor,0,2024-02,Good
1718,3787,25000,2024-06-28,36,29,74624.16040119086,552,Employed,0,2024-06,Bad
1719,8630,10000,2024-11-25,24,46,53172.31466598694,660,Self-Employed,1,2024-11,Good
1720,8721,25000,2024-09-13,36,42,110419.83091655932,730,Employed,0,2024-09,Bad
1721,8297,25000,2024-02-07,36,45,50266.58588537049,709,Employed,0,2024-02,Good
1722,7261,25000,2024-09-19,12,55,74184.00872868717,616,Employed,0,2024-09,Bad
1723,9431,10000,2024-12-02,12,28,55737.16608515326,619,Employed,1,2024-12,Bad
1724,6633,10000,2024-07-02,24,33,63999.06981197252,414,Employed,1,2024-07,Good
1725,8343,15000,2024-10-06,24,52,91109.65129691447,714,Employed,0,2024-10,Bad
1726,1794,25000,2024-10-17,24,59,84423.41757328791,564,Employed,1,2024-10,Bad
1727,6957,25000,2024-07-19,12,39,111880.63471208472,566,Self-Employed,0,2024-07,Good
1728,8823,10000,2024-02-11,36,69,78039.87900881268,435,Employed,0,2024-02,Good
1729,8108,15000,2024-10-26,36,51,76379.3917467206,823,Employed,0,2024-10,Bad
1730,207,10000,2024-01-04,12,68,67112.96189538318,464,Employed,0,2024-01,Bad
1731,2823,10000,2024-12-29,24,39,45955.99073293386,572,Employed,0,2024-12,Bad
1732,9026,15000,2024-04-28,12,33,54224.97235417652,645,Employed,0,2024-04,Good
1733,1501,10000,2024-03-17,36,38,52120.727522699555,585,Self-Employed,0,2024-03,Bad
1734,6708,5000,2024-10-06,12,25,40806.1915113225,784,Employed,0,2024-10,Bad
1735,4322,15000,2024-11-22,12,61,57931.01680926579,343,Self-Employed,1,2024-11,Good
1736,8996,25000,2024-05-02,36,22,65514.754430866975,737,Employed,0,2024-05,Bad
1737,6834,25000,2024-12-12,12,24,23216.693309130693,837,Employed,0,2024-12,Bad
1738,6250,15000,2024-12-15,12,59,74868.93472769983,417,Employed,1,2024-12,Bad
1739,3148,25000,2024-06-04,12,55,67072.796329301,401,Employed,1,2024-06,Bad
1740,4612,5000,2024-11-24,24,62,74811.400461763,488,Employed,0,2024-11,Good
1741,1847,25000,2024-04-12,36,44,38879.092152423225,532,Employed,0,2024-04,Good
1742,8135,15000,2024-12-24,24,25,21448.65145570424,564,Employed,1,2024-12,Bad
1743,6419,10000,2024-12-06,36,32,70482.72282830135,420,Employed,0,2024-12,Bad
1744,3720,15000,2024-04-11,36,59,45946.663787147554,829,Self-Employed,0,2024-04,Good
1745,6095,15000,2024-02-14,36,62,83812.08442685546,639,Employed,0,2024-02,Good
1746,2066,5000,2024-12-10,12,58,87452.93310305869,671,Self-Employed,0,2024-12,Bad
1747,4381,25000,2024-03-10,24,49,80276.77262776427,693,Self-Employed,0,2024-03,Bad
1748,4746,15000,2024-02-18,36,33,125039.5915257588,326,Employed,1,2024-02,Good
1749,8186,25000,2024-04-28,24,27,78277.12827439874,815,Employed,1,2024-04,Good
1750,6401,10000,2024-12-05,24,33,57294.60179597925,305,Self-Employed,1,2024-12,Bad
1751,9435,15000,2024-10-22,24,40,85617.54351965243,832,Employed,0,2024-10,Bad
1752,2405,15000,2024-01-18,24,63,91880.53852954789,658,Employed,1,2024-01,Bad
1753,256,25000,2024-02-16,12,33,83223.52986426126,504,Employed,0,2024-02,Good
1754,6478,5000,2024-01-01,12,21,72306.6364038928,595,Employed,0,2024-01,Bad
1755,7536,5000,2024-06-09,36,67,69326.69121426383,710,Self-Employed,0,2024-06,Bad
1756,6141,25000,2024-10-21,36,62,84078.55751774143,327,Employed,0,2024-10,Bad
1757,6159,15000,2024-04-21,12,64,52347.767720202784,331,Employed,1,2024-04,Good
1758,179,10000,2024-01-23,36,19,57370.278862981206,626,Employed,0,2024-01,Bad
1759,7613,5000,2024-08-31,12,39,67662.63503547966,593,Employed,1,2024-08,Good
1760,7940,5000,2024-09-26,24,45,46930.49361388765,516,Employed,0,2024-09,Bad
1761,5523,10000,2024-09-09,24,20,54460.44221399268,373,Employed,0,2024-09,Bad
1762,4184,5000,2024-10-19,12,41,55823.133849545426,775,Employed,0,2024-10,Bad
1763,6238,25000,2024-03-11,36,32,89261.56592266666,836,Employed,0,2024-03,Bad
1764,4941,15000,2024-03-16,36,60,44837.25927436045,821,Employed,0,2024-03,Bad
1765,28,5000,2024-06-13,12,39,44411.62573435376,787,Employed,0,2024-06,Bad
1766,8246,10000,2024-09-19,12,41,52637.550654625564,539,Employed,0,2024-09,Bad
1767,8513,25000,2024-04-18,24,44,74000.41163095563,681,Self-Employed,0,2024-04,Good
1768,3631,25000,2024-06-28,36,26,70945.7385189584,720,Self-Employed,0,2024-06,Bad
1769,6904,25000,2024-05-24,24,67,70791.20179027307,460,Employed,1,2024-05,Bad
1770,6774,25000,2024-07-08,12,43,47749.68500463537,566,Employed,0,2024-07,Good
1771,5922,15000,2024-06-13,36,28,66097.51332808471,745,Employed,0,2024-06,Bad
1772,332,25000,2024-01-14,24,33,74982.94004297827,826,Employed,1,2024-01,Bad
1773,1718,25000,2024-08-31,36,42,108523.53716492477,699,Employed,0,2024-08,Good
1774,317,25000,2024-11-06,36,53,43839.14246352554,402,Employed,1,2024-11,Good
1775,6245,10000,2024-02-26,12,25,39543.652464556784,804,Employed,0,2024-02,Good
1776,3552,10000,2024-01-04,24,31,83525.42378341123,366,Employed,1,2024-01,Bad
1777,6099,10000,2024-08-01,12,26,20000.0,521,Employed,0,2024-08,Good
1778,2918,10000,2024-02-18,24,57,20000.0,787,Employed,0,2024-02,Good
1779,7793,5000,2024-03-21,12,61,25368.849731753566,728,Employed,0,2024-03,Bad
1780,9555,25000,2024-02-04,12,18,71158.69882371248,820,Employed,0,2024-02,Good
1781,8340,5000,2024-06-29,12,22,100902.2336545504,823,Self-Employed,0,2024-06,Bad
1782,7464,5000,2024-06-08,24,20,86250.90987973925,570,Employed,0,2024-06,Bad
1783,9925,5000,2024-12-23,12,31,66865.70024542119,546,Self-Employed,1,2024-12,Bad
1784,7575,15000,2024-08-04,36,46,86868.49053950643,317,Employed,0,2024-08,Good
1785,2629,25000,2024-09-22,12,64,108621.53516558734,702,Employed,0,2024-09,Bad
1786,4574,25000,2024-09-07,36,57,46692.51125657279,766,Contractor,0,2024-09,Bad
1787,8049,5000,2024-04-22,24,69,47013.190391551565,484,Employed,0,2024-04,Good
1788,1210,10000,2024-07-08,36,54,67338.08741096524,541,Employed,0,2024-07,Good
1789,170,15000,2024-01-02,36,60,73779.1366906771,682,Employed,0,2024-01,Bad
1790,9760,5000,2024-03-03,36,34,70629.2733056734,844,Employed,1,2024-03,Bad
1791,4397,5000,2024-04-29,36,26,53431.583800091554,812,Employed,0,2024-04,Good
1792,3436,15000,2024-09-01,36,18,86015.16781958457,707,Employed,1,2024-09,Bad
1793,1878,5000,2024-09-28,24,34,68952.37189667024,626,Self-Employed,0,2024-09,Bad
1794,4053,25000,2024-05-10,24,50,80671.92658822554,643,Employed,0,2024-05,Bad
1795,3036,10000,2024-08-04,24,68,53569.536517020104,313,Employed,0,2024-08,Good
1796,3249,10000,2024-01-18,24,23,58174.83129943539,303,Employed,1,2024-01,Bad
1797,3874,10000,2024-08-18,24,36,96731.3917974655,339,Employed,0,2024-08,Good
1798,8715,10000,2024-10-24,24,65,69175.07304239346,511,Employed,1,2024-10,Bad
1799,3553,5000,2024-08-19,12,53,57796.243439437094,349,Employed,0,2024-08,Good
1800,5606,10000,2024-05-03,36,45,89055.26446452746,526,Self-Employed,0,2024-05,Bad
1801,2707,5000,2024-02-19,24,59,74909.17391168377,554,Contractor,0,2024-02,Good
1802,2533,25000,2024-06-25,12,67,122219.76652200724,670,Employed,0,2024-06,Bad
1803,822,5000,2024-01-03,24,58,49903.52671907614,600,Employed,0,2024-01,Bad
1804,3509,5000,2024-03-12,24,33,74897.85552395113,347,Employed,1,2024-03,Bad
1805,195,5000,2024-05-04,12,44,66032.18638968599,459,Employed,1,2024-05,Bad
1806,466,15000,2024-01-05,24,21,20000.0,586,Employed,1,2024-01,Bad
1807,3026,15000,2024-07-03,36,35,58040.67580980265,352,Employed,0,2024-07,Good
1808,8146,15000,2024-03-24,36,61,64088.81699354906,594,Contractor,1,2024-03,Bad
1809,2538,25000,2024-06-01,12,61,58802.99702303342,499,Employed,0,2024-06,Bad
1810,100,10000,2024-07-16,24,32,87176.99441115718,644,Employed,0,2024-07,Good
1811,8308,5000,2024-08-07,36,61,64653.446637393215,558,Employed,0,2024-08,Good
1812,5715,5000,2024-01-23,12,19,77488.97270623007,468,Employed,0,2024-01,Bad
1813,6276,10000,2024-05-17,36,35,60766.77857212382,477,Employed,0,2024-05,Bad
1814,9464,15000,2024-06-09,12,66,58854.52183222356,490,Employed,0,2024-06,Bad
1815,2691,25000,2024-03-13,12,60,48996.138579134706,463,Self-Employed,0,2024-03,Bad
1816,1435,5000,2024-07-13,36,27,123117.47285808544,726,Employed,0,2024-07,Good
1817,1903,10000,2024-04-06,24,53,82111.2619409107,381,Employed,1,2024-04,Good
1818,3024,15000,2024-03-14,12,46,63221.9927292416,592,Employed,0,2024-03,Bad
1819,7058,25000,2024-01-27,36,40,106471.74236138325,626,Self-Employed,0,2024-01,Bad
1820,6814,10000,2024-06-11,36,21,39659.85394113828,691,Employed,0,2024-06,Bad
1821,6063,10000,2024-03-02,36,42,87944.30376378751,810,Employed,0,2024-03,Bad
1822,2594,5000,2024-09-19,12,66,108258.04537142921,616,Employed,0,2024-09,Bad
1823,6519,25000,2024-07-17,24,43,61021.263211556805,731,Self-Employed,0,2024-07,Good
1824,4940,25000,2024-08-01,36,43,74872.03725006444,806,Self-Employed,0,2024-08,Good
1825,4394,15000,2024-09-22,36,53,20000.0,423,Employed,1,2024-09,Bad
1826,7140,15000,2024-01-27,12,19,78215.87038336397,822,Employed,1,2024-01,Bad
1827,7225,5000,2024-03-08,24,41,61492.09429882101,339,Self-Employed,1,2024-03,Bad
1828,2927,25000,2024-07-13,12,68,105981.41291854379,539,Contractor,0,2024-07,Good
1829,6863,15000,2024-10-30,24,46,86826.6516583025,787,Self-Employed,0,2024-10,Bad
1830,6005,25000,2024-12-28,12,31,44054.42347080546,419,Self-Employed,1,2024-12,Bad
1831,1827,10000,2024-11-18,24,57,101556.36510086822,419,Contractor,1,2024-11,Good
1832,6553,10000,2024-12-10,36,19,23012.43017716491,329,Self-Employed,1,2024-12,Bad
1833,1026,10000,2024-11-22,12,53,20000.0,307,Self-Employed,1,2024-11,Good
1834,786,25000,2024-10-28,24,37,82914.73349399128,624,Employed,0,2024-10,Bad
1835,1801,5000,2024-04-07,36,51,82879.35975320145,740,Employed,0,2024-04,Good
1836,5187,15000,2024-07-20,36,46,70391.71927334047,636,Employed,1,2024-07,Good
1837,7237,5000,2024-09-04,24,44,46020.41134581239,474,Contractor,1,2024-09,Bad
1838,8553,5000,2024-12-13,12,45,33336.5292763757,594,Employed,1,2024-12,Bad
1839,6602,5000,2024-01-11,36,41,52995.760394819146,416,Employed,0,2024-01,Bad
1840,3398,5000,2024-02-01,24,63,93390.5146372869,492,Employed,1,2024-02,Good
1841,1227,15000,2024-11-23,12,69,78355.19655936687,633,Employed,1,2024-11,Good
1842,2641,10000,2024-05-27,36,33,69412.10459157382,487,Contractor,0,2024-05,Bad
1843,5051,10000,2024-05-12,24,65,81422.46765799119,724,Employed,0,2024-05,Bad
1844,3650,10000,2024-09-25,36,58,28932.130349932188,577,Employed,1,2024-09,Bad
1845,5912,25000,2024-07-21,12,31,76035.49399732376,710,Self-Employed,0,2024-07,Good
1846,5638,25000,2024-05-01,12,62,117933.10360927384,631,Employed,0,2024-05,Bad
1847,3204,15000,2024-04-07,36,54,70878.38248415472,388,Employed,1,2024-04,Good
1848,9993,15000,2024-08-23,12,41,80352.6451322421,629,Contractor,0,2024-08,Good
1849,7236,15000,2024-05-10,12,23,77049.1956763223,402,Employed,1,2024-05,Bad
1850,7294,10000,2024-09-08,24,33,56755.043573854,716,Employed,0,2024-09,Bad
1851,9609,15000,2024-09-08,36,18,76376.88939300926,328,Employed,0,2024-09,Bad
1852,7851,10000,2024-12-18,36,58,28567.517810404213,316,Employed,1,2024-12,Bad
1853,8528,10000,2024-02-25,24,22,76486.87647422522,748,Self-Employed,0,2024-02,Good
1854,7856,5000,2024-09-05,12,34,49250.74920360776,543,Employed,0,2024-09,Bad
1855,5939,25000,2024-07-20,36,62,40231.577031467896,500,Employed,0,2024-07,Good
1856,1962,25000,2024-09-05,36,61,43727.89777402753,325,Employed,1,2024-09,Bad
1857,6948,15000,2024-10-28,24,43,68075.4668381689,750,Employed,0,2024-10,Bad
1858,844,5000,2024-06-24,12,26,34629.84660278392,694,Employed,0,2024-06,Bad
1859,9833,15000,2024-04-14,24,51,49510.000497407746,720,Employed,0,2024-04,Good
1860,4141,15000,2024-09-01,36,19,39109.89859886514,375,Employed,1,2024-09,Bad
1861,1125,25000,2024-08-12,12,26,56971.02403235744,768,Self-Employed,0,2024-08,Good
1862,6563,5000,2024-12-18,12,27,30365.987038887644,774,Self-Employed,1,2024-12,Bad
1863,4712,15000,2024-05-30,24,37,93411.38935812113,844,Employed,0,2024-05,Bad
1864,765,15000,2024-11-06,12,33,49810.7802055111,418,Contractor,1,2024-11,Good
1865,9893,15000,2024-02-23,36,43,89948.85805356374,816,Employed,0,2024-02,Good
1866,5576,10000,2024-11-16,36,39,130809.65511693746,308,Employed,0,2024-11,Good
1867,7404,25000,2024-08-06,36,28,80169.87562649086,734,Employed,0,2024-08,Good
1868,4630,10000,2024-11-02,12,58,39504.96665763516,599,Self-Employed,1,2024-11,Good
1869,9285,15000,2024-08-23,12,27,75950.13146296817,453,Employed,0,2024-08,Good
1870,1605,5000,2024-12-12,36,38,59299.85682975705,746,Employed,0,2024-12,Bad
1871,9462,10000,2024-06-12,24,45,72245.7510467678,455,Contractor,1,2024-06,Bad
1872,6507,10000,2024-10-14,36,33,80128.32539397373,625,Employed,1,2024-10,Bad
1873,531,15000,2024-12-24,24,50,45895.33033405384,764,Self-Employed,1,2024-12,Bad
1874,2791,10000,2024-02-26,36,26,73358.17636383759,586,Self-Employed,1,2024-02,Good
1875,1253,5000,2024-01-29,24,23,44945.014799120516,683,Employed,1,2024-01,Bad
1876,3942,5000,2024-03-27,24,54,48775.03698817106,758,Self-Employed,1,2024-03,Bad
1877,5629,25000,2024-03-19,12,47,40946.469295240386,607,Self-Employed,0,2024-03,Bad
1878,8850,25000,2024-12-28,24,52,63702.04103059848,784,Employed,0,2024-12,Bad
1879,5234,5000,2024-11-03,12,60,68085.47833752402,784,Employed,1,2024-11,Good
1880,6387,5000,2024-03-29,36,24,92364.06136534488,560,Employed,1,2024-03,Bad
1881,9361,10000,2024-06-27,24,21,21350.774188125455,691,Employed,1,2024-06,Bad
1882,5793,25000,2024-10-13,24,25,28070.889592190462,581,Self-Employed,0,2024-10,Bad
1883,2487,10000,2024-03-24,36,48,32853.399568007124,365,Employed,1,2024-03,Bad
1884,2844,5000,2024-08-10,36,62,29216.128823639323,679,Employed,0,2024-08,Good
1885,7790,25000,2024-05-23,24,30,68288.79100443739,797,Employed,0,2024-05,Bad
1886,9923,10000,2024-06-12,24,20,77841.88039483265,591,Employed,0,2024-06,Bad
1887,3239,25000,2024-10-21,12,52,93506.26381678012,791,Employed,1,2024-10,Bad
1888,7701,15000,2024-05-18,12,47,62583.65225954648,397,Employed,1,2024-05,Bad
1889,5285,15000,2024-05-27,24,42,102983.4087772661,434,Employed,0,2024-05,Bad
1890,2690,15000,2024-11-07,24,39,65744.90412803562,615,Self-Employed,0,2024-11,Good
1891,3333,15000,2024-08-28,36,41,52334.12915530202,348,Employed,1,2024-08,Good
1892,1199,15000,2024-08-30,36,64,103715.98237560091,837,Employed,1,2024-08,Good
1893,6955,25000,2024-06-18,12,25,64442.28652718922,405,Employed,0,2024-06,Bad
1894,7264,5000,2024-02-16,12,28,82524.30806759914,596,Employed,0,2024-02,Good
1895,9573,10000,2024-01-06,36,63,48305.44014279275,714,Employed,0,2024-01,Bad
1896,7051,5000,2024-12-30,36,64,55018.58385135095,341,Self-Employed,1,2024-12,Bad
1897,5262,5000,2024-02-04,36,43,44370.85250636155,692,Employed,0,2024-02,Good
1898,9383,5000,2024-03-11,36,61,73348.62619997599,612,Self-Employed,0,2024-03,Bad
1899,7871,10000,2024-10-19,36,27,35460.835522439695,786,Employed,1,2024-10,Bad
1900,1343,15000,2024-06-26,36,24,78018.90300896778,309,Contractor,1,2024-06,Bad
1901,1655,25000,2024-05-02,12,52,41226.16542263821,599,Employed,0,2024-05,Bad
1902,4754,25000,2024-09-01,36,28,29832.014186011053,763,Employed,0,2024-09,Bad
1903,7137,5000,2024-01-09,24,35,80954.60101820531,412,Employed,1,2024-01,Bad
1904,5982,25000,2024-11-26,24,57,56791.976432736,763,Self-Employed,0,2024-11,Good
1905,9181,10000,2024-07-31,24,51,43226.918253249736,471,Contractor,1,2024-07,Good
1906,1078,5000,2024-11-11,24,68,116345.46725216489,746,Employed,0,2024-11,Good
1907,122,10000,2024-02-20,12,45,56747.74520746407,387,Employed,1,2024-02,Good
1908,3196,5000,2024-10-28,24,36,93404.78436606356,720,Employed,0,2024-10,Bad
1909,2215,15000,2024-11-22,12,34,132769.8574760133,390,Contractor,0,2024-11,Good
1910,2992,25000,2024-03-04,24,49,42450.18376392007,548,Contractor,0,2024-03,Bad
1911,9026,25000,2024-08-19,36,33,54224.97235417652,645,Employed,0,2024-08,Good
1912,9871,10000,2024-01-21,36,45,65773.70220669576,834,Self-Employed,0,2024-01,Bad
1913,2070,25000,2024-01-05,36,30,94279.19081765367,592,Employed,0,2024-01,Bad
1914,5396,5000,2024-01-06,36,28,74788.77938150235,797,Self-Employed,0,2024-01,Bad
1915,1963,15000,2024-02-12,12,45,126030.54306179786,595,Employed,0,2024-02,Good
1916,4024,25000,2024-10-08,36,50,45859.7210742453,325,Employed,1,2024-10,Bad
1917,8600,15000,2024-12-14,36,36,49379.71988660277,593,Employed,0,2024-12,Bad
1918,6443,10000,2024-02-23,12,47,76490.9329518704,668,Self-Employed,0,2024-02,Good
1919,6421,15000,2024-05-10,24,64,46929.13012054376,414,Employed,0,2024-05,Bad
1920,2370,25000,2024-05-18,12,36,46574.26597118257,354,Employed,1,2024-05,Bad
1921,2320,25000,2024-08-02,24,18,66625.6157797195,357,Self-Employed,1,2024-08,Good
1922,3240,10000,2024-01-25,36,45,35494.20664499074,401,Employed,0,2024-01,Bad
1923,7957,10000,2024-03-05,12,43,74866.10208391666,488,Employed,0,2024-03,Bad
1924,5556,15000,2024-09-16,24,37,56268.45286630096,770,Employed,0,2024-09,Bad
1925,1893,15000,2024-07-16,12,51,37578.12301540034,662,Employed,0,2024-07,Good
1926,6408,10000,2024-04-18,24,47,113724.07778619048,796,Employed,0,2024-04,Good
1927,3839,25000,2024-01-16,36,35,57262.25285181927,520,Employed,0,2024-01,Bad
1928,7510,15000,2024-07-21,36,65,120056.08183432283,774,Contractor,0,2024-07,Good
1929,1490,10000,2024-05-21,36,63,60303.51497478201,557,Contractor,0,2024-05,Bad
1930,4010,15000,2024-12-23,24,23,78271.67905167872,599,Contractor,0,2024-12,Bad
1931,1822,10000,2024-04-22,36,46,30007.962381682846,374,Employed,1,2024-04,Good
1932,1273,25000,2024-03-14,12,65,83114.79446807806,449,Employed,0,2024-03,Bad
1933,8889,15000,2024-02-22,24,39,72504.37623211302,554,Employed,0,2024-02,Good
1934,4837,15000,2024-04-27,12,30,79871.35933493111,716,Employed,1,2024-04,Good
1935,4215,5000,2024-07-04,24,67,33428.381156795556,373,Employed,1,2024-07,Good
1936,1770,5000,2024-03-03,24,34,56388.06978118868,557,Employed,1,2024-03,Bad
1937,2842,25000,2024-05-20,12,35,65313.04660824466,773,Employed,1,2024-05,Bad
1938,7942,10000,2024-10-27,36,35,81056.95641677579,486,Employed,0,2024-10,Bad
1939,2365,5000,2024-08-13,12,51,62058.6267099459,596,Contractor,0,2024-08,Good
1940,5364,5000,2024-08-12,36,65,52004.14635686934,367,Employed,1,2024-08,Good
1941,1118,25000,2024-07-01,12,57,35742.982340080634,822,Employed,1,2024-07,Good
1942,7448,10000,2024-06-09,24,42,63210.357677653024,773,Employed,0,2024-06,Bad
1943,813,25000,2024-03-02,12,38,107775.7202297697,496,Employed,0,2024-03,Bad
1944,38,15000,2024-03-21,12,68,97318.63223795517,765,Employed,0,2024-03,Bad
1945,2461,15000,2024-11-24,24,63,86289.77614732993,702,Employed,0,2024-11,Good
1946,4339,10000,2024-01-16,36,54,72159.66859888476,461,Self-Employed,1,2024-01,Bad
1947,5484,5000,2024-08-16,36,44,81144.94104009279,313,Employed,1,2024-08,Good
1948,3720,25000,2024-04-06,24,59,45946.663787147554,829,Self-Employed,0,2024-04,Good
1949,7232,25000,2024-12-25,36,67,77564.36935928592,796,Employed,1,2024-12,Bad
1950,9047,15000,2024-11-15,36,25,98047.02480399505,323,Employed,1,2024-11,Good
1951,2355,25000,2024-11-21,36,58,58573.68977967338,496,Self-Employed,0,2024-11,Good
1952,4043,5000,2024-05-19,24,62,37036.912894709196,521,Employed,0,2024-05,Bad
1953,9990,10000,2024-05-09,24,23,86633.96772625175,820,Employed,1,2024-05,Bad
1954,175,25000,2024-05-22,12,24,82733.81286138293,405,Employed,0,2024-05,Bad
1955,9905,5000,2024-12-02,12,68,70278.11942111667,842,Self-Employed,0,2024-12,Bad
1956,6741,10000,2024-06-28,12,22,60837.86039296135,559,Self-Employed,0,2024-06,Bad
1957,672,25000,2024-06-11,36,28,80966.92849700752,549,Employed,0,2024-06,Bad
1958,694,25000,2024-12-16,12,36,20000.0,735,Employed,0,2024-12,Bad
1959,8740,10000,2024-05-02,36,34,73356.88665191302,414,Employed,0,2024-05,Bad
1960,5977,25000,2024-02-07,36,53,89871.71734469847,758,Employed,0,2024-02,Good
1961,1123,25000,2024-10-24,36,26,59646.242232220284,638,Self-Employed,0,2024-10,Bad
1962,3298,25000,2024-12-30,12,59,58684.37827993408,661,Contractor,0,2024-12,Bad
1963,3987,15000,2024-08-19,12,25,66113.80413927879,591,Contractor,0,2024-08,Good
1964,2597,10000,2024-12-02,12,61,112965.1583469052,612,Contractor,0,2024-12,Bad
1965,4369,15000,2024-09-08,36,57,44837.00418858597,605,Employed,0,2024-09,Bad
1966,3024,10000,2024-01-07,36,46,63221.9927292416,592,Employed,1,2024-01,Bad
1967,8976,15000,2024-02-25,24,28,54654.74703445257,554,Employed,1,2024-02,Good
1968,9402,25000,2024-06-16,24,66,55097.90084801828,317,Self-Employed,0,2024-06,Bad
1969,9132,5000,2024-11-12,36,65,38663.27414816808,365,Employed,1,2024-11,Good
1970,1529,10000,2024-08-06,24,38,75987.1512002128,489,Employed,1,2024-08,Good
1971,94,5000,2024-03-05,36,41,30654.1293775335,540,Employed,0,2024-03,Bad
1972,9523,10000,2024-07-12,24,38,48110.78678521959,727,Employed,0,2024-07,Good
1973,9954,10000,2024-04-02,36,35,61953.85971722412,401,Contractor,1,2024-04,Good
1974,6661,25000,2024-12-06,24,62,71884.90585358022,690,Employed,0,2024-12,Bad
1975,5050,10000,2024-06-18,36,60,43849.00818430914,315,Contractor,0,2024-06,Bad
1976,2222,25000,2024-08-13,12,18,57555.09609440099,660,Employed,0,2024-08,Good
1977,2743,25000,2024-08-18,24,58,133047.8036976623,532,Employed,0,2024-08,Good
1978,1097,25000,2024-10-07,36,64,70996.44364623242,468,Self-Employed,1,2024-10,Bad
1979,8192,15000,2024-01-06,12,43,76504.94203075103,705,Employed,0,2024-01,Bad
1980,5004,15000,2024-09-20,36,26,37637.640979127595,418,Employed,1,2024-09,Bad
1981,2104,25000,2024-02-22,12,64,51124.582461397265,571,Employed,0,2024-02,Good
1982,2743,5000,2024-01-19,36,58,133047.8036976623,532,Employed,0,2024-01,Bad
1983,4730,5000,2024-09-21,36,54,80893.16316101374,425,Employed,0,2024-09,Bad
1984,4300,10000,2024-06-09,36,26,55288.002330712974,373,Employed,1,2024-06,Bad
1985,3663,5000,2024-09-20,24,21,66519.63431253257,764,Employed,0,2024-09,Bad
1986,8208,10000,2024-10-20,12,64,113564.42947076578,747,Employed,0,2024-10,Bad
1987,126,10000,2024-06-08,12,29,77194.37052710846,553,Employed,1,2024-06,Bad
1988,5998,10000,2024-01-23,12,44,42858.2953998396,660,Self-Employed,0,2024-01,Bad
1989,5675,15000,2024-06-10,24,67,71850.97101623258,673,Employed,0,2024-06,Bad
1990,4175,25000,2024-12-08,24,69,60411.49194958836,419,Employed,0,2024-12,Bad
1991,8981,5000,2024-01-07,12,52,43597.87819997722,508,Employed,0,2024-01,Bad
1992,5499,25000,2024-12-28,24,30,123727.71395062582,668,Employed,0,2024-12,Bad
1993,6408,25000,2024-01-24,24,47,113724.07778619048,796,Employed,0,2024-01,Bad
1994,2353,15000,2024-05-09,12,26,49296.26500610894,704,Employed,1,2024-05,Bad
1995,9704,10000,2024-09-11,36,67,72892.9855574131,304,Employed,1,2024-09,Bad
1996,6884,25000,2024-09-12,36,27,83135.47067894416,541,Employed,1,2024-09,Bad
1997,4221,10000,2024-09-06,12,46,83329.48293556394,687,Employed,0,2024-09,Bad
1998,4838,15000,2024-12-04,24,65,49669.702688100086,647,Self-Employed,0,2024-12,Bad
1999,8273,25000,2024-04-15,24,43,22538.735789993727,616,Employed,0,2024-04,Good
2000,7016,5000,2024-12-21,12,68,71981.00253052499,473,Employed,0,2024-12,Bad
2001,9837,25000,2024-11-07,12,43,58755.684698990415,337,Employed,1,2024-11,Good
2002,175,15000,2024-12-13,12,24,82733.81286138293,405,Employed,1,2024-12,Bad
2003,8868,15000,2024-02-01,12,23,80155.92983740722,387,Employed,1,2024-02,Good
2004,8540,25000,2024-03-17,24,50,71485.49978157898,480,Employed,1,2024-03,Bad
2005,9583,5000,2024-11-21,36,27,110561.58357484477,738,Employed,0,2024-11,Good
2006,1559,10000,2024-04-02,12,52,20000.0,415,Self-Employed,0,2024-04,Good
2007,1439,25000,2024-01-10,24,38,95835.15190881674,842,Employed,0,2024-01,Bad
2008,2926,25000,2024-11-25,12,24,108076.86794115623,641,Employed,0,2024-11,Good
2009,6987,5000,2024-02-03,36,35,73422.5815994154,720,Employed,1,2024-02,Good
2010,4820,5000,2024-12-05,12,31,76167.5902702286,508,Employed,1,2024-12,Bad
2011,5372,15000,2024-04-20,24,36,45789.112077412676,318,Employed,1,2024-04,Good
2012,4704,10000,2024-10-15,12,23,25641.45705670093,798,Employed,0,2024-10,Bad
2013,6713,10000,2024-12-09,36,49,65314.39424000786,819,Employed,0,2024-12,Bad
2014,6378,25000,2024-04-06,24,30,38418.53283671805,732,Self-Employed,1,2024-04,Good
2015,358,10000,2024-11-08,24,25,85945.76338073701,819,Employed,0,2024-11,Good
2016,3398,15000,2024-05-29,36,63,93390.5146372869,492,Employed,1,2024-05,Bad
2017,9281,15000,2024-07-22,12,22,67750.87059832123,542,Employed,1,2024-07,Good
2018,293,5000,2024-08-09,12,69,78742.07965725649,712,Contractor,0,2024-08,Good
2019,5444,5000,2024-02-01,24,21,32145.01175942227,842,Employed,0,2024-02,Good
2020,9183,15000,2024-05-04,36,58,63688.80750877202,561,Employed,0,2024-05,Bad
2021,2577,5000,2024-04-17,24,56,49580.61596200731,789,Employed,0,2024-04,Good
2022,6279,15000,2024-07-29,24,49,98125.11637364097,388,Employed,0,2024-07,Good
2023,820,5000,2024-01-02,36,50,59571.02982157859,818,Self-Employed,1,2024-01,Bad
2024,4226,25000,2024-07-01,36,36,76201.95852532229,620,Self-Employed,0,2024-07,Good
2025,3621,10000,2024-02-28,36,67,112378.71530272425,599,Self-Employed,0,2024-02,Good
2026,7930,15000,2024-10-15,12,45,57422.68200770685,508,Employed,0,2024-10,Bad
2027,6713,5000,2024-04-05,24,49,65314.39424000786,819,Employed,0,2024-04,Good
2028,4689,15000,2024-09-06,24,46,55600.410516203345,630,Contractor,1,2024-09,Bad
2029,1925,25000,2024-04-14,12,24,42241.8914517929,322,Employed,1,2024-04,Good
2030,5752,15000,2024-07-29,36,56,26785.217593517846,530,Self-Employed,0,2024-07,Good
2031,5615,5000,2024-09-26,12,19,27815.63883990058,452,Employed,0,2024-09,Bad
2032,4635,5000,2024-02-28,24,51,111196.67489255258,727,Employed,0,2024-02,Good
2033,4357,15000,2024-09-27,12,46,44040.95299997981,384,Employed,1,2024-09,Bad
2034,3645,15000,2024-01-29,24,29,56902.278669601954,779,Contractor,0,2024-01,Bad
2035,3208,5000,2024-07-21,12,27,51975.7862192226,450,Employed,1,2024-07,Good
2036,2657,25000,2024-04-21,12,39,46598.40866328715,811,Employed,0,2024-04,Good
2037,9877,25000,2024-12-30,24,65,45659.00387654675,418,Employed,1,2024-12,Bad
2038,1251,25000,2024-05-02,24,57,111715.08047907506,693,Contractor,0,2024-05,Bad
2039,228,10000,2024-07-19,12,66,67027.0635725206,711,Employed,0,2024-07,Good
2040,3899,10000,2024-10-29,12,62,46633.22265807851,750,Self-Employed,0,2024-10,Bad
2041,2874,10000,2024-07-03,12,58,68138.71466627871,356,Employed,0,2024-07,Good
2042,9452,15000,2024-02-27,12,64,38237.2966341145,398,Employed,1,2024-02,Good
2043,5140,10000,2024-12-14,24,21,80102.43565888918,379,Employed,0,2024-12,Bad
2044,6568,15000,2024-09-11,36,58,23172.899687356497,394,Employed,0,2024-09,Bad
2045,6557,25000,2024-08-16,24,47,74280.16908675147,461,Employed,1,2024-08,Good
2046,3461,5000,2024-12-06,36,69,129589.34150416419,544,Employed,1,2024-12,Bad
2047,2515,10000,2024-02-22,24,33,99716.61300256205,547,Employed,0,2024-02,Good
2048,4285,5000,2024-12-07,36,35,33649.43368928709,701,Employed,1,2024-12,Bad
2049,5505,10000,2024-11-15,24,68,34262.6210572978,597,Employed,1,2024-11,Good
2050,6063,10000,2024-08-31,36,42,87944.30376378751,810,Employed,0,2024-08,Good
2051,3170,5000,2024-12-03,12,65,35564.58736876778,428,Self-Employed,1,2024-12,Bad
2052,6414,25000,2024-09-14,12,62,34252.92211783648,350,Self-Employed,0,2024-09,Bad
2053,665,25000,2024-02-29,36,31,115896.83837954482,791,Employed,0,2024-02,Good
2054,5338,25000,2024-08-16,12,36,78030.74976611353,788,Employed,0,2024-08,Good
2055,1184,5000,2024-12-05,36,31,58176.66699436218,664,Employed,0,2024-12,Bad
2056,6740,15000,2024-10-30,36,52,98137.5054930314,596,Employed,0,2024-10,Bad
2057,2633,5000,2024-04-27,12,33,35569.33956371974,448,Employed,0,2024-04,Good
2058,3066,15000,2024-01-26,12,57,85139.36757015434,643,Employed,0,2024-01,Bad
2059,1890,25000,2024-12-05,24,27,65838.1175597147,764,Employed,0,2024-12,Bad
2060,960,15000,2024-05-29,36,44,35086.051784582836,441,Employed,0,2024-05,Bad
2061,8350,25000,2024-06-19,24,59,69235.07687280174,821,Self-Employed,0,2024-06,Bad
2062,2008,25000,2024-09-09,36,42,62580.99742032777,760,Employed,0,2024-09,Bad
2063,722,25000,2024-01-20,36,37,89257.90504470703,611,Employed,0,2024-01,Bad
2064,7701,25000,2024-12-14,24,47,62583.65225954648,397,Employed,0,2024-12,Bad
2065,7519,5000,2024-10-30,12,31,83926.40004548542,824,Employed,0,2024-10,Bad
2066,1255,10000,2024-12-16,24,40,92247.62397727076,482,Self-Employed,1,2024-12,Bad
2067,2346,10000,2024-03-01,12,22,63729.980284511665,363,Employed,1,2024-03,Bad
2068,4541,10000,2024-05-30,12,51,72304.22070518315,460,Employed,1,2024-05,Bad
2069,105,5000,2024-08-23,36,26,59473.938411573734,331,Contractor,0,2024-08,Good
2070,1662,25000,2024-11-12,24,57,60562.70290564292,302,Employed,1,2024-11,Good
2071,5419,25000,2024-08-17,24,35,112687.2668138317,799,Employed,0,2024-08,Good
2072,1092,25000,2024-12-01,12,37,20000.0,408,Self-Employed,1,2024-12,Bad
2073,8730,10000,2024-07-09,12,59,44560.460330557726,605,Contractor,1,2024-07,Good
2074,5740,25000,2024-10-01,36,30,76198.26831932367,395,Employed,0,2024-10,Bad
2075,6961,15000,2024-07-21,36,48,84198.44158791343,545,Contractor,0,2024-07,Good
2076,9257,5000,2024-07-22,12,69,20000.0,765,Employed,1,2024-07,Good
2077,1572,25000,2024-08-15,36,34,49521.926293751705,842,Employed,0,2024-08,Good
2078,3016,25000,2024-09-25,12,49,61985.32028816326,452,Contractor,0,2024-09,Bad
2079,7007,25000,2024-06-27,24,42,60479.813872819344,342,Employed,1,2024-06,Bad
2080,3447,15000,2024-11-26,36,22,66412.76621163891,657,Employed,1,2024-11,Good
2081,1430,25000,2024-09-13,24,31,95303.23010583715,332,Employed,1,2024-09,Bad
2082,242,10000,2024-06-17,12,23,63259.1636674973,646,Employed,1,2024-06,Bad
2083,7087,25000,2024-01-03,36,42,74626.37919844585,520,Employed,1,2024-01,Bad
2084,9555,10000,2024-01-08,12,18,71158.69882371248,820,Employed,0,2024-01,Bad
2085,2068,10000,2024-12-01,24,47,82563.33284834638,814,Employed,0,2024-12,Bad
2086,7832,25000,2024-04-16,36,49,86678.92222750466,302,Self-Employed,0,2024-04,Good
2087,7339,15000,2024-02-09,24,69,78955.80267195759,558,Employed,0,2024-02,Good
2088,6888,10000,2024-07-06,24,55,37928.986778291415,701,Employed,0,2024-07,Good
2089,5136,25000,2024-09-20,12,64,76457.94847813604,362,Self-Employed,0,2024-09,Bad
2090,7451,25000,2024-11-25,24,35,77659.66868082236,801,Self-Employed,0,2024-11,Good
2091,301,15000,2024-08-30,24,49,59984.0175293642,766,Employed,0,2024-08,Good
2092,2829,25000,2024-06-13,24,32,73317.9832396297,598,Employed,1,2024-06,Bad
2093,5378,5000,2024-10-09,12,45,64178.137871189145,330,Employed,0,2024-10,Bad
2094,5708,5000,2024-04-04,24,21,55749.438354068894,613,Employed,0,2024-04,Good
2095,2401,5000,2024-05-10,12,43,114172.92406270634,632,Employed,0,2024-05,Bad
2096,3159,25000,2024-09-18,36,69,59941.52732824781,508,Employed,1,2024-09,Bad
2097,7995,10000,2024-07-27,36,69,20000.0,454,Self-Employed,1,2024-07,Good
2098,1021,15000,2024-01-10,12,20,61200.815442099025,542,Contractor,1,2024-01,Bad
2099,1550,25000,2024-01-29,36,64,20000.0,846,Employed,1,2024-01,Bad
2100,7966,10000,2024-05-27,24,33,35740.4100473915,473,Employed,1,2024-05,Bad
2101,6903,25000,2024-11-30,24,47,36590.62083240357,806,Contractor,0,2024-11,Good
2102,878,5000,2024-03-06,12,19,86330.03862628886,609,Employed,0,2024-03,Bad
2103,7010,5000,2024-01-12,24,48,115778.96782683078,359,Employed,0,2024-01,Bad
2104,3081,10000,2024-01-13,36,65,45496.40296530571,471,Employed,0,2024-01,Bad
2105,3535,10000,2024-12-29,36,29,63380.69350505309,557,Employed,0,2024-12,Bad
2106,7792,10000,2024-04-11,12,32,60690.18250476922,710,Employed,0,2024-04,Good
2107,9513,15000,2024-06-21,36,31,72403.33974714013,613,Employed,1,2024-06,Bad
2108,5337,10000,2024-07-31,36,20,94685.67879204999,650,Employed,0,2024-07,Good
2109,3104,5000,2024-06-17,36,21,43980.70275253437,346,Employed,1,2024-06,Bad
2110,2837,5000,2024-07-26,12,38,57512.124061313065,779,Employed,0,2024-07,Good
2111,6314,15000,2024-12-12,12,31,86241.11956766629,401,Employed,1,2024-12,Bad
2112,2118,25000,2024-03-02,24,35,74969.09411062035,381,Self-Employed,0,2024-03,Bad
2113,9327,10000,2024-01-09,36,42,44200.722298036715,386,Employed,1,2024-01,Bad
2114,2718,15000,2024-05-04,36,38,71368.27843450524,836,Employed,0,2024-05,Bad
2115,8127,25000,2024-06-10,12,19,81239.53329115432,658,Contractor,0,2024-06,Bad
2116,6415,25000,2024-01-19,36,69,44906.90847763287,570,Employed,0,2024-01,Bad
2117,7442,10000,2024-12-11,24,30,54664.02994058724,553,Contractor,1,2024-12,Bad
2118,8382,5000,2024-03-27,36,40,69170.40148795693,371,Employed,0,2024-03,Bad
2119,3380,10000,2024-01-18,12,36,107959.0998940969,418,Employed,0,2024-01,Bad
2120,1570,10000,2024-08-24,36,26,89254.37706419648,793,Employed,0,2024-08,Good
2121,3926,5000,2024-06-22,24,23,64257.78024285054,336,Employed,1,2024-06,Bad
2122,1488,5000,2024-04-13,24,39,54329.89512661856,743,Employed,0,2024-04,Good
2123,8760,5000,2024-08-24,12,67,55014.38047534958,441,Employed,0,2024-08,Good
2124,3824,25000,2024-05-05,24,18,81589.94671401907,690,Employed,0,2024-05,Bad
2125,3505,25000,2024-02-18,36,44,105753.24912186025,791,Employed,0,2024-02,Good
2126,2623,10000,2024-04-11,24,61,48316.66546958799,730,Employed,0,2024-04,Good
2127,5520,15000,2024-03-14,24,32,63035.29017714108,389,Employed,1,2024-03,Bad
2128,6736,10000,2024-06-19,12,65,87576.45416842333,475,Self-Employed,0,2024-06,Bad
2129,914,15000,2024-05-17,24,19,62345.14774900617,339,Employed,1,2024-05,Bad
2130,5230,10000,2024-03-25,12,32,111604.98814718374,833,Contractor,0,2024-03,Bad
2131,8240,10000,2024-06-14,36,47,38716.95464401926,634,Employed,0,2024-06,Bad
2132,8936,10000,2024-02-07,24,47,45268.83512784507,612,Self-Employed,0,2024-02,Good
2133,5202,25000,2024-09-05,36,19,104171.36768034464,709,Contractor,0,2024-09,Bad
2134,5398,10000,2024-09-24,36,25,94741.0661371309,559,Employed,0,2024-09,Bad
2135,6696,15000,2024-11-03,24,22,76713.0900704709,361,Employed,0,2024-11,Good
2136,542,25000,2024-04-14,24,36,62723.10349117432,781,Self-Employed,1,2024-04,Good
2137,4863,10000,2024-12-13,12,35,79311.7852944934,336,Contractor,1,2024-12,Bad
2138,9399,5000,2024-01-24,24,66,25391.81055379007,674,Employed,0,2024-01,Bad
2139,8376,25000,2024-10-13,12,48,74455.65713578775,828,Contractor,0,2024-10,Bad
2140,7722,5000,2024-03-22,24,63,56328.400301884736,693,Employed,0,2024-03,Bad
2141,8181,10000,2024-09-11,24,49,76611.686743089,826,Employed,0,2024-09,Bad
2142,6610,15000,2024-01-23,24,29,69511.70354578015,830,Employed,0,2024-01,Bad
2143,4735,5000,2024-11-22,24,31,90384.80821688058,483,Employed,0,2024-11,Good
2144,4690,5000,2024-03-12,24,41,50972.77172547507,310,Employed,1,2024-03,Bad
2145,9449,25000,2024-04-27,12,54,73214.07787968789,599,Self-Employed,0,2024-04,Good
2146,4097,5000,2024-02-07,24,42,80639.61484187501,810,Employed,0,2024-02,Good
2147,7152,10000,2024-06-04,12,52,63031.17784388399,673,Employed,0,2024-06,Bad
2148,4815,25000,2024-12-12,12,69,68097.67041302678,782,Employed,0,2024-12,Bad
2149,3781,5000,2024-05-06,24,64,84910.75916605277,522,Employed,1,2024-05,Bad
2150,8475,15000,2024-10-03,24,40,51951.110863102585,563,Contractor,0,2024-10,Bad
2151,3601,25000,2024-01-27,24,47,112817.20335891988,321,Contractor,1,2024-01,Bad
2152,6975,15000,2024-02-25,12,46,59067.194145119545,806,Employed,0,2024-02,Good
2153,9402,15000,2024-05-04,36,66,55097.90084801828,317,Self-Employed,1,2024-05,Bad
2154,6266,25000,2024-12-27,36,47,73561.27197942254,722,Employed,0,2024-12,Bad
2155,441,5000,2024-01-21,12,40,92104.95610108857,698,Employed,0,2024-01,Bad
2156,3808,5000,2024-01-14,24,37,68676.92068614934,347,Employed,1,2024-01,Bad
2157,474,15000,2024-08-28,24,57,87372.76390067063,674,Employed,0,2024-08,Good
2158,7290,5000,2024-04-16,12,36,74271.29731777492,710,Self-Employed,0,2024-04,Good
2159,1858,25000,2024-03-10,24,49,39301.90587473153,815,Employed,0,2024-03,Bad
2160,2780,15000,2024-07-22,12,19,68551.11197076362,410,Employed,1,2024-07,Good
2161,5037,10000,2024-01-28,24,37,60323.56208815843,798,Employed,1,2024-01,Bad
2162,4343,10000,2024-08-08,24,39,27643.41177334403,843,Employed,0,2024-08,Good
2163,9739,10000,2024-04-11,12,66,110724.36890635882,842,Employed,0,2024-04,Good
2164,8749,5000,2024-03-07,36,67,46299.76283498663,841,Employed,0,2024-03,Bad
2165,5244,10000,2024-05-03,36,59,61820.015400438926,750,Employed,0,2024-05,Bad
2166,7034,10000,2024-10-15,36,36,71489.89116747385,718,Employed,0,2024-10,Bad
2167,4343,15000,2024-08-29,24,39,27643.41177334403,843,Employed,0,2024-08,Good
2168,5055,25000,2024-01-12,36,67,72801.55329316846,842,Contractor,0,2024-01,Bad
2169,3339,15000,2024-07-21,36,68,23693.933066162754,500,Employed,0,2024-07,Good
2170,7758,15000,2024-08-07,36,51,56036.436810934756,485,Employed,0,2024-08,Good
2171,6295,10000,2024-06-27,36,58,71550.41435896189,600,Employed,0,2024-06,Bad
2172,4220,15000,2024-08-13,36,61,90549.07887650009,361,Employed,0,2024-08,Good
2173,8187,10000,2024-08-01,36,63,40183.52461371047,483,Self-Employed,1,2024-08,Good
2174,6416,5000,2024-12-24,12,54,53256.75508776006,763,Employed,0,2024-12,Bad
2175,1895,10000,2024-09-24,36,32,86803.82764210137,667,Employed,1,2024-09,Bad
2176,5460,25000,2024-01-19,24,38,20000.0,645,Employed,0,2024-01,Bad
2177,9945,15000,2024-12-16,12,21,76214.52198129619,771,Employed,0,2024-12,Bad
2178,3802,25000,2024-11-10,24,35,85780.2775799939,332,Contractor,1,2024-11,Good
2179,2656,25000,2024-09-25,36,23,20000.0,601,Contractor,0,2024-09,Bad
2180,3519,15000,2024-10-01,36,37,70846.62752523118,456,Employed,1,2024-10,Bad
2181,5682,15000,2024-06-12,36,54,61199.52735918255,803,Contractor,0,2024-06,Bad
2182,5077,15000,2024-08-01,24,68,81266.69071980215,387,Employed,1,2024-08,Good
2183,9673,25000,2024-08-09,36,23,52307.68074549771,801,Employed,0,2024-08,Good
2184,9746,5000,2024-09-25,36,52,93375.9214275435,579,Self-Employed,1,2024-09,Bad
2185,646,25000,2024-03-24,36,31,65326.0843594238,498,Employed,0,2024-03,Bad
2186,9742,5000,2024-08-18,36,21,44780.14703958922,741,Employed,0,2024-08,Good
2187,1699,10000,2024-02-13,36,61,57802.34807830199,697,Employed,0,2024-02,Good
2188,7938,15000,2024-03-16,36,43,96588.4752699127,537,Employed,1,2024-03,Bad
2189,3571,25000,2024-12-30,12,63,42857.15500500775,384,Contractor,1,2024-12,Bad
2190,3427,5000,2024-12-02,36,23,48970.87676507874,430,Employed,0,2024-12,Bad
2191,4786,5000,2024-06-09,12,51,55435.40393193916,589,Employed,0,2024-06,Bad
2192,4575,5000,2024-08-23,36,19,84533.95299516286,615,Employed,0,2024-08,Good
2193,391,15000,2024-11-03,12,69,35006.86837274466,722,Self-Employed,1,2024-11,Good
2194,1282,5000,2024-12-24,24,26,26687.04307925841,441,Employed,1,2024-12,Bad
2195,507,15000,2024-04-26,24,29,31732.371716726848,470,Self-Employed,1,2024-04,Good
2196,1723,25000,2024-03-30,12,26,63508.64220019521,812,Employed,0,2024-03,Bad
2197,958,5000,2024-12-04,36,43,50218.04976575736,502,Employed,1,2024-12,Bad
2198,5859,5000,2024-09-25,24,56,89298.25858601584,827,Employed,0,2024-09,Bad
2199,9927,15000,2024-09-10,24,28,46760.67666949023,833,Self-Employed,0,2024-09,Bad
2200,6438,15000,2024-05-17,36,49,45062.86256640528,797,Contractor,0,2024-05,Bad
2201,763,25000,2024-04-04,24,27,84012.65298960356,435,Contractor,0,2024-04,Good
2202,5597,15000,2024-06-03,12,50,112516.22604305217,502,Employed,0,2024-06,Bad
2203,5950,25000,2024-07-13,36,68,72114.16976186316,527,Self-Employed,1,2024-07,Good
2204,6263,25000,2024-11-20,12,62,94629.07578598351,673,Employed,0,2024-11,Good
2205,6622,5000,2024-01-05,12,41,96482.09278590421,638,Employed,0,2024-01,Bad
2206,9952,10000,2024-03-11,36,54,76915.33767549536,754,Employed,0,2024-03,Bad
2207,2890,10000,2024-04-13,24,66,59891.106833858794,550,Contractor,1,2024-04,Good
2208,7778,15000,2024-02-25,12,37,80409.85726325898,659,Employed,0,2024-02,Good
2209,1343,15000,2024-11-02,24,24,78018.90300896778,309,Contractor,1,2024-11,Good
2210,5515,10000,2024-11-07,12,67,53243.60709334107,768,Employed,0,2024-11,Good
2211,7216,25000,2024-06-18,36,32,49952.57097668466,798,Employed,0,2024-06,Bad
2212,9829,10000,2024-05-20,36,18,32895.044727220986,482,Employed,0,2024-05,Bad
2213,6619,25000,2024-02-03,36,31,78840.6852339558,525,Employed,0,2024-02,Good
2214,7754,25000,2024-12-21,24,61,99673.99725683202,650,Contractor,0,2024-12,Bad
2215,8742,15000,2024-02-22,12,24,83464.15098005153,379,Employed,1,2024-02,Good
2216,2006,15000,2024-01-03,36,63,110139.36081717038,473,Employed,0,2024-01,Bad
2217,6872,15000,2024-11-25,12,69,58455.48194143233,662,Self-Employed,1,2024-11,Good
2218,2184,10000,2024-09-06,12,62,41521.11075573295,687,Employed,1,2024-09,Bad
2219,8951,10000,2024-04-16,36,65,65584.62812890453,324,Employed,0,2024-04,Good
2220,324,10000,2024-04-08,12,52,85680.90269143558,617,Employed,0,2024-04,Good
2221,7365,25000,2024-10-19,12,30,71262.85509388993,457,Employed,1,2024-10,Bad
2222,8303,15000,2024-06-28,36,38,54196.97392176451,421,Employed,1,2024-06,Bad
2223,1824,5000,2024-05-13,12,20,35923.933742884954,477,Employed,1,2024-05,Bad
2224,3622,10000,2024-05-28,36,38,58420.968198504335,772,Employed,0,2024-05,Bad
2225,1139,5000,2024-10-27,24,26,71236.27364825181,432,Employed,0,2024-10,Bad
2226,1721,5000,2024-05-12,12,63,87815.508063511,847,Employed,0,2024-05,Bad
2227,724,10000,2024-09-15,36,25,70514.58844343403,749,Employed,0,2024-09,Bad
2228,6632,10000,2024-10-02,24,31,30136.789053363085,592,Employed,1,2024-10,Bad
2229,2413,10000,2024-07-22,12,43,68056.07511367665,605,Contractor,0,2024-07,Good
2230,767,15000,2024-03-01,36,55,101194.91046144665,822,Employed,0,2024-03,Bad
2231,9486,5000,2024-06-08,12,18,56527.28635810416,310,Employed,1,2024-06,Bad
2232,4018,25000,2024-05-26,24,69,80583.55751687071,711,Employed,0,2024-05,Bad
2233,4271,5000,2024-05-22,12,36,89885.37976123687,495,Employed,0,2024-05,Bad
2234,7187,25000,2024-11-25,36,33,77406.2141561357,780,Self-Employed,0,2024-11,Good
2235,1959,5000,2024-11-08,12,44,49094.407183701755,404,Employed,0,2024-11,Good
2236,8129,5000,2024-06-02,12,28,91960.65486182366,811,Employed,0,2024-06,Bad
2237,9187,15000,2024-11-21,12,24,40258.517812218284,354,Employed,1,2024-11,Good
2238,6398,25000,2024-04-20,24,25,40490.29371291313,722,Employed,0,2024-04,Good
2239,1852,10000,2024-03-30,24,62,47987.6488058988,446,Employed,0,2024-03,Bad
2240,6911,10000,2024-02-18,12,67,104393.01125934412,582,Self-Employed,0,2024-02,Good
2241,3872,15000,2024-05-10,24,64,55612.27548401251,406,Employed,0,2024-05,Bad
2242,3224,10000,2024-07-29,24,61,20000.0,738,Employed,1,2024-07,Good
2243,9415,5000,2024-08-15,36,61,56325.663672372066,677,Employed,0,2024-08,Good
2244,7982,15000,2024-09-09,24,24,28635.964868881892,416,Employed,1,2024-09,Bad
2245,9669,25000,2024-04-03,24,42,44551.567739337945,460,Employed,0,2024-04,Good
2246,4878,15000,2024-06-13,24,45,51222.09399898428,614,Self-Employed,0,2024-06,Bad
2247,9133,5000,2024-04-18,12,37,56469.21947441447,687,Self-Employed,1,2024-04,Good
2248,6362,15000,2024-02-29,12,28,70683.14767057975,420,Employed,1,2024-02,Good
2249,818,5000,2024-04-07,24,66,80319.76853958225,409,Employed,0,2024-04,Good
2250,3917,15000,2024-07-05,36,32,96404.93598534206,618,Employed,0,2024-07,Good
2251,7488,25000,2024-08-23,24,20,81747.11225539353,740,Employed,0,2024-08,Good
2252,2071,25000,2024-03-21,36,69,28375.631347377777,652,Employed,0,2024-03,Bad
2253,8829,10000,2024-02-11,36,39,49431.7354749063,786,Employed,0,2024-02,Good
2254,4807,5000,2024-05-30,24,53,64546.64391229796,671,Self-Employed,0,2024-05,Bad
2255,6843,10000,2024-03-13,36,45,100847.11170490674,702,Employed,1,2024-03,Bad
2256,3676,15000,2024-01-27,36,51,118707.42159467397,432,Self-Employed,0,2024-01,Bad
2257,7862,15000,2024-03-21,36,24,57969.68844279279,366,Self-Employed,1,2024-03,Bad
2258,2521,15000,2024-08-20,24,67,62253.39692245161,370,Employed,0,2024-08,Good
2259,2526,15000,2024-06-22,36,27,82486.60617239255,498,Self-Employed,0,2024-06,Bad
2260,5018,25000,2024-09-29,24,52,88665.45770826092,335,Employed,1,2024-09,Bad
2261,6700,15000,2024-04-22,12,42,76533.26782588554,767,Contractor,0,2024-04,Good
2262,2636,25000,2024-09-06,24,33,58816.49032437108,835,Employed,0,2024-09,Bad
2263,5773,10000,2024-09-07,12,35,43735.865262414154,375,Employed,1,2024-09,Bad
2264,6838,25000,2024-01-15,12,58,108602.57961164946,642,Self-Employed,1,2024-01,Bad
2265,5160,25000,2024-06-17,24,59,59581.70527108846,306,Employed,1,2024-06,Bad
2266,260,5000,2024-03-13,12,33,78410.34749728358,533,Employed,1,2024-03,Bad
2267,2997,15000,2024-09-26,24,52,50448.46664767469,733,Self-Employed,0,2024-09,Bad
2268,8948,15000,2024-09-20,24,32,32043.092699251458,447,Contractor,1,2024-09,Bad
2269,7809,15000,2024-11-27,36,46,54874.72321373256,438,Self-Employed,1,2024-11,Good
2270,4102,10000,2024-03-07,12,30,85660.55810479415,829,Contractor,0,2024-03,Bad
2271,6455,15000,2024-09-15,24,64,70739.31602685632,373,Self-Employed,0,2024-09,Bad
2272,8258,15000,2024-05-11,24,43,61387.803963889266,794,Self-Employed,0,2024-05,Bad
2273,2779,15000,2024-05-03,12,42,99306.78291519979,561,Employed,1,2024-05,Bad
2274,1170,5000,2024-08-11,12,57,90500.91267255225,518,Employed,0,2024-08,Good
2275,1667,25000,2024-06-22,12,32,74780.23318093485,511,Employed,1,2024-06,Bad
2276,8852,5000,2024-09-26,12,22,32183.485980018042,517,Employed,1,2024-09,Bad
2277,5000,15000,2024-05-20,24,36,58935.42409275516,560,Employed,0,2024-05,Bad
2278,361,25000,2024-05-15,12,51,83771.81948503331,357,Employed,1,2024-05,Bad
2279,8022,5000,2024-08-17,24,40,77719.08327623262,473,Employed,0,2024-08,Good
2280,5715,15000,2024-04-11,12,19,77488.97270623007,468,Employed,0,2024-04,Good
2281,6044,15000,2024-10-28,36,42,37832.22971538182,323,Contractor,1,2024-10,Bad
2282,7106,5000,2024-10-13,12,45,87231.5856189744,317,Employed,0,2024-10,Bad
2283,7753,25000,2024-03-31,12,24,65598.65956123153,300,Employed,0,2024-03,Bad
2284,7523,25000,2024-07-27,24,34,20000.0,473,Employed,1,2024-07,Good
2285,3798,5000,2024-02-04,24,28,24882.374755054698,374,Employed,0,2024-02,Good
2286,3761,15000,2024-03-02,36,44,93584.0382551457,376,Employed,1,2024-03,Bad
2287,8369,25000,2024-05-31,36,22,51747.760349878256,428,Employed,0,2024-05,Bad
2288,4041,5000,2024-03-05,12,21,37806.2831161583,574,Employed,1,2024-03,Bad
2289,6171,5000,2024-08-08,24,40,74678.70790152266,677,Employed,0,2024-08,Good
2290,8129,5000,2024-12-11,12,28,91960.65486182366,811,Employed,0,2024-12,Bad
2291,9505,25000,2024-10-26,24,23,43790.83658942273,388,Self-Employed,0,2024-10,Bad
2292,6984,10000,2024-12-20,24,20,36773.38945419245,515,Contractor,0,2024-12,Bad
2293,4000,10000,2024-02-20,24,38,55718.56573324015,330,Employed,1,2024-02,Good
2294,8723,10000,2024-04-17,24,24,87719.08695310897,586,Employed,0,2024-04,Good
2295,1262,10000,2024-12-09,36,30,82083.1127879023,761,Employed,0,2024-12,Bad
2296,5257,10000,2024-06-22,24,65,90448.92631073398,426,Contractor,0,2024-06,Bad
2297,5283,15000,2024-10-15,36,43,20000.0,326,Self-Employed,0,2024-10,Bad
2298,2887,5000,2024-07-10,36,25,82345.58634647756,822,Contractor,0,2024-07,Good
2299,4943,10000,2024-12-22,12,44,60596.64505723054,617,Employed,1,2024-12,Bad
2300,7044,25000,2024-06-15,12,30,66847.17340311385,321,Employed,1,2024-06,Bad
2301,5148,5000,2024-08-31,36,42,62921.66185696265,417,Employed,0,2024-08,Good
2302,8448,25000,2024-09-11,36,33,75876.20929101111,482,Employed,0,2024-09,Bad
2303,7971,25000,2024-02-27,36,27,45445.51365118415,339,Employed,0,2024-02,Good
2304,5872,25000,2024-01-26,24,67,36872.59182442428,460,Employed,1,2024-01,Bad
2305,1779,15000,2024-04-26,24,26,85828.94416573587,823,Contractor,0,2024-04,Good
2306,4761,25000,2024-08-29,36,69,71612.04212378435,572,Employed,0,2024-08,Good
2307,4361,5000,2024-08-17,36,43,64662.41888517558,583,Self-Employed,0,2024-08,Good
2308,1981,5000,2024-11-26,36,41,113333.99369285893,341,Employed,1,2024-11,Good
2309,1588,15000,2024-09-09,12,55,48414.0960695128,746,Employed,1,2024-09,Bad
2310,8593,15000,2024-04-02,12,30,27368.020595963986,496,Self-Employed,0,2024-04,Good
2311,6604,5000,2024-08-08,24,19,64415.15099390134,337,Employed,1,2024-08,Good
2312,3638,5000,2024-07-13,24,49,93221.18718873474,719,Employed,0,2024-07,Good
2313,7301,25000,2024-07-19,12,51,62386.21528578684,488,Employed,0,2024-07,Good
2314,7165,25000,2024-08-14,24,40,81376.95044076315,425,Employed,0,2024-08,Good
2315,9407,15000,2024-02-26,24,51,60147.996691672626,626,Self-Employed,0,2024-02,Good
2316,1148,10000,2024-03-10,36,25,50322.11823449631,711,Employed,1,2024-03,Bad
2317,5551,25000,2024-09-04,36,29,72888.07352300633,791,Self-Employed,0,2024-09,Bad
2318,7386,25000,2024-03-13,12,48,80738.95915164589,572,Self-Employed,1,2024-03,Bad
2319,2451,10000,2024-09-11,36,21,124232.18252028743,750,Employed,0,2024-09,Bad
2320,7139,25000,2024-09-20,24,35,50091.88277270198,580,Employed,0,2024-09,Bad
2321,3394,10000,2024-03-31,36,26,74451.15651069708,313,Employed,1,2024-03,Bad
2322,6358,10000,2024-05-05,24,19,68221.24053389786,460,Employed,1,2024-05,Bad
2323,9066,5000,2024-10-16,12,27,82379.1504404564,785,Employed,0,2024-10,Bad
2324,5665,10000,2024-08-27,36,46,73857.73453797151,350,Employed,1,2024-08,Good
2325,8566,10000,2024-11-20,12,23,42179.887834970126,788,Employed,0,2024-11,Good
2326,1195,15000,2024-01-10,36,25,33041.184279941896,811,Employed,0,2024-01,Bad
2327,6488,15000,2024-07-30,36,21,96343.36965549336,730,Employed,0,2024-07,Good
2328,3528,15000,2024-01-22,36,32,63977.06162012328,523,Employed,1,2024-01,Bad
2329,3482,25000,2024-06-05,12,65,54102.46327273917,679,Employed,1,2024-06,Bad
2330,5616,15000,2024-06-07,36,53,67180.12480093168,849,Employed,0,2024-06,Bad
2331,7459,5000,2024-09-18,24,28,55414.55145077671,390,Contractor,0,2024-09,Bad
2332,8017,5000,2024-04-19,36,53,33783.414380934315,465,Employed,1,2024-04,Good
2333,2058,5000,2024-09-19,36,27,32472.268340216368,364,Contractor,0,2024-09,Bad
2334,2418,25000,2024-12-18,24,45,93037.4802962482,508,Self-Employed,1,2024-12,Bad
2335,126,10000,2024-01-13,12,29,77194.37052710846,553,Employed,0,2024-01,Bad
2336,2833,10000,2024-03-03,12,56,97478.74551369168,495,Self-Employed,0,2024-03,Bad
2337,4479,5000,2024-01-24,24,32,100598.84613852917,313,Self-Employed,0,2024-01,Bad
2338,6471,10000,2024-12-15,36,35,103857.06104027564,741,Contractor,1,2024-12,Bad
2339,8642,10000,2024-12-18,24,34,55680.60513838117,313,Employed,1,2024-12,Bad
2340,4619,10000,2024-12-05,24,18,58305.86203187888,760,Employed,0,2024-12,Bad
2341,1010,25000,2024-01-19,36,56,82887.32741923713,453,Employed,1,2024-01,Bad
2342,3779,10000,2024-12-04,24,54,122648.6646491935,571,Contractor,0,2024-12,Bad
2343,942,10000,2024-08-17,12,22,94922.77371903381,375,Employed,1,2024-08,Good
2344,3604,25000,2024-03-28,12,21,83929.42052755057,707,Employed,0,2024-03,Bad
2345,3981,15000,2024-03-09,12,39,54354.55004083622,553,Employed,0,2024-03,Bad
2346,4369,5000,2024-05-29,24,57,44837.00418858597,605,Employed,0,2024-05,Bad
2347,8694,25000,2024-11-11,36,63,61382.85598144142,538,Employed,0,2024-11,Good
2348,1251,25000,2024-10-04,12,57,111715.08047907506,693,Contractor,0,2024-10,Bad
2349,7010,5000,2024-04-01,36,48,115778.96782683078,359,Employed,0,2024-04,Good
2350,2320,10000,2024-05-24,36,18,66625.6157797195,357,Self-Employed,0,2024-05,Bad
2351,5911,10000,2024-12-16,12,62,66367.37163436566,721,Employed,0,2024-12,Bad
2352,6539,25000,2024-06-23,24,36,69605.43073825234,683,Self-Employed,0,2024-06,Bad
2353,3196,15000,2024-05-24,12,36,93404.78436606356,720,Employed,0,2024-05,Bad
2354,2958,5000,2024-07-09,24,42,55956.904097665334,560,Employed,0,2024-07,Good
2355,6339,15000,2024-05-14,36,63,41923.190092110555,721,Self-Employed,0,2024-05,Bad
2356,7912,25000,2024-01-29,12,35,56443.8717463302,332,Contractor,1,2024-01,Bad
2357,9389,15000,2024-08-24,12,47,60464.84913207025,529,Employed,0,2024-08,Good
2358,3275,25000,2024-07-18,24,59,69552.45614539654,409,Employed,1,2024-07,Good
2359,9249,5000,2024-09-16,24,48,82342.44887532863,577,Self-Employed,0,2024-09,Bad
2360,3049,15000,2024-12-25,36,47,80206.67915860473,615,Employed,0,2024-12,Bad
2361,1907,15000,2024-04-27,12,34,37527.09363179516,444,Self-Employed,1,2024-04,Good
2362,2940,5000,2024-09-28,12,65,86333.72443350367,818,Employed,0,2024-09,Bad
2363,8733,5000,2024-03-20,12,56,127132.84811334216,660,Employed,0,2024-03,Bad
2364,8710,25000,2024-12-07,24,60,102907.21126390036,367,Employed,1,2024-12,Bad
2365,8616,25000,2024-03-15,24,24,97156.30216137147,834,Employed,0,2024-03,Bad
2366,9050,25000,2024-07-05,12,55,20233.725176082175,711,Employed,1,2024-07,Good
2367,4178,25000,2024-02-10,24,67,93791.63957618689,685,Contractor,0,2024-02,Good
2368,6459,25000,2024-09-02,36,68,63041.728776746066,615,Self-Employed,0,2024-09,Bad
2369,1753,5000,2024-11-11,12,58,45990.90896959674,409,Employed,1,2024-11,Good
2370,7448,15000,2024-02-27,12,42,63210.357677653024,773,Employed,0,2024-02,Good
2371,1667,10000,2024-08-17,36,32,74780.23318093485,511,Employed,0,2024-08,Good
2372,1864,10000,2024-04-21,12,53,41945.27736420931,719,Employed,0,2024-04,Good
2373,4462,25000,2024-07-22,12,48,76124.2078844044,647,Employed,0,2024-07,Good
2374,5213,10000,2024-02-09,12,49,62158.578937524,345,Employed,1,2024-02,Good
2375,2119,15000,2024-02-27,12,29,84629.62705775941,470,Employed,0,2024-02,Good
2376,5627,15000,2024-07-07,24,57,77300.101352574,805,Employed,0,2024-07,Good
2377,9542,25000,2024-06-21,36,36,56380.83550315859,627,Employed,0,2024-06,Bad
2378,7359,10000,2024-03-17,12,26,37834.09527786796,630,Self-Employed,0,2024-03,Bad
2379,9263,5000,2024-02-17,24,56,32020.123680805016,384,Employed,1,2024-02,Good
2380,1754,5000,2024-03-30,12,66,55159.71044917475,846,Self-Employed,0,2024-03,Bad
2381,7140,25000,2024-01-11,24,19,78215.87038336397,822,Employed,0,2024-01,Bad
2382,9613,15000,2024-02-25,24,23,85980.62861671975,356,Employed,0,2024-02,Good
2383,6361,10000,2024-10-05,36,35,56158.68612796122,331,Self-Employed,0,2024-10,Bad
2384,4266,15000,2024-02-02,24,42,53000.79634628184,772,Employed,1,2024-02,Good
2385,1389,25000,2024-06-28,12,20,55941.31106134744,359,Employed,1,2024-06,Bad
2386,8812,15000,2024-04-25,36,44,51266.247719966734,737,Employed,0,2024-04,Good
2387,9449,10000,2024-01-28,36,54,73214.07787968789,599,Self-Employed,0,2024-01,Bad
2388,3719,15000,2024-04-24,12,66,55395.45835732561,366,Self-Employed,1,2024-04,Good
2389,6915,25000,2024-08-07,12,49,20000.0,819,Employed,0,2024-08,Good
2390,5522,5000,2024-08-13,36,52,65358.410554394,668,Employed,1,2024-08,Good
2391,1011,5000,2024-08-30,24,39,30023.039295388116,642,Employed,0,2024-08,Good
2392,426,10000,2024-06-27,36,67,43708.445641640166,379,Self-Employed,1,2024-06,Bad
2393,6919,25000,2024-11-03,36,46,64988.032048287365,542,Employed,0,2024-11,Good
2394,7009,25000,2024-07-18,12,33,56002.22266083321,397,Self-Employed,0,2024-07,Good
2395,8409,15000,2024-09-21,12,18,107688.72223304401,365,Employed,0,2024-09,Bad
2396,6314,5000,2024-09-30,12,31,86241.11956766629,401,Employed,0,2024-09,Bad
2397,8802,10000,2024-07-12,36,52,86631.77893236365,580,Employed,0,2024-07,Good
2398,186,10000,2024-03-22,36,61,105189.45765998776,317,Employed,1,2024-03,Bad
2399,8917,10000,2024-06-16,12,40,102081.47212141477,808,Self-Employed,0,2024-06,Bad
2400,9016,15000,2024-03-06,36,43,32890.70061227003,793,Employed,0,2024-03,Bad
2401,9960,25000,2024-01-22,12,60,70614.98691770648,447,Employed,1,2024-01,Bad
2402,1185,10000,2024-12-01,36,57,44107.7748744991,704,Employed,1,2024-12,Bad
2403,8376,15000,2024-04-10,24,48,74455.65713578775,828,Contractor,0,2024-04,Good
2404,3609,10000,2024-12-17,12,63,96666.5313299603,504,Self-Employed,1,2024-12,Bad
2405,3767,15000,2024-11-25,24,40,71172.6515854153,476,Self-Employed,0,2024-11,Good
2406,9812,5000,2024-12-26,12,34,89152.32138390801,829,Employed,0,2024-12,Bad
2407,4327,15000,2024-06-24,12,53,71181.7863027189,827,Employed,0,2024-06,Bad
2408,7636,25000,2024-09-28,36,53,117673.50455657963,446,Employed,1,2024-09,Bad
2409,2436,5000,2024-02-18,12,67,96085.70695257312,736,Contractor,0,2024-02,Good
2410,735,5000,2024-12-19,24,23,60790.376938178684,479,Employed,1,2024-12,Bad
2411,158,10000,2024-04-10,24,49,74579.20474397251,562,Self-Employed,1,2024-04,Good
2412,9534,5000,2024-03-03,36,51,43850.924184268704,339,Employed,1,2024-03,Bad
2413,5305,15000,2024-11-07,12,32,33072.88594172202,587,Contractor,0,2024-11,Good
2414,3493,25000,2024-12-19,12,64,60392.7749541822,758,Employed,0,2024-12,Bad
2415,3255,5000,2024-12-29,36,37,42287.43721219522,589,Employed,0,2024-12,Bad
2416,7765,25000,2024-11-28,12,24,94937.21350095436,671,Self-Employed,0,2024-11,Good
2417,1076,15000,2024-02-06,12,47,80064.50669945852,307,Employed,1,2024-02,Good
2418,5123,15000,2024-07-25,24,55,94929.46328654782,464,Self-Employed,0,2024-07,Good
2419,8191,25000,2024-08-09,24,59,82460.6283596093,804,Contractor,0,2024-08,Good
2420,7842,15000,2024-08-10,24,34,63707.180235993226,636,Self-Employed,1,2024-08,Good
2421,6752,25000,2024-12-14,24,36,74208.80009602428,682,Employed,1,2024-12,Bad
2422,5136,10000,2024-12-19,12,64,76457.94847813604,362,Self-Employed,0,2024-12,Bad
2423,6374,15000,2024-02-01,12,64,80512.52247747907,320,Employed,0,2024-02,Good
2424,5000,10000,2024-12-29,24,36,58935.42409275516,560,Employed,0,2024-12,Bad
2425,2965,5000,2024-05-30,12,57,42711.412753637385,705,Employed,0,2024-05,Bad
2426,9081,5000,2024-03-14,36,45,75436.47578407914,400,Employed,0,2024-03,Bad
2427,8023,10000,2024-03-12,36,32,24293.64880712064,630,Employed,0,2024-03,Bad
2428,5126,5000,2024-10-03,12,46,45458.198191327814,847,Employed,0,2024-10,Bad
2429,1134,5000,2024-07-21,12,22,43467.2605075723,765,Employed,0,2024-07,Good
2430,4239,5000,2024-04-12,24,23,20000.0,315,Employed,1,2024-04,Good
2431,6027,5000,2024-06-23,24,29,51424.451340355256,792,Employed,0,2024-06,Bad
2432,5787,15000,2024-07-29,36,30,66644.61723686874,587,Employed,0,2024-07,Good
2433,6573,5000,2024-09-09,12,62,126031.39613163349,602,Employed,0,2024-09,Bad
2434,8358,15000,2024-12-19,12,50,71398.60942695866,431,Employed,0,2024-12,Bad
2435,6094,25000,2024-11-13,24,54,71207.6368933996,715,Employed,0,2024-11,Good
2436,8313,5000,2024-10-20,12,38,39913.36435501774,413,Contractor,0,2024-10,Bad
2437,2998,25000,2024-12-19,24,49,74976.10351616316,745,Employed,0,2024-12,Bad
2438,6312,10000,2024-06-02,24,29,49599.31140705111,572,Employed,0,2024-06,Bad
2439,3156,10000,2024-10-22,12,66,29911.034260908433,354,Employed,1,2024-10,Bad
2440,421,15000,2024-05-23,24,56,86447.47063228357,557,Employed,1,2024-05,Bad
2441,9922,10000,2024-01-19,36,29,66029.48792372337,670,Employed,0,2024-01,Bad
2442,2836,15000,2024-01-29,24,30,94460.482939093,606,Self-Employed,0,2024-01,Bad
2443,4364,25000,2024-12-30,36,37,45913.36741727221,703,Employed,1,2024-12,Bad
2444,2086,25000,2024-07-07,12,57,63062.6425026753,371,Employed,1,2024-07,Good
2445,7070,5000,2024-06-12,12,51,20000.0,341,Employed,1,2024-06,Bad
2446,7471,25000,2024-12-06,12,38,20000.0,513,Employed,1,2024-12,Bad
2447,2386,10000,2024-09-22,12,18,66960.98115209176,552,Employed,1,2024-09,Bad
2448,9970,15000,2024-06-23,12,62,22496.978279293457,450,Employed,1,2024-06,Bad
2449,2378,15000,2024-06-20,24,62,126309.24782171809,359,Self-Employed,0,2024-06,Bad
2450,2858,5000,2024-04-25,12,35,80379.0996069645,343,Employed,1,2024-04,Good
2451,1456,5000,2024-12-29,12,29,53879.829045737744,724,Employed,0,2024-12,Bad
2452,9181,10000,2024-09-07,12,51,43226.918253249736,471,Contractor,0,2024-09,Bad
2453,1891,15000,2024-01-07,36,58,20000.0,832,Contractor,1,2024-01,Bad
2454,8842,5000,2024-07-15,24,62,122801.10140898827,544,Employed,0,2024-07,Good
2455,2429,25000,2024-10-01,12,53,53743.66530554321,773,Employed,0,2024-10,Bad
2456,6210,10000,2024-02-02,12,67,73245.57652171275,302,Employed,0,2024-02,Good
2457,2318,25000,2024-05-31,24,64,28020.09954105583,399,Employed,1,2024-05,Bad
2458,8239,15000,2024-01-23,36,54,72869.06403637909,735,Employed,0,2024-01,Bad
2459,8049,5000,2024-09-11,12,69,47013.190391551565,484,Employed,0,2024-09,Bad
2460,7348,10000,2024-03-26,36,30,46923.17237719639,602,Employed,0,2024-03,Bad
2461,2116,10000,2024-12-21,24,31,51815.2734590095,539,Self-Employed,0,2024-12,Bad
2462,7283,5000,2024-06-29,12,66,103958.74900354944,491,Employed,0,2024-06,Bad
2463,7194,5000,2024-05-28,24,61,76371.89501659609,330,Employed,0,2024-05,Bad
2464,73,15000,2024-12-03,12,21,73171.38501526094,472,Employed,0,2024-12,Bad
2465,3458,25000,2024-04-11,12,45,60718.59237937664,830,Employed,1,2024-04,Good
2466,2023,25000,2024-03-31,12,28,55819.90164470629,843,Employed,0,2024-03,Bad
2467,4086,25000,2024-02-06,12,67,72414.3169173577,522,Employed,0,2024-02,Good
2468,7589,15000,2024-02-18,24,38,101962.84696433856,368,Employed,0,2024-02,Good
2469,9219,5000,2024-02-08,12,68,20000.0,439,Self-Employed,0,2024-02,Good
2470,1544,10000,2024-01-30,36,53,77742.2307806164,533,Employed,0,2024-01,Bad
2471,4497,25000,2024-02-12,12,46,55005.73721392357,818,Employed,0,2024-02,Good
2472,5784,5000,2024-07-24,24,54,64808.14840788741,549,Employed,0,2024-07,Good
2473,4750,25000,2024-08-13,36,49,62567.22123246022,620,Self-Employed,1,2024-08,Good
2474,5046,15000,2024-02-01,12,64,59135.52425952031,303,Employed,1,2024-02,Good
2475,848,15000,2024-05-05,24,62,63687.37328653369,679,Employed,0,2024-05,Bad
2476,9688,5000,2024-04-04,24,47,20000.0,560,Employed,1,2024-04,Good
2477,935,15000,2024-01-02,12,44,44631.0999294113,834,Employed,0,2024-01,Bad
2478,1396,10000,2024-10-29,36,50,60411.795696071174,772,Self-Employed,0,2024-10,Bad
2479,6575,15000,2024-04-08,24,37,112932.19921514386,517,Employed,0,2024-04,Good
2480,539,10000,2024-01-23,24,69,65847.56809205844,786,Employed,0,2024-01,Bad
2481,8263,25000,2024-12-06,36,61,50008.7622137267,834,Employed,1,2024-12,Bad
2482,8448,15000,2024-08-05,12,33,75876.20929101111,482,Employed,0,2024-08,Good
2483,902,10000,2024-08-09,12,22,117455.53686366868,673,Employed,0,2024-08,Good
2484,8862,25000,2024-10-23,12,48,33939.50815418971,670,Self-Employed,1,2024-10,Bad
2485,1884,25000,2024-10-24,12,52,75340.40643929201,610,Employed,1,2024-10,Bad
2486,8332,25000,2024-03-12,36,29,27396.286726300525,844,Employed,0,2024-03,Bad
2487,2703,25000,2024-06-15,24,62,81563.40083496533,770,Employed,0,2024-06,Bad
2488,9639,5000,2024-08-12,12,41,77602.34579859854,524,Self-Employed,1,2024-08,Good
2489,4160,10000,2024-05-17,24,47,72391.63878704999,849,Employed,0,2024-05,Bad
2490,9487,5000,2024-07-28,24,66,101258.50646897656,381,Employed,0,2024-07,Good
2491,9060,25000,2024-04-21,36,46,42528.15472806676,690,Employed,0,2024-04,Good
2492,1417,15000,2024-08-15,24,51,56330.710580832194,846,Employed,0,2024-08,Good
2493,4964,10000,2024-08-20,12,27,59034.86170713432,339,Employed,0,2024-08,Good
2494,4874,10000,2024-02-19,24,34,91167.8178443941,800,Employed,0,2024-02,Good
2495,5122,25000,2024-11-26,12,55,67760.45117365298,444,Employed,0,2024-11,Good
2496,2583,15000,2024-08-23,12,50,117782.40835248961,354,Employed,1,2024-08,Good
2497,359,15000,2024-09-13,12,44,62450.1320841017,406,Employed,0,2024-09,Bad
2498,1501,10000,2024-07-18,24,38,52120.727522699555,585,Self-Employed,1,2024-07,Good
2499,8120,5000,2024-07-15,36,51,78185.96629649992,649,Employed,1,2024-07,Good
2500,1939,15000,2024-01-01,24,51,114800.91589898273,820,Employed,0,2024-01,Bad
2501,815,10000,2024-10-09,36,42,55002.50024726709,362,Employed,1,2024-10,Bad
2502,8788,15000,2024-12-30,36,44,103390.77447027579,386,Employed,1,2024-12,Bad
2503,5067,25000,2024-07-07,36,53,60048.159246266,733,Employed,0,2024-07,Good
2504,8419,15000,2024-05-04,24,59,68927.46626609575,468,Employed,0,2024-05,Bad
2505,3836,5000,2024-06-24,36,45,68661.89029133295,583,Employed,0,2024-06,Bad
2506,4913,5000,2024-10-05,36,34,50229.54129771427,550,Employed,1,2024-10,Bad
2507,6087,5000,2024-12-30,36,42,80255.8751423499,359,Self-Employed,1,2024-12,Bad
2508,6295,10000,2024-05-18,12,58,71550.41435896189,600,Employed,0,2024-05,Bad
2509,2065,15000,2024-12-21,36,50,20000.0,647,Employed,1,2024-12,Bad
2510,2352,5000,2024-04-11,12,23,83169.8511600451,698,Employed,0,2024-04,Good
2511,9730,25000,2024-10-13,36,53,68135.2169868961,817,Contractor,0,2024-10,Bad
2512,7365,25000,2024-11-06,24,30,71262.85509388993,457,Employed,0,2024-11,Good
2513,1365,25000,2024-11-13,12,62,78435.30007050952,582,Employed,0,2024-11,Good
2514,1085,10000,2024-05-26,36,62,86278.10245950596,784,Employed,0,2024-05,Bad
2515,267,5000,2024-12-17,24,20,83665.28411505393,602,Employed,0,2024-12,Bad
2516,8152,5000,2024-10-22,12,40,95905.1244564899,715,Employed,0,2024-10,Bad
2517,9463,15000,2024-12-23,24,22,34601.554550602465,622,Employed,1,2024-12,Bad
2518,8227,10000,2024-09-29,36,19,51329.038620130435,705,Employed,0,2024-09,Bad
2519,4882,25000,2024-12-20,36,67,73131.48745573955,320,Employed,1,2024-12,Bad
2520,68,15000,2024-01-12,36,57,75862.56615228264,356,Contractor,0,2024-01,Bad
2521,189,25000,2024-05-22,36,28,35526.91271754187,328,Self-Employed,1,2024-05,Bad
2522,4137,25000,2024-06-15,12,51,60137.7128783806,715,Employed,0,2024-06,Bad
2523,683,5000,2024-09-25,12,30,65787.2890565499,711,Self-Employed,0,2024-09,Bad
2524,3139,15000,2024-04-03,12,36,20000.0,784,Contractor,1,2024-04,Good
2525,9524,10000,2024-04-15,36,58,82687.18018013405,478,Employed,0,2024-04,Good
2526,3191,25000,2024-10-01,36,62,49540.87449889675,735,Employed,0,2024-10,Bad
2527,853,5000,2024-07-19,24,57,50647.935572818256,726,Employed,0,2024-07,Good
2528,7354,5000,2024-11-08,24,58,51206.55370419268,821,Employed,0,2024-11,Good
2529,7238,25000,2024-04-01,12,26,44467.84039817852,760,Employed,0,2024-04,Good
2530,8949,5000,2024-08-23,36,49,77472.86002411036,739,Self-Employed,0,2024-08,Good
2531,1695,5000,2024-02-29,36,66,49787.65240671996,361,Self-Employed,0,2024-02,Good
2532,9500,25000,2024-08-22,24,25,58299.18531680974,738,Employed,0,2024-08,Good
2533,2596,10000,2024-07-02,12,22,69885.08053208301,846,Self-Employed,0,2024-07,Good
2534,5468,25000,2024-12-25,36,23,59615.292778498086,796,Self-Employed,1,2024-12,Bad
2535,1219,15000,2024-08-20,24,50,50303.592377299996,687,Contractor,1,2024-08,Good
2536,5900,25000,2024-05-06,12,18,24223.309370125527,513,Employed,1,2024-05,Bad
2537,8676,25000,2024-04-10,12,49,47408.59056712293,790,Employed,0,2024-04,Good
2538,4684,10000,2024-05-14,12,41,67584.54990530238,757,Employed,0,2024-05,Bad
2539,7448,25000,2024-08-20,24,42,63210.357677653024,773,Employed,0,2024-08,Good
2540,8001,25000,2024-03-08,36,61,39332.237705368345,565,Employed,0,2024-03,Bad
2541,7760,5000,2024-03-27,24,62,59974.03070333412,642,Employed,0,2024-03,Bad
2542,9314,25000,2024-08-23,36,33,59366.29665717481,745,Employed,0,2024-08,Good
2543,282,10000,2024-04-17,36,42,65400.63205737901,458,Employed,0,2024-04,Good
2544,8822,5000,2024-05-16,36,30,46227.49085110454,332,Contractor,1,2024-05,Bad
2545,2467,25000,2024-09-21,12,25,42488.788465549325,708,Self-Employed,0,2024-09,Bad
2546,4176,5000,2024-11-28,36,37,62126.22671270394,572,Employed,1,2024-11,Good
2547,4922,15000,2024-03-03,12,37,39610.46550873637,760,Self-Employed,0,2024-03,Bad
2548,6557,25000,2024-08-17,24,47,74280.16908675147,461,Employed,0,2024-08,Good
2549,2382,25000,2024-08-25,36,24,98982.43998412014,834,Self-Employed,0,2024-08,Good
2550,2937,5000,2024-12-14,24,55,53782.6079345129,508,Employed,0,2024-12,Bad
2551,9544,25000,2024-09-03,24,35,115073.67710190715,718,Employed,0,2024-09,Bad
2552,6907,25000,2024-06-07,36,25,105096.65168169665,698,Employed,0,2024-06,Bad
2553,7314,10000,2024-02-07,36,65,77663.35978464794,433,Employed,1,2024-02,Good
2554,9029,25000,2024-08-31,12,54,43514.045330117224,494,Employed,1,2024-08,Good
2555,6140,10000,2024-01-07,36,52,24402.053935750817,680,Contractor,1,2024-01,Bad
2556,3450,15000,2024-12-25,12,50,93584.95267873882,404,Employed,1,2024-12,Bad
2557,7575,15000,2024-03-17,12,46,86868.49053950643,317,Employed,1,2024-03,Bad
2558,3002,5000,2024-09-13,36,29,63573.4677142211,357,Contractor,1,2024-09,Bad
2559,6000,5000,2024-02-06,36,64,46780.24509056541,636,Employed,0,2024-02,Good
2560,5075,5000,2024-12-15,36,63,74797.03155613961,481,Employed,0,2024-12,Bad
2561,8625,5000,2024-03-06,12,22,87090.6137242743,836,Self-Employed,0,2024-03,Bad
2562,5549,25000,2024-04-09,12,68,54437.60261418915,677,Self-Employed,0,2024-04,Good
2563,4348,10000,2024-11-27,12,52,65488.646119954545,669,Employed,0,2024-11,Good
2564,6120,5000,2024-09-17,12,64,75821.26006299935,439,Self-Employed,0,2024-09,Bad
2565,7051,15000,2024-11-07,12,64,55018.58385135095,341,Self-Employed,1,2024-11,Good
2566,5943,25000,2024-02-11,36,66,37118.83659057965,514,Employed,0,2024-02,Good
2567,8413,10000,2024-02-18,12,34,100998.85103571576,701,Employed,0,2024-02,Good
2568,4656,10000,2024-10-28,36,38,90463.43569125986,591,Employed,0,2024-10,Bad
2569,5178,5000,2024-03-11,12,40,29009.796730029317,514,Employed,0,2024-03,Bad
2570,3809,5000,2024-09-02,12,23,77763.3844612809,663,Employed,0,2024-09,Bad
2571,7817,10000,2024-01-02,36,50,30337.76448271892,699,Employed,0,2024-01,Bad
2572,7875,15000,2024-11-18,24,60,75549.22053583644,510,Self-Employed,0,2024-11,Good
2573,5838,5000,2024-03-02,24,69,70034.86396788203,508,Employed,1,2024-03,Bad
2574,780,10000,2024-12-01,12,58,41939.67537890117,687,Self-Employed,1,2024-12,Bad
2575,2263,25000,2024-01-27,36,61,72743.16947840006,721,Self-Employed,1,2024-01,Bad
2576,7886,10000,2024-12-07,24,19,69755.27398357105,750,Contractor,0,2024-12,Bad
2577,4732,5000,2024-03-07,24,65,20000.0,825,Employed,0,2024-03,Bad
2578,1040,25000,2024-05-24,36,69,69032.48856656738,470,Self-Employed,1,2024-05,Bad
2579,7956,15000,2024-08-01,24,66,50017.430284406866,334,Employed,0,2024-08,Good
2580,7567,10000,2024-11-22,12,25,72998.19654611933,545,Employed,0,2024-11,Good
2581,2281,10000,2024-02-26,12,31,78701.67311767927,597,Employed,1,2024-02,Good
2582,9996,10000,2024-10-12,12,55,67287.00014943922,394,Employed,1,2024-10,Bad
2583,1389,25000,2024-07-29,24,20,55941.31106134744,359,Employed,1,2024-07,Good
2584,7082,5000,2024-07-11,36,25,40249.65715242152,652,Employed,0,2024-07,Good
2585,7163,10000,2024-04-23,36,60,106781.56150759087,670,Self-Employed,0,2024-04,Good
2586,8120,25000,2024-05-01,12,51,78185.96629649992,649,Employed,0,2024-05,Bad
2587,3509,10000,2024-12-25,12,33,74897.85552395113,347,Employed,0,2024-12,Bad
2588,2119,5000,2024-04-12,12,29,84629.62705775941,470,Employed,0,2024-04,Good
2589,1583,25000,2024-06-03,12,54,34806.01518641619,802,Contractor,0,2024-06,Bad
2590,7893,15000,2024-03-14,24,67,61154.780552974116,613,Self-Employed,0,2024-03,Bad
2591,3446,10000,2024-12-19,12,44,58914.7424358023,558,Self-Employed,0,2024-12,Bad
2592,8650,5000,2024-06-23,24,32,86751.5054226871,797,Employed,0,2024-06,Bad
2593,2819,15000,2024-01-14,12,39,87296.57555401872,300,Self-Employed,1,2024-01,Bad
2594,677,5000,2024-06-15,36,27,64269.58985365037,676,Self-Employed,1,2024-06,Bad
2595,9606,15000,2024-02-24,24,55,103178.30960387827,389,Self-Employed,0,2024-02,Good
2596,6364,5000,2024-01-26,36,66,63015.596499492196,684,Employed,0,2024-01,Bad
2597,9098,15000,2024-02-13,36,25,70787.96930116153,716,Self-Employed,0,2024-02,Good
2598,5388,25000,2024-03-09,36,53,77631.53357935505,381,Employed,0,2024-03,Bad
2599,5750,15000,2024-02-07,12,32,67644.25958810309,451,Employed,1,2024-02,Good
2600,6337,5000,2024-12-01,36,31,81046.97653694423,676,Employed,0,2024-12,Bad
2601,112,10000,2024-01-12,36,68,79169.29315460449,634,Employed,1,2024-01,Bad
2602,3380,15000,2024-04-14,36,36,107959.0998940969,418,Employed,1,2024-04,Good
2603,3874,5000,2024-08-31,24,36,96731.3917974655,339,Employed,1,2024-08,Good
2604,7508,10000,2024-12-29,12,34,62559.482605648096,687,Employed,0,2024-12,Bad
2605,3152,25000,2024-09-29,36,65,84633.64007525708,324,Self-Employed,1,2024-09,Bad
2606,7646,25000,2024-10-07,12,35,98330.2640345011,479,Employed,1,2024-10,Bad
2607,5607,10000,2024-07-10,24,43,40356.67416431314,800,Self-Employed,0,2024-07,Good
2608,1945,5000,2024-03-28,12,58,27611.4615875449,394,Contractor,0,2024-03,Bad
2609,2501,5000,2024-05-18,36,30,57183.0707586681,431,Employed,1,2024-05,Bad
2610,8605,15000,2024-05-25,12,26,79143.46261134878,395,Employed,0,2024-05,Bad
2611,2652,25000,2024-06-12,12,18,53993.13407872991,832,Self-Employed,0,2024-06,Bad
2612,8378,25000,2024-09-15,12,33,78491.36935862676,305,Employed,1,2024-09,Bad
2613,9769,25000,2024-12-04,12,40,96158.24527687361,778,Employed,0,2024-12,Bad
2614,3159,25000,2024-11-21,12,69,59941.52732824781,508,Employed,1,2024-11,Good
2615,7392,5000,2024-03-27,24,34,35290.38323149823,716,Employed,0,2024-03,Bad
2616,4078,25000,2024-11-22,36,58,57503.06313758469,790,Employed,0,2024-11,Good
2617,51,10000,2024-12-29,12,31,103362.05254486288,373,Employed,1,2024-12,Bad
2618,1170,5000,2024-08-26,12,57,90500.91267255225,518,Employed,0,2024-08,Good
2619,7613,10000,2024-09-21,36,39,67662.63503547966,593,Employed,1,2024-09,Bad
2620,5404,10000,2024-07-12,36,47,72850.56506215286,407,Employed,0,2024-07,Good
2621,8228,5000,2024-05-07,36,43,40303.548159193975,608,Employed,1,2024-05,Bad
2622,8469,10000,2024-05-01,36,48,40688.73405782487,321,Contractor,1,2024-05,Bad
2623,5816,10000,2024-08-31,12,27,118717.65734842629,325,Self-Employed,1,2024-08,Good
2624,7154,15000,2024-02-16,36,43,47167.227492994716,331,Employed,0,2024-02,Good
2625,6326,25000,2024-11-15,24,69,50260.52510159681,559,Employed,0,2024-11,Good
2626,6615,10000,2024-12-30,12,41,53112.88147026393,675,Employed,0,2024-12,Bad
2627,5932,15000,2024-04-21,24,57,70373.14911941765,530,Employed,0,2024-04,Good
2628,889,15000,2024-10-29,36,32,112210.92349035642,720,Employed,1,2024-10,Bad
2629,404,25000,2024-03-15,24,41,75395.66573638357,317,Employed,0,2024-03,Bad
2630,7977,15000,2024-10-24,12,45,65262.19956684689,405,Self-Employed,0,2024-10,Bad
2631,3986,15000,2024-10-31,12,38,43813.15273587339,657,Self-Employed,0,2024-10,Bad
2632,9365,10000,2024-01-30,12,56,103016.60432452965,317,Employed,1,2024-01,Bad
2633,6550,25000,2024-01-08,12,59,73691.83855612499,580,Employed,0,2024-01,Bad
2634,6147,25000,2024-12-06,24,43,74129.22502620802,515,Self-Employed,0,2024-12,Bad
2635,5129,10000,2024-01-08,12,27,88048.40945019042,819,Contractor,0,2024-01,Bad
2636,2588,5000,2024-08-26,12,50,80533.66849922756,687,Employed,0,2024-08,Good
2637,290,15000,2024-07-09,12,33,33160.36128508502,427,Employed,0,2024-07,Good
2638,2229,10000,2024-05-07,36,48,40517.49424293412,528,Employed,1,2024-05,Bad
2639,9776,15000,2024-01-11,24,50,41883.89953879922,765,Employed,0,2024-01,Bad
2640,9862,25000,2024-09-12,36,43,80800.58059042554,747,Employed,1,2024-09,Bad
2641,5412,25000,2024-08-20,12,43,60643.32413832686,322,Self-Employed,1,2024-08,Good
2642,648,15000,2024-07-04,36,69,62249.862532473715,688,Contractor,0,2024-07,Good
2643,3155,25000,2024-04-30,12,47,26174.11805400448,448,Employed,0,2024-04,Good
2644,266,25000,2024-06-15,36,43,59715.394254550774,638,Employed,1,2024-06,Bad
2645,3489,5000,2024-05-23,12,69,55349.43005323255,550,Contractor,1,2024-05,Bad
2646,2779,25000,2024-11-22,12,42,99306.78291519979,561,Employed,0,2024-11,Good
2647,4957,25000,2024-12-17,12,47,40029.47826664876,611,Employed,1,2024-12,Bad
2648,8211,15000,2024-04-10,36,51,76283.07061858529,309,Employed,1,2024-04,Good
2649,4467,10000,2024-01-22,12,66,80230.97077224382,717,Self-Employed,0,2024-01,Bad
2650,7553,25000,2024-07-17,36,18,45578.447534465195,421,Employed,1,2024-07,Good
2651,3828,25000,2024-09-25,12,54,43145.01824964625,317,Employed,1,2024-09,Bad
2652,643,10000,2024-03-22,24,26,43591.287042969896,586,Employed,0,2024-03,Bad
2653,9738,10000,2024-06-18,12,35,80350.9065989302,502,Self-Employed,0,2024-06,Bad
2654,817,10000,2024-01-13,24,44,62375.807310909404,843,Employed,0,2024-01,Bad
2655,2192,15000,2024-07-15,12,25,94498.5532509616,611,Employed,0,2024-07,Good
2656,5927,25000,2024-04-04,12,50,48996.33737265751,355,Employed,1,2024-04,Good
2657,2669,25000,2024-09-23,12,53,73552.65099126045,370,Employed,0,2024-09,Bad
2658,9056,10000,2024-11-14,12,25,45385.825184936926,402,Employed,1,2024-11,Good
2659,7560,5000,2024-12-23,12,35,48829.09239580941,378,Employed,1,2024-12,Bad
2660,3373,15000,2024-02-20,36,23,67873.5442939783,583,Employed,1,2024-02,Good
2661,7009,10000,2024-07-06,36,33,56002.22266083321,397,Self-Employed,1,2024-07,Good
2662,8721,10000,2024-10-29,36,42,110419.83091655932,730,Employed,0,2024-10,Bad
2663,4063,25000,2024-01-04,24,48,40299.92954992648,336,Self-Employed,0,2024-01,Bad
2664,6893,5000,2024-09-19,12,61,97573.21054864528,351,Employed,0,2024-09,Bad
2665,6071,15000,2024-12-08,12,61,86094.75064703939,755,Employed,0,2024-12,Bad
2666,7503,5000,2024-01-31,12,50,55123.327346819766,353,Employed,0,2024-01,Bad
2667,9725,5000,2024-04-27,24,67,50612.744672596964,351,Employed,1,2024-04,Good
2668,8748,25000,2024-07-27,24,23,20273.87114384195,590,Employed,1,2024-07,Good
2669,3893,10000,2024-07-20,24,29,100845.82096649612,832,Self-Employed,0,2024-07,Good
2670,2801,10000,2024-03-26,24,56,59622.15499573775,752,Self-Employed,0,2024-03,Bad
2671,931,5000,2024-01-30,36,42,70474.09789639938,591,Employed,0,2024-01,Bad
2672,5250,15000,2024-06-05,24,30,39091.77007904593,798,Self-Employed,1,2024-06,Bad
2673,4194,15000,2024-07-27,24,48,103570.16934424205,490,Employed,0,2024-07,Good
2674,8985,25000,2024-02-12,24,18,82962.25743292824,741,Employed,0,2024-02,Good
2675,4036,15000,2024-03-25,24,35,52307.080771257155,312,Employed,0,2024-03,Bad
2676,4384,25000,2024-06-24,36,50,81836.81990395577,320,Employed,0,2024-06,Bad
2677,9962,5000,2024-08-18,12,51,76829.91458063065,671,Employed,0,2024-08,Good
2678,6313,15000,2024-12-25,24,40,56347.39320549962,684,Employed,1,2024-12,Bad
2679,3151,10000,2024-05-29,36,36,100283.92154364062,812,Employed,1,2024-05,Bad
2680,4359,5000,2024-11-14,36,42,84548.56338629796,608,Employed,0,2024-11,Good
2681,8904,25000,2024-09-16,36,56,92455.89508808567,822,Employed,0,2024-09,Bad
2682,6867,5000,2024-12-11,12,42,72494.8718540791,669,Employed,1,2024-12,Bad
2683,2578,5000,2024-01-03,24,62,31300.105390820776,745,Contractor,1,2024-01,Bad
2684,4881,25000,2024-12-02,12,50,69955.43319302051,666,Employed,1,2024-12,Bad
2685,4306,15000,2024-08-22,36,53,74792.45040026182,694,Contractor,1,2024-08,Good
2686,4051,15000,2024-12-04,12,34,65558.76387415914,410,Contractor,0,2024-12,Bad
2687,3149,10000,2024-03-22,36,48,54627.09304699182,637,Employed,0,2024-03,Bad
2688,6155,15000,2024-09-08,36,23,62154.380692313076,389,Self-Employed,1,2024-09,Bad
2689,8061,25000,2024-11-02,24,54,43377.59718928943,479,Employed,0,2024-11,Good
2690,5127,25000,2024-06-02,36,22,43809.319687577896,613,Self-Employed,1,2024-06,Bad
2691,1947,25000,2024-10-17,12,32,60678.858129647226,698,Contractor,1,2024-10,Bad
2692,1573,15000,2024-12-01,12,18,27336.868549022118,649,Employed,0,2024-12,Bad
2693,200,25000,2024-09-27,36,56,68398.1141804587,772,Self-Employed,0,2024-09,Bad
2694,2378,15000,2024-06-22,24,62,126309.24782171809,359,Self-Employed,0,2024-06,Bad
2695,4069,25000,2024-01-24,12,39,70941.06640749898,523,Employed,0,2024-01,Bad
2696,8282,25000,2024-01-02,24,32,80797.50847894532,630,Employed,0,2024-01,Bad
2697,591,15000,2024-07-05,24,51,55665.78937492289,724,Employed,0,2024-07,Good
2698,6199,10000,2024-06-12,24,37,87224.69372959108,389,Self-Employed,1,2024-06,Bad
2699,6032,10000,2024-02-14,24,51,78753.21203044699,571,Employed,0,2024-02,Good
2700,5341,10000,2024-12-16,36,57,20000.0,745,Self-Employed,1,2024-12,Bad
2701,8284,15000,2024-04-03,36,30,44605.306870785695,436,Employed,1,2024-04,Good
2702,8132,25000,2024-07-22,36,38,113158.63514302834,410,Employed,1,2024-07,Good
2703,590,15000,2024-05-02,24,43,74543.35422406273,363,Employed,0,2024-05,Bad
2704,3639,5000,2024-02-06,12,18,59159.825975428364,724,Contractor,0,2024-02,Good
2705,3315,5000,2024-04-27,12,23,81091.71882556228,319,Employed,0,2024-04,Good
2706,786,15000,2024-12-06,36,37,82914.73349399128,624,Employed,0,2024-12,Bad
2707,8076,5000,2024-05-19,12,34,84718.85109713618,559,Self-Employed,0,2024-05,Bad
2708,4046,10000,2024-05-01,36,26,57496.780329295,615,Employed,0,2024-05,Bad
2709,3785,10000,2024-08-19,24,66,40449.512569727376,475,Employed,1,2024-08,Good
2710,1178,10000,2024-08-16,36,50,79952.47887618665,725,Self-Employed,0,2024-08,Good
2711,1278,5000,2024-08-15,12,59,25884.44681660489,361,Contractor,1,2024-08,Good
2712,2966,10000,2024-11-23,36,19,66742.606735732,477,Employed,1,2024-11,Good
2713,8494,10000,2024-08-06,36,36,75316.03403607414,334,Self-Employed,1,2024-08,Good
2714,2345,10000,2024-06-03,12,65,63565.063405330155,322,Employed,1,2024-06,Bad
2715,7659,15000,2024-12-21,36,51,43522.39314874649,315,Employed,1,2024-12,Bad
2716,5164,25000,2024-01-07,36,33,68004.96396865138,513,Employed,0,2024-01,Bad
2717,3216,25000,2024-01-03,12,67,94064.34170469601,699,Employed,0,2024-01,Bad
2718,8188,15000,2024-01-04,36,69,51279.874430570795,333,Employed,1,2024-01,Bad
2719,62,10000,2024-08-03,24,64,46795.70247575461,642,Employed,0,2024-08,Good
2720,858,10000,2024-09-20,36,25,67473.3446757221,421,Self-Employed,1,2024-09,Bad
2721,8730,15000,2024-02-14,12,59,44560.460330557726,605,Contractor,0,2024-02,Good
2722,1341,15000,2024-07-23,24,38,62822.88184642125,840,Employed,0,2024-07,Good
2723,5555,5000,2024-07-19,24,59,27083.436342851965,418,Contractor,0,2024-07,Good
2724,9010,15000,2024-09-06,12,65,88981.33441122595,660,Employed,0,2024-09,Bad
2725,5016,10000,2024-07-30,12,44,58243.240808134775,516,Contractor,0,2024-07,Good
2726,975,15000,2024-05-12,36,52,20000.0,371,Contractor,0,2024-05,Bad
2727,4638,10000,2024-06-22,24,46,54882.60357841684,790,Contractor,0,2024-06,Bad
2728,3653,5000,2024-03-09,24,69,96658.25669890722,575,Employed,0,2024-03,Bad
2729,3304,15000,2024-10-17,24,51,31843.445951271075,700,Contractor,0,2024-10,Bad
2730,1712,5000,2024-05-22,12,31,49443.2444276501,535,Employed,0,2024-05,Bad
2731,790,10000,2024-01-17,36,46,66150.15966840852,831,Employed,0,2024-01,Bad
2732,581,10000,2024-11-27,12,67,92254.58677551117,541,Employed,0,2024-11,Good
2733,8544,10000,2024-09-04,24,53,87723.43742221499,639,Employed,1,2024-09,Bad
2734,2303,10000,2024-08-15,36,69,66075.77433303204,569,Employed,0,2024-08,Good
2735,1074,5000,2024-06-19,36,23,86453.4767733504,336,Employed,0,2024-06,Bad
2736,5374,15000,2024-11-30,12,46,31207.311699383834,846,Employed,0,2024-11,Good
2737,7562,15000,2024-07-24,24,46,29007.367584549116,627,Employed,1,2024-07,Good
2738,1883,10000,2024-03-31,24,62,20000.0,667,Employed,0,2024-03,Bad
2739,4346,10000,2024-04-23,24,31,49323.784632556475,848,Employed,0,2024-04,Good
2740,1261,5000,2024-01-22,36,43,64585.789754437,509,Employed,0,2024-01,Bad
2741,7048,5000,2024-05-16,24,25,44190.26387576393,641,Self-Employed,0,2024-05,Bad
2742,232,10000,2024-10-29,12,40,29894.01084346028,371,Employed,0,2024-10,Bad
2743,9149,10000,2024-07-31,36,62,92940.81104009894,690,Self-Employed,0,2024-07,Good
2744,4730,15000,2024-01-03,12,54,80893.16316101374,425,Employed,0,2024-01,Bad
2745,9287,15000,2024-10-13,36,34,53730.38767266336,632,Self-Employed,0,2024-10,Bad
2746,3537,15000,2024-01-13,12,56,51251.87918839136,599,Employed,1,2024-01,Bad
2747,3493,10000,2024-01-02,24,64,60392.7749541822,758,Employed,1,2024-01,Bad
2748,5120,25000,2024-09-19,36,67,57362.513423658675,303,Employed,1,2024-09,Bad
2749,1303,5000,2024-10-11,12,38,63472.5622998533,810,Contractor,0,2024-10,Bad
2750,4315,5000,2024-05-11,36,24,103434.91826710725,387,Employed,1,2024-05,Bad
2751,8889,5000,2024-12-09,36,39,72504.37623211302,554,Employed,0,2024-12,Bad
2752,307,10000,2024-08-21,24,33,42050.597384731605,318,Employed,1,2024-08,Good
2753,8506,10000,2024-08-30,36,58,106942.10227249523,626,Employed,0,2024-08,Good
2754,3475,5000,2024-06-21,12,51,63580.285102843074,456,Self-Employed,1,2024-06,Bad
2755,5849,5000,2024-09-20,36,67,25741.85464367459,594,Contractor,1,2024-09,Bad
2756,7656,5000,2024-02-11,12,40,73109.14935609502,582,Employed,0,2024-02,Good
2757,1403,10000,2024-05-24,24,25,50144.728190458336,684,Self-Employed,0,2024-05,Bad
2758,4377,25000,2024-12-05,36,51,134209.3401406486,608,Contractor,0,2024-12,Bad
2759,8227,25000,2024-11-20,12,19,51329.038620130435,705,Employed,0,2024-11,Good
2760,2118,25000,2024-12-20,36,35,74969.09411062035,381,Self-Employed,1,2024-12,Bad
2761,8552,15000,2024-10-23,36,38,75152.12774686073,677,Employed,1,2024-10,Bad
2762,5810,15000,2024-02-23,24,25,86793.11060460341,742,Employed,0,2024-02,Good
2763,6031,10000,2024-06-08,36,64,29091.188574020984,815,Employed,0,2024-06,Bad
2764,408,25000,2024-08-10,36,39,87760.46249213925,456,Contractor,0,2024-08,Good
2765,5681,25000,2024-08-10,24,32,65939.08378452779,342,Self-Employed,1,2024-08,Good
2766,4676,15000,2024-02-12,36,44,83348.76195910596,446,Employed,0,2024-02,Good
2767,5504,25000,2024-03-09,24,38,61616.64415192226,474,Employed,0,2024-03,Bad
2768,6225,5000,2024-04-09,36,45,78050.51587776917,790,Employed,0,2024-04,Good
2769,7606,15000,2024-07-22,12,22,98836.28903690296,635,Employed,0,2024-07,Good
2770,2093,5000,2024-07-26,12,56,98729.47622221764,616,Self-Employed,1,2024-07,Good
2771,7527,25000,2024-09-28,12,35,44091.5365875928,594,Employed,0,2024-09,Bad
2772,137,10000,2024-06-09,24,44,68883.12497998503,727,Employed,0,2024-06,Bad
2773,9171,25000,2024-06-02,24,43,44733.56110753318,409,Employed,0,2024-06,Bad
2774,1485,10000,2024-10-05,24,42,58841.617970503794,613,Contractor,0,2024-10,Bad
2775,3377,5000,2024-03-29,24,42,56920.80835743788,484,Contractor,0,2024-03,Bad
2776,6373,5000,2024-06-30,24,64,57383.3041561086,352,Employed,1,2024-06,Bad
2777,6327,25000,2024-12-05,24,40,77171.05172418727,406,Contractor,0,2024-12,Bad
2778,467,15000,2024-02-16,36,23,20000.0,694,Self-Employed,1,2024-02,Good
2779,4934,5000,2024-08-31,12,33,70137.1606890005,437,Employed,0,2024-08,Good
2780,975,10000,2024-09-05,24,52,20000.0,371,Contractor,1,2024-09,Bad
2781,5188,10000,2024-08-28,36,64,56186.3439315845,580,Contractor,0,2024-08,Good
2782,7013,15000,2024-04-27,36,45,55312.78341825774,458,Employed,0,2024-04,Good
2783,7473,25000,2024-06-12,24,47,88108.93420065014,663,Employed,0,2024-06,Bad
2784,2652,5000,2024-10-17,12,18,53993.13407872991,832,Self-Employed,0,2024-10,Bad
2785,1800,25000,2024-06-19,24,28,71701.26068974384,555,Self-Employed,0,2024-06,Bad
2786,1016,5000,2024-01-05,12,30,92037.85215749353,514,Self-Employed,0,2024-01,Bad
2787,6239,25000,2024-09-16,12,60,75334.3007282599,744,Employed,0,2024-09,Bad
2788,9941,15000,2024-02-27,24,67,85630.61047954064,437,Employed,0,2024-02,Good
2789,8877,10000,2024-07-18,12,24,82958.28857985616,386,Contractor,0,2024-07,Good
2790,9649,25000,2024-12-28,12,28,57039.57865704241,311,Employed,1,2024-12,Bad
2791,8561,25000,2024-05-17,12,45,66560.79258318608,713,Employed,1,2024-05,Bad
2792,6423,5000,2024-11-13,24,69,40178.28236553255,819,Employed,0,2024-11,Good
2793,6048,25000,2024-08-24,12,38,59777.05106572821,798,Self-Employed,0,2024-08,Good
2794,6550,25000,2024-05-27,12,59,73691.83855612499,580,Employed,1,2024-05,Bad
2795,6590,15000,2024-10-14,36,43,61886.28800783941,341,Self-Employed,1,2024-10,Bad
2796,6217,25000,2024-10-30,24,31,79039.33676427761,572,Employed,1,2024-10,Bad
2797,1345,15000,2024-08-06,12,37,29349.5470719887,559,Employed,0,2024-08,Good
2798,4118,15000,2024-06-25,24,47,85029.54409970457,418,Employed,0,2024-06,Bad
2799,8371,15000,2024-10-08,24,36,42296.151284808235,371,Self-Employed,1,2024-10,Bad
2800,9325,5000,2024-06-11,36,37,35712.92175072535,455,Employed,0,2024-06,Bad
2801,7540,15000,2024-10-10,36,20,26481.054792115938,462,Employed,1,2024-10,Bad
2802,7865,5000,2024-11-16,12,42,114314.49761117331,504,Contractor,0,2024-11,Good
2803,1480,10000,2024-07-04,12,31,93119.41799964532,661,Employed,0,2024-07,Good
2804,5349,15000,2024-01-06,12,47,88884.71427949627,789,Self-Employed,0,2024-01,Bad
2805,3067,25000,2024-02-19,24,52,89395.58343221409,339,Contractor,0,2024-02,Good
2806,7092,15000,2024-10-31,36,31,44695.76320684175,330,Employed,0,2024-10,Bad
2807,4627,10000,2024-02-15,36,27,54907.414150052326,683,Employed,0,2024-02,Good
2808,2473,15000,2024-08-04,12,19,97779.05741509041,476,Employed,1,2024-08,Good
2809,959,5000,2024-07-27,36,62,73958.61277690009,715,Employed,0,2024-07,Good
2810,9264,10000,2024-12-11,24,64,20000.0,313,Employed,1,2024-12,Bad
2811,1489,10000,2024-04-05,12,60,58526.53008554024,494,Self-Employed,1,2024-04,Good
2812,4768,5000,2024-01-25,36,18,70374.5704363637,649,Employed,0,2024-01,Bad
2813,1934,5000,2024-12-17,12,28,69463.22924301194,797,Employed,0,2024-12,Bad
2814,5728,25000,2024-05-04,24,61,48202.06723837524,800,Employed,0,2024-05,Bad
2815,5150,10000,2024-12-26,24,69,88640.83568919075,791,Employed,0,2024-12,Bad
2816,5753,15000,2024-03-03,12,30,72763.4909478551,650,Employed,0,2024-03,Bad
2817,7157,5000,2024-12-04,12,62,108369.06982808943,818,Employed,0,2024-12,Bad
2818,4975,25000,2024-11-17,36,18,43556.67058487452,668,Employed,0,2024-11,Good
2819,7091,5000,2024-06-11,24,65,40850.72688471159,591,Employed,1,2024-06,Bad
2820,3938,5000,2024-12-01,24,65,71686.88472245153,457,Employed,1,2024-12,Bad
2821,3262,25000,2024-10-15,12,44,53373.10134497485,825,Contractor,0,2024-10,Bad
2822,9592,10000,2024-08-30,36,48,60887.13670509575,326,Self-Employed,1,2024-08,Good
2823,6847,15000,2024-11-01,12,42,52496.182969631765,546,Employed,1,2024-11,Good
2824,6798,5000,2024-05-31,12,23,41051.804012618304,592,Employed,0,2024-05,Bad
2825,9071,10000,2024-04-04,12,62,109515.96498694271,446,Employed,1,2024-04,Good
2826,5569,25000,2024-12-02,24,61,76391.17275221487,755,Employed,0,2024-12,Bad
2827,4769,25000,2024-04-06,12,42,93085.68217739405,473,Self-Employed,0,2024-04,Good
2828,4214,25000,2024-10-19,12,41,68887.79009408902,840,Employed,0,2024-10,Bad
2829,5178,10000,2024-12-21,36,40,29009.796730029317,514,Employed,0,2024-12,Bad
2830,8047,15000,2024-03-03,12,35,28033.16009224257,514,Employed,1,2024-03,Bad
2831,871,10000,2024-09-04,36,65,99774.30895003502,694,Employed,0,2024-09,Bad
2832,6602,10000,2024-11-14,12,41,52995.760394819146,416,Employed,1,2024-11,Good
2833,8898,25000,2024-10-01,24,69,69345.58813112121,544,Employed,1,2024-10,Bad
2834,2690,5000,2024-02-08,12,39,65744.90412803562,615,Self-Employed,0,2024-02,Good
2835,7110,5000,2024-04-13,24,44,28722.400338331536,799,Employed,0,2024-04,Good
2836,4582,25000,2024-03-23,12,46,71473.26070564224,586,Employed,0,2024-03,Bad
2837,7288,5000,2024-07-18,24,51,67007.9893156303,330,Contractor,1,2024-07,Good
2838,7035,25000,2024-04-14,24,27,84346.92933607055,767,Self-Employed,0,2024-04,Good
2839,9770,10000,2024-06-27,12,63,36124.787565002436,576,Employed,0,2024-06,Bad
2840,1968,25000,2024-02-29,36,54,40160.1749017138,450,Employed,1,2024-02,Good
2841,9445,15000,2024-09-12,24,56,68373.48825408124,762,Self-Employed,0,2024-09,Bad
2842,9445,15000,2024-12-03,24,56,68373.48825408124,762,Self-Employed,0,2024-12,Bad
2843,5081,15000,2024-07-24,12,26,82212.39936403916,706,Contractor,0,2024-07,Good
2844,4439,10000,2024-07-28,36,59,53777.29031717484,461,Employed,1,2024-07,Good
2845,3129,5000,2024-08-16,24,54,57798.43004121803,571,Contractor,0,2024-08,Good
2846,5336,10000,2024-12-13,12,46,20000.0,494,Employed,0,2024-12,Bad
2847,9859,5000,2024-05-01,24,63,78562.60574161289,354,Contractor,0,2024-05,Bad
2848,5823,10000,2024-05-03,12,69,79703.93161089663,334,Self-Employed,0,2024-05,Bad
2849,8220,10000,2024-12-18,12,47,28634.631285570977,756,Self-Employed,0,2024-12,Bad
2850,9812,15000,2024-05-14,36,34,89152.32138390801,829,Employed,0,2024-05,Bad
2851,1345,10000,2024-07-06,12,37,29349.5470719887,559,Employed,1,2024-07,Good
2852,4669,15000,2024-05-12,36,65,74018.89386659587,821,Contractor,0,2024-05,Bad
2853,7681,10000,2024-03-31,12,64,54568.36586694016,471,Employed,0,2024-03,Bad
2854,9120,25000,2024-04-11,12,23,59729.1320336355,313,Employed,0,2024-04,Good
2855,1779,15000,2024-06-09,24,26,85828.94416573587,823,Contractor,0,2024-06,Bad
2856,3104,25000,2024-12-22,36,21,43980.70275253437,346,Employed,1,2024-12,Bad
2857,5867,10000,2024-05-04,24,34,20000.0,632,Employed,1,2024-05,Bad
2858,5531,10000,2024-10-19,36,46,38233.29071458508,335,Employed,1,2024-10,Bad
2859,3089,25000,2024-05-22,36,29,104934.93233054059,682,Self-Employed,0,2024-05,Bad
2860,8092,5000,2024-09-29,24,61,70788.52672034514,663,Employed,0,2024-09,Bad
2861,6745,5000,2024-02-06,36,37,46531.53186737681,480,Self-Employed,1,2024-02,Good
2862,5172,5000,2024-09-15,36,52,37604.02092490105,406,Contractor,1,2024-09,Bad
2863,4466,10000,2024-06-02,24,43,83744.16571222963,612,Employed,0,2024-06,Bad
2864,8356,5000,2024-04-13,36,55,88026.32820119814,511,Employed,1,2024-04,Good
2865,6594,5000,2024-04-30,24,51,100597.47343117128,467,Self-Employed,0,2024-04,Good
2866,6688,10000,2024-10-27,12,36,48098.640836279876,377,Employed,0,2024-10,Bad
2867,351,10000,2024-05-13,24,39,38599.23000083331,377,Self-Employed,0,2024-05,Bad
2868,6523,5000,2024-04-08,36,48,74501.6860143458,457,Employed,1,2024-04,Good
2869,201,5000,2024-08-03,12,23,67111.66965974869,730,Self-Employed,0,2024-08,Good
2870,7275,25000,2024-08-30,12,69,67651.81440967096,768,Employed,0,2024-08,Good
2871,2553,10000,2024-08-18,12,26,53725.14957426726,468,Employed,1,2024-08,Good
2872,7156,10000,2024-08-13,24,31,20000.0,731,Contractor,0,2024-08,Good
2873,7552,25000,2024-01-13,24,30,73189.81827857393,328,Employed,1,2024-01,Bad
2874,1052,15000,2024-11-08,12,21,20000.0,522,Employed,0,2024-11,Good
2875,8479,15000,2024-08-22,36,38,60632.22405175064,435,Employed,0,2024-08,Good
2876,7511,10000,2024-11-24,36,22,98386.84744626636,704,Self-Employed,0,2024-11,Good
2877,9988,10000,2024-03-23,12,68,78361.71337671278,755,Employed,0,2024-03,Bad
2878,3559,5000,2024-08-30,36,37,45108.62165435481,410,Self-Employed,1,2024-08,Good
2879,8299,15000,2024-08-11,36,52,71131.92330544018,624,Employed,1,2024-08,Good
2880,2554,5000,2024-12-06,24,31,72348.73469857905,505,Employed,1,2024-12,Bad
2881,3514,15000,2024-08-11,36,45,87394.90545589822,312,Employed,1,2024-08,Good
2882,8309,25000,2024-07-03,24,43,43369.77365369383,376,Employed,1,2024-07,Good
2883,9461,5000,2024-06-22,12,59,77310.93347885416,731,Self-Employed,0,2024-06,Bad
2884,6223,25000,2024-09-24,36,57,81963.7413655263,347,Self-Employed,0,2024-09,Bad
2885,8933,25000,2024-04-06,36,37,57822.94492212477,628,Self-Employed,1,2024-04,Good
2886,7654,15000,2024-11-16,24,32,26665.19777703174,720,Employed,0,2024-11,Good
2887,23,10000,2024-10-31,24,55,81112.96229113228,451,Self-Employed,1,2024-10,Bad
2888,361,10000,2024-05-06,12,51,83771.81948503331,357,Employed,1,2024-05,Bad
2889,4796,25000,2024-08-02,12,34,104736.03208904246,463,Employed,0,2024-08,Good
2890,1451,10000,2024-01-28,36,28,53918.413379552425,831,Self-Employed,0,2024-01,Bad
2891,8409,5000,2024-02-19,24,18,107688.72223304401,365,Employed,1,2024-02,Good
2892,5786,15000,2024-09-24,24,36,87871.69495244624,688,Employed,0,2024-09,Bad
2893,2755,5000,2024-03-23,36,62,37559.72544310683,542,Employed,0,2024-03,Bad
2894,628,10000,2024-08-31,24,47,61456.061149311536,448,Employed,0,2024-08,Good
2895,3268,25000,2024-08-12,24,28,51030.01069844148,707,Employed,0,2024-08,Good
2896,567,15000,2024-01-18,24,20,72999.12977862908,419,Employed,1,2024-01,Bad
2897,3759,25000,2024-08-13,24,25,105426.12311304206,833,Employed,1,2024-08,Good
2898,2021,15000,2024-12-28,36,41,75560.874322536,399,Self-Employed,0,2024-12,Bad
2899,3531,5000,2024-04-20,12,63,38554.084534744135,771,Contractor,0,2024-04,Good
2900,2507,10000,2024-11-19,12,43,75978.75334251043,394,Employed,1,2024-11,Good
2901,4410,5000,2024-03-16,36,46,73412.49472052252,614,Self-Employed,0,2024-03,Bad
2902,8921,25000,2024-01-23,12,52,126044.71463324426,750,Employed,0,2024-01,Bad
2903,3329,5000,2024-06-04,24,68,80573.6007603327,546,Employed,1,2024-06,Bad
2904,474,10000,2024-07-21,36,57,87372.76390067063,674,Employed,0,2024-07,Good
2905,606,10000,2024-08-07,12,26,75708.55126651813,326,Self-Employed,1,2024-08,Good
2906,9435,5000,2024-02-09,24,40,85617.54351965243,832,Employed,0,2024-02,Good
2907,5684,15000,2024-04-07,12,20,28966.456357115756,371,Self-Employed,1,2024-04,Good
2908,3603,10000,2024-10-30,36,21,114592.60338696878,320,Employed,1,2024-10,Bad
2909,7405,10000,2024-06-10,12,37,71145.48054540972,669,Employed,0,2024-06,Bad
2910,3755,10000,2024-07-31,12,43,96867.09624198716,390,Contractor,1,2024-07,Good
2911,4371,10000,2024-04-01,12,29,54121.53130094914,623,Employed,0,2024-04,Good
2912,3879,15000,2024-07-08,36,52,89285.308941809,578,Employed,0,2024-07,Good
2913,3744,15000,2024-06-10,24,57,70280.23498061142,758,Employed,0,2024-06,Bad
2914,4848,25000,2024-02-26,36,21,74691.99697582117,603,Contractor,0,2024-02,Good
2915,5679,25000,2024-08-20,12,49,54039.31581961816,420,Self-Employed,1,2024-08,Good
2916,6098,25000,2024-01-29,36,22,74550.84264290027,736,Self-Employed,0,2024-01,Bad
2917,676,5000,2024-12-11,12,26,91221.60354688406,463,Self-Employed,0,2024-12,Bad
2918,4054,5000,2024-07-23,24,49,63780.85870392212,808,Employed,0,2024-07,Good
2919,710,25000,2024-05-03,24,61,58651.20734006912,761,Self-Employed,1,2024-05,Bad
2920,923,10000,2024-12-19,12,33,94429.62407960847,582,Employed,1,2024-12,Bad
2921,3400,25000,2024-01-08,36,35,99362.12453568898,764,Contractor,0,2024-01,Bad
2922,408,5000,2024-12-14,12,39,87760.46249213925,456,Contractor,0,2024-12,Bad
2923,1110,15000,2024-04-16,36,67,72659.73705183536,725,Employed,0,2024-04,Good
2924,3593,10000,2024-12-25,36,50,76953.51438889522,524,Self-Employed,1,2024-12,Bad
2925,9981,10000,2024-04-01,12,31,56908.77388227097,687,Employed,1,2024-04,Good
2926,3960,10000,2024-06-06,24,61,82989.9874406223,552,Employed,0,2024-06,Bad
2927,6642,5000,2024-12-08,24,55,42109.1925910385,709,Employed,0,2024-12,Bad
2928,1491,10000,2024-12-14,36,21,92972.36494826674,659,Employed,1,2024-12,Bad
2929,4201,10000,2024-03-24,12,29,61458.434203193916,491,Employed,0,2024-03,Bad
2930,1482,15000,2024-12-02,12,57,82080.31010002672,546,Employed,0,2024-12,Bad
2931,1281,10000,2024-02-08,12,48,33720.02158415805,449,Employed,0,2024-02,Good
2932,4855,5000,2024-02-02,24,25,75462.86397892637,404,Self-Employed,0,2024-02,Good
2933,9067,10000,2024-11-29,24,46,133399.0039845872,542,Self-Employed,0,2024-11,Good
2934,8056,5000,2024-10-13,36,36,83024.72883577298,573,Contractor,1,2024-10,Bad
2935,8304,15000,2024-07-26,24,23,126023.09913641337,423,Self-Employed,1,2024-07,Good
2936,6167,15000,2024-10-03,24,23,60335.66867361588,724,Employed,0,2024-10,Bad
2937,7081,10000,2024-06-26,12,63,34933.2123057002,547,Employed,1,2024-06,Bad
2938,8062,25000,2024-07-06,12,65,96881.1753230493,531,Self-Employed,1,2024-07,Good
2939,6459,15000,2024-08-02,24,68,63041.728776746066,615,Self-Employed,1,2024-08,Good
2940,8394,10000,2024-12-11,36,31,28819.55551855104,686,Employed,1,2024-12,Bad
2941,9187,15000,2024-07-19,12,24,40258.517812218284,354,Employed,1,2024-07,Good
2942,4753,15000,2024-11-09,36,34,63294.936741683276,459,Employed,1,2024-11,Good
2943,1532,5000,2024-06-20,24,19,73286.77240827239,305,Employed,1,2024-06,Bad
2944,9582,25000,2024-07-25,24,33,61855.18430854176,529,Employed,0,2024-07,Good
2945,8723,5000,2024-10-14,12,24,87719.08695310897,586,Employed,0,2024-10,Bad
2946,1618,10000,2024-02-28,12,58,56048.01384551703,644,Employed,1,2024-02,Good
2947,5155,10000,2024-12-24,12,49,57391.37822365121,633,Employed,0,2024-12,Bad
2948,5655,5000,2024-08-23,12,48,92437.1242838291,747,Self-Employed,0,2024-08,Good
2949,8557,25000,2024-03-21,24,69,88357.79344176927,301,Self-Employed,1,2024-03,Bad
2950,3372,25000,2024-06-25,24,52,39369.522856564174,728,Employed,0,2024-06,Bad
2951,6560,25000,2024-11-12,12,45,47159.27766988832,372,Employed,0,2024-11,Good
2952,5466,15000,2024-02-09,36,67,99962.09982673303,696,Self-Employed,1,2024-02,Good
2953,1373,10000,2024-03-22,12,31,55341.93811382061,799,Self-Employed,0,2024-03,Bad
2954,2238,15000,2024-06-10,12,29,82180.96125988221,575,Employed,0,2024-06,Bad
2955,3475,5000,2024-04-22,12,51,63580.285102843074,456,Self-Employed,0,2024-04,Good
2956,4445,25000,2024-03-29,36,28,45064.04707324752,311,Self-Employed,0,2024-03,Bad
2957,4469,15000,2024-01-12,12,22,73119.53985275286,650,Employed,0,2024-01,Bad
2958,5759,25000,2024-12-28,24,43,71840.36452914262,604,Self-Employed,0,2024-12,Bad
2959,3577,15000,2024-09-21,36,45,43389.33236660701,434,Employed,0,2024-09,Bad
2960,3976,10000,2024-08-19,24,68,68314.94180065252,499,Self-Employed,0,2024-08,Good
2961,9177,25000,2024-03-29,36,30,118757.76983328027,692,Contractor,0,2024-03,Bad
2962,5675,15000,2024-08-03,36,67,71850.97101623258,673,Employed,0,2024-08,Good
2963,1527,5000,2024-02-18,12,34,54056.56693989188,400,Employed,1,2024-02,Good
2964,6790,15000,2024-09-26,24,43,65191.82983303766,628,Employed,0,2024-09,Bad
2965,1037,5000,2024-10-30,36,58,81147.2605068973,326,Employed,1,2024-10,Bad
2966,4619,5000,2024-11-08,24,18,58305.86203187888,760,Employed,1,2024-11,Good
2967,2231,25000,2024-12-14,36,27,97851.87453811511,533,Employed,0,2024-12,Bad
2968,1043,10000,2024-02-29,12,62,21190.572621475083,303,Contractor,1,2024-02,Good
2969,7942,5000,2024-12-02,36,35,81056.95641677579,486,Employed,1,2024-12,Bad
2970,6169,5000,2024-09-02,24,39,101108.58529949863,439,Employed,1,2024-09,Bad
2971,1330,10000,2024-10-25,24,69,68147.16326441645,614,Employed,1,2024-10,Bad
2972,3656,10000,2024-08-01,24,57,107440.59449273352,738,Contractor,0,2024-08,Good
2973,5554,10000,2024-03-22,24,66,69485.35427622103,691,Employed,0,2024-03,Bad
2974,5542,5000,2024-12-12,36,41,64667.92277602451,656,Employed,0,2024-12,Bad
2975,3906,10000,2024-03-04,36,62,57523.27286924863,740,Employed,0,2024-03,Bad
2976,1081,5000,2024-09-14,36,28,65872.19867723521,558,Employed,0,2024-09,Bad
2977,824,5000,2024-09-13,36,18,20000.0,448,Contractor,0,2024-09,Bad
2978,3620,5000,2024-04-27,12,63,53708.97277057633,571,Employed,0,2024-04,Good
2979,3251,10000,2024-11-15,36,26,72029.80044775689,571,Self-Employed,0,2024-11,Good
2980,2116,5000,2024-11-23,12,31,51815.2734590095,539,Self-Employed,1,2024-11,Good
2981,3568,25000,2024-12-06,36,39,73309.30833059963,637,Employed,1,2024-12,Bad
2982,5121,5000,2024-01-24,36,18,50065.47347387143,762,Self-Employed,0,2024-01,Bad
2983,8240,10000,2024-08-23,36,47,38716.95464401926,634,Employed,1,2024-08,Good
2984,1441,10000,2024-11-10,12,65,55303.10545343826,310,Employed,1,2024-11,Good
2985,945,5000,2024-04-11,36,59,62274.41450091341,778,Employed,0,2024-04,Good
2986,3269,5000,2024-11-07,36,37,76681.30537956975,336,Employed,1,2024-11,Good
2987,3120,5000,2024-01-05,36,62,52408.74349061009,680,Employed,0,2024-01,Bad
2988,6073,25000,2024-04-18,24,40,48236.420964582925,772,Employed,1,2024-04,Good
2989,8547,10000,2024-07-01,24,48,54720.665111167094,804,Self-Employed,0,2024-07,Good
2990,3306,25000,2024-04-28,24,60,80805.40785079625,640,Self-Employed,0,2024-04,Good
2991,4796,10000,2024-10-18,12,34,104736.03208904246,463,Employed,1,2024-10,Bad
2992,1918,15000,2024-11-23,36,64,95767.57262461176,655,Employed,0,2024-11,Good
2993,6770,10000,2024-12-15,12,59,57486.600370530796,763,Self-Employed,0,2024-12,Bad
2994,369,5000,2024-07-01,36,65,40855.43417840102,401,Self-Employed,1,2024-07,Good
2995,1193,10000,2024-05-17,12,24,107683.24523898057,412,Employed,0,2024-05,Bad
2996,1387,10000,2024-03-25,24,46,89179.45306097374,774,Self-Employed,0,2024-03,Bad
2997,7345,15000,2024-06-22,36,64,31043.575346937825,669,Employed,0,2024-06,Bad
2998,2548,15000,2024-02-21,24,45,26076.222832338048,706,Employed,0,2024-02,Good
2999,4800,25000,2024-08-13,24,64,30387.04951437508,568,Employed,1,2024-08,Good
3000,6316,25000,2024-08-13,36,35,109432.36920076134,707,Employed,0,2024-08,Good
3001,1554,5000,2024-05-11,12,50,56844.15738896601,573,Employed,0,2024-05,Bad
3002,2811,25000,2024-07-02,24,56,102325.07761108008,698,Employed,0,2024-07,Good
3003,112,25000,2024-09-23,24,68,79169.29315460449,634,Employed,1,2024-09,Bad
3004,4073,15000,2024-04-14,36,59,57943.98520191928,678,Employed,0,2024-04,Good
3005,1064,5000,2024-06-26,36,53,85840.08012093371,337,Employed,1,2024-06,Bad
3006,4198,5000,2024-07-07,12,51,22906.685809648785,578,Contractor,0,2024-07,Good
3007,1393,25000,2024-05-30,24,36,54917.80520222653,693,Employed,0,2024-05,Bad
3008,1198,5000,2024-04-22,24,32,98416.43394397458,504,Employed,0,2024-04,Good
3009,341,5000,2024-10-12,12,37,59378.6736051287,502,Employed,0,2024-10,Bad
3010,5016,15000,2024-05-02,36,44,58243.240808134775,516,Contractor,0,2024-05,Bad
3011,2862,25000,2024-03-28,36,46,79986.2671580426,329,Employed,1,2024-03,Bad
3012,9398,5000,2024-01-25,36,60,71881.2171892091,339,Employed,0,2024-01,Bad
3013,8020,25000,2024-01-30,12,59,62499.3035264666,479,Employed,0,2024-01,Bad
3014,5795,25000,2024-06-15,36,30,92567.30115185946,799,Employed,0,2024-06,Bad
3015,9767,5000,2024-03-14,36,30,125458.89383931128,747,Employed,0,2024-03,Bad
3016,3307,10000,2024-03-13,12,58,82058.46955149148,528,Employed,0,2024-03,Bad
3017,6363,5000,2024-04-21,24,33,97432.43834813865,814,Self-Employed,0,2024-04,Good
3018,9733,10000,2024-07-29,24,39,39055.113174545404,669,Self-Employed,1,2024-07,Good
3019,6309,15000,2024-06-28,12,59,60988.74891835915,330,Self-Employed,1,2024-06,Bad
3020,3585,25000,2024-01-05,36,69,80092.83101360491,744,Self-Employed,0,2024-01,Bad
3021,6525,10000,2024-11-27,36,50,45734.551246866526,629,Employed,0,2024-11,Good
3022,5304,25000,2024-07-20,24,62,137852.73039420904,484,Contractor,0,2024-07,Good
3023,1927,15000,2024-09-12,36,28,55609.158482066494,759,Employed,0,2024-09,Bad
3024,3520,15000,2024-05-21,24,18,94124.77206409807,730,Contractor,0,2024-05,Bad
3025,7788,10000,2024-01-20,24,40,24441.984667655866,579,Contractor,1,2024-01,Bad
3026,9598,15000,2024-04-09,36,31,83916.06162767344,357,Self-Employed,0,2024-04,Good
3027,7550,25000,2024-10-07,24,69,103450.40704654084,794,Employed,0,2024-10,Bad
3028,2014,15000,2024-06-17,24,37,51530.24238558223,496,Employed,1,2024-06,Bad
3029,448,15000,2024-11-20,12,39,21327.607716361126,671,Employed,0,2024-11,Good
3030,1721,10000,2024-08-20,36,63,87815.508063511,847,Employed,1,2024-08,Good
3031,4094,15000,2024-03-31,12,20,42163.53550919443,604,Employed,1,2024-03,Bad
3032,34,5000,2024-09-14,36,45,70284.91418676647,783,Employed,1,2024-09,Bad
3033,497,25000,2024-01-28,36,42,80218.38972811043,633,Employed,0,2024-01,Bad
3034,1404,10000,2024-02-13,36,18,49596.413548776414,417,Contractor,1,2024-02,Good
3035,3220,5000,2024-05-20,36,53,48025.49133842169,501,Self-Employed,0,2024-05,Bad
3036,8078,10000,2024-03-25,24,38,33217.89377214745,496,Employed,0,2024-03,Bad
3037,2711,5000,2024-10-25,12,20,46112.52792165127,461,Employed,0,2024-10,Bad
3038,9795,15000,2024-11-06,12,43,54860.31608130803,846,Employed,0,2024-11,Good
3039,5671,5000,2024-11-15,24,24,32556.790607969186,577,Employed,0,2024-11,Good
3040,5219,5000,2024-09-24,12,68,100141.18993769909,480,Employed,0,2024-09,Bad
3041,3603,5000,2024-10-23,12,21,114592.60338696878,320,Employed,1,2024-10,Bad
3042,6105,25000,2024-02-13,36,47,106631.3058486174,839,Employed,0,2024-02,Good
3043,4097,10000,2024-01-11,36,42,80639.61484187501,810,Employed,0,2024-01,Bad
3044,2335,15000,2024-10-01,36,25,50215.131754048816,427,Employed,0,2024-10,Bad
3045,6117,15000,2024-11-11,36,56,84778.50010889709,562,Self-Employed,0,2024-11,Good
3046,1280,25000,2024-07-18,24,45,86788.10965219836,827,Employed,0,2024-07,Good
3047,3246,25000,2024-07-17,24,59,41337.73010028929,439,Self-Employed,0,2024-07,Good
3048,4950,25000,2024-04-30,24,37,44632.858669058245,315,Self-Employed,0,2024-04,Good
3049,50,5000,2024-01-14,12,42,20000.0,321,Employed,0,2024-01,Bad
3050,5652,25000,2024-03-04,36,48,85389.85611490408,326,Contractor,1,2024-03,Bad
3051,9967,25000,2024-08-07,12,29,97093.4858425352,599,Employed,0,2024-08,Good
3052,7211,5000,2024-05-31,36,47,64818.60753835847,446,Employed,0,2024-05,Bad
3053,3589,10000,2024-09-02,36,57,63108.22318357341,686,Employed,0,2024-09,Bad
3054,4047,25000,2024-04-04,12,25,39891.554342652336,622,Employed,0,2024-04,Good
3055,66,25000,2024-09-24,12,53,31634.73482724419,748,Employed,0,2024-09,Bad
3056,6540,5000,2024-07-11,12,43,80248.78468329943,603,Contractor,0,2024-07,Good
3057,5371,5000,2024-02-27,24,54,78200.90011369911,584,Self-Employed,0,2024-02,Good
3058,4224,5000,2024-04-03,12,18,56420.210782832204,849,Self-Employed,0,2024-04,Good
3059,188,10000,2024-10-24,24,47,72229.59182796814,835,Self-Employed,0,2024-10,Bad
3060,5303,25000,2024-01-01,12,58,49269.15591531451,657,Contractor,0,2024-01,Bad
3061,2889,25000,2024-12-27,24,25,87283.59754013116,743,Self-Employed,0,2024-12,Bad
3062,4858,5000,2024-11-23,12,20,75152.35047121668,406,Self-Employed,1,2024-11,Good
3063,667,5000,2024-07-24,24,22,52701.077378262926,352,Employed,0,2024-07,Good
3064,7580,25000,2024-07-11,12,54,119605.76504387255,671,Self-Employed,1,2024-07,Good
3065,9125,25000,2024-08-11,36,19,62875.83507779631,308,Self-Employed,1,2024-08,Good
3066,5139,25000,2024-02-07,12,52,103621.03656045647,762,Employed,0,2024-02,Good
3067,3853,5000,2024-11-27,12,32,25765.26011563291,447,Self-Employed,0,2024-11,Good
3068,4141,10000,2024-11-03,36,19,39109.89859886514,375,Employed,1,2024-11,Good
3069,618,10000,2024-04-20,36,40,104986.77350284474,840,Employed,1,2024-04,Good
3070,793,25000,2024-09-08,24,52,32025.787542437232,459,Employed,1,2024-09,Bad
3071,9443,15000,2024-12-01,36,59,20000.0,468,Employed,1,2024-12,Bad
3072,2445,10000,2024-03-24,24,32,94456.32118870007,582,Contractor,1,2024-03,Bad
3073,4234,15000,2024-12-29,12,32,87773.61009598688,691,Employed,0,2024-12,Bad
3074,1351,15000,2024-06-08,36,57,60399.19002002493,446,Employed,0,2024-06,Bad
3075,2276,25000,2024-06-03,24,54,45623.875924594,325,Employed,1,2024-06,Bad
3076,6251,5000,2024-04-07,12,33,74063.57727732403,749,Employed,0,2024-04,Good
3077,2207,15000,2024-07-07,24,64,66326.48282331547,567,Self-Employed,0,2024-07,Good
3078,1918,25000,2024-03-26,12,64,95767.57262461176,655,Employed,0,2024-03,Bad
3079,9314,5000,2024-03-02,24,33,59366.29665717481,745,Employed,0,2024-03,Bad
3080,609,10000,2024-09-15,12,66,54724.37658742067,312,Employed,1,2024-09,Bad
3081,8961,25000,2024-03-21,12,69,68600.77254948065,630,Self-Employed,0,2024-03,Bad
3082,784,10000,2024-12-12,24,26,29093.653376797054,469,Self-Employed,1,2024-12,Bad
3083,7067,25000,2024-12-24,12,32,44375.98283521898,689,Employed,0,2024-12,Bad
3084,2390,15000,2024-04-04,24,38,70903.56024697753,607,Self-Employed,0,2024-04,Good
3085,168,5000,2024-10-13,12,62,60333.02594216388,593,Employed,0,2024-10,Bad
3086,4780,15000,2024-08-08,36,23,72033.70868723943,666,Employed,1,2024-08,Good
3087,6776,25000,2024-07-10,36,60,92313.44584020758,728,Self-Employed,0,2024-07,Good
3088,3257,25000,2024-06-18,24,60,24570.70274886139,536,Employed,0,2024-06,Bad
3089,2480,15000,2024-02-27,36,28,81591.15867582103,737,Contractor,0,2024-02,Good
3090,7592,25000,2024-02-12,36,47,68881.15130145698,719,Employed,1,2024-02,Good
3091,9172,10000,2024-06-08,12,68,41523.67140745073,723,Contractor,0,2024-06,Bad
3092,2817,15000,2024-06-06,36,44,76122.3973752471,644,Self-Employed,0,2024-06,Bad
3093,8983,5000,2024-08-22,24,45,81856.20771061914,475,Employed,0,2024-08,Good
3094,1475,10000,2024-12-04,24,49,118645.62312691222,382,Employed,0,2024-12,Bad
3095,8126,10000,2024-10-27,12,26,56253.43342308907,530,Contractor,0,2024-10,Bad
3096,4002,25000,2024-05-23,36,56,55326.763835001315,360,Employed,1,2024-05,Bad
3097,7472,15000,2024-01-10,12,56,60066.121116633396,660,Contractor,0,2024-01,Bad
3098,7741,25000,2024-11-25,36,33,47112.18084693128,715,Employed,0,2024-11,Good
3099,9319,15000,2024-12-13,36,67,30016.423805353123,387,Self-Employed,0,2024-12,Bad
3100,9943,15000,2024-09-24,36,30,98918.21226780303,602,Self-Employed,0,2024-09,Bad
3101,6027,5000,2024-06-04,12,29,51424.451340355256,792,Employed,0,2024-06,Bad
3102,4751,25000,2024-01-18,12,51,57546.18684500249,759,Contractor,0,2024-01,Bad
3103,7307,15000,2024-10-10,36,42,29298.320597363876,669,Employed,1,2024-10,Bad
3104,8944,5000,2024-08-18,24,22,97665.42673237619,470,Self-Employed,1,2024-08,Good
3105,1233,15000,2024-09-26,36,64,59825.38527254078,387,Employed,0,2024-09,Bad
3106,6082,25000,2024-09-20,24,40,72291.47332972616,509,Employed,0,2024-09,Bad
3107,9051,15000,2024-12-21,36,38,46170.277180288336,593,Employed,0,2024-12,Bad
3108,4415,10000,2024-09-15,36,45,46004.94670030562,664,Employed,1,2024-09,Bad
3109,3861,25000,2024-07-20,24,50,68277.98311687868,690,Employed,0,2024-07,Good
3110,4729,10000,2024-05-16,24,47,68198.18005936449,342,Self-Employed,0,2024-05,Bad
3111,7646,5000,2024-02-16,12,35,98330.2640345011,479,Employed,0,2024-02,Good
3112,2700,15000,2024-03-03,24,59,81681.12868573105,312,Contractor,1,2024-03,Bad
3113,7280,25000,2024-03-17,36,53,82628.71647345442,840,Contractor,0,2024-03,Bad
3114,8075,5000,2024-12-07,12,23,49525.27992880793,546,Employed,1,2024-12,Bad
3115,5046,10000,2024-04-30,36,64,59135.52425952031,303,Employed,1,2024-04,Good
3116,2001,10000,2024-01-13,12,46,46776.018749170944,553,Employed,1,2024-01,Bad
3117,6007,10000,2024-06-27,36,42,97895.54600040556,649,Self-Employed,0,2024-06,Bad
3118,240,10000,2024-11-11,24,43,54096.11396231288,435,Employed,1,2024-11,Good
3119,7440,5000,2024-11-26,36,34,85583.92073692931,636,Employed,0,2024-11,Good
3120,2191,15000,2024-06-05,36,43,30698.020318259645,823,Contractor,0,2024-06,Bad
3121,4215,5000,2024-01-16,12,67,33428.381156795556,373,Employed,1,2024-01,Bad
3122,4692,15000,2024-09-02,24,59,20000.0,347,Employed,0,2024-09,Bad
3123,2016,25000,2024-07-10,24,26,36858.62580498538,755,Employed,0,2024-07,Good
3124,5371,10000,2024-12-06,36,54,78200.90011369911,584,Self-Employed,0,2024-12,Bad
3125,163,5000,2024-02-24,36,21,85701.47037233273,602,Employed,1,2024-02,Good
3126,4750,25000,2024-11-29,12,49,62567.22123246022,620,Self-Employed,0,2024-11,Good
3127,8542,15000,2024-11-06,12,60,58076.02264432086,472,Employed,0,2024-11,Good
3128,31,25000,2024-07-06,24,66,85677.8857141442,666,Employed,0,2024-07,Good
3129,6602,25000,2024-06-17,24,41,52995.760394819146,416,Employed,0,2024-06,Bad
3130,8006,15000,2024-07-26,12,61,65291.29269213114,607,Employed,0,2024-07,Good
3131,2176,25000,2024-01-09,12,53,64315.3919899064,495,Employed,0,2024-01,Bad
3132,2827,10000,2024-01-06,36,38,46830.64655415392,491,Employed,0,2024-01,Bad
3133,3620,15000,2024-04-11,36,63,53708.97277057633,571,Employed,0,2024-04,Good
3134,5066,15000,2024-05-25,12,36,49649.045961264725,417,Self-Employed,1,2024-05,Bad
3135,848,5000,2024-10-06,12,62,63687.37328653369,679,Employed,0,2024-10,Bad
3136,792,25000,2024-02-20,12,63,135608.26477507615,837,Employed,0,2024-02,Good
3137,7893,10000,2024-09-29,36,67,61154.780552974116,613,Self-Employed,0,2024-09,Bad
3138,509,10000,2024-08-15,24,33,47514.63649691781,843,Self-Employed,0,2024-08,Good
3139,7080,15000,2024-10-03,12,33,65939.17146768131,553,Self-Employed,1,2024-10,Bad
3140,7978,25000,2024-03-23,36,23,29998.586570915504,559,Employed,0,2024-03,Bad
3141,4333,15000,2024-11-13,24,27,49567.85732802782,824,Contractor,1,2024-11,Good
3142,7776,10000,2024-12-12,12,49,81283.2737998801,779,Employed,0,2024-12,Bad
3143,9205,10000,2024-04-26,24,53,99318.74165622183,431,Self-Employed,1,2024-04,Good
3144,3025,10000,2024-03-15,36,30,67139.86759861314,529,Contractor,0,2024-03,Bad
3145,3071,15000,2024-11-05,36,60,58240.71502160522,580,Employed,0,2024-11,Good
3146,1075,25000,2024-06-19,12,66,61921.58911619331,446,Employed,0,2024-06,Bad
3147,5969,25000,2024-08-01,24,66,43389.24215816155,325,Employed,1,2024-08,Good
3148,469,15000,2024-07-29,24,49,80344.27139474772,359,Employed,1,2024-07,Good
3149,1916,10000,2024-05-30,24,67,104309.95525675817,309,Contractor,0,2024-05,Bad
3150,4484,25000,2024-08-27,24,23,27479.94961844563,788,Contractor,1,2024-08,Good
3151,7230,10000,2024-04-30,36,59,84084.82698954924,303,Employed,0,2024-04,Good
3152,7321,15000,2024-11-04,24,69,32256.7006408092,333,Employed,1,2024-11,Good
3153,736,25000,2024-08-02,12,61,56849.68760457877,718,Employed,0,2024-08,Good
3154,8134,25000,2024-10-22,36,65,32227.199823196002,685,Employed,0,2024-10,Bad
3155,8170,15000,2024-09-21,12,27,104495.17393503874,694,Self-Employed,0,2024-09,Bad
3156,5049,15000,2024-05-31,24,22,47361.55131803847,527,Employed,1,2024-05,Bad
3157,5822,25000,2024-11-27,24,22,96804.96385625243,341,Contractor,0,2024-11,Good
3158,5677,5000,2024-03-16,36,41,62433.78566373421,537,Employed,0,2024-03,Bad
3159,4478,10000,2024-08-11,24,51,72726.17087560087,433,Employed,0,2024-08,Good
3160,96,5000,2024-05-09,12,42,67895.61468067365,829,Employed,0,2024-05,Bad
3161,9104,25000,2024-09-07,36,59,48635.87646010674,630,Employed,1,2024-09,Bad
3162,4389,5000,2024-11-21,24,33,102389.29341206065,579,Employed,0,2024-11,Good
3163,4437,15000,2024-09-16,12,61,53403.63926235136,508,Employed,0,2024-09,Bad
3164,8911,10000,2024-11-12,24,27,87658.5808849288,699,Employed,0,2024-11,Good
3165,6682,15000,2024-07-23,24,60,105123.36254384754,469,Employed,1,2024-07,Good
3166,9566,15000,2024-05-05,24,33,43180.973230286545,407,Self-Employed,1,2024-05,Bad
3167,7016,15000,2024-07-10,24,68,71981.00253052499,473,Employed,1,2024-07,Good
3168,7375,15000,2024-02-05,12,40,85402.02610284847,678,Employed,0,2024-02,Good
3169,5056,10000,2024-02-10,36,20,86456.76075454679,808,Employed,0,2024-02,Good
3170,7659,25000,2024-12-24,12,51,43522.39314874649,315,Employed,1,2024-12,Bad
3171,7003,25000,2024-06-14,12,19,66013.07355792525,315,Self-Employed,0,2024-06,Bad
3172,6011,10000,2024-12-03,36,59,64254.90545371398,534,Employed,0,2024-12,Bad
3173,3682,15000,2024-05-22,36,55,70212.29926438951,770,Employed,0,2024-05,Bad
3174,7191,5000,2024-10-30,24,62,72350.40998266578,451,Employed,0,2024-10,Bad
3175,2810,25000,2024-12-18,24,55,50075.16028947669,414,Employed,1,2024-12,Bad
3176,6036,15000,2024-08-21,12,37,51823.34704400565,592,Employed,0,2024-08,Good
3177,6127,5000,2024-08-15,24,39,63602.58833466011,506,Employed,1,2024-08,Good
3178,8697,5000,2024-07-09,36,52,20000.0,486,Employed,1,2024-07,Good
3179,6129,15000,2024-01-25,36,54,70166.9407134779,441,Employed,0,2024-01,Bad
3180,5979,10000,2024-09-16,24,36,61259.10139370519,628,Self-Employed,0,2024-09,Bad
3181,4061,15000,2024-01-18,12,64,61366.26444215287,360,Employed,1,2024-01,Bad
3182,2985,10000,2024-04-29,24,67,86504.56595987892,612,Employed,0,2024-04,Good
3183,2797,5000,2024-12-18,36,33,47467.76073021125,549,Employed,0,2024-12,Bad
3184,5445,25000,2024-03-24,36,49,68465.87571326128,335,Self-Employed,1,2024-03,Bad
3185,4932,10000,2024-07-31,12,42,93017.14266056489,673,Employed,1,2024-07,Good
3186,3927,10000,2024-11-24,36,21,77180.45486576068,798,Contractor,0,2024-11,Good
3187,7957,10000,2024-03-05,12,43,74866.10208391666,488,Employed,1,2024-03,Bad
3188,3809,25000,2024-01-27,12,23,77763.3844612809,663,Employed,0,2024-01,Bad
3189,8681,15000,2024-07-25,24,66,20000.0,549,Employed,1,2024-07,Good
3190,7312,5000,2024-03-28,24,49,84997.18224264958,593,Employed,1,2024-03,Bad
3191,6944,5000,2024-08-23,12,35,85548.0370603975,727,Employed,0,2024-08,Good
3192,2714,10000,2024-02-19,24,69,48479.14410474636,657,Employed,0,2024-02,Good
3193,9443,5000,2024-07-01,36,59,20000.0,468,Employed,1,2024-07,Good
3194,6119,10000,2024-12-30,12,38,35545.507816643076,320,Employed,1,2024-12,Bad
3195,5714,25000,2024-08-20,12,39,77502.82074052167,759,Employed,0,2024-08,Good
3196,1415,10000,2024-07-04,24,64,41771.59148725604,571,Employed,0,2024-07,Good
3197,9184,25000,2024-03-29,12,59,79499.30427584026,783,Self-Employed,0,2024-03,Bad
3198,6232,10000,2024-03-26,12,62,55430.53995726103,746,Employed,0,2024-03,Bad
3199,8592,10000,2024-04-13,12,68,90120.72873708094,518,Employed,0,2024-04,Good
3200,4056,25000,2024-04-19,24,36,121023.16390514481,433,Employed,0,2024-04,Good
3201,4100,15000,2024-04-29,12,32,99227.36456907127,462,Employed,0,2024-04,Good
3202,5293,25000,2024-03-28,12,68,48471.572195225686,771,Employed,0,2024-03,Bad
3203,9760,10000,2024-02-25,12,34,70629.2733056734,844,Employed,0,2024-02,Good
3204,3818,5000,2024-06-03,24,19,35488.48786919795,688,Employed,1,2024-06,Bad
3205,6483,15000,2024-03-30,12,59,59333.44490690001,337,Employed,1,2024-03,Bad
3206,5326,5000,2024-10-20,12,66,27311.17638416448,490,Employed,1,2024-10,Bad
3207,9318,15000,2024-12-26,24,68,60307.65171445587,830,Employed,0,2024-12,Bad
3208,6202,10000,2024-07-14,12,49,54250.214784629025,358,Employed,1,2024-07,Good
3209,5901,15000,2024-01-23,12,61,46470.93328412926,499,Self-Employed,0,2024-01,Bad
3210,3324,5000,2024-03-23,12,19,53833.92382963484,331,Contractor,1,2024-03,Bad
3211,7647,25000,2024-07-02,12,30,83801.15959047075,714,Employed,1,2024-07,Good
3212,2604,15000,2024-07-25,12,67,49314.481639340665,705,Employed,1,2024-07,Good
3213,1566,15000,2024-08-10,36,26,53468.32373754232,806,Self-Employed,0,2024-08,Good
3214,9111,10000,2024-03-28,12,26,79883.0821973166,822,Employed,0,2024-03,Bad
3215,4620,10000,2024-02-22,36,67,98067.58049972448,476,Employed,0,2024-02,Good
3216,1316,15000,2024-07-20,36,55,53086.154964161884,566,Employed,0,2024-07,Good
3217,7368,10000,2024-07-18,36,29,58344.67623983771,503,Employed,1,2024-07,Good
3218,4120,10000,2024-07-13,36,55,91835.31756026113,579,Employed,0,2024-07,Good
3219,1655,25000,2024-01-04,36,52,41226.16542263821,599,Employed,0,2024-01,Bad
3220,3459,15000,2024-12-26,24,46,67184.78572300305,418,Self-Employed,0,2024-12,Bad
3221,9806,5000,2024-01-21,24,66,49858.60916223419,531,Employed,1,2024-01,Bad
3222,242,25000,2024-11-05,24,23,63259.1636674973,646,Employed,0,2024-11,Good
3223,4299,10000,2024-08-31,36,33,62621.296923067,492,Employed,1,2024-08,Good
3224,4333,25000,2024-05-05,12,27,49567.85732802782,824,Contractor,1,2024-05,Bad
3225,9143,15000,2024-12-30,12,20,20000.0,705,Employed,0,2024-12,Bad
3226,3070,15000,2024-07-19,12,51,89446.80680527844,521,Employed,0,2024-07,Good
3227,8486,15000,2024-02-21,12,47,20000.0,601,Employed,1,2024-02,Good
3228,4306,5000,2024-08-30,24,53,74792.45040026182,694,Contractor,0,2024-08,Good
3229,8980,5000,2024-07-29,36,52,103536.42987080634,800,Employed,0,2024-07,Good
3230,1633,5000,2024-05-24,24,32,68635.68043514398,505,Employed,1,2024-05,Bad
3231,3074,10000,2024-02-13,12,38,117485.18801256274,453,Self-Employed,0,2024-02,Good
3232,4071,15000,2024-04-16,36,20,41538.322356472876,626,Employed,0,2024-04,Good
3233,2277,15000,2024-05-31,12,22,43637.663431548644,474,Employed,1,2024-05,Bad
3234,9684,5000,2024-04-22,24,42,58816.226821277174,371,Employed,1,2024-04,Good
3235,2602,25000,2024-08-10,24,55,57198.201698681674,535,Employed,0,2024-08,Good
3236,8578,25000,2024-06-03,24,20,63673.70020187235,807,Employed,0,2024-06,Bad
3237,7683,10000,2024-06-22,12,59,37430.59065449202,551,Employed,0,2024-06,Bad
3238,528,25000,2024-12-12,36,38,92963.74860638315,659,Employed,0,2024-12,Bad
3239,1412,10000,2024-12-12,36,68,75905.89262002638,781,Employed,0,2024-12,Bad
3240,5086,25000,2024-06-11,24,66,64744.85999022668,847,Employed,0,2024-06,Bad
3241,4198,25000,2024-07-03,36,51,22906.685809648785,578,Contractor,0,2024-07,Good
3242,390,25000,2024-10-11,12,50,129697.72433826711,407,Employed,0,2024-10,Bad
3243,9418,15000,2024-11-08,36,67,125291.00479471422,371,Employed,0,2024-11,Good
3244,3639,5000,2024-07-16,12,18,59159.825975428364,724,Contractor,0,2024-07,Good
3245,3793,15000,2024-02-24,24,46,56442.378913771274,510,Employed,0,2024-02,Good
3246,841,5000,2024-03-11,24,34,45823.31361499248,684,Employed,0,2024-03,Bad
3247,9570,25000,2024-07-16,24,39,68749.87724769348,809,Employed,0,2024-07,Good
3248,5713,5000,2024-02-22,36,40,73401.88531263366,354,Employed,1,2024-02,Good
3249,235,15000,2024-01-14,12,50,106834.0986538131,589,Employed,0,2024-01,Bad
3250,114,5000,2024-01-21,24,25,63775.87422853874,647,Employed,1,2024-01,Bad
3251,6080,5000,2024-12-25,12,39,33359.08887275473,755,Employed,0,2024-12,Bad
3252,3139,5000,2024-01-14,24,36,20000.0,784,Contractor,0,2024-01,Bad
3253,809,25000,2024-11-04,12,49,66709.28914919146,800,Self-Employed,0,2024-11,Good
3254,5160,5000,2024-04-24,24,59,59581.70527108846,306,Employed,1,2024-04,Good
3255,7901,25000,2024-12-17,12,46,74994.49794042128,695,Employed,1,2024-12,Bad
3256,411,25000,2024-08-05,12,44,27596.029670883756,763,Employed,1,2024-08,Good
3257,1319,10000,2024-07-13,12,35,51193.468697184784,843,Employed,0,2024-07,Good
3258,5685,5000,2024-07-25,36,54,97228.29588593612,390,Employed,0,2024-07,Good
3259,4904,25000,2024-12-06,24,46,70098.59643789988,773,Employed,0,2024-12,Bad
3260,9780,5000,2024-12-15,12,44,95238.28502840671,382,Employed,1,2024-12,Bad
3261,9253,5000,2024-04-20,36,31,69014.05295743549,781,Employed,0,2024-04,Good
3262,67,15000,2024-06-15,36,67,55358.18422555379,581,Employed,0,2024-06,Bad
3263,6547,10000,2024-04-10,36,20,62953.145570229026,475,Self-Employed,0,2024-04,Good
3264,2254,5000,2024-06-17,12,29,77903.60098965949,353,Self-Employed,1,2024-06,Bad
3265,8533,5000,2024-06-04,12,60,61821.09926358174,486,Employed,0,2024-06,Bad
3266,8188,25000,2024-09-14,36,69,51279.874430570795,333,Employed,1,2024-09,Bad
3267,5954,25000,2024-10-04,24,56,59120.87804372257,338,Self-Employed,1,2024-10,Bad
3268,956,15000,2024-08-23,12,66,101110.3048763772,801,Employed,0,2024-08,Good
3269,4305,10000,2024-05-07,12,50,22269.3400199351,642,Self-Employed,0,2024-05,Bad
3270,5634,10000,2024-12-17,24,63,89153.49152152622,789,Employed,0,2024-12,Bad
3271,2011,10000,2024-05-02,12,24,33887.838752778356,714,Employed,0,2024-05,Bad
3272,6820,5000,2024-07-07,24,29,80701.96742250622,356,Employed,1,2024-07,Good
3273,1889,10000,2024-12-01,24,24,64198.812645907165,668,Employed,0,2024-12,Bad
3274,369,15000,2024-10-18,12,65,40855.43417840102,401,Self-Employed,0,2024-10,Bad
3275,1763,15000,2024-12-02,36,52,40542.30125443755,571,Employed,0,2024-12,Bad
3276,994,5000,2024-10-31,12,40,40498.44245398465,617,Employed,1,2024-10,Bad
3277,8274,5000,2024-09-15,36,43,84607.11883159379,404,Employed,0,2024-09,Bad
3278,1188,5000,2024-10-05,12,56,52566.14071464767,690,Self-Employed,0,2024-10,Bad
3279,377,25000,2024-12-22,36,47,24324.876978331282,330,Contractor,1,2024-12,Bad
3280,3,5000,2024-08-18,24,46,80811.35541605751,542,Employed,0,2024-08,Good
3281,684,15000,2024-06-04,36,57,82251.84190841531,655,Employed,0,2024-06,Bad
3282,3728,5000,2024-04-18,36,34,45780.83974903698,488,Employed,0,2024-04,Good
3283,764,25000,2024-12-26,12,49,21426.31173783337,677,Self-Employed,0,2024-12,Bad
3284,8458,5000,2024-11-23,24,53,52793.1568825828,654,Employed,0,2024-11,Good
3285,2483,25000,2024-02-02,36,61,90950.31318289906,570,Employed,0,2024-02,Good
3286,725,25000,2024-05-05,36,58,33226.20697269293,458,Employed,1,2024-05,Bad
3287,2841,25000,2024-03-08,12,38,69131.00125162314,816,Self-Employed,0,2024-03,Bad
3288,5347,5000,2024-09-01,24,49,51679.0932805019,423,Self-Employed,0,2024-09,Bad
3289,2424,5000,2024-11-22,36,51,20000.0,341,Employed,1,2024-11,Good
3290,5382,15000,2024-09-23,12,33,61089.768030179934,370,Self-Employed,1,2024-09,Bad
3291,2476,10000,2024-05-15,24,21,59223.51157897754,717,Employed,0,2024-05,Bad
3292,5128,5000,2024-10-02,36,66,85464.86545858033,468,Employed,1,2024-10,Bad
3293,6050,15000,2024-03-02,36,37,111269.52856089333,808,Employed,0,2024-03,Bad
3294,9257,10000,2024-06-19,36,69,20000.0,765,Employed,0,2024-06,Bad
3295,5998,15000,2024-04-12,36,44,42858.2953998396,660,Self-Employed,0,2024-04,Good
3296,7425,10000,2024-04-01,36,47,82049.83248135363,763,Employed,0,2024-04,Good
3297,6787,15000,2024-03-15,24,48,62560.15274613965,546,Employed,1,2024-03,Bad
3298,6708,5000,2024-04-23,36,25,40806.1915113225,784,Employed,1,2024-04,Good
3299,5339,10000,2024-04-30,36,20,97904.40203825056,499,Self-Employed,0,2024-04,Good
3300,2292,25000,2024-08-01,36,56,80091.14347401846,425,Self-Employed,1,2024-08,Good
3301,5035,15000,2024-07-16,36,59,97900.18549296245,723,Self-Employed,0,2024-07,Good
3302,4399,5000,2024-09-19,12,28,93589.15112321533,424,Employed,0,2024-09,Bad
3303,4466,5000,2024-05-17,24,43,83744.16571222963,612,Employed,1,2024-05,Bad
3304,4947,10000,2024-06-16,24,37,78063.01916105975,355,Employed,1,2024-06,Bad
3305,8239,15000,2024-01-04,24,54,72869.06403637909,735,Employed,0,2024-01,Bad
3306,3662,5000,2024-07-19,36,68,64771.024036633615,652,Employed,0,2024-07,Good
3307,2565,25000,2024-04-11,24,58,84405.71261810265,301,Employed,1,2024-04,Good
3308,3326,15000,2024-01-19,36,51,26014.105521844365,405,Employed,0,2024-01,Bad
3309,4928,5000,2024-01-22,36,24,59876.6881439598,538,Employed,0,2024-01,Bad
3310,756,5000,2024-12-24,12,48,39802.20761429485,478,Employed,1,2024-12,Bad
3311,1453,25000,2024-05-08,36,19,62136.014313187006,632,Self-Employed,1,2024-05,Bad
3312,6180,5000,2024-05-28,24,23,49434.65250101703,571,Self-Employed,0,2024-05,Bad
3313,905,10000,2024-08-25,36,27,62325.713253538,679,Employed,1,2024-08,Good
3314,2455,15000,2024-01-07,24,36,64085.499003078854,701,Employed,0,2024-01,Bad
3315,3488,10000,2024-11-28,36,52,70901.07659560925,351,Self-Employed,1,2024-11,Good
3316,4061,10000,2024-01-23,12,64,61366.26444215287,360,Employed,0,2024-01,Bad
3317,5805,25000,2024-03-30,36,51,24043.858522636663,712,Employed,0,2024-03,Bad
3318,8971,10000,2024-01-18,24,55,102110.85096100572,642,Employed,1,2024-01,Bad
3319,1791,10000,2024-03-11,12,42,74225.41094562918,609,Self-Employed,0,2024-03,Bad
3320,7489,10000,2024-03-06,36,62,72370.76723024236,493,Employed,1,2024-03,Bad
3321,7737,5000,2024-02-22,12,68,75009.20723656402,829,Employed,0,2024-02,Good
3322,1602,25000,2024-07-10,36,36,56685.51550375312,714,Employed,0,2024-07,Good
3323,3844,5000,2024-05-21,12,55,55564.41497174176,833,Employed,0,2024-05,Bad
3324,6268,5000,2024-01-25,36,63,87772.67587584374,837,Employed,0,2024-01,Bad
3325,3676,10000,2024-09-06,24,51,118707.42159467397,432,Self-Employed,0,2024-09,Bad
3326,1006,5000,2024-02-02,36,45,44145.378781684405,365,Employed,1,2024-02,Good
3327,232,5000,2024-06-24,24,40,29894.01084346028,371,Employed,0,2024-06,Bad
3328,6577,5000,2024-02-08,36,60,46453.92097478811,425,Employed,1,2024-02,Good
3329,4587,10000,2024-07-30,36,27,47879.6972565276,308,Contractor,1,2024-07,Good
3330,2134,15000,2024-12-29,24,61,75120.5852202067,518,Employed,0,2024-12,Bad
3331,1691,15000,2024-05-12,24,56,118575.17636462275,835,Self-Employed,0,2024-05,Bad
3332,1224,5000,2024-04-22,24,53,91571.34232583041,427,Self-Employed,0,2024-04,Good
3333,4971,10000,2024-05-28,24,53,82169.35176258387,347,Employed,0,2024-05,Bad
3334,2204,25000,2024-11-10,36,55,20000.0,426,Employed,0,2024-11,Good
3335,9090,15000,2024-03-17,36,30,83420.92810262948,795,Employed,0,2024-03,Bad
3336,7883,5000,2024-01-14,36,34,69586.35566180582,607,Contractor,0,2024-01,Bad
3337,8344,10000,2024-02-23,24,22,150722.76195020534,641,Employed,0,2024-02,Good
3338,1352,15000,2024-09-09,36,66,20000.0,492,Employed,1,2024-09,Bad
3339,172,15000,2024-06-21,36,53,58217.12554829256,633,Employed,0,2024-06,Bad
3340,5525,10000,2024-06-17,12,22,68019.75581252776,314,Employed,0,2024-06,Bad
3341,1430,15000,2024-04-01,12,31,95303.23010583715,332,Employed,0,2024-04,Good
3342,8009,5000,2024-05-08,24,31,89550.27465303976,709,Employed,1,2024-05,Bad
3343,4858,5000,2024-05-09,24,20,75152.35047121668,406,Self-Employed,1,2024-05,Bad
3344,5818,10000,2024-03-12,12,29,20000.0,405,Employed,0,2024-03,Bad
3345,3434,10000,2024-09-11,36,63,84228.39448275082,578,Employed,0,2024-09,Bad
3346,3200,25000,2024-05-20,36,43,93453.75827419046,775,Employed,1,2024-05,Bad
3347,1360,25000,2024-11-02,24,36,41518.96148294983,425,Employed,1,2024-11,Good
3348,5874,5000,2024-05-05,36,63,64912.978785669955,701,Employed,1,2024-05,Bad
3349,8885,10000,2024-09-07,36,63,45828.26187205221,536,Employed,0,2024-09,Bad
3350,7433,25000,2024-01-02,12,25,55315.45637463213,384,Employed,1,2024-01,Bad
3351,100,25000,2024-01-10,12,32,87176.99441115718,644,Employed,0,2024-01,Bad
3352,3443,15000,2024-10-12,24,45,66644.71621622406,505,Self-Employed,1,2024-10,Bad
3353,3050,15000,2024-08-11,24,56,98648.37519595788,443,Employed,1,2024-08,Good
3354,8620,25000,2024-03-05,12,57,70913.55484037158,453,Employed,1,2024-03,Bad
3355,587,15000,2024-04-18,36,46,56833.1688122739,377,Employed,1,2024-04,Good
3356,256,25000,2024-10-26,12,33,83223.52986426126,504,Employed,0,2024-10,Bad
3357,1474,15000,2024-02-11,12,40,59118.152250689025,675,Employed,0,2024-02,Good
3358,721,10000,2024-09-15,24,45,59653.120811134024,424,Employed,1,2024-09,Bad
3359,2001,15000,2024-04-20,36,46,46776.018749170944,553,Employed,1,2024-04,Good
3360,3008,10000,2024-01-28,24,38,58296.52151895592,334,Employed,1,2024-01,Bad
3361,7947,5000,2024-02-20,24,59,76479.03289946396,579,Employed,0,2024-02,Good
3362,4503,15000,2024-07-31,12,50,46920.78902926517,618,Employed,0,2024-07,Good
3363,6191,10000,2024-05-04,12,36,37121.84343341281,714,Self-Employed,1,2024-05,Bad
3364,5113,25000,2024-09-25,24,21,94855.3620753498,370,Employed,0,2024-09,Bad
3365,1732,5000,2024-02-09,12,23,119916.15137447385,778,Employed,0,2024-02,Good
3366,4902,15000,2024-06-02,12,46,73081.17968833906,638,Employed,0,2024-06,Bad
3367,2178,25000,2024-12-25,36,56,82173.91580246693,378,Employed,1,2024-12,Bad
3368,1581,25000,2024-06-06,36,20,60792.48942070893,823,Employed,0,2024-06,Bad
3369,3227,15000,2024-10-20,24,41,92669.36296560822,399,Self-Employed,0,2024-10,Bad
3370,9186,15000,2024-12-26,36,40,41400.3746163028,794,Employed,0,2024-12,Bad
3371,4591,10000,2024-09-28,24,51,20000.0,711,Employed,1,2024-09,Bad
3372,1853,10000,2024-04-19,36,68,80373.61597578446,663,Contractor,0,2024-04,Good
3373,82,5000,2024-08-21,12,48,72726.18607581635,542,Self-Employed,0,2024-08,Good
3374,3851,15000,2024-11-06,12,45,72320.72108966709,724,Employed,0,2024-11,Good
3375,3013,5000,2024-06-25,24,24,20000.0,849,Self-Employed,0,2024-06,Bad
3376,2717,10000,2024-05-06,36,32,89857.47066719059,725,Employed,0,2024-05,Bad
3377,7193,15000,2024-03-20,12,25,38883.336734218916,392,Contractor,1,2024-03,Bad
3378,7502,25000,2024-02-21,24,59,55972.820915328266,565,Employed,0,2024-02,Good
3379,5302,5000,2024-10-31,36,19,80471.50825361589,381,Employed,1,2024-10,Bad
3380,1456,15000,2024-10-30,12,29,53879.829045737744,724,Employed,1,2024-10,Bad
3381,9390,25000,2024-11-25,36,24,88695.51941031167,848,Employed,0,2024-11,Good
3382,6953,10000,2024-03-22,24,23,28901.776937694318,689,Employed,1,2024-03,Bad
3383,3113,25000,2024-10-20,24,57,47314.01137969531,750,Employed,0,2024-10,Bad
3384,6589,5000,2024-09-29,24,29,97173.68215291048,404,Self-Employed,0,2024-09,Bad
3385,7563,15000,2024-02-10,12,48,43651.99256198204,575,Employed,0,2024-02,Good
3386,8108,25000,2024-11-05,24,51,76379.3917467206,823,Employed,0,2024-11,Good
3387,9504,15000,2024-10-22,36,46,71383.20429362611,648,Employed,0,2024-10,Bad
3388,8753,25000,2024-10-13,12,51,20000.0,624,Employed,0,2024-10,Bad
3389,5382,15000,2024-12-11,24,33,61089.768030179934,370,Self-Employed,1,2024-12,Bad
3390,2105,5000,2024-06-02,24,24,29940.76791440438,401,Employed,1,2024-06,Bad
3391,2054,10000,2024-08-19,12,39,77015.21483368368,372,Employed,0,2024-08,Good
3392,7727,10000,2024-11-27,24,51,20000.0,313,Employed,1,2024-11,Good
3393,9791,25000,2024-05-25,36,38,77387.91310362238,837,Employed,0,2024-05,Bad
3394,945,5000,2024-10-17,12,59,62274.41450091341,778,Employed,0,2024-10,Bad
3395,8086,15000,2024-02-25,36,52,43660.84288243484,626,Employed,1,2024-02,Good
3396,8771,5000,2024-01-30,36,65,98573.90829078066,758,Employed,0,2024-01,Bad
3397,9107,5000,2024-03-15,24,44,41574.82546884732,471,Contractor,0,2024-03,Bad
3398,8354,25000,2024-02-21,12,28,86614.61979379428,464,Employed,0,2024-02,Good
3399,7465,10000,2024-07-14,24,28,70196.33095344115,816,Self-Employed,0,2024-07,Good
3400,5737,5000,2024-11-06,36,51,97034.58495309087,516,Employed,0,2024-11,Good
3401,775,25000,2024-08-15,24,25,90256.8646709004,621,Employed,0,2024-08,Good
3402,57,15000,2024-05-17,24,45,89567.07856924852,839,Self-Employed,0,2024-05,Bad
3403,6672,10000,2024-06-30,36,61,93369.21537166912,383,Employed,1,2024-06,Bad
3404,7227,10000,2024-10-16,24,64,67780.58337102145,802,Employed,0,2024-10,Bad
3405,9382,15000,2024-07-09,36,59,87705.56310229322,635,Employed,0,2024-07,Good
3406,4045,5000,2024-06-07,12,65,31217.739932539138,428,Self-Employed,1,2024-06,Bad
3407,546,10000,2024-07-10,36,62,64497.53120575871,301,Employed,0,2024-07,Good
3408,2981,5000,2024-06-26,12,42,29593.278516484817,429,Self-Employed,1,2024-06,Bad
3409,4907,25000,2024-12-28,36,27,25875.652663955516,312,Contractor,1,2024-12,Bad
3410,9606,15000,2024-02-06,36,55,103178.30960387827,389,Self-Employed,0,2024-02,Good
3411,6396,10000,2024-08-11,24,53,65284.24771996235,752,Employed,0,2024-08,Good
3412,5499,15000,2024-06-08,12,30,123727.71395062582,668,Employed,0,2024-06,Bad
3413,3389,10000,2024-07-27,36,58,28083.569412048666,800,Employed,0,2024-07,Good
3414,3204,15000,2024-10-17,24,54,70878.38248415472,388,Employed,1,2024-10,Bad
3415,1413,25000,2024-09-05,24,50,35227.08735065683,664,Employed,0,2024-09,Bad
3416,572,25000,2024-07-03,12,60,37297.18854352827,408,Employed,0,2024-07,Good
3417,1741,5000,2024-12-06,24,69,74134.85604812852,637,Employed,0,2024-12,Bad
3418,3928,25000,2024-10-14,24,35,84182.68406506217,564,Employed,0,2024-10,Bad
3419,348,15000,2024-08-13,36,29,88948.3013803921,473,Employed,1,2024-08,Good
3420,845,15000,2024-08-13,12,63,20000.0,650,Self-Employed,1,2024-08,Good
3421,2666,25000,2024-01-08,12,69,40480.29978966102,803,Employed,0,2024-01,Bad
3422,4593,15000,2024-01-23,12,18,20000.0,797,Employed,0,2024-01,Bad
3423,5970,15000,2024-08-10,12,60,82319.39424270595,306,Contractor,1,2024-08,Good
3424,6075,15000,2024-12-14,24,44,20000.0,425,Employed,1,2024-12,Bad
3425,3591,5000,2024-06-14,12,47,48540.43205148887,766,Employed,0,2024-06,Bad
3426,8735,5000,2024-10-01,24,19,74047.69590902471,399,Employed,0,2024-10,Bad
3427,216,10000,2024-10-27,24,69,36956.2224286028,633,Self-Employed,0,2024-10,Bad
3428,6614,15000,2024-02-05,24,56,63562.425780127094,633,Employed,0,2024-02,Good
3429,1370,5000,2024-06-25,24,36,56054.30166396833,841,Employed,0,2024-06,Bad
3430,8478,25000,2024-07-06,12,54,89796.34251269644,463,Contractor,1,2024-07,Good
3431,8053,15000,2024-11-07,24,24,93342.21245246273,457,Employed,0,2024-11,Good
3432,3060,15000,2024-11-15,36,18,72200.70920763724,460,Self-Employed,1,2024-11,Good
3433,51,10000,2024-11-13,36,31,103362.05254486288,373,Employed,1,2024-11,Good
3434,5539,25000,2024-08-14,36,65,91407.21209365307,651,Self-Employed,0,2024-08,Good
3435,1726,25000,2024-02-28,36,41,69695.00845106305,445,Employed,1,2024-02,Good
3436,4567,15000,2024-09-13,24,45,55459.22261466972,745,Employed,0,2024-09,Bad
3437,9592,5000,2024-04-06,36,48,60887.13670509575,326,Self-Employed,1,2024-04,Good
3438,7858,10000,2024-07-27,36,67,88509.24221558243,305,Employed,0,2024-07,Good
3439,7827,10000,2024-09-05,24,24,147102.95503219712,675,Employed,0,2024-09,Bad
3440,1330,10000,2024-11-28,12,69,68147.16326441645,614,Employed,1,2024-11,Good
3441,4534,15000,2024-09-17,12,46,42680.66731809623,599,Employed,0,2024-09,Bad
3442,3323,10000,2024-02-27,12,65,55038.86812526583,474,Employed,0,2024-02,Good
3443,2899,5000,2024-02-26,12,61,55347.180597846454,485,Employed,1,2024-02,Good
3444,8941,25000,2024-06-18,24,59,64057.05125586022,744,Employed,0,2024-06,Bad
3445,524,5000,2024-03-13,24,33,65156.828904610455,500,Self-Employed,1,2024-03,Bad
3446,8847,10000,2024-12-06,12,57,72050.01356386277,740,Contractor,0,2024-12,Bad
3447,4602,25000,2024-01-22,36,47,71875.05745729528,336,Contractor,0,2024-01,Bad
3448,2954,10000,2024-02-22,24,21,44383.741492732814,599,Employed,0,2024-02,Good
3449,3190,10000,2024-02-26,36,47,81867.3744452155,603,Employed,0,2024-02,Good
3450,2109,15000,2024-04-12,36,21,79701.91687919579,642,Employed,1,2024-04,Good
3451,1205,25000,2024-04-21,36,44,57240.225215560866,718,Employed,0,2024-04,Good
3452,4040,10000,2024-11-02,12,64,74819.20907627812,439,Self-Employed,1,2024-11,Good
3453,4083,10000,2024-09-17,12,64,81676.63681820885,474,Contractor,0,2024-09,Bad
3454,6457,15000,2024-05-14,12,26,149444.20603223407,778,Employed,0,2024-05,Bad
3455,8457,25000,2024-11-15,36,47,45479.876210525166,632,Employed,0,2024-11,Good
3456,5149,10000,2024-07-03,36,38,85585.57961405779,793,Employed,0,2024-07,Good
3457,3335,10000,2024-01-26,24,57,102136.93423181374,442,Employed,0,2024-01,Bad
3458,712,5000,2024-01-25,24,44,74566.3387869373,558,Employed,0,2024-01,Bad
3459,9105,5000,2024-11-20,12,53,67758.38582898439,569,Employed,0,2024-11,Good
3460,5711,5000,2024-09-20,24,55,62970.170396613255,421,Employed,1,2024-09,Bad
3461,9927,15000,2024-01-09,36,28,46760.67666949023,833,Self-Employed,1,2024-01,Bad
3462,9638,5000,2024-11-05,36,19,88465.27696563733,841,Employed,0,2024-11,Good
3463,332,5000,2024-08-07,36,33,74982.94004297827,826,Employed,0,2024-08,Good
3464,8160,10000,2024-10-02,12,39,52860.24719887477,806,Self-Employed,0,2024-10,Bad
3465,3835,15000,2024-07-13,24,55,81107.76250270501,717,Self-Employed,0,2024-07,Good
3466,8344,25000,2024-06-20,36,22,150722.76195020534,641,Employed,0,2024-06,Bad
3467,8900,10000,2024-06-18,12,39,46407.50207737042,509,Self-Employed,1,2024-06,Bad
3468,7211,10000,2024-04-21,12,47,64818.60753835847,446,Employed,1,2024-04,Good
3469,8613,15000,2024-06-19,24,22,71995.53989860693,831,Contractor,0,2024-06,Bad
3470,5805,15000,2024-08-01,36,51,24043.858522636663,712,Employed,0,2024-08,Good
3471,7658,10000,2024-06-22,12,47,46665.21572714705,655,Employed,0,2024-06,Bad
3472,7734,10000,2024-10-16,12,23,77224.73826650112,754,Self-Employed,0,2024-10,Bad
3473,253,10000,2024-03-08,36,39,25444.42083133806,751,Employed,1,2024-03,Bad
3474,9191,15000,2024-05-25,12,24,41245.61344825513,490,Employed,0,2024-05,Bad
3475,5828,10000,2024-05-18,12,37,51135.168989186204,332,Contractor,1,2024-05,Bad
3476,3556,10000,2024-08-06,24,36,69873.87731030468,805,Employed,0,2024-08,Good
3477,8485,25000,2024-11-24,24,36,56300.26126011042,764,Employed,0,2024-11,Good
3478,9433,5000,2024-01-25,24,25,85246.15152798567,711,Employed,0,2024-01,Bad
3479,8361,5000,2024-09-08,24,25,35829.43076164834,802,Employed,0,2024-09,Bad
3480,7808,5000,2024-08-02,24,31,62668.48336145588,766,Employed,0,2024-08,Good
3481,7553,5000,2024-06-13,36,18,45578.447534465195,421,Employed,0,2024-06,Bad
3482,37,5000,2024-03-21,12,64,98777.85224966788,315,Employed,1,2024-03,Bad
3483,1445,10000,2024-11-03,36,35,52078.82792065429,726,Self-Employed,0,2024-11,Good
3484,6023,10000,2024-03-17,36,33,62937.16202721514,436,Employed,1,2024-03,Bad
3485,4392,25000,2024-11-19,24,30,90829.74660907869,771,Employed,0,2024-11,Good
3486,6579,15000,2024-10-10,36,58,79710.90450600768,475,Employed,0,2024-10,Bad
3487,7905,25000,2024-06-06,12,34,69951.42314712875,599,Employed,1,2024-06,Bad
3488,7794,15000,2024-06-22,36,44,73911.9276167373,838,Employed,1,2024-06,Bad
3489,6678,15000,2024-06-16,36,40,37098.395598202624,760,Employed,0,2024-06,Bad
3490,7467,25000,2024-05-28,24,31,48582.24000558833,687,Employed,0,2024-05,Bad
3491,6718,10000,2024-05-22,36,28,61987.56465251601,793,Employed,0,2024-05,Bad
3492,7862,25000,2024-05-10,36,24,57969.68844279279,366,Self-Employed,1,2024-05,Bad
3493,9115,5000,2024-12-02,24,27,75416.47651371484,591,Employed,0,2024-12,Bad
3494,7184,25000,2024-04-06,12,30,69044.78851506801,462,Employed,1,2024-04,Good
3495,6421,10000,2024-09-20,24,64,46929.13012054376,414,Employed,0,2024-09,Bad
3496,4745,10000,2024-12-11,24,66,69624.06468355216,600,Employed,0,2024-12,Bad
3497,4379,15000,2024-06-13,36,23,20000.0,837,Contractor,0,2024-06,Bad
3498,1663,15000,2024-01-19,24,43,67061.04416587106,555,Self-Employed,0,2024-01,Bad
3499,999,25000,2024-10-09,24,35,20000.0,501,Employed,1,2024-10,Bad
3500,4303,15000,2024-01-16,12,28,60720.51575509002,835,Employed,0,2024-01,Bad
3501,7831,25000,2024-01-02,36,69,61888.584257139446,751,Self-Employed,0,2024-01,Bad
3502,2525,15000,2024-01-10,12,56,55612.49899811073,726,Employed,0,2024-01,Bad
3503,6736,10000,2024-04-15,12,65,87576.45416842333,475,Self-Employed,1,2024-04,Good
3504,131,15000,2024-01-17,24,41,65219.591372453695,640,Employed,0,2024-01,Bad
3505,3017,5000,2024-07-22,12,28,31496.877608630355,590,Self-Employed,1,2024-07,Good
3506,1187,10000,2024-01-07,12,68,86679.68532069348,365,Employed,0,2024-01,Bad
3507,4295,5000,2024-07-19,24,30,96440.32781441628,449,Employed,1,2024-07,Good
3508,8136,10000,2024-02-15,24,53,91877.58634522348,570,Employed,0,2024-02,Good
3509,4835,25000,2024-06-26,36,23,71472.18789281764,438,Employed,1,2024-06,Bad
3510,7216,10000,2024-01-10,24,32,49952.57097668466,798,Employed,0,2024-01,Bad
3511,7990,15000,2024-09-28,24,50,67843.94208700693,491,Employed,1,2024-09,Bad
3512,9710,5000,2024-09-13,24,30,48490.46573661152,685,Self-Employed,0,2024-09,Bad
3513,4199,10000,2024-05-16,36,28,62315.53453974886,355,Employed,0,2024-05,Bad
3514,6,25000,2024-01-13,12,25,105238.01664439932,456,Self-Employed,0,2024-01,Bad
3515,711,5000,2024-07-07,24,56,46153.44715772597,713,Self-Employed,0,2024-07,Good
3516,8204,10000,2024-05-23,36,50,54449.85258227299,538,Employed,1,2024-05,Bad
3517,2151,25000,2024-08-13,24,24,77522.93322714644,548,Employed,0,2024-08,Good
3518,6843,10000,2024-10-12,12,45,100847.11170490674,702,Employed,0,2024-10,Bad
3519,9906,10000,2024-07-23,12,28,54543.77711800422,425,Employed,0,2024-07,Good
3520,4523,5000,2024-11-23,24,42,80588.14497064646,564,Employed,0,2024-11,Good
3521,5809,10000,2024-07-01,24,55,52232.90154510873,795,Contractor,0,2024-07,Good
3522,4951,5000,2024-01-11,36,61,53616.439421367184,372,Self-Employed,1,2024-01,Bad
3523,3283,5000,2024-11-26,12,20,20796.724182332044,500,Employed,0,2024-11,Good
3524,7893,15000,2024-02-17,24,67,61154.780552974116,613,Self-Employed,0,2024-02,Good
3525,5554,5000,2024-09-19,24,66,69485.35427622103,691,Employed,1,2024-09,Bad
3526,3605,10000,2024-09-13,24,45,75427.38311058116,786,Employed,0,2024-09,Bad
3527,7155,10000,2024-03-27,24,63,58451.37483939115,582,Employed,0,2024-03,Bad
3528,7140,10000,2024-02-01,36,19,78215.87038336397,822,Employed,0,2024-02,Good
3529,3983,10000,2024-11-13,36,36,76784.78156912477,503,Self-Employed,0,2024-11,Good
3530,178,5000,2024-05-22,12,45,54402.74894194119,715,Employed,1,2024-05,Bad
3531,4514,15000,2024-04-01,12,58,82545.5760135836,318,Employed,1,2024-04,Good
3532,8746,5000,2024-07-07,36,56,100155.80898156382,559,Contractor,1,2024-07,Good
3533,7775,10000,2024-03-18,12,39,98617.12933076537,694,Contractor,0,2024-03,Bad
3534,242,5000,2024-11-28,36,23,63259.1636674973,646,Employed,0,2024-11,Good
3535,9572,15000,2024-02-03,24,28,85068.18931094244,603,Contractor,0,2024-02,Good
3536,9789,25000,2024-05-27,24,27,75452.28568766505,338,Employed,1,2024-05,Bad
3537,8029,15000,2024-04-27,36,37,69134.61922559657,829,Self-Employed,0,2024-04,Good
3538,7396,15000,2024-01-24,24,30,71704.17374554934,543,Employed,1,2024-01,Bad
3539,1301,25000,2024-01-28,24,57,21770.427762414496,654,Employed,0,2024-01,Bad
3540,7924,15000,2024-09-23,36,61,21122.449218220958,405,Employed,1,2024-09,Bad
3541,7479,15000,2024-08-30,24,39,103502.69559360079,555,Self-Employed,0,2024-08,Good
3542,3396,5000,2024-08-01,12,32,84537.4309865158,400,Employed,0,2024-08,Good
3543,1071,15000,2024-02-07,24,28,47085.66278939737,671,Employed,1,2024-02,Good
3544,4918,15000,2024-07-27,12,58,35422.86211875587,846,Employed,1,2024-07,Good
3545,6674,10000,2024-08-01,36,22,77713.38294067828,552,Employed,0,2024-08,Good
3546,6644,15000,2024-05-08,12,40,73406.57377964738,422,Contractor,1,2024-05,Bad
3547,9981,5000,2024-04-30,24,31,56908.77388227097,687,Employed,0,2024-04,Good
3548,4288,25000,2024-07-30,12,61,73555.63948560864,723,Self-Employed,0,2024-07,Good
3549,6238,10000,2024-06-09,24,32,89261.56592266666,836,Employed,1,2024-06,Bad
3550,5027,5000,2024-04-18,24,26,91545.4161497433,304,Employed,1,2024-04,Good
3551,9965,10000,2024-03-05,12,31,81775.65028472123,454,Employed,0,2024-03,Bad
3552,3806,15000,2024-03-04,24,45,99503.47347171287,412,Self-Employed,1,2024-03,Bad
3553,2215,5000,2024-01-09,12,34,132769.8574760133,390,Contractor,1,2024-01,Bad
3554,8122,10000,2024-02-01,24,25,42002.54573884616,318,Self-Employed,1,2024-02,Good
3555,8249,5000,2024-11-05,36,35,64409.55051453859,813,Self-Employed,0,2024-11,Good
3556,6150,10000,2024-05-04,36,55,79338.97092193563,565,Employed,0,2024-05,Bad
3557,238,15000,2024-10-08,12,19,85420.92528577453,379,Employed,0,2024-10,Bad
3558,733,25000,2024-11-13,12,50,52225.27074510682,513,Self-Employed,1,2024-11,Good
3559,6164,25000,2024-04-18,36,66,86485.35636898632,518,Self-Employed,0,2024-04,Good
3560,3890,5000,2024-06-18,36,51,104212.97463681386,536,Employed,0,2024-06,Bad
3561,2825,25000,2024-06-24,36,19,104396.89523754924,661,Self-Employed,0,2024-06,Bad
3562,1228,5000,2024-09-01,36,32,46831.45237794952,847,Employed,1,2024-09,Bad
3563,6520,5000,2024-09-12,24,64,47090.142657481345,404,Employed,1,2024-09,Bad
3564,2455,15000,2024-10-12,12,36,64085.499003078854,701,Employed,0,2024-10,Bad
3565,6224,15000,2024-08-19,12,33,20000.0,484,Contractor,1,2024-08,Good
3566,768,10000,2024-05-30,36,29,88466.00056697361,686,Employed,1,2024-05,Bad
3567,8169,5000,2024-04-12,12,68,72048.72184522628,829,Employed,0,2024-04,Good
3568,2425,10000,2024-01-25,12,65,90540.88034569021,455,Employed,1,2024-01,Bad
3569,6184,10000,2024-05-20,24,34,56823.16422840534,752,Employed,0,2024-05,Bad
3570,3425,15000,2024-06-01,24,21,29395.809995310025,655,Employed,0,2024-06,Bad
3571,4549,5000,2024-09-29,12,64,86568.86479881717,519,Employed,1,2024-09,Bad
3572,7591,15000,2024-04-17,24,51,72934.06583138404,681,Employed,0,2024-04,Good
3573,714,5000,2024-01-27,36,43,21430.700652973974,310,Employed,1,2024-01,Bad
3574,86,25000,2024-05-18,12,31,92981.1229391024,312,Employed,1,2024-05,Bad
3575,1579,25000,2024-05-13,24,56,55480.91490345489,786,Employed,0,2024-05,Bad
3576,6380,10000,2024-03-19,24,56,50657.42139268371,450,Employed,1,2024-03,Bad
3577,2017,15000,2024-10-19,12,55,63967.715955383464,353,Employed,1,2024-10,Bad
3578,5702,15000,2024-08-11,12,30,20000.0,840,Employed,0,2024-08,Good
3579,3715,5000,2024-08-03,36,50,54093.424195499276,731,Employed,0,2024-08,Good
3580,9464,10000,2024-07-21,24,66,58854.52183222356,490,Employed,0,2024-07,Good
3581,9817,15000,2024-04-15,12,44,92426.88266031569,735,Employed,0,2024-04,Good
3582,2409,10000,2024-06-13,24,63,20000.0,456,Employed,0,2024-06,Bad
3583,6319,15000,2024-07-20,24,26,87670.85365932315,848,Employed,0,2024-07,Good
3584,6972,25000,2024-11-10,24,26,75934.31685449171,599,Employed,0,2024-11,Good
3585,2852,15000,2024-01-10,24,69,65044.87182195268,390,Employed,1,2024-01,Bad
3586,1398,15000,2024-09-13,12,45,66418.54208242049,737,Employed,0,2024-09,Bad
3587,4157,25000,2024-08-24,12,18,84350.56935177631,328,Employed,1,2024-08,Good
3588,3242,10000,2024-02-21,36,27,64650.669288098165,835,Employed,0,2024-02,Good
3589,1531,10000,2024-08-02,12,63,20000.0,389,Contractor,0,2024-08,Good
3590,775,10000,2024-05-25,24,25,90256.8646709004,621,Employed,0,2024-05,Bad
3591,2462,25000,2024-12-08,36,44,42257.98901718811,692,Contractor,0,2024-12,Bad
3592,7986,25000,2024-09-17,12,43,68866.21358091563,562,Employed,0,2024-09,Bad
3593,8308,25000,2024-12-23,12,61,64653.446637393215,558,Employed,0,2024-12,Bad
3594,7343,10000,2024-08-10,36,32,49825.913853184116,587,Employed,0,2024-08,Good
3595,5248,10000,2024-04-12,12,51,36256.46361580268,816,Employed,0,2024-04,Good
3596,7657,10000,2024-07-30,12,68,36995.02996397052,717,Employed,0,2024-07,Good
3597,1350,10000,2024-12-14,12,45,55910.667627124276,741,Employed,0,2024-12,Bad
3598,2746,5000,2024-02-17,24,30,77299.8371709124,386,Employed,1,2024-02,Good
3599,2848,25000,2024-10-15,36,52,69162.32817787811,321,Employed,1,2024-10,Bad
3600,8015,25000,2024-07-03,36,45,63943.300039130176,506,Contractor,1,2024-07,Good
3601,627,25000,2024-04-12,24,58,59322.34980547685,831,Employed,0,2024-04,Good
3602,5586,10000,2024-08-11,36,39,93961.7999118332,750,Self-Employed,0,2024-08,Good
3603,5962,10000,2024-10-07,12,55,79789.27546132744,631,Employed,0,2024-10,Bad
3604,7592,5000,2024-10-26,24,47,68881.15130145698,719,Employed,0,2024-10,Bad
3605,9832,5000,2024-03-31,24,62,99635.94454140955,627,Employed,0,2024-03,Bad
3606,7131,10000,2024-04-20,24,47,48836.788013087134,703,Employed,0,2024-04,Good
3607,8429,10000,2024-11-17,36,21,50291.49856730785,735,Employed,1,2024-11,Good
3608,3058,10000,2024-05-07,24,33,57884.362393658026,703,Self-Employed,0,2024-05,Bad
3609,5868,25000,2024-09-07,24,47,60999.03316051639,587,Employed,0,2024-09,Bad
3610,9160,5000,2024-07-14,24,57,50326.04475059289,590,Employed,1,2024-07,Good
3611,5937,25000,2024-06-01,36,55,64894.952115221095,733,Self-Employed,0,2024-06,Bad
3612,7206,15000,2024-10-05,36,40,78012.81241570698,356,Employed,1,2024-10,Bad
3613,6008,15000,2024-12-21,36,51,81168.59838546612,397,Self-Employed,0,2024-12,Bad
3614,9212,15000,2024-12-08,24,47,55004.43291011331,310,Self-Employed,0,2024-12,Bad
3615,2007,15000,2024-04-29,12,32,49168.18238224318,552,Employed,1,2024-04,Good
3616,9755,25000,2024-10-10,36,42,80692.55986379803,847,Employed,0,2024-10,Bad
3617,9034,15000,2024-09-20,12,30,55007.58772910023,338,Employed,1,2024-09,Bad
3618,2204,10000,2024-08-12,12,55,20000.0,426,Employed,1,2024-08,Good
3619,9005,15000,2024-09-10,36,53,86365.68276376757,469,Employed,0,2024-09,Bad
3620,6784,10000,2024-06-05,36,68,46157.308878456344,548,Employed,1,2024-06,Bad
3621,3198,25000,2024-07-02,12,52,98355.72985431727,456,Employed,0,2024-07,Good
3622,9902,5000,2024-01-15,36,55,77670.28494157623,581,Employed,1,2024-01,Bad
3623,5667,5000,2024-10-19,12,63,55312.71712736415,820,Employed,0,2024-10,Bad
3624,7407,15000,2024-12-28,12,36,56693.18246874779,768,Employed,0,2024-12,Bad
3625,9257,5000,2024-04-29,24,69,20000.0,765,Employed,1,2024-04,Good
3626,2509,10000,2024-12-06,12,32,97069.87422097451,823,Self-Employed,0,2024-12,Bad
3627,1719,15000,2024-09-04,24,65,32762.985319757812,357,Employed,0,2024-09,Bad
3628,2594,15000,2024-04-27,24,66,108258.04537142921,616,Employed,0,2024-04,Good
3629,1473,10000,2024-04-01,36,63,20000.0,427,Employed,0,2024-04,Good
3630,699,10000,2024-02-05,36,39,112506.71060777412,408,Self-Employed,1,2024-02,Good
3631,7569,25000,2024-12-01,12,19,60110.169078769366,826,Self-Employed,0,2024-12,Bad
3632,6451,10000,2024-01-12,36,53,77690.29557358118,651,Employed,1,2024-01,Bad
3633,9137,25000,2024-01-28,36,18,54592.11856639931,526,Employed,0,2024-01,Bad
3634,8329,15000,2024-10-15,36,59,87873.88332525559,734,Self-Employed,0,2024-10,Bad
3635,1226,5000,2024-03-15,36,41,43481.07995745451,436,Employed,1,2024-03,Bad
3636,2703,5000,2024-03-19,12,62,81563.40083496533,770,Employed,0,2024-03,Bad
3637,2205,25000,2024-07-29,24,62,68451.96021043867,798,Employed,0,2024-07,Good
3638,3327,5000,2024-07-01,24,33,38056.98135520996,781,Employed,0,2024-07,Good
3639,2229,5000,2024-03-19,24,48,40517.49424293412,528,Employed,1,2024-03,Bad
3640,4949,15000,2024-07-19,36,58,39529.87006023216,348,Employed,0,2024-07,Good
3641,3803,25000,2024-07-23,36,68,86788.89915720354,814,Employed,0,2024-07,Good
3642,3100,10000,2024-11-01,12,36,52396.78315870841,691,Employed,0,2024-11,Good
3643,1539,5000,2024-01-29,24,46,36574.17792131282,789,Self-Employed,0,2024-01,Bad
3644,9761,15000,2024-11-09,12,31,20000.0,392,Self-Employed,1,2024-11,Good
3645,4165,15000,2024-10-08,24,42,96957.02368648717,642,Employed,0,2024-10,Bad
3646,8794,5000,2024-01-23,12,21,86646.81471460858,808,Employed,0,2024-01,Bad
3647,4975,10000,2024-01-17,12,18,43556.67058487452,668,Employed,0,2024-01,Bad
3648,6979,10000,2024-05-12,12,19,75534.0063576677,348,Self-Employed,1,2024-05,Bad
3649,546,25000,2024-02-28,24,62,64497.53120575871,301,Employed,1,2024-02,Good
3650,5933,25000,2024-05-23,36,40,53506.46512342402,751,Employed,0,2024-05,Bad
3651,6204,25000,2024-04-12,24,61,64173.299965955805,778,Employed,0,2024-04,Good
3652,8376,15000,2024-04-03,36,48,74455.65713578775,828,Contractor,0,2024-04,Good
3653,838,10000,2024-09-17,12,27,20000.0,661,Self-Employed,0,2024-09,Bad
3654,1893,25000,2024-10-08,24,51,37578.12301540034,662,Employed,0,2024-10,Bad
3655,1389,15000,2024-06-19,36,20,55941.31106134744,359,Employed,1,2024-06,Bad
3656,7166,10000,2024-05-05,24,36,73222.28841817602,337,Employed,1,2024-05,Bad
3657,1458,5000,2024-03-26,24,22,63871.92774189871,803,Self-Employed,0,2024-03,Bad
3658,2801,25000,2024-07-04,24,56,59622.15499573775,752,Self-Employed,0,2024-07,Good
3659,3304,25000,2024-04-18,12,51,31843.445951271075,700,Contractor,0,2024-04,Good
3660,9646,10000,2024-01-02,36,68,78874.17912496533,301,Employed,1,2024-01,Bad
3661,7287,5000,2024-02-13,12,33,63102.53037300848,726,Contractor,0,2024-02,Good
3662,6474,5000,2024-07-22,36,40,100560.57388214555,833,Employed,0,2024-07,Good
3663,3287,15000,2024-04-15,12,41,46169.90546022573,770,Employed,1,2024-04,Good
3664,7490,25000,2024-08-06,24,57,60106.87552290293,674,Employed,0,2024-08,Good
3665,1173,5000,2024-04-18,12,68,73530.39606230083,817,Employed,0,2024-04,Good
3666,1712,15000,2024-02-13,24,31,49443.2444276501,535,Employed,0,2024-02,Good
3667,5497,25000,2024-08-04,36,32,60704.73840493315,820,Self-Employed,0,2024-08,Good
3668,8973,25000,2024-10-31,36,19,61217.52400575732,408,Self-Employed,1,2024-10,Bad
3669,7488,25000,2024-03-31,24,20,81747.11225539353,740,Employed,0,2024-03,Bad
3670,1029,25000,2024-03-21,24,51,77643.38581181997,823,Self-Employed,0,2024-03,Bad
3671,6546,5000,2024-07-03,12,62,50244.45084235913,380,Employed,0,2024-07,Good
3672,2251,5000,2024-05-13,12,54,79808.23867533359,543,Contractor,0,2024-05,Bad
3673,4150,5000,2024-12-03,12,25,59011.103526572515,444,Employed,0,2024-12,Bad
3674,4384,10000,2024-10-25,36,50,81836.81990395577,320,Employed,1,2024-10,Bad
3675,7452,10000,2024-02-13,24,40,81767.17926815583,802,Employed,1,2024-02,Good
3676,3670,25000,2024-03-06,36,62,46441.79967808571,760,Contractor,0,2024-03,Bad
3677,9261,5000,2024-10-27,24,50,84098.63409288666,373,Employed,1,2024-10,Bad
3678,8476,15000,2024-01-19,24,45,46322.43115832334,602,Employed,1,2024-01,Bad
3679,9025,5000,2024-08-30,36,32,61720.49614337899,360,Contractor,1,2024-08,Good
3680,4678,15000,2024-09-04,12,32,56605.53455648945,581,Employed,1,2024-09,Bad
3681,6091,25000,2024-01-04,12,28,110768.59562078155,711,Contractor,0,2024-01,Bad
3682,3489,25000,2024-04-06,36,69,55349.43005323255,550,Contractor,1,2024-04,Good
3683,3213,25000,2024-12-19,24,21,66047.39802885691,365,Self-Employed,1,2024-12,Bad
3684,917,5000,2024-04-05,36,60,77753.10903125186,815,Employed,0,2024-04,Good
3685,8763,5000,2024-07-28,12,20,97122.91962187708,773,Employed,0,2024-07,Good
3686,2095,15000,2024-08-23,24,49,73024.93909215058,798,Self-Employed,0,2024-08,Good
3687,6270,15000,2024-05-16,36,21,54766.99463533287,569,Employed,0,2024-05,Bad
3688,4907,10000,2024-12-22,12,27,25875.652663955516,312,Contractor,1,2024-12,Bad
3689,6043,25000,2024-02-17,24,18,65884.28542721597,817,Self-Employed,0,2024-02,Good
3690,8813,15000,2024-06-12,36,23,43700.718873750644,755,Employed,0,2024-06,Bad
3691,8963,5000,2024-07-13,36,50,109550.60281753683,738,Employed,0,2024-07,Good
3692,6732,15000,2024-09-30,12,37,42068.458945567814,417,Employed,1,2024-09,Bad
3693,4794,10000,2024-10-22,36,69,102116.0465469127,364,Contractor,1,2024-10,Bad
3694,9807,5000,2024-11-16,36,38,95080.31955730714,745,Employed,0,2024-11,Good
3695,65,5000,2024-06-29,36,34,46505.72090067582,378,Employed,1,2024-06,Bad
3696,3699,5000,2024-04-23,36,52,69348.68021032028,376,Employed,0,2024-04,Good
3697,202,15000,2024-11-04,12,25,38268.637656123,379,Employed,1,2024-11,Good
3698,4238,25000,2024-03-02,24,66,99433.37573820855,331,Employed,1,2024-03,Bad
3699,3170,25000,2024-05-05,24,65,35564.58736876778,428,Self-Employed,1,2024-05,Bad
3700,2865,25000,2024-06-11,36,55,100475.8902841816,547,Employed,1,2024-06,Bad
3701,6361,25000,2024-07-03,12,35,56158.68612796122,331,Self-Employed,1,2024-07,Good
3702,5413,25000,2024-11-12,36,19,67577.93956114093,322,Employed,1,2024-11,Good
3703,7676,5000,2024-05-19,36,46,64807.2837129439,472,Employed,0,2024-05,Bad
3704,9350,5000,2024-08-30,36,67,59951.34828117453,780,Self-Employed,0,2024-08,Good
3705,2310,15000,2024-02-18,36,18,65836.08669932878,423,Employed,1,2024-02,Good
3706,6428,5000,2024-05-29,24,54,36725.31528786034,676,Employed,0,2024-05,Bad
3707,102,15000,2024-03-30,36,18,61319.86803286007,609,Employed,0,2024-03,Bad
3708,377,15000,2024-11-19,36,47,24324.876978331282,330,Contractor,1,2024-11,Good
3709,8398,10000,2024-11-22,36,62,65541.63529258908,737,Employed,0,2024-11,Good
3710,3664,5000,2024-12-16,24,24,113157.14637138482,767,Self-Employed,0,2024-12,Bad
3711,9827,15000,2024-10-04,12,56,86856.00423083104,518,Contractor,0,2024-10,Bad
3712,6295,25000,2024-12-24,12,58,71550.41435896189,600,Employed,1,2024-12,Bad
3713,1061,25000,2024-10-22,12,48,65027.748617182326,839,Employed,0,2024-10,Bad
3714,5594,10000,2024-05-26,12,37,35659.24018633005,844,Self-Employed,0,2024-05,Bad
3715,5564,15000,2024-02-22,12,44,69932.83530725667,331,Employed,1,2024-02,Good
3716,5125,5000,2024-10-12,36,65,90020.51244421036,404,Employed,1,2024-10,Bad
3717,9082,25000,2024-06-02,36,65,67028.59579624051,687,Self-Employed,1,2024-06,Bad
3718,1563,25000,2024-05-29,12,62,84603.66040883746,835,Contractor,0,2024-05,Bad
3719,3196,10000,2024-03-01,24,36,93404.78436606356,720,Employed,0,2024-03,Bad
3720,811,25000,2024-03-13,36,66,73291.19167814407,574,Employed,1,2024-03,Bad
3721,9251,15000,2024-10-28,12,26,98982.28560841276,719,Employed,0,2024-10,Bad
3722,9453,10000,2024-02-27,24,33,41622.92908931132,420,Employed,1,2024-02,Good
3723,8704,25000,2024-01-29,12,56,78024.42183729429,749,Self-Employed,0,2024-01,Bad
3724,4413,5000,2024-08-11,24,51,113826.49238849741,563,Self-Employed,1,2024-08,Good
3725,4399,15000,2024-02-22,12,28,93589.15112321533,424,Employed,0,2024-02,Good
3726,9318,25000,2024-06-07,36,68,60307.65171445587,830,Employed,0,2024-06,Bad
3727,5432,5000,2024-10-14,12,45,85272.8443153924,782,Employed,0,2024-10,Bad
3728,4178,15000,2024-01-09,12,67,93791.63957618689,685,Contractor,0,2024-01,Bad
3729,658,25000,2024-02-06,12,53,88811.54926340423,498,Contractor,1,2024-02,Good
3730,6337,10000,2024-09-20,12,31,81046.97653694423,676,Employed,0,2024-09,Bad
3731,53,5000,2024-03-08,12,26,53505.88460423809,533,Self-Employed,0,2024-03,Bad
3732,5111,25000,2024-11-03,24,60,81554.2188486875,665,Contractor,0,2024-11,Good
3733,1109,10000,2024-10-28,36,23,78444.2047592121,616,Contractor,0,2024-10,Bad
3734,987,15000,2024-09-29,36,62,48663.42760687982,560,Contractor,0,2024-09,Bad
3735,6027,15000,2024-01-21,36,29,51424.451340355256,792,Employed,0,2024-01,Bad
3736,8048,5000,2024-02-17,24,29,20000.0,413,Employed,1,2024-02,Good
3737,4737,5000,2024-09-21,12,64,90676.51067182544,352,Employed,0,2024-09,Bad
3738,8403,15000,2024-09-08,36,33,55032.45543792027,332,Employed,1,2024-09,Bad
3739,4960,10000,2024-01-05,24,20,98362.65333344595,510,Contractor,0,2024-01,Bad
3740,776,15000,2024-01-06,12,67,63890.96361221096,826,Employed,0,2024-01,Bad
3741,9107,25000,2024-08-17,36,44,41574.82546884732,471,Contractor,0,2024-08,Good
3742,7440,25000,2024-02-15,24,34,85583.92073692931,636,Employed,0,2024-02,Good
3743,506,10000,2024-04-06,24,20,27186.775867528107,405,Employed,1,2024-04,Good
3744,3299,25000,2024-04-21,36,24,20000.0,694,Employed,0,2024-04,Good
3745,4189,25000,2024-07-25,12,30,88074.43912851077,831,Self-Employed,0,2024-07,Good
3746,4426,5000,2024-12-22,24,49,74321.05621639562,755,Employed,0,2024-12,Bad
3747,3002,25000,2024-05-10,24,29,63573.4677142211,357,Contractor,1,2024-05,Bad
3748,261,10000,2024-06-07,12,46,90847.02637310521,315,Employed,0,2024-06,Bad
3749,8902,15000,2024-04-12,24,64,63707.55151561921,371,Employed,1,2024-04,Good
3750,1952,10000,2024-05-14,12,49,67727.0742587458,461,Self-Employed,1,2024-05,Bad
3751,2371,5000,2024-01-16,36,23,91418.12278201047,833,Self-Employed,0,2024-01,Bad
3752,6154,10000,2024-04-01,12,62,40376.346872074195,310,Employed,0,2024-04,Good
3753,8280,15000,2024-08-14,24,26,55834.9357540314,647,Employed,0,2024-08,Good
3754,6484,15000,2024-05-22,12,26,81228.6930267605,430,Employed,0,2024-05,Bad
3755,5669,10000,2024-09-19,12,51,47766.7732979982,351,Employed,0,2024-09,Bad
3756,2735,15000,2024-12-20,12,31,69069.91545249781,458,Employed,1,2024-12,Bad
3757,2257,5000,2024-04-21,12,66,51800.14945585966,816,Employed,1,2024-04,Good
3758,1073,10000,2024-08-27,24,32,78272.35785539873,694,Employed,0,2024-08,Good
3759,3922,25000,2024-07-02,36,59,80877.50028994813,471,Employed,1,2024-07,Good
3760,2970,10000,2024-04-07,36,33,57310.71457210502,785,Employed,0,2024-04,Good
3761,5943,25000,2024-05-26,12,66,37118.83659057965,514,Employed,0,2024-05,Bad
3762,3278,25000,2024-07-24,36,31,45951.46904662291,331,Self-Employed,0,2024-07,Good
3763,3970,10000,2024-01-19,24,52,46142.54668482143,619,Employed,1,2024-01,Bad
3764,7921,15000,2024-03-27,24,37,59302.89279045235,333,Employed,0,2024-03,Bad
3765,1489,25000,2024-09-16,36,60,58526.53008554024,494,Self-Employed,1,2024-09,Bad
3766,9851,25000,2024-07-10,36,65,64052.679205132765,644,Employed,0,2024-07,Good
3767,7960,10000,2024-05-09,24,69,35819.76285964102,435,Employed,0,2024-05,Bad
3768,9324,25000,2024-07-22,12,35,57974.42006809864,582,Employed,0,2024-07,Good
3769,2188,10000,2024-01-23,12,32,20000.0,592,Employed,1,2024-01,Bad
3770,5211,25000,2024-07-02,24,34,20000.0,627,Employed,0,2024-07,Good
3771,271,25000,2024-04-16,36,24,77952.5425507494,374,Employed,1,2024-04,Good
3772,7378,10000,2024-03-22,36,56,82825.64626082372,601,Employed,0,2024-03,Bad
3773,9789,10000,2024-12-02,36,27,75452.28568766505,338,Employed,0,2024-12,Bad
3774,366,5000,2024-06-07,36,64,26030.325124403964,416,Employed,1,2024-06,Bad
3775,8195,15000,2024-11-09,36,40,75028.45653160574,427,Employed,1,2024-11,Good
3776,3052,5000,2024-09-24,36,64,99004.20327070032,508,Employed,0,2024-09,Bad
3777,784,10000,2024-04-30,36,26,29093.653376797054,469,Self-Employed,1,2024-04,Good
3778,4484,25000,2024-06-11,36,23,27479.94961844563,788,Contractor,0,2024-06,Bad
3779,7139,15000,2024-01-04,12,35,50091.88277270198,580,Employed,1,2024-01,Bad
3780,9225,10000,2024-10-10,12,54,110476.92975489513,836,Self-Employed,0,2024-10,Bad
3781,7160,5000,2024-08-17,36,58,62464.8042569534,551,Employed,0,2024-08,Good
3782,5486,25000,2024-10-15,36,29,78455.29013730644,520,Employed,1,2024-10,Bad
3783,238,25000,2024-11-25,12,19,85420.92528577453,379,Employed,1,2024-11,Good
3784,7059,10000,2024-07-24,24,33,89614.82237239492,413,Employed,1,2024-07,Good
3785,1463,25000,2024-01-05,12,51,65793.98641453627,333,Employed,1,2024-01,Bad
3786,9064,5000,2024-09-22,36,47,73725.30671570198,457,Contractor,1,2024-09,Bad
3787,9414,25000,2024-06-01,12,63,75750.33809528388,597,Employed,0,2024-06,Bad
3788,1667,5000,2024-01-17,36,32,74780.23318093485,511,Employed,0,2024-01,Bad
3789,6297,25000,2024-08-30,12,22,55957.07530456838,549,Employed,0,2024-08,Good
3790,1657,15000,2024-07-07,12,62,52084.6450309973,539,Employed,0,2024-07,Good
3791,1132,10000,2024-07-30,12,48,92354.48868803689,649,Employed,0,2024-07,Good
3792,811,10000,2024-11-11,36,66,73291.19167814407,574,Employed,0,2024-11,Good
3793,56,25000,2024-10-15,24,37,95749.75921096708,633,Employed,0,2024-10,Bad
3794,3524,10000,2024-05-16,36,21,20000.0,790,Employed,0,2024-05,Bad
3795,7560,15000,2024-06-26,24,35,48829.09239580941,378,Employed,1,2024-06,Bad
3796,2663,5000,2024-06-07,24,33,91454.25234560254,795,Employed,0,2024-06,Bad
3797,3280,15000,2024-06-22,24,38,86945.65078097815,403,Employed,1,2024-06,Bad
3798,1534,15000,2024-08-30,24,18,47995.66309130123,394,Employed,0,2024-08,Good
3799,4012,5000,2024-04-20,24,68,38102.65428189351,424,Employed,1,2024-04,Good
3800,934,10000,2024-05-11,24,20,82104.08021522386,411,Employed,0,2024-05,Bad
3801,663,5000,2024-01-31,36,59,55868.97556275384,421,Employed,0,2024-01,Bad
3802,3846,5000,2024-01-04,36,61,87669.68182330996,398,Employed,0,2024-01,Bad
3803,3024,5000,2024-01-18,12,46,63221.9927292416,592,Employed,0,2024-01,Bad
3804,5968,10000,2024-12-03,24,43,49228.41223291478,435,Employed,1,2024-12,Bad
3805,8336,5000,2024-08-19,36,50,95529.14375010217,352,Employed,0,2024-08,Good
3806,7908,15000,2024-10-16,36,65,89383.393372219,808,Employed,0,2024-10,Bad
3807,6610,5000,2024-02-17,36,29,69511.70354578015,830,Employed,0,2024-02,Good
3808,6281,5000,2024-03-03,36,54,20000.0,645,Employed,0,2024-03,Bad
3809,8432,25000,2024-09-26,12,19,37295.63258788134,543,Employed,1,2024-09,Bad
3810,2005,25000,2024-03-30,36,37,28093.436399955513,361,Employed,1,2024-03,Bad
3811,6593,15000,2024-03-27,12,49,53389.95546475223,790,Employed,0,2024-03,Bad
3812,5435,10000,2024-10-15,24,30,95567.79482079827,815,Employed,0,2024-10,Bad
3813,4247,25000,2024-03-21,12,46,79262.15215199227,431,Self-Employed,0,2024-03,Bad
3814,3397,15000,2024-06-18,36,65,43392.8684514866,342,Contractor,1,2024-06,Bad
3815,7571,25000,2024-06-08,24,54,78728.16688895912,436,Employed,0,2024-06,Bad
3816,8995,25000,2024-04-21,12,27,20000.0,826,Contractor,0,2024-04,Good
3817,8545,10000,2024-04-08,12,61,40073.49181591844,795,Employed,0,2024-04,Good
3818,1975,10000,2024-06-19,12,55,68785.18476561944,786,Employed,0,2024-06,Bad
3819,9326,25000,2024-07-03,36,65,61825.30466987549,479,Employed,1,2024-07,Good
3820,4562,25000,2024-05-22,24,26,66989.48866391402,463,Employed,0,2024-05,Bad
3821,1064,10000,2024-11-01,12,53,85840.08012093371,337,Employed,1,2024-11,Good
3822,1396,10000,2024-08-30,36,50,60411.795696071174,772,Self-Employed,0,2024-08,Good
3823,9741,15000,2024-03-11,24,24,60618.915925892215,645,Employed,1,2024-03,Bad
3824,1531,25000,2024-03-03,12,63,20000.0,389,Contractor,1,2024-03,Bad
3825,53,10000,2024-03-10,24,26,53505.88460423809,533,Self-Employed,1,2024-03,Bad
3826,3152,25000,2024-05-20,36,65,84633.64007525708,324,Self-Employed,1,2024-05,Bad
3827,5865,15000,2024-04-13,24,19,60456.661559602355,337,Employed,1,2024-04,Good
3828,5671,5000,2024-05-25,24,24,32556.790607969186,577,Employed,1,2024-05,Bad
3829,2787,25000,2024-06-11,24,36,64898.17907196412,808,Self-Employed,0,2024-06,Bad
3830,1145,15000,2024-01-01,12,57,91787.89838952597,403,Employed,1,2024-01,Bad
3831,2113,5000,2024-08-03,12,20,49228.86123022859,696,Employed,1,2024-08,Good
3832,296,25000,2024-05-04,12,18,20000.0,490,Employed,0,2024-05,Bad
3833,4743,15000,2024-02-05,12,38,34324.648067786606,368,Self-Employed,1,2024-02,Good
3834,1581,5000,2024-08-29,12,20,60792.48942070893,823,Employed,0,2024-08,Good
3835,6279,15000,2024-07-26,12,49,98125.11637364097,388,Employed,0,2024-07,Good
3836,2426,15000,2024-09-11,12,54,100909.20085609384,752,Self-Employed,0,2024-09,Bad
3837,8148,15000,2024-10-28,36,47,73299.09821416384,545,Employed,0,2024-10,Bad
3838,7220,15000,2024-09-09,36,40,42034.58853692419,324,Employed,1,2024-09,Bad
3839,7012,5000,2024-06-13,24,56,58033.59165301727,684,Employed,0,2024-06,Bad
3840,2628,10000,2024-05-01,24,48,52525.3186005222,801,Self-Employed,0,2024-05,Bad
3841,4806,15000,2024-03-22,36,32,26910.05473329583,403,Employed,1,2024-03,Bad
3842,6147,5000,2024-10-26,36,43,74129.22502620802,515,Self-Employed,0,2024-10,Bad
3843,9786,15000,2024-12-14,24,42,119438.8547170193,629,Employed,0,2024-12,Bad
3844,7619,25000,2024-11-19,36,50,77768.38874018184,702,Employed,0,2024-11,Good
3845,8702,25000,2024-03-16,36,47,98738.65784584358,601,Employed,0,2024-03,Bad
3846,7936,10000,2024-11-28,36,42,78688.49550422633,356,Contractor,0,2024-11,Good
3847,1892,5000,2024-11-29,24,49,35795.554303745,436,Self-Employed,1,2024-11,Good
3848,1462,25000,2024-06-27,24,26,60872.98587492385,754,Employed,0,2024-06,Bad
3849,6921,5000,2024-07-20,12,52,52175.6439008047,832,Contractor,0,2024-07,Good
3850,2000,25000,2024-03-26,24,20,63893.16700388378,303,Self-Employed,1,2024-03,Bad
3851,1971,5000,2024-09-21,12,36,65803.57867411402,411,Employed,0,2024-09,Bad
3852,1552,15000,2024-12-02,36,39,31513.255626056096,677,Self-Employed,0,2024-12,Bad
3853,3852,15000,2024-12-09,12,61,20000.0,605,Employed,1,2024-12,Bad
3854,102,25000,2024-03-09,36,18,61319.86803286007,609,Employed,0,2024-03,Bad
3855,8084,10000,2024-04-15,12,59,49380.68543055961,731,Self-Employed,0,2024-04,Good
3856,1461,25000,2024-03-05,36,47,61408.51175257205,700,Employed,0,2024-03,Bad
3857,8926,25000,2024-01-27,24,30,41948.673820564334,637,Employed,0,2024-01,Bad
3858,533,10000,2024-01-06,12,54,47264.2210667881,664,Employed,0,2024-01,Bad
3859,92,15000,2024-11-04,12,35,20000.0,827,Employed,0,2024-11,Good
3860,1820,15000,2024-04-26,36,62,61328.66196861748,807,Self-Employed,1,2024-04,Good
3861,1157,25000,2024-05-25,36,22,85505.8099576496,331,Employed,1,2024-05,Bad
3862,4935,5000,2024-06-12,24,19,67857.7188264812,754,Employed,0,2024-06,Bad
3863,8697,25000,2024-04-06,12,52,20000.0,486,Employed,0,2024-04,Good
3864,4937,15000,2024-11-05,24,27,37766.434057197344,531,Employed,1,2024-11,Good
3865,4783,5000,2024-06-10,24,40,50203.098341422694,323,Employed,0,2024-06,Bad
3866,6869,10000,2024-10-14,24,55,81158.00407839564,840,Employed,0,2024-10,Bad
3867,9126,15000,2024-02-20,36,29,31696.855868083818,448,Employed,1,2024-02,Good
3868,9448,10000,2024-05-10,24,36,47157.18840335995,457,Self-Employed,0,2024-05,Bad
3869,884,15000,2024-11-16,24,55,57028.84111263172,691,Employed,0,2024-11,Good
3870,2705,15000,2024-09-10,36,47,39019.495900230846,560,Employed,0,2024-09,Bad
3871,6442,5000,2024-12-06,36,53,105092.54638667326,713,Employed,0,2024-12,Bad
3872,4060,15000,2024-01-13,24,30,111045.39023466519,755,Contractor,1,2024-01,Bad
3873,4319,25000,2024-01-08,12,45,106604.80136959748,832,Contractor,0,2024-01,Bad
3874,2110,10000,2024-09-20,12,23,89058.62923166424,699,Employed,1,2024-09,Bad
3875,7073,15000,2024-11-09,36,41,44217.80261295274,429,Employed,1,2024-11,Good
3876,9471,25000,2024-12-12,24,50,78917.94941583546,772,Self-Employed,0,2024-12,Bad
3877,7619,10000,2024-12-24,12,50,77768.38874018184,702,Employed,0,2024-12,Bad
3878,390,25000,2024-12-08,12,50,129697.72433826711,407,Employed,1,2024-12,Bad
3879,1649,15000,2024-05-15,24,59,79473.21621428087,625,Employed,0,2024-05,Bad
3880,8958,25000,2024-11-12,12,21,77015.28038121486,640,Employed,0,2024-11,Good
3881,8540,10000,2024-09-04,12,50,71485.49978157898,480,Employed,1,2024-09,Bad
3882,9538,10000,2024-07-17,36,59,33168.613704828516,739,Employed,0,2024-07,Good
3883,6016,10000,2024-03-16,12,27,47805.39262936423,512,Employed,1,2024-03,Bad
3884,8522,15000,2024-12-23,12,38,45702.740620351135,746,Employed,1,2024-12,Bad
3885,3794,5000,2024-12-28,36,58,87552.2827897067,396,Employed,0,2024-12,Bad
3886,6065,25000,2024-04-03,12,41,48876.788491942556,325,Employed,1,2024-04,Good
3887,9166,10000,2024-11-25,36,32,63845.9514007507,419,Employed,0,2024-11,Good
3888,1246,10000,2024-01-18,24,44,102452.4408371946,444,Employed,1,2024-01,Bad
3889,2238,5000,2024-06-20,12,29,82180.96125988221,575,Employed,1,2024-06,Bad
3890,2620,10000,2024-05-27,12,69,68046.11160331135,311,Self-Employed,0,2024-05,Bad
3891,8397,10000,2024-01-02,36,58,44271.41286391487,367,Employed,1,2024-01,Bad
3892,7916,15000,2024-01-30,12,66,49159.003352235566,794,Employed,0,2024-01,Bad
3893,363,5000,2024-06-20,12,47,89301.42414349304,641,Contractor,0,2024-06,Bad
3894,332,10000,2024-09-06,36,33,74982.94004297827,826,Employed,0,2024-09,Bad
3895,7594,15000,2024-02-16,12,34,99405.7992658893,530,Self-Employed,0,2024-02,Good
3896,6988,15000,2024-10-25,36,61,76306.85944121447,524,Self-Employed,0,2024-10,Bad
3897,422,15000,2024-01-11,12,46,78839.23827669483,591,Employed,0,2024-01,Bad
3898,8955,15000,2024-10-01,24,46,87544.1171985071,582,Employed,0,2024-10,Bad
3899,2784,5000,2024-01-04,36,32,81047.35307146596,793,Employed,0,2024-01,Bad
3900,5291,5000,2024-06-14,24,33,81000.66545960824,498,Self-Employed,0,2024-06,Bad
3901,249,15000,2024-07-19,24,22,75900.1443805645,425,Employed,1,2024-07,Good
3902,6325,5000,2024-06-10,36,64,76251.36677962866,393,Employed,1,2024-06,Bad
3903,483,25000,2024-11-02,24,36,60243.97888966961,326,Employed,0,2024-11,Good
3904,5504,25000,2024-08-26,12,38,61616.64415192226,474,Employed,0,2024-08,Good
3905,4415,15000,2024-04-13,36,45,46004.94670030562,664,Employed,0,2024-04,Good
3906,8892,10000,2024-12-04,12,32,79085.24877055331,331,Employed,1,2024-12,Bad
3907,5233,10000,2024-02-06,24,25,57969.910114930826,536,Contractor,1,2024-02,Good
3908,3862,25000,2024-08-11,36,41,87121.06457002896,820,Self-Employed,0,2024-08,Good
3909,6707,15000,2024-02-28,24,42,57310.565260906405,609,Employed,0,2024-02,Good
3910,9560,25000,2024-12-29,12,29,79364.04293841789,461,Contractor,1,2024-12,Bad
3911,8315,25000,2024-08-07,36,62,98646.87507944292,351,Employed,1,2024-08,Good
3912,750,10000,2024-12-26,24,35,86620.61096227528,362,Employed,0,2024-12,Bad
3913,1598,25000,2024-09-30,36,64,72367.98132255753,459,Employed,0,2024-09,Bad
3914,8778,15000,2024-01-25,24,56,70009.86962190879,823,Employed,0,2024-01,Bad
3915,6389,10000,2024-07-25,12,63,111753.46732053263,783,Employed,0,2024-07,Good
3916,8736,10000,2024-01-25,36,27,34440.929824893654,389,Contractor,1,2024-01,Bad
3917,5577,25000,2024-03-24,24,36,54252.49736980283,339,Employed,1,2024-03,Bad
3918,2201,5000,2024-09-04,24,19,45515.616868497076,832,Employed,0,2024-09,Bad
3919,2704,25000,2024-09-04,12,52,44428.60246203919,459,Self-Employed,1,2024-09,Bad
3920,8207,15000,2024-02-20,36,35,44931.95709437709,717,Self-Employed,1,2024-02,Good
3921,9659,5000,2024-01-10,24,38,73159.52519613902,550,Employed,0,2024-01,Bad
3922,7954,15000,2024-06-25,12,20,38013.15201063637,730,Employed,0,2024-06,Bad
3923,8437,10000,2024-05-04,36,64,61468.95447328671,834,Self-Employed,0,2024-05,Bad
3924,2615,15000,2024-06-14,24,34,52097.08395321413,638,Self-Employed,0,2024-06,Bad
3925,9091,15000,2024-12-13,24,43,68701.43534727037,779,Employed,1,2024-12,Bad
3926,1479,15000,2024-05-05,36,34,87458.98920867464,818,Employed,0,2024-05,Bad
3927,9575,25000,2024-10-28,36,52,76771.72148438451,693,Contractor,0,2024-10,Bad
3928,8244,25000,2024-09-03,24,18,20000.0,365,Employed,1,2024-09,Bad
3929,4919,15000,2024-03-10,12,22,88345.26065187491,558,Employed,0,2024-03,Bad
3930,2275,25000,2024-01-11,12,23,94193.54813819447,383,Employed,1,2024-01,Bad
3931,2162,10000,2024-03-23,12,61,26941.642042956395,605,Employed,0,2024-03,Bad
3932,3609,10000,2024-06-08,36,63,96666.5313299603,504,Self-Employed,1,2024-06,Bad
3933,604,5000,2024-02-27,24,27,83628.77160712043,823,Self-Employed,0,2024-02,Good
3934,4044,25000,2024-12-06,12,52,81071.38734907369,336,Employed,0,2024-12,Bad
3935,7255,25000,2024-03-19,36,19,63928.59380849155,471,Employed,0,2024-03,Bad
3936,5370,15000,2024-07-03,24,52,89859.46827480115,593,Employed,0,2024-07,Good
3937,3493,5000,2024-03-17,24,64,60392.7749541822,758,Employed,0,2024-03,Bad
3938,9197,10000,2024-03-11,36,32,51029.59270658012,402,Employed,0,2024-03,Bad
3939,6755,10000,2024-04-25,36,62,63763.335716918715,413,Employed,1,2024-04,Good
3940,3135,15000,2024-07-03,12,47,46676.849047286625,308,Employed,0,2024-07,Good
3941,815,25000,2024-11-18,24,42,55002.50024726709,362,Employed,1,2024-11,Good
3942,8724,15000,2024-01-15,24,48,84892.17550305967,636,Employed,0,2024-01,Bad
3943,759,5000,2024-12-05,24,33,84660.15529989541,695,Employed,0,2024-12,Bad
3944,6,10000,2024-01-03,24,25,105238.01664439932,456,Self-Employed,0,2024-01,Bad
3945,8777,5000,2024-02-27,12,27,69242.12727144378,846,Employed,0,2024-02,Good
3946,3677,10000,2024-10-09,24,44,62652.41078217382,388,Employed,1,2024-10,Bad
3947,1535,10000,2024-07-06,36,68,32890.32409818714,685,Employed,0,2024-07,Good
3948,1485,5000,2024-09-15,12,42,58841.617970503794,613,Contractor,1,2024-09,Bad
3949,2267,10000,2024-06-23,24,19,99159.73529636096,518,Employed,0,2024-06,Bad
3950,2415,10000,2024-03-05,12,65,44384.69975587445,761,Employed,0,2024-03,Bad
3951,561,5000,2024-01-11,12,50,43734.668676201305,461,Employed,0,2024-01,Bad
3952,4460,10000,2024-10-07,12,41,66939.63473715978,593,Contractor,0,2024-10,Bad
3953,9606,5000,2024-07-09,36,55,103178.30960387827,389,Self-Employed,1,2024-07,Good
3954,1319,15000,2024-01-04,12,35,51193.468697184784,843,Employed,0,2024-01,Bad
3955,2553,25000,2024-12-04,24,26,53725.14957426726,468,Employed,0,2024-12,Bad
3956,6321,25000,2024-02-23,24,27,48382.47737122465,721,Employed,0,2024-02,Good
3957,5419,25000,2024-02-29,24,35,112687.2668138317,799,Employed,0,2024-02,Good
3958,2861,10000,2024-06-04,12,58,49218.97159398248,734,Self-Employed,1,2024-06,Bad
3959,6721,5000,2024-05-17,24,33,37341.396073072276,354,Contractor,0,2024-05,Bad
3960,1078,25000,2024-06-12,12,68,116345.46725216489,746,Employed,0,2024-06,Bad
3961,5440,10000,2024-03-20,12,27,79977.10463237055,346,Employed,0,2024-03,Bad
3962,2527,10000,2024-11-10,12,42,20000.0,375,Employed,1,2024-11,Good
3963,722,5000,2024-06-21,24,37,89257.90504470703,611,Employed,1,2024-06,Bad
3964,9437,15000,2024-06-27,12,57,79288.26742251855,785,Employed,1,2024-06,Bad
3965,5802,5000,2024-02-15,36,45,84478.26563970881,425,Employed,0,2024-02,Good
3966,6054,10000,2024-09-12,36,38,38241.986283704064,640,Employed,0,2024-09,Bad
3967,1346,15000,2024-12-14,12,58,74846.83045411858,823,Employed,0,2024-12,Bad
3968,746,15000,2024-05-11,24,53,88811.95392382014,331,Employed,1,2024-05,Bad
3969,8125,25000,2024-06-18,12,29,44610.205719521255,744,Employed,0,2024-06,Bad
3970,5600,10000,2024-05-15,12,29,58853.792063900415,697,Employed,0,2024-05,Bad
3971,878,5000,2024-04-14,36,19,86330.03862628886,609,Employed,0,2024-04,Good
3972,8326,5000,2024-10-28,24,57,65714.14406943966,791,Contractor,0,2024-10,Bad
3973,4814,25000,2024-01-26,24,60,45075.33327965306,428,Employed,1,2024-01,Bad
3974,9240,10000,2024-01-01,12,61,57660.829085227844,686,Contractor,0,2024-01,Bad
3975,7765,5000,2024-09-10,24,24,94937.21350095436,671,Self-Employed,0,2024-09,Bad
3976,7310,5000,2024-07-29,12,38,91827.95066998438,766,Employed,0,2024-07,Good
3977,9655,5000,2024-07-28,12,52,71154.59860739918,580,Employed,0,2024-07,Good
3978,1348,15000,2024-03-30,36,37,49208.711887158905,334,Employed,1,2024-03,Bad
3979,1365,15000,2024-02-08,24,62,78435.30007050952,582,Employed,0,2024-02,Good
3980,9424,25000,2024-01-27,24,26,47597.07371634246,603,Employed,0,2024-01,Bad
3981,4262,25000,2024-07-16,36,28,55221.09069367894,644,Employed,0,2024-07,Good
3982,7209,5000,2024-08-17,24,40,79703.44878356649,326,Employed,1,2024-08,Good
3983,4083,10000,2024-01-16,12,64,81676.63681820885,474,Contractor,1,2024-01,Bad
3984,1580,10000,2024-11-18,24,52,33263.36834967967,444,Employed,0,2024-11,Good
3985,5600,25000,2024-01-22,24,29,58853.792063900415,697,Employed,0,2024-01,Bad
3986,3420,10000,2024-03-13,24,54,53000.883932194774,527,Employed,0,2024-03,Bad
3987,2018,10000,2024-07-02,12,65,28137.432823794108,638,Self-Employed,1,2024-07,Good
3988,4018,5000,2024-05-14,24,69,80583.55751687071,711,Employed,0,2024-05,Bad
3989,3038,5000,2024-11-27,12,41,76692.25259647214,521,Self-Employed,1,2024-11,Good
3990,762,10000,2024-01-01,36,29,98979.73735410062,678,Employed,0,2024-01,Bad
3991,599,5000,2024-07-26,12,46,113995.93136861688,452,Employed,1,2024-07,Good
3992,3744,10000,2024-01-14,36,57,70280.23498061142,758,Employed,0,2024-01,Bad
3993,8609,10000,2024-08-09,36,19,44355.32186863733,843,Employed,0,2024-08,Good
3994,3418,15000,2024-08-31,12,18,90816.43791555031,704,Self-Employed,0,2024-08,Good
3995,6211,10000,2024-05-26,12,18,63455.598443235984,677,Employed,0,2024-05,Bad
3996,2565,15000,2024-10-01,36,58,84405.71261810265,301,Employed,1,2024-10,Bad
3997,8142,25000,2024-03-17,36,67,123601.34447081565,649,Employed,0,2024-03,Bad
3998,1083,10000,2024-04-17,24,43,99201.98376221504,829,Employed,0,2024-04,Good
3999,588,25000,2024-11-25,12,43,68118.80249159836,495,Employed,0,2024-11,Good
4000,7184,5000,2024-04-20,36,30,69044.78851506801,462,Employed,0,2024-04,Good
4001,3659,15000,2024-05-04,12,55,56980.403453700026,730,Contractor,1,2024-05,Bad
4002,5581,25000,2024-04-02,12,18,47834.88670379498,672,Self-Employed,0,2024-04,Good
4003,5914,5000,2024-08-24,36,25,58047.00339084165,347,Self-Employed,0,2024-08,Good
4004,5027,10000,2024-09-04,36,26,91545.4161497433,304,Employed,1,2024-09,Bad
4005,7055,15000,2024-05-22,12,20,84793.63185021805,378,Employed,0,2024-05,Bad
4006,9552,10000,2024-07-27,24,47,71099.65469994117,733,Employed,1,2024-07,Good
4007,781,25000,2024-11-14,36,53,65184.06703558918,397,Employed,1,2024-11,Good
4008,9729,10000,2024-01-23,12,32,120201.1511885887,385,Employed,1,2024-01,Bad
4009,171,5000,2024-01-10,24,46,73541.50579881566,595,Employed,1,2024-01,Bad
4010,5020,25000,2024-09-12,12,38,74248.14032510977,671,Employed,0,2024-09,Bad
4011,4225,15000,2024-06-25,12,60,83974.54238650281,744,Employed,0,2024-06,Bad
4012,2728,5000,2024-09-10,36,27,63779.25410165742,643,Contractor,0,2024-09,Bad
4013,2109,5000,2024-12-17,24,21,79701.91687919579,642,Employed,1,2024-12,Bad
4014,9851,15000,2024-10-16,12,65,64052.679205132765,644,Employed,1,2024-10,Bad
4015,9988,5000,2024-04-04,24,68,78361.71337671278,755,Employed,0,2024-04,Good
4016,6617,25000,2024-10-21,24,27,58973.41943835548,496,Employed,0,2024-10,Bad
4017,2786,10000,2024-03-20,36,40,52899.571909447885,815,Employed,0,2024-03,Bad
4018,397,15000,2024-08-05,12,35,45603.129420837904,817,Employed,0,2024-08,Good
4019,8996,15000,2024-07-27,12,22,65514.754430866975,737,Employed,0,2024-07,Good
4020,8032,25000,2024-04-09,36,20,136064.84320026147,615,Contractor,0,2024-04,Good
4021,3005,25000,2024-01-23,36,35,94266.5407329415,601,Self-Employed,0,2024-01,Bad
4022,7765,15000,2024-10-07,12,24,94937.21350095436,671,Self-Employed,0,2024-10,Bad
4023,8847,15000,2024-07-15,36,57,72050.01356386277,740,Contractor,0,2024-07,Good
4024,7645,15000,2024-09-03,12,30,38220.12855327535,570,Employed,0,2024-09,Bad
4025,8460,15000,2024-03-30,24,39,46877.016427709954,415,Employed,0,2024-03,Bad
4026,1093,25000,2024-09-09,24,50,76174.5429252463,477,Employed,0,2024-09,Bad
4027,9661,10000,2024-01-06,36,69,65972.36290590609,637,Employed,1,2024-01,Bad
4028,9514,15000,2024-01-19,24,39,50296.17186698578,626,Employed,0,2024-01,Bad
4029,1498,5000,2024-10-01,12,28,66806.3012059479,800,Employed,0,2024-10,Bad
4030,7328,5000,2024-04-19,24,21,37813.0457971908,596,Self-Employed,0,2024-04,Good
4031,4994,5000,2024-04-04,24,62,64476.97406542308,478,Employed,1,2024-04,Good
4032,3080,25000,2024-03-27,24,58,105927.06019981856,575,Self-Employed,1,2024-03,Bad
4033,9947,15000,2024-01-13,12,31,92530.48951819271,608,Employed,0,2024-01,Bad
4034,9701,25000,2024-12-07,36,50,71183.3325420631,432,Employed,1,2024-12,Bad
4035,9014,5000,2024-07-13,12,22,79199.86348810604,408,Employed,1,2024-07,Good
4036,2136,10000,2024-03-16,36,23,43651.6772884986,757,Contractor,0,2024-03,Bad
4037,1165,5000,2024-08-16,24,42,65049.42111889527,581,Self-Employed,1,2024-08,Good
4038,2573,15000,2024-06-07,24,43,38600.25470182892,636,Employed,0,2024-06,Bad
4039,4922,10000,2024-11-28,24,37,39610.46550873637,760,Self-Employed,0,2024-11,Good
4040,4671,10000,2024-01-23,12,65,78895.65068937818,452,Self-Employed,0,2024-01,Bad
4041,687,10000,2024-07-23,24,67,71827.96085734111,786,Employed,0,2024-07,Good
4042,9167,5000,2024-11-21,12,51,45428.33724256272,475,Employed,0,2024-11,Good
4043,8698,25000,2024-08-27,12,35,33377.77889743229,589,Employed,1,2024-08,Good
4044,1771,5000,2024-11-09,36,41,46264.60032607567,578,Contractor,0,2024-11,Good
4045,74,15000,2024-07-13,36,46,30267.531744725246,549,Employed,1,2024-07,Good
4046,4902,10000,2024-07-17,36,46,73081.17968833906,638,Employed,0,2024-07,Good
4047,581,25000,2024-05-17,36,67,92254.58677551117,541,Employed,0,2024-05,Bad
4048,8415,25000,2024-08-10,12,44,79169.00952794144,570,Employed,0,2024-08,Good
4049,897,15000,2024-11-19,12,32,65729.76259838919,637,Employed,0,2024-11,Good
4050,2434,15000,2024-11-21,36,23,103479.93000437268,735,Employed,0,2024-11,Good
4051,3953,15000,2024-12-03,36,51,82662.63658868131,633,Employed,0,2024-12,Bad
4052,7453,10000,2024-08-02,36,23,20000.0,376,Employed,0,2024-08,Good
4053,2170,10000,2024-01-08,36,53,74974.8039375424,807,Employed,0,2024-01,Bad
4054,8925,15000,2024-08-03,36,47,44922.885482023514,747,Employed,0,2024-08,Good
4055,1465,10000,2024-10-10,36,52,54192.62052231674,341,Employed,0,2024-10,Bad
4056,823,5000,2024-09-11,36,52,56419.85182892406,795,Employed,0,2024-09,Bad
4057,8649,25000,2024-11-18,24,18,80947.45790649812,797,Self-Employed,0,2024-11,Good
4058,2140,10000,2024-07-23,36,54,24362.693245004186,638,Contractor,0,2024-07,Good
4059,4682,25000,2024-06-09,36,20,99766.08989874893,708,Employed,1,2024-06,Bad
4060,8506,5000,2024-04-23,12,58,106942.10227249523,626,Employed,1,2024-04,Good
4061,2650,10000,2024-09-01,36,57,80416.59941177796,749,Employed,0,2024-09,Bad
4062,5090,15000,2024-12-01,36,26,82534.74734523748,417,Employed,0,2024-12,Bad
4063,3880,15000,2024-07-21,36,60,32618.53448332198,442,Self-Employed,0,2024-07,Good
4064,7054,5000,2024-08-04,12,38,71529.61353199072,519,Employed,0,2024-08,Good
4065,1490,5000,2024-05-24,12,63,60303.51497478201,557,Contractor,1,2024-05,Bad
4066,1665,10000,2024-05-13,24,61,25514.09253206003,577,Employed,0,2024-05,Bad
4067,2533,5000,2024-06-22,12,67,122219.76652200724,670,Employed,0,2024-06,Bad
4068,656,25000,2024-09-26,12,69,56157.85601082485,335,Self-Employed,1,2024-09,Bad
4069,3719,15000,2024-06-13,24,66,55395.45835732561,366,Self-Employed,0,2024-06,Bad
4070,3983,10000,2024-04-16,12,36,76784.78156912477,503,Self-Employed,1,2024-04,Good
4071,2675,5000,2024-09-04,24,58,97844.55441429518,561,Employed,0,2024-09,Bad
4072,7445,25000,2024-11-27,24,27,35087.123796226675,484,Employed,1,2024-11,Good
4073,6210,15000,2024-12-04,12,67,73245.57652171275,302,Employed,1,2024-12,Bad
4074,7867,15000,2024-12-06,12,39,68650.26524439317,382,Contractor,1,2024-12,Bad
4075,4016,10000,2024-01-29,24,61,72612.30504200362,630,Self-Employed,1,2024-01,Bad
4076,5977,10000,2024-08-07,24,53,89871.71734469847,758,Employed,0,2024-08,Good
4077,201,10000,2024-07-27,24,23,67111.66965974869,730,Self-Employed,0,2024-07,Good
4078,6612,10000,2024-02-18,24,45,97447.91264151905,457,Employed,0,2024-02,Good
4079,8330,5000,2024-01-02,12,42,65951.95048491147,750,Employed,0,2024-01,Bad
4080,1076,10000,2024-07-16,36,47,80064.50669945852,307,Employed,1,2024-07,Good
4081,1749,5000,2024-03-29,24,27,25796.392164498735,844,Employed,0,2024-03,Bad
4082,1476,25000,2024-07-29,12,34,26376.601946164985,834,Contractor,0,2024-07,Good
4083,6946,25000,2024-03-10,24,24,64943.844956071975,418,Contractor,0,2024-03,Bad
4084,4958,15000,2024-07-11,36,51,34440.88462531902,768,Employed,1,2024-07,Good
4085,3905,25000,2024-02-15,12,28,80734.0158357223,525,Contractor,0,2024-02,Good
4086,449,25000,2024-03-03,12,68,51530.97906634761,810,Employed,0,2024-03,Bad
4087,69,10000,2024-04-28,36,21,71005.14609865558,490,Contractor,1,2024-04,Good
4088,7097,10000,2024-08-13,36,23,73916.69018124617,749,Contractor,1,2024-08,Good
4089,4909,10000,2024-12-06,12,25,85567.0606643536,473,Employed,1,2024-12,Bad
4090,7370,25000,2024-01-27,36,27,32570.892590856958,342,Self-Employed,1,2024-01,Bad
4091,7742,10000,2024-07-09,12,61,63885.82751436295,755,Self-Employed,0,2024-07,Good
4092,1191,10000,2024-10-05,36,23,69624.26437682891,528,Employed,0,2024-10,Bad
4093,1741,10000,2024-08-15,24,69,74134.85604812852,637,Employed,0,2024-08,Good
4094,3193,10000,2024-12-21,24,34,20000.0,705,Employed,0,2024-12,Bad
4095,3893,5000,2024-08-11,12,29,100845.82096649612,832,Self-Employed,0,2024-08,Good
4096,8289,10000,2024-10-21,12,30,40799.67588526798,315,Employed,1,2024-10,Bad
4097,9707,25000,2024-02-27,12,67,41379.63774395699,645,Self-Employed,1,2024-02,Good
4098,6044,10000,2024-10-27,24,42,37832.22971538182,323,Contractor,1,2024-10,Bad
4099,1077,10000,2024-07-27,24,55,53858.74242425014,550,Self-Employed,0,2024-07,Good
4100,9,5000,2024-05-21,12,36,44448.099704301814,307,Contractor,1,2024-05,Bad
4101,251,10000,2024-05-29,36,51,74815.8528912742,401,Employed,0,2024-05,Bad
4102,8552,10000,2024-01-17,12,38,75152.12774686073,677,Employed,0,2024-01,Bad
4103,2397,15000,2024-08-27,12,66,62935.185616217736,395,Self-Employed,1,2024-08,Good
4104,124,10000,2024-02-07,12,26,33144.19702308012,403,Employed,1,2024-02,Good
4105,9021,25000,2024-12-11,36,61,63831.26365243244,667,Employed,0,2024-12,Bad
4106,9627,15000,2024-10-13,24,39,65320.35761416237,825,Employed,0,2024-10,Bad
4107,7673,15000,2024-04-07,36,69,54131.62579689522,829,Employed,0,2024-04,Good
4108,2078,25000,2024-02-27,24,43,67428.89467715619,371,Employed,0,2024-02,Good
4109,9308,25000,2024-12-12,24,21,42059.6002723417,531,Contractor,0,2024-12,Bad
4110,596,10000,2024-01-17,36,67,64505.1413869823,766,Employed,0,2024-01,Bad
4111,3087,10000,2024-04-29,24,59,54880.115514492674,696,Employed,0,2024-04,Good
4112,6965,10000,2024-01-23,36,50,90824.35587285078,448,Employed,0,2024-01,Bad
4113,1745,15000,2024-07-28,24,46,74338.34208529422,795,Employed,0,2024-07,Good
4114,23,25000,2024-07-31,12,55,81112.96229113228,451,Self-Employed,1,2024-07,Good
4115,8518,5000,2024-05-27,24,45,94346.05050916757,589,Employed,1,2024-05,Bad
4116,4973,5000,2024-04-05,36,46,50766.21441047156,603,Employed,0,2024-04,Good
4117,8155,10000,2024-09-16,24,18,111568.99215950706,377,Self-Employed,0,2024-09,Bad
4118,263,25000,2024-03-13,12,37,87699.05784067622,719,Employed,0,2024-03,Bad
4119,1586,10000,2024-11-26,36,68,52925.40184817898,833,Contractor,0,2024-11,Good
4120,433,15000,2024-02-18,12,37,48582.76635931467,535,Employed,1,2024-02,Good
4121,8752,15000,2024-08-09,12,68,64381.61447993997,779,Employed,0,2024-08,Good
4122,6312,5000,2024-12-30,12,29,49599.31140705111,572,Employed,0,2024-12,Bad
4123,9895,25000,2024-10-08,36,19,95290.99064122917,658,Employed,1,2024-10,Bad
4124,2489,25000,2024-02-01,24,66,70221.3385633583,436,Self-Employed,0,2024-02,Good
4125,5695,15000,2024-01-28,12,46,60339.08960446115,730,Employed,0,2024-01,Bad
4126,6072,25000,2024-11-02,36,64,72902.19555272335,839,Employed,0,2024-11,Good
4127,214,5000,2024-06-16,24,41,56352.01677382073,635,Employed,0,2024-06,Bad
4128,9858,10000,2024-02-06,24,35,44146.023832085484,585,Self-Employed,1,2024-02,Good
4129,7024,25000,2024-08-21,36,22,129507.29746726938,816,Employed,0,2024-08,Good
4130,7922,25000,2024-06-27,36,64,67390.18860281444,437,Contractor,1,2024-06,Bad
4131,3479,5000,2024-02-26,24,45,81380.84071284402,780,Self-Employed,0,2024-02,Good
4132,2798,5000,2024-08-20,24,50,43104.629383842665,786,Employed,0,2024-08,Good
4133,9234,10000,2024-12-01,12,58,74650.615467714,389,Self-Employed,1,2024-12,Bad
4134,2392,5000,2024-03-12,24,46,59354.83127309896,828,Self-Employed,0,2024-03,Bad
4135,5366,15000,2024-07-13,12,56,80785.46515681015,410,Employed,0,2024-07,Good
4136,9276,15000,2024-01-03,12,46,83557.21268945759,628,Employed,0,2024-01,Bad
4137,5762,10000,2024-07-20,24,35,59794.86855025085,469,Employed,1,2024-07,Good
4138,7217,10000,2024-07-09,36,50,82727.8597408321,538,Employed,0,2024-07,Good
4139,1951,25000,2024-07-25,24,69,36200.06131052142,520,Self-Employed,0,2024-07,Good
4140,6824,15000,2024-04-20,12,63,83742.45053612173,817,Employed,0,2024-04,Good
4141,848,15000,2024-12-12,24,62,63687.37328653369,679,Employed,0,2024-12,Bad
4142,5503,15000,2024-02-20,24,28,56621.42153054519,796,Self-Employed,0,2024-02,Good
4143,7477,15000,2024-08-25,36,65,51095.88576445001,626,Employed,1,2024-08,Good
4144,4672,5000,2024-05-13,12,56,59336.81319042905,405,Contractor,1,2024-05,Bad
4145,8737,15000,2024-10-07,12,32,20000.0,545,Employed,0,2024-10,Bad
4146,4154,10000,2024-08-13,12,46,74882.68131623327,630,Employed,0,2024-08,Good
4147,2112,25000,2024-01-26,12,43,91840.54859768928,442,Employed,1,2024-01,Bad
4148,2173,25000,2024-08-03,36,19,68574.76587023042,628,Self-Employed,1,2024-08,Good
4149,8572,10000,2024-03-20,36,20,67028.11458546258,406,Employed,1,2024-03,Bad
4150,9354,15000,2024-10-18,12,43,83145.52870096994,358,Contractor,1,2024-10,Bad
4151,66,5000,2024-01-21,24,53,31634.73482724419,748,Employed,0,2024-01,Bad
4152,5299,15000,2024-08-09,12,46,29515.391105098985,657,Employed,0,2024-08,Good
4153,798,15000,2024-02-18,24,64,52534.15260528871,672,Employed,0,2024-02,Good
4154,5291,10000,2024-12-05,12,33,81000.66545960824,498,Self-Employed,0,2024-12,Bad
4155,632,25000,2024-02-29,36,65,71469.24513109804,775,Employed,0,2024-02,Good
4156,9560,25000,2024-12-27,36,29,79364.04293841789,461,Contractor,1,2024-12,Bad
4157,3259,25000,2024-08-29,12,21,49248.78921629147,579,Self-Employed,1,2024-08,Good
4158,7102,10000,2024-01-19,24,35,57476.617675746675,822,Employed,1,2024-01,Bad
4159,8419,5000,2024-03-18,24,59,68927.46626609575,468,Employed,0,2024-03,Bad
4160,7434,5000,2024-12-21,24,35,83830.33616040392,515,Employed,0,2024-12,Bad
4161,8384,25000,2024-05-10,36,51,93155.95471090959,471,Employed,0,2024-05,Bad
4162,2800,25000,2024-08-01,24,21,44861.83293723699,632,Contractor,0,2024-08,Good
4163,5726,5000,2024-05-07,24,41,62270.17263748618,368,Employed,0,2024-05,Bad
4164,1150,10000,2024-04-16,24,58,54379.21631185904,430,Contractor,1,2024-04,Good
4165,3004,5000,2024-06-29,36,64,76881.46511793279,368,Employed,1,2024-06,Bad
4166,3546,15000,2024-07-12,12,44,42355.06966572131,762,Self-Employed,0,2024-07,Good
4167,20,15000,2024-11-13,36,41,39555.89227307617,660,Employed,0,2024-11,Good
4168,8625,10000,2024-02-14,36,22,87090.6137242743,836,Self-Employed,0,2024-02,Good
4169,1000,25000,2024-02-26,12,55,99811.39853707669,765,Self-Employed,0,2024-02,Good
4170,2659,15000,2024-12-22,12,25,80247.00117976047,673,Employed,0,2024-12,Bad
4171,2535,5000,2024-07-01,24,64,84550.68468935319,300,Employed,1,2024-07,Good
4172,4426,15000,2024-10-01,24,49,74321.05621639562,755,Employed,0,2024-10,Bad
4173,1691,5000,2024-11-12,12,56,118575.17636462275,835,Self-Employed,0,2024-11,Good
4174,7475,5000,2024-01-05,24,68,52594.85310646232,775,Employed,0,2024-01,Bad
4175,6329,5000,2024-06-02,12,42,89888.16729185285,722,Employed,0,2024-06,Bad
4176,8527,15000,2024-01-19,24,34,116352.38957309109,547,Employed,0,2024-01,Bad
4177,2554,10000,2024-01-31,36,31,72348.73469857905,505,Employed,0,2024-01,Bad
4178,2511,5000,2024-05-26,24,41,32305.58587130848,344,Employed,1,2024-05,Bad
4179,6053,15000,2024-12-27,12,39,71196.15704754562,504,Employed,1,2024-12,Bad
4180,7139,25000,2024-12-02,12,35,50091.88277270198,580,Employed,0,2024-12,Bad
4181,1872,10000,2024-12-11,36,49,74143.99965232289,733,Employed,1,2024-12,Bad
4182,1605,15000,2024-05-04,24,38,59299.85682975705,746,Employed,0,2024-05,Bad
4183,9749,10000,2024-11-23,12,46,47497.06020461467,584,Self-Employed,0,2024-11,Good
4184,7144,15000,2024-12-25,24,64,77281.85051815707,836,Employed,0,2024-12,Bad
4185,8981,5000,2024-01-25,12,52,43597.87819997722,508,Employed,1,2024-01,Bad
4186,642,25000,2024-06-01,24,29,49636.530407722625,826,Employed,0,2024-06,Bad
4187,7303,15000,2024-08-24,36,61,77838.03423136838,582,Contractor,0,2024-08,Good
4188,7371,10000,2024-08-01,24,26,124208.36356001094,805,Employed,1,2024-08,Good
4189,3107,25000,2024-05-20,24,41,73118.95598833854,627,Employed,0,2024-05,Bad
4190,9644,25000,2024-10-24,12,63,98373.66820959108,376,Employed,1,2024-10,Bad
4191,2990,25000,2024-05-22,24,38,112563.95513073899,613,Self-Employed,0,2024-05,Bad
4192,4919,5000,2024-01-23,12,22,88345.26065187491,558,Employed,1,2024-01,Bad
4193,4304,5000,2024-10-10,12,39,63347.19015119982,834,Employed,0,2024-10,Bad
4194,9071,15000,2024-04-21,24,62,109515.96498694271,446,Employed,0,2024-04,Good
4195,7743,5000,2024-09-25,12,57,20000.0,324,Contractor,1,2024-09,Bad
4196,2390,25000,2024-04-05,36,38,70903.56024697753,607,Self-Employed,0,2024-04,Good
4197,1613,10000,2024-11-26,24,35,39347.978895109394,445,Employed,0,2024-11,Good
4198,7633,25000,2024-06-20,36,45,61069.0901992862,644,Employed,0,2024-06,Bad
4199,3465,25000,2024-10-17,24,36,55589.43613529512,723,Employed,0,2024-10,Bad
4200,6981,5000,2024-10-29,12,56,80580.89741597044,795,Employed,0,2024-10,Bad
4201,8763,10000,2024-08-22,36,20,97122.91962187708,773,Employed,0,2024-08,Good
4202,9367,25000,2024-11-01,36,52,77182.8290763329,833,Contractor,0,2024-11,Good
4203,5740,10000,2024-03-27,12,30,76198.26831932367,395,Employed,1,2024-03,Bad
4204,5227,10000,2024-10-22,24,56,63078.36482490845,752,Employed,1,2024-10,Bad
4205,5259,25000,2024-11-28,24,46,60532.97780980041,415,Contractor,0,2024-11,Good
4206,280,5000,2024-07-16,24,28,20000.0,390,Employed,1,2024-07,Good
4207,6216,5000,2024-08-08,24,23,69651.71081176367,718,Employed,0,2024-08,Good
4208,2671,15000,2024-10-24,36,40,26860.707298472902,307,Employed,1,2024-10,Bad
4209,5858,25000,2024-05-22,12,30,28627.695867767237,515,Self-Employed,1,2024-05,Bad
4210,2154,25000,2024-02-29,12,47,95598.40860594725,724,Employed,0,2024-02,Good
4211,7669,10000,2024-11-09,36,18,77702.19286051966,364,Employed,0,2024-11,Good
4212,6303,10000,2024-10-15,12,18,53344.3152070722,739,Self-Employed,0,2024-10,Bad
4213,5270,15000,2024-01-02,12,24,43634.38395612336,347,Employed,0,2024-01,Bad
4214,4110,15000,2024-06-01,12,19,87296.01448987031,432,Employed,1,2024-06,Bad
4215,2053,10000,2024-09-10,36,33,86974.09932676629,565,Employed,0,2024-09,Bad
4216,3067,10000,2024-02-28,36,52,89395.58343221409,339,Contractor,0,2024-02,Good
4217,9050,15000,2024-09-07,12,55,20233.725176082175,711,Employed,0,2024-09,Bad
4218,7247,5000,2024-01-25,36,66,94324.19247910666,818,Employed,0,2024-01,Bad
4219,7773,15000,2024-05-12,36,29,69017.13745314133,669,Contractor,0,2024-05,Bad
4220,5887,10000,2024-08-30,36,32,84868.96306179835,471,Employed,1,2024-08,Good
4221,8969,25000,2024-03-02,24,56,42217.998577426035,488,Self-Employed,0,2024-03,Bad
4222,7546,10000,2024-04-13,36,57,67126.14650500455,689,Employed,0,2024-04,Good
4223,3449,5000,2024-03-18,24,20,59620.09191099549,524,Employed,1,2024-03,Bad
4224,7314,10000,2024-07-27,12,65,77663.35978464794,433,Employed,1,2024-07,Good
4225,7823,10000,2024-04-14,12,49,77766.90344647018,640,Employed,0,2024-04,Good
4226,1556,15000,2024-03-31,12,64,57970.89893838607,359,Employed,1,2024-03,Bad
4227,5690,5000,2024-06-12,36,40,51955.83356752321,453,Employed,0,2024-06,Bad
4228,3368,15000,2024-12-19,24,61,81912.68691099937,735,Employed,0,2024-12,Bad
4229,578,25000,2024-04-24,36,63,59913.47147299238,734,Employed,1,2024-04,Good
4230,5517,25000,2024-05-29,12,49,58206.74900325729,831,Employed,0,2024-05,Bad
4231,2523,5000,2024-08-20,24,36,45695.19030489052,634,Employed,0,2024-08,Good
4232,5694,25000,2024-03-26,36,25,75826.59866853297,450,Employed,1,2024-03,Bad
4233,46,25000,2024-01-28,36,26,70963.87384434348,560,Employed,0,2024-01,Bad
4234,5725,10000,2024-02-17,12,63,76553.85240149194,848,Employed,0,2024-02,Good
4235,981,15000,2024-07-06,36,43,56629.925313887456,495,Employed,0,2024-07,Good
4236,5548,15000,2024-03-24,36,22,33744.59935262997,401,Employed,0,2024-03,Bad
4237,3295,15000,2024-03-03,12,50,105002.44617051195,786,Contractor,0,2024-03,Bad
4238,5989,5000,2024-01-02,24,50,97467.3322748356,410,Employed,0,2024-01,Bad
4239,2115,10000,2024-10-05,36,59,84225.7913860569,440,Employed,1,2024-10,Bad
4240,8818,10000,2024-02-20,12,52,75863.50243135725,788,Employed,0,2024-02,Good
4241,3555,5000,2024-08-13,36,52,68940.8639610236,525,Employed,0,2024-08,Good
4242,7730,15000,2024-03-20,24,18,106720.20203251763,708,Contractor,1,2024-03,Bad
4243,258,10000,2024-09-02,24,26,48524.01812778387,797,Contractor,0,2024-09,Bad
4244,4044,10000,2024-07-24,12,52,81071.38734907369,336,Employed,0,2024-07,Good
4245,6952,15000,2024-04-25,12,23,24906.76312425262,404,Employed,1,2024-04,Good
4246,253,25000,2024-09-13,36,39,25444.42083133806,751,Employed,0,2024-09,Bad
4247,5701,5000,2024-01-15,12,53,52820.820424271384,426,Employed,1,2024-01,Bad
4248,9405,10000,2024-08-04,12,28,79833.41499078409,589,Employed,0,2024-08,Good
4249,6297,15000,2024-02-12,12,22,55957.07530456838,549,Employed,0,2024-02,Good
4250,2125,25000,2024-04-12,36,68,105197.87652797894,621,Employed,0,2024-04,Good
4251,6847,15000,2024-10-20,12,42,52496.182969631765,546,Employed,1,2024-10,Bad
4252,8917,15000,2024-03-03,24,40,102081.47212141477,808,Self-Employed,0,2024-03,Bad
4253,4664,25000,2024-08-18,12,69,61856.342562605685,532,Self-Employed,0,2024-08,Good
4254,5875,5000,2024-08-25,36,47,61374.15771178944,619,Self-Employed,0,2024-08,Good
4255,9370,10000,2024-11-02,36,19,68619.13727794102,585,Employed,0,2024-11,Good
4256,2203,5000,2024-09-06,24,22,57275.999635052314,547,Contractor,0,2024-09,Bad
4257,2842,5000,2024-03-18,24,35,65313.04660824466,773,Employed,0,2024-03,Bad
4258,271,15000,2024-03-23,36,24,77952.5425507494,374,Employed,0,2024-03,Bad
4259,8754,15000,2024-06-02,36,61,74393.67204299146,680,Employed,0,2024-06,Bad
4260,5510,15000,2024-08-17,36,39,95418.08731244867,660,Contractor,1,2024-08,Good
4261,3140,5000,2024-04-06,36,66,50868.53151973991,570,Employed,0,2024-04,Good
4262,1694,10000,2024-06-22,24,46,93900.16673627817,601,Employed,1,2024-06,Bad
4263,9037,15000,2024-05-19,36,38,84373.40267771186,652,Employed,0,2024-05,Bad
4264,3624,25000,2024-04-02,24,22,57359.188939830114,526,Contractor,0,2024-04,Good
4265,4995,10000,2024-05-19,36,21,112403.08190635867,731,Employed,0,2024-05,Bad
4266,7081,10000,2024-01-29,24,63,34933.2123057002,547,Employed,0,2024-01,Bad
4267,9295,10000,2024-12-26,36,53,102298.57647904102,616,Employed,0,2024-12,Bad
4268,751,25000,2024-03-01,12,64,68785.07619879332,427,Self-Employed,0,2024-03,Bad
4269,7740,25000,2024-02-10,36,38,64287.771887240175,529,Employed,0,2024-02,Good
4270,4414,15000,2024-05-27,24,51,40128.591188311475,728,Employed,0,2024-05,Bad
4271,8015,10000,2024-10-28,36,45,63943.300039130176,506,Contractor,1,2024-10,Bad
4272,9965,5000,2024-09-03,36,31,81775.65028472123,454,Employed,1,2024-09,Bad
4273,2087,5000,2024-06-06,12,28,63539.247025062796,373,Employed,1,2024-06,Bad
4274,5702,5000,2024-10-21,36,30,20000.0,840,Employed,0,2024-10,Bad
4275,3866,15000,2024-09-02,12,54,58189.32747672821,447,Self-Employed,1,2024-09,Bad
4276,8699,5000,2024-10-22,36,22,66380.20022480833,520,Employed,0,2024-10,Bad
4277,329,10000,2024-06-27,12,35,67679.24788148991,726,Self-Employed,0,2024-06,Bad
4278,9907,15000,2024-09-14,12,45,56257.53136603124,600,Employed,0,2024-09,Bad
4279,8414,15000,2024-08-05,12,65,91890.6698504415,398,Employed,0,2024-08,Good
4280,3888,25000,2024-06-04,36,22,84495.71601887624,345,Employed,1,2024-06,Bad
4281,6817,10000,2024-11-02,12,43,75720.27951082514,646,Employed,0,2024-11,Good
4282,6317,5000,2024-04-29,36,66,77096.02812566154,646,Contractor,1,2024-04,Good
4283,9171,10000,2024-09-20,24,43,44733.56110753318,409,Employed,0,2024-09,Bad
4284,3094,10000,2024-10-13,36,37,73023.25154814144,655,Employed,1,2024-10,Bad
4285,6954,15000,2024-02-08,36,61,65482.27200934857,475,Employed,1,2024-02,Good
4286,621,5000,2024-07-06,24,29,69135.0915074926,495,Employed,0,2024-07,Good
4287,3466,5000,2024-08-29,12,61,72901.69674324879,835,Self-Employed,0,2024-08,Good
4288,6191,5000,2024-03-23,36,36,37121.84343341281,714,Self-Employed,1,2024-03,Bad
4289,9824,25000,2024-07-23,36,20,106297.85842168445,755,Self-Employed,0,2024-07,Good
4290,5245,10000,2024-05-23,36,18,76820.37674819582,341,Employed,1,2024-05,Bad
4291,5415,15000,2024-10-05,12,29,20000.0,610,Self-Employed,0,2024-10,Bad
4292,4936,15000,2024-06-30,12,41,65045.08765891036,308,Contractor,1,2024-06,Bad
4293,9753,15000,2024-11-20,24,66,79907.49463653032,390,Self-Employed,1,2024-11,Good
4294,6714,5000,2024-01-12,36,28,86684.8623249494,482,Self-Employed,1,2024-01,Bad
4295,6075,5000,2024-10-18,24,44,20000.0,425,Employed,1,2024-10,Bad
4296,6682,15000,2024-02-26,12,60,105123.36254384754,469,Employed,0,2024-02,Good
4297,5417,10000,2024-06-02,12,43,92162.00307225954,632,Employed,0,2024-06,Bad
4298,8236,15000,2024-04-01,24,59,63465.84899750218,532,Employed,1,2024-04,Good
4299,4470,10000,2024-03-30,12,37,76998.49352870697,460,Employed,0,2024-03,Bad
4300,6757,15000,2024-01-04,36,30,59759.00016452094,431,Contractor,0,2024-01,Bad
4301,1028,10000,2024-08-08,12,39,42465.60800257063,485,Contractor,0,2024-08,Good
4302,9919,15000,2024-05-23,12,52,60001.75192203958,622,Employed,0,2024-05,Bad
4303,9025,25000,2024-01-22,24,32,61720.49614337899,360,Contractor,1,2024-01,Bad
4304,7801,25000,2024-07-10,12,22,82188.76798981236,849,Employed,0,2024-07,Good
4305,1389,5000,2024-04-16,12,20,55941.31106134744,359,Employed,0,2024-04,Good
4306,913,5000,2024-11-21,24,23,57879.07655644497,806,Employed,0,2024-11,Good
4307,9285,5000,2024-08-07,36,27,75950.13146296817,453,Employed,1,2024-08,Good
4308,7640,5000,2024-08-26,24,40,51878.513491889134,732,Employed,0,2024-08,Good
4309,7673,15000,2024-12-06,36,69,54131.62579689522,829,Employed,0,2024-12,Bad
4310,5433,25000,2024-08-05,36,38,48656.44925482581,772,Employed,0,2024-08,Good
4311,5192,5000,2024-02-08,24,49,76480.10453998823,538,Employed,0,2024-02,Good
4312,9462,10000,2024-09-01,24,45,72245.7510467678,455,Contractor,0,2024-09,Bad
4313,758,10000,2024-05-29,24,20,70790.1868542023,693,Employed,0,2024-05,Bad
4314,9981,5000,2024-01-30,12,31,56908.77388227097,687,Employed,0,2024-01,Bad
4315,8044,5000,2024-06-09,36,30,64043.467938396105,606,Contractor,1,2024-06,Bad
4316,5193,5000,2024-04-13,36,63,87944.20494487844,791,Employed,0,2024-04,Good
4317,2834,15000,2024-06-06,36,22,81688.70200924989,360,Employed,1,2024-06,Bad
4318,7696,10000,2024-11-04,24,64,63780.59338748458,386,Employed,0,2024-11,Good
4319,3062,10000,2024-05-13,36,22,76121.33843893721,680,Employed,0,2024-05,Bad
4320,2088,10000,2024-02-23,36,20,85660.08293326311,802,Employed,0,2024-02,Good
4321,3111,25000,2024-11-30,36,55,105974.01318999584,522,Employed,0,2024-11,Good
4322,7029,15000,2024-02-05,36,32,71342.08885745243,605,Contractor,0,2024-02,Good
4323,3244,25000,2024-11-14,24,33,87131.40802164901,778,Employed,0,2024-11,Good
4324,7658,15000,2024-05-10,12,47,46665.21572714705,655,Employed,0,2024-05,Bad
4325,7600,10000,2024-11-08,12,33,61645.05776786368,745,Employed,0,2024-11,Good
4326,1725,10000,2024-03-20,24,66,44756.879105817905,719,Employed,0,2024-03,Bad
4327,9126,25000,2024-09-28,12,29,31696.855868083818,448,Employed,0,2024-09,Bad
4328,555,10000,2024-04-29,36,44,63573.97082867646,578,Employed,0,2024-04,Good
4329,8196,5000,2024-05-13,12,51,111374.68393701641,649,Employed,0,2024-05,Bad
4330,1285,15000,2024-07-23,12,31,93398.69614859554,728,Contractor,1,2024-07,Good
4331,4977,10000,2024-09-21,36,43,78893.55445107231,759,Contractor,1,2024-09,Bad
4332,6159,5000,2024-08-20,36,64,52347.767720202784,331,Employed,1,2024-08,Good
4333,8280,25000,2024-01-28,36,26,55834.9357540314,647,Employed,1,2024-01,Bad
4334,6104,10000,2024-10-27,24,68,69879.05117854544,451,Employed,0,2024-10,Bad
4335,5104,10000,2024-02-27,12,51,55181.84403935456,467,Self-Employed,1,2024-02,Good
4336,9833,15000,2024-01-29,24,51,49510.000497407746,720,Employed,0,2024-01,Bad
4337,217,10000,2024-12-16,24,66,45828.39904988619,705,Contractor,1,2024-12,Bad
4338,6554,15000,2024-11-08,36,66,34792.412108516684,721,Self-Employed,0,2024-11,Good
4339,8383,25000,2024-02-02,12,29,93920.09872283682,411,Self-Employed,1,2024-02,Good
4340,1734,15000,2024-04-17,24,63,64957.146158273405,772,Self-Employed,0,2024-04,Good
4341,4713,25000,2024-09-28,36,20,67577.94814293012,537,Employed,0,2024-09,Bad
4342,7195,10000,2024-12-10,24,39,64726.52370099785,839,Employed,0,2024-12,Bad
4343,1206,5000,2024-07-09,12,53,26304.96109227422,837,Employed,1,2024-07,Good
4344,2643,25000,2024-03-21,36,62,63172.317449776536,744,Employed,0,2024-03,Bad
4345,6374,10000,2024-03-22,24,64,80512.52247747907,320,Employed,1,2024-03,Bad
4346,3356,25000,2024-04-05,12,45,40323.84552659212,504,Employed,1,2024-04,Good
4347,2165,10000,2024-05-25,12,67,65304.24205707263,739,Employed,0,2024-05,Bad
4348,100,10000,2024-02-26,24,32,87176.99441115718,644,Employed,0,2024-02,Good
4349,600,5000,2024-08-05,12,53,76265.32623578471,661,Employed,1,2024-08,Good
4350,9052,15000,2024-08-29,36,25,57612.97965248044,542,Self-Employed,0,2024-08,Good
4351,5785,5000,2024-10-10,36,23,86298.22676977106,349,Self-Employed,1,2024-10,Bad
4352,6439,25000,2024-06-16,36,33,74513.00763290757,477,Employed,1,2024-06,Bad
4353,5843,5000,2024-05-15,36,18,80973.92035531864,616,Employed,1,2024-05,Bad
4354,7181,10000,2024-05-20,24,57,49899.25286313072,304,Employed,1,2024-05,Bad
4355,7743,10000,2024-06-20,24,57,20000.0,324,Contractor,1,2024-06,Bad
4356,9186,5000,2024-02-16,12,40,41400.3746163028,794,Employed,0,2024-02,Good
4357,3911,25000,2024-01-10,12,60,66580.80366282753,799,Employed,0,2024-01,Bad
4358,9369,15000,2024-10-23,12,26,123571.42520718521,760,Contractor,1,2024-10,Bad
4359,5821,15000,2024-07-13,36,46,54462.92507084093,631,Employed,1,2024-07,Good
4360,1377,10000,2024-11-25,24,19,39914.02741251241,338,Employed,0,2024-11,Good
4361,8764,15000,2024-01-15,24,39,53152.92825535702,324,Employed,1,2024-01,Bad
4362,9708,15000,2024-08-03,12,69,69125.6315609678,368,Contractor,1,2024-08,Good
4363,4660,25000,2024-07-07,24,59,50654.502152247034,716,Employed,0,2024-07,Good
4364,8372,15000,2024-09-09,24,68,54444.98287988139,459,Employed,1,2024-09,Bad
4365,726,5000,2024-11-25,12,56,55535.50641967115,652,Self-Employed,0,2024-11,Good
4366,1041,25000,2024-02-21,24,43,81103.09419625271,585,Contractor,0,2024-02,Good
4367,6270,5000,2024-02-28,36,21,54766.99463533287,569,Employed,0,2024-02,Good
4368,82,10000,2024-06-24,24,48,72726.18607581635,542,Self-Employed,0,2024-06,Bad
4369,5736,25000,2024-10-21,36,59,58435.608517109446,420,Employed,1,2024-10,Bad
4370,1206,15000,2024-05-05,36,53,26304.96109227422,837,Employed,0,2024-05,Bad
4371,6674,25000,2024-02-11,12,22,77713.38294067828,552,Employed,0,2024-02,Good
4372,5773,10000,2024-11-02,12,35,43735.865262414154,375,Employed,1,2024-11,Good
4373,6143,5000,2024-11-01,12,25,68109.40305752323,695,Employed,0,2024-11,Good
4374,2982,10000,2024-12-13,24,57,48930.5904275013,365,Contractor,1,2024-12,Bad
4375,5307,25000,2024-12-26,12,28,70839.8770315394,806,Employed,0,2024-12,Bad
4376,3447,5000,2024-09-10,36,22,66412.76621163891,657,Employed,0,2024-09,Bad
4377,9683,5000,2024-03-06,12,65,36285.417119031525,317,Employed,1,2024-03,Bad
4378,2289,25000,2024-02-27,36,42,52908.53406406079,431,Employed,0,2024-02,Good
4379,5857,10000,2024-05-06,36,64,54689.498253752325,543,Employed,1,2024-05,Bad
4380,2382,15000,2024-01-04,24,24,98982.43998412014,834,Self-Employed,0,2024-01,Bad
4381,8240,10000,2024-08-22,36,47,38716.95464401926,634,Employed,0,2024-08,Good
4382,4009,15000,2024-02-01,24,29,57443.26519793684,511,Employed,0,2024-02,Good
4383,7272,10000,2024-06-23,24,36,36895.85038095165,706,Employed,0,2024-06,Bad
4384,8655,25000,2024-03-02,12,41,42851.626863372236,404,Employed,0,2024-03,Bad
4385,5194,10000,2024-08-13,24,69,57240.09658811216,476,Contractor,0,2024-08,Good
4386,7735,10000,2024-05-23,36,54,106897.96969023441,439,Employed,1,2024-05,Bad
4387,2365,25000,2024-01-18,36,51,62058.6267099459,596,Contractor,0,2024-01,Bad
4388,7922,25000,2024-08-07,36,64,67390.18860281444,437,Contractor,1,2024-08,Good
4389,1794,5000,2024-08-21,36,59,84423.41757328791,564,Employed,0,2024-08,Good
4390,3541,10000,2024-08-22,36,32,50043.01664505381,428,Employed,1,2024-08,Good
4391,9226,25000,2024-12-27,12,53,76689.37281205393,824,Employed,0,2024-12,Bad
4392,8780,25000,2024-11-16,12,34,79489.44617784618,547,Contractor,0,2024-11,Good
4393,7426,5000,2024-03-20,24,36,91043.32131636492,349,Contractor,1,2024-03,Bad
4394,5753,25000,2024-10-19,36,30,72763.4909478551,650,Employed,1,2024-10,Bad
4395,6977,5000,2024-03-13,36,60,55198.80543332214,801,Employed,0,2024-03,Bad
4396,2775,25000,2024-12-02,24,22,102998.80014785749,768,Self-Employed,1,2024-12,Bad
4397,476,5000,2024-04-09,12,33,42376.30417654834,777,Employed,0,2024-04,Good
4398,4341,10000,2024-09-12,24,41,88473.92945587129,553,Employed,0,2024-09,Bad
4399,7505,25000,2024-11-10,36,53,56781.87967584272,773,Self-Employed,0,2024-11,Good
4400,4584,25000,2024-12-16,12,61,33760.87720189987,835,Employed,1,2024-12,Bad
4401,7889,10000,2024-06-10,24,26,97448.50483837831,348,Employed,1,2024-06,Bad
4402,5024,10000,2024-10-19,24,32,33543.384265817804,721,Self-Employed,0,2024-10,Bad
4403,5582,10000,2024-06-10,36,32,43857.76721383694,367,Employed,1,2024-06,Bad
4404,5486,5000,2024-12-22,36,29,78455.29013730644,520,Employed,0,2024-12,Bad
4405,3567,25000,2024-05-08,12,40,45335.69771105375,761,Self-Employed,0,2024-05,Bad
4406,6361,25000,2024-11-04,36,35,56158.68612796122,331,Self-Employed,0,2024-11,Good
4407,1349,15000,2024-09-09,24,39,72280.06887845081,474,Employed,1,2024-09,Bad
4408,2358,15000,2024-03-02,36,30,40076.70933994683,676,Employed,0,2024-03,Bad
4409,5001,25000,2024-05-22,24,18,35019.89187260892,698,Employed,0,2024-05,Bad
4410,5215,5000,2024-08-10,36,68,81828.34230582422,651,Contractor,0,2024-08,Good
4411,5909,5000,2024-11-02,12,29,58530.88970319053,303,Employed,0,2024-11,Good
4412,4609,15000,2024-01-14,12,31,70233.72143336722,306,Employed,1,2024-01,Bad
4413,2447,15000,2024-12-29,12,53,30609.14778034095,682,Contractor,1,2024-12,Bad
4414,9793,15000,2024-04-07,36,44,54993.94292670286,345,Employed,0,2024-04,Good
4415,3078,15000,2024-02-28,12,44,55488.60239584122,788,Employed,0,2024-02,Good
4416,6056,15000,2024-06-28,24,69,55041.824677959296,342,Contractor,1,2024-06,Bad
4417,8099,10000,2024-01-01,36,20,32964.62550554934,699,Contractor,0,2024-01,Bad
4418,9879,25000,2024-08-14,12,53,47637.53974379873,309,Employed,1,2024-08,Good
4419,4756,25000,2024-05-24,36,27,102422.0068462714,572,Self-Employed,0,2024-05,Bad
4420,2002,15000,2024-11-07,36,61,60274.64255793815,395,Employed,0,2024-11,Good
4421,8327,25000,2024-05-12,24,33,68549.73626438982,571,Employed,0,2024-05,Bad
4422,1790,25000,2024-05-24,36,20,48357.66337766133,536,Employed,0,2024-05,Bad
4423,7248,10000,2024-09-30,36,40,51906.017724332916,513,Employed,1,2024-09,Bad
4424,7949,10000,2024-12-10,36,34,88480.07129155118,353,Employed,0,2024-12,Bad
4425,2908,5000,2024-11-06,24,18,93194.70067779114,455,Employed,1,2024-11,Good
4426,6535,5000,2024-02-16,12,59,64135.69436285453,712,Self-Employed,0,2024-02,Good
4427,6743,15000,2024-07-26,12,61,119433.00952605554,835,Self-Employed,0,2024-07,Good
4428,7063,5000,2024-08-26,36,26,115444.39532937662,508,Employed,0,2024-08,Good
4429,2271,15000,2024-08-29,12,43,43082.57285951768,588,Self-Employed,0,2024-08,Good
4430,9020,5000,2024-04-13,36,55,59345.617807980976,727,Employed,0,2024-04,Good
4431,7987,25000,2024-10-03,12,43,77363.06230121931,806,Self-Employed,0,2024-10,Bad
4432,9536,25000,2024-06-05,12,55,93500.33216001964,369,Employed,1,2024-06,Bad
4433,7274,5000,2024-07-06,24,66,41246.1867487032,806,Contractor,1,2024-07,Good
4434,6397,25000,2024-06-22,24,38,75653.91399115462,808,Employed,0,2024-06,Bad
4435,4295,25000,2024-04-09,24,30,96440.32781441628,449,Employed,0,2024-04,Good
4436,3128,15000,2024-01-10,12,41,90772.98345917268,438,Employed,0,2024-01,Bad
4437,7072,25000,2024-03-24,12,39,20000.0,757,Self-Employed,0,2024-03,Bad
4438,8599,5000,2024-02-22,12,36,117758.56630240944,598,Employed,1,2024-02,Good
4439,1462,25000,2024-05-06,12,26,60872.98587492385,754,Employed,0,2024-05,Bad
4440,1775,15000,2024-05-14,24,55,33267.72236892239,820,Employed,0,2024-05,Bad
4441,5577,5000,2024-10-12,24,36,54252.49736980283,339,Employed,1,2024-10,Bad
4442,9563,15000,2024-12-14,12,19,54644.73047681169,843,Employed,1,2024-12,Bad
4443,8678,25000,2024-02-24,12,45,77634.83440551157,306,Employed,0,2024-02,Good
4444,6997,25000,2024-08-31,24,21,72479.9941522224,738,Employed,0,2024-08,Good
4445,363,25000,2024-03-05,12,47,89301.42414349304,641,Contractor,0,2024-03,Bad
4446,8134,10000,2024-01-21,36,65,32227.199823196002,685,Employed,0,2024-01,Bad
4447,3802,15000,2024-09-19,24,35,85780.2775799939,332,Contractor,1,2024-09,Bad
4448,212,5000,2024-10-26,24,49,107602.55195147794,599,Employed,0,2024-10,Bad
4449,4797,25000,2024-11-19,12,66,72097.77646840952,338,Employed,1,2024-11,Good
4450,8015,10000,2024-12-24,36,45,63943.300039130176,506,Contractor,1,2024-12,Bad
4451,7021,10000,2024-09-04,12,49,20000.0,578,Self-Employed,1,2024-09,Bad
4452,2662,15000,2024-05-22,36,50,98728.37762783574,352,Employed,1,2024-05,Bad
4453,9108,25000,2024-04-07,12,63,31764.872416872953,703,Employed,0,2024-04,Good
4454,9653,15000,2024-01-02,24,58,59228.397220051615,473,Employed,0,2024-01,Bad
4455,1094,25000,2024-12-22,24,37,49035.35437137425,549,Employed,1,2024-12,Bad
4456,7745,25000,2024-05-10,36,33,61956.56865540936,841,Employed,0,2024-05,Bad
4457,5054,25000,2024-06-24,36,28,68093.86606310692,476,Employed,0,2024-06,Bad
4458,9926,10000,2024-02-16,12,45,49324.087271253884,518,Self-Employed,0,2024-02,Good
4459,1552,15000,2024-08-28,24,39,31513.255626056096,677,Self-Employed,0,2024-08,Good
4460,9526,15000,2024-12-21,12,26,32984.69636597229,378,Employed,1,2024-12,Bad
4461,9057,15000,2024-01-27,12,63,95208.08214868081,459,Employed,0,2024-01,Bad
4462,9479,5000,2024-02-05,24,43,76932.40022023558,840,Employed,0,2024-02,Good
4463,4156,5000,2024-12-04,36,56,98673.53110972489,535,Employed,0,2024-12,Bad
4464,4618,10000,2024-12-19,24,21,106628.55956359454,511,Employed,1,2024-12,Bad
4465,8501,10000,2024-12-01,24,19,78148.60451562,821,Employed,0,2024-12,Bad
4466,1544,10000,2024-06-28,36,53,77742.2307806164,533,Employed,1,2024-06,Bad
4467,1406,15000,2024-02-20,24,41,82470.39175701191,761,Self-Employed,0,2024-02,Good
4468,6485,15000,2024-12-07,36,59,53668.51185132394,681,Employed,0,2024-12,Bad
4469,5722,25000,2024-06-08,24,55,35351.9600203286,394,Employed,1,2024-06,Bad
4470,1573,15000,2024-09-14,36,18,27336.868549022118,649,Employed,0,2024-09,Bad
4471,2002,10000,2024-01-17,36,61,60274.64255793815,395,Employed,1,2024-01,Bad
4472,9092,10000,2024-10-05,12,46,48921.239746933614,789,Employed,1,2024-10,Bad
4473,1108,25000,2024-06-20,24,50,55150.33296892199,632,Self-Employed,0,2024-06,Bad
4474,8176,5000,2024-10-28,12,41,37871.461420941676,498,Employed,1,2024-10,Bad
4475,3306,15000,2024-02-23,24,60,80805.40785079625,640,Self-Employed,0,2024-02,Good
4476,4858,15000,2024-01-13,12,20,75152.35047121668,406,Self-Employed,1,2024-01,Bad
4477,7272,5000,2024-07-20,12,36,36895.85038095165,706,Employed,1,2024-07,Good
4478,4321,10000,2024-11-22,12,61,52734.694149333685,504,Self-Employed,0,2024-11,Good
4479,5513,10000,2024-09-02,12,31,82931.58859458037,833,Employed,0,2024-09,Bad
4480,8594,10000,2024-09-27,12,66,75038.46589298012,700,Employed,0,2024-09,Bad
4481,3248,15000,2024-08-15,24,30,72030.29206460163,480,Self-Employed,1,2024-08,Good
4482,3857,5000,2024-03-02,12,28,101953.0306524871,618,Self-Employed,0,2024-03,Bad
4483,10000,5000,2024-07-19,12,32,89911.56538532459,304,Employed,1,2024-07,Good
4484,9582,10000,2024-05-31,24,33,61855.18430854176,529,Employed,1,2024-05,Bad
4485,5293,15000,2024-03-10,36,68,48471.572195225686,771,Employed,0,2024-03,Bad
4486,4400,5000,2024-07-07,24,25,67662.3495072523,474,Self-Employed,0,2024-07,Good
4487,2399,15000,2024-11-22,36,61,45625.92939840038,672,Contractor,0,2024-11,Good
4488,8284,25000,2024-07-26,24,30,44605.306870785695,436,Employed,1,2024-07,Good
4489,5223,10000,2024-05-10,12,59,43544.59920570933,573,Employed,0,2024-05,Bad
4490,2180,10000,2024-06-05,36,68,79938.44264736821,436,Self-Employed,0,2024-06,Bad
4491,1313,25000,2024-10-03,12,42,20000.0,699,Self-Employed,0,2024-10,Bad
4492,9091,5000,2024-02-23,36,43,68701.43534727037,779,Employed,0,2024-02,Good
4493,3173,10000,2024-08-31,12,32,51550.536779451126,448,Self-Employed,0,2024-08,Good
4494,5933,5000,2024-08-02,36,40,53506.46512342402,751,Employed,0,2024-08,Good
4495,3093,10000,2024-01-11,12,51,66997.88159350093,580,Self-Employed,0,2024-01,Bad
4496,8441,25000,2024-08-06,36,65,99277.47034779805,459,Employed,0,2024-08,Good
4497,2633,25000,2024-07-23,36,33,35569.33956371974,448,Employed,1,2024-07,Good
4498,3385,5000,2024-07-19,12,27,85912.10344912353,617,Employed,0,2024-07,Good
4499,4264,10000,2024-03-12,24,21,22380.352355247138,316,Employed,1,2024-03,Bad
4500,3705,10000,2024-04-18,24,37,111601.21326029397,357,Employed,1,2024-04,Good
4501,5629,15000,2024-01-27,12,47,40946.469295240386,607,Self-Employed,0,2024-01,Bad
4502,1198,15000,2024-12-14,12,32,98416.43394397458,504,Employed,0,2024-12,Bad
4503,4504,10000,2024-10-15,24,34,74165.15617534512,492,Employed,1,2024-10,Bad
4504,8693,5000,2024-01-05,36,26,67613.5561387304,543,Employed,0,2024-01,Bad
4505,9354,25000,2024-09-21,12,43,83145.52870096994,358,Contractor,0,2024-09,Bad
4506,8291,10000,2024-05-20,12,63,50351.2307821547,367,Self-Employed,0,2024-05,Bad
4507,3129,15000,2024-08-12,12,54,57798.43004121803,571,Contractor,0,2024-08,Good
4508,2295,25000,2024-12-15,12,60,94676.94196854389,496,Contractor,1,2024-12,Bad
4509,8905,5000,2024-03-29,24,35,20000.0,598,Employed,0,2024-03,Bad
4510,3915,10000,2024-05-13,24,67,52147.77989080256,503,Employed,0,2024-05,Bad
4511,8299,10000,2024-04-12,12,52,71131.92330544018,624,Employed,0,2024-04,Good
4512,6989,25000,2024-11-25,24,55,106890.90734613905,586,Employed,1,2024-11,Good
4513,8238,25000,2024-05-04,24,35,77071.21864370271,344,Employed,1,2024-05,Bad
4514,3132,15000,2024-10-30,24,21,63603.69543367973,648,Employed,0,2024-10,Bad
4515,9142,5000,2024-03-23,36,64,90697.09728583525,569,Employed,0,2024-03,Bad
4516,3799,25000,2024-09-23,12,30,36896.95352848066,553,Contractor,1,2024-09,Bad
4517,5238,5000,2024-09-19,12,50,36927.13306381073,572,Employed,1,2024-09,Bad
4518,4725,5000,2024-12-26,12,22,20000.0,588,Employed,0,2024-12,Bad
4519,6536,10000,2024-02-26,12,41,52218.513553261815,817,Contractor,0,2024-02,Good
4520,3318,25000,2024-10-13,24,27,66991.23956534812,681,Employed,0,2024-10,Bad
4521,4045,25000,2024-07-05,24,65,31217.739932539138,428,Self-Employed,1,2024-07,Good
4522,7359,15000,2024-06-22,36,26,37834.09527786796,630,Self-Employed,1,2024-06,Bad
4523,2222,10000,2024-12-02,12,18,57555.09609440099,660,Employed,1,2024-12,Bad
4524,4268,25000,2024-11-30,36,26,75421.82656475101,436,Contractor,0,2024-11,Good
4525,9150,25000,2024-05-14,36,43,77546.30123399728,715,Self-Employed,0,2024-05,Bad
4526,6820,15000,2024-04-03,36,29,80701.96742250622,356,Employed,1,2024-04,Good
4527,4905,15000,2024-12-16,36,41,69824.74104432324,441,Employed,1,2024-12,Bad
4528,4719,5000,2024-01-09,24,29,20000.0,407,Employed,0,2024-01,Bad
4529,4815,10000,2024-01-09,36,69,68097.67041302678,782,Employed,0,2024-01,Bad
4530,9627,5000,2024-04-22,24,39,65320.35761416237,825,Employed,0,2024-04,Good
4531,7238,15000,2024-05-01,24,26,44467.84039817852,760,Employed,1,2024-05,Bad
4532,2985,25000,2024-04-17,36,67,86504.56595987892,612,Employed,0,2024-04,Good
4533,5637,25000,2024-12-07,12,33,25995.729371751404,531,Contractor,0,2024-12,Bad
4534,3257,15000,2024-09-28,24,60,24570.70274886139,536,Employed,1,2024-09,Bad
4535,9629,5000,2024-09-14,12,47,45234.40021817619,351,Employed,0,2024-09,Bad
4536,4474,5000,2024-07-16,24,50,77063.34274552963,356,Employed,1,2024-07,Good
4537,8165,15000,2024-04-27,24,68,94919.08062451097,479,Employed,1,2024-04,Good
4538,7180,25000,2024-06-04,36,52,31828.06101582443,630,Self-Employed,1,2024-06,Bad
4539,1433,10000,2024-05-07,36,35,92533.25412223875,301,Employed,0,2024-05,Bad
4540,9967,5000,2024-02-12,12,29,97093.4858425352,599,Employed,0,2024-02,Good
4541,418,10000,2024-03-03,24,26,71969.99530963652,635,Self-Employed,1,2024-03,Bad
4542,6475,25000,2024-05-24,12,28,66334.60681197555,664,Employed,0,2024-05,Bad
4543,983,15000,2024-10-01,36,40,50832.37229862368,749,Employed,0,2024-10,Bad
4544,6424,5000,2024-01-23,36,36,51269.03366718562,636,Employed,1,2024-01,Bad
4545,1139,5000,2024-12-29,12,26,71236.27364825181,432,Employed,1,2024-12,Bad
4546,2929,25000,2024-10-01,12,68,79426.8045958785,786,Employed,1,2024-10,Bad
4547,9426,15000,2024-05-08,24,37,57999.394176955764,795,Employed,0,2024-05,Bad
4548,4543,5000,2024-10-25,12,30,86719.95845763873,465,Employed,0,2024-10,Bad
4549,831,25000,2024-10-07,12,48,86418.43553676146,561,Employed,1,2024-10,Bad
4550,7633,5000,2024-06-30,36,45,61069.0901992862,644,Employed,0,2024-06,Bad
4551,4289,10000,2024-09-18,36,58,37533.015664140374,417,Self-Employed,0,2024-09,Bad
4552,2861,5000,2024-08-15,12,58,49218.97159398248,734,Self-Employed,1,2024-08,Good
4553,7106,25000,2024-09-07,36,45,87231.5856189744,317,Employed,1,2024-09,Bad
4554,5376,10000,2024-03-21,36,45,58444.160765428605,518,Employed,0,2024-03,Bad
4555,7791,5000,2024-03-16,36,24,57234.269004077985,834,Employed,0,2024-03,Bad
4556,2472,5000,2024-10-07,36,35,94471.64842592347,407,Employed,1,2024-10,Bad
4557,6235,15000,2024-07-20,24,20,76012.36240408344,603,Contractor,1,2024-07,Good
4558,4837,15000,2024-04-28,24,30,79871.35933493111,716,Employed,0,2024-04,Good
4559,6289,5000,2024-09-08,12,60,87361.47107762823,650,Employed,1,2024-09,Bad
4560,7596,10000,2024-05-01,24,42,54862.415836147804,388,Employed,1,2024-05,Bad
4561,4338,15000,2024-06-22,12,30,54663.78241320512,392,Employed,1,2024-06,Bad
4562,9702,15000,2024-12-24,24,25,57479.646740628945,563,Self-Employed,0,2024-12,Bad
4563,5151,15000,2024-02-28,24,41,77609.12664296024,524,Self-Employed,0,2024-02,Good
4564,8965,25000,2024-02-24,12,28,64262.310034523216,459,Employed,0,2024-02,Good
4565,5180,5000,2024-05-31,12,29,70962.47314182635,571,Employed,0,2024-05,Bad
4566,1779,10000,2024-11-26,12,26,85828.94416573587,823,Contractor,0,2024-11,Good
4567,8781,10000,2024-05-31,36,69,103965.70042675216,624,Self-Employed,0,2024-05,Bad
4568,273,5000,2024-06-16,36,58,43267.825325283906,845,Contractor,1,2024-06,Bad
4569,1502,15000,2024-05-27,36,59,61837.027576151246,446,Employed,0,2024-05,Bad
4570,6903,10000,2024-12-08,12,47,36590.62083240357,806,Contractor,1,2024-12,Bad
4571,7089,25000,2024-07-15,36,43,71566.04969679227,595,Employed,0,2024-07,Good
4572,3577,25000,2024-05-03,24,45,43389.33236660701,434,Employed,0,2024-05,Bad
4573,7629,10000,2024-08-15,24,44,45489.884851784314,810,Self-Employed,0,2024-08,Good
4574,5728,25000,2024-11-28,24,61,48202.06723837524,800,Employed,0,2024-11,Good
4575,1282,5000,2024-07-12,24,26,26687.04307925841,441,Employed,0,2024-07,Good
4576,9007,25000,2024-12-14,36,66,50443.323437280575,377,Employed,0,2024-12,Bad
4577,1270,25000,2024-03-19,36,29,42907.02148272343,742,Employed,0,2024-03,Bad
4578,4336,10000,2024-01-08,24,27,71726.31732539268,769,Employed,0,2024-01,Bad
4579,9344,25000,2024-12-19,12,26,107524.28798541249,814,Employed,1,2024-12,Bad
4580,9930,10000,2024-02-24,24,38,82090.45779840832,649,Employed,0,2024-02,Good
4581,2255,15000,2024-02-06,24,54,48686.79266958387,450,Employed,0,2024-02,Good
4582,1576,15000,2024-12-11,12,57,89899.34197116114,334,Employed,0,2024-12,Bad
4583,9025,25000,2024-09-05,12,32,61720.49614337899,360,Contractor,0,2024-09,Bad
4584,9562,15000,2024-07-18,36,58,95324.59821373427,664,Employed,0,2024-07,Good
4585,8760,10000,2024-09-26,12,67,55014.38047534958,441,Employed,1,2024-09,Bad
4586,3188,15000,2024-03-29,12,60,55937.52492794829,486,Contractor,1,2024-03,Bad
4587,3284,5000,2024-08-13,36,40,139820.26425151603,334,Self-Employed,1,2024-08,Good
4588,599,15000,2024-11-18,36,46,113995.93136861688,452,Employed,0,2024-11,Good
4589,6412,15000,2024-06-08,24,27,110853.36410905977,487,Employed,1,2024-06,Bad
4590,8236,10000,2024-11-30,24,59,63465.84899750218,532,Employed,1,2024-11,Good
4591,1882,15000,2024-05-01,12,41,106681.42104373834,644,Employed,0,2024-05,Bad
4592,3544,25000,2024-09-30,36,50,64187.402673557765,463,Employed,0,2024-09,Bad
4593,6153,5000,2024-08-24,12,31,43046.95740986368,336,Employed,0,2024-08,Good
4594,1884,15000,2024-09-23,12,52,75340.40643929201,610,Employed,0,2024-09,Bad
4595,7357,15000,2024-11-25,24,65,90123.25735169707,706,Employed,0,2024-11,Good
4596,8573,25000,2024-05-11,12,59,43764.56325709236,626,Self-Employed,1,2024-05,Bad
4597,5952,5000,2024-06-30,12,57,58729.15820471923,572,Employed,1,2024-06,Bad
4598,5763,5000,2024-07-11,24,30,45306.93916836202,637,Self-Employed,0,2024-07,Good
4599,6871,15000,2024-04-19,24,64,41844.02218528623,688,Self-Employed,0,2024-04,Good
4600,2163,10000,2024-08-01,36,37,84949.38136454763,341,Employed,1,2024-08,Good
4601,1659,5000,2024-08-27,24,20,72001.13356743511,439,Employed,0,2024-08,Good
4602,6583,5000,2024-05-20,36,43,147194.02968471847,656,Employed,1,2024-05,Bad
4603,8038,10000,2024-03-13,36,33,37875.80031298807,306,Employed,1,2024-03,Bad
4604,2893,5000,2024-01-03,24,40,85393.86216630174,753,Employed,0,2024-01,Bad
4605,6044,5000,2024-01-02,24,42,37832.22971538182,323,Contractor,1,2024-01,Bad
4606,2983,10000,2024-12-09,24,31,53528.078874375075,443,Employed,1,2024-12,Bad
4607,9068,15000,2024-07-28,12,33,79219.24238348621,652,Employed,0,2024-07,Good
4608,7872,10000,2024-11-07,24,42,70503.2296871944,432,Employed,1,2024-11,Good
4609,3516,25000,2024-02-27,36,56,69216.28419025488,744,Employed,0,2024-02,Good
4610,7828,25000,2024-08-04,36,58,84582.60592721784,826,Employed,0,2024-08,Good
4611,28,15000,2024-09-13,36,39,44411.62573435376,787,Employed,0,2024-09,Bad
4612,636,25000,2024-04-22,24,36,80663.45908342356,353,Employed,1,2024-04,Good
4613,2016,25000,2024-03-11,36,26,36858.62580498538,755,Employed,1,2024-03,Bad
4614,587,5000,2024-04-11,36,46,56833.1688122739,377,Employed,0,2024-04,Good
4615,7526,5000,2024-02-14,12,40,44178.41812113662,580,Employed,0,2024-02,Good
4616,3623,15000,2024-05-23,24,38,30689.756560967326,457,Employed,0,2024-05,Bad
4617,7416,25000,2024-05-02,24,42,49093.57912534909,467,Employed,1,2024-05,Bad
4618,3471,25000,2024-09-29,36,61,75719.0314720191,679,Employed,0,2024-09,Bad
4619,3715,10000,2024-08-17,12,50,54093.424195499276,731,Employed,1,2024-08,Good
4620,2396,5000,2024-01-30,36,49,63319.24232009672,507,Contractor,0,2024-01,Bad
4621,3471,10000,2024-10-19,12,61,75719.0314720191,679,Employed,1,2024-10,Bad
4622,9475,25000,2024-09-30,36,60,66078.13577382623,604,Employed,1,2024-09,Bad
4623,6901,15000,2024-07-22,36,18,20000.0,665,Employed,0,2024-07,Good
4624,6563,25000,2024-08-27,24,27,30365.987038887644,774,Self-Employed,0,2024-08,Good
4625,8583,15000,2024-09-23,12,37,71516.40386763007,487,Self-Employed,0,2024-09,Bad
4626,5982,15000,2024-02-29,12,57,56791.976432736,763,Self-Employed,0,2024-02,Good
4627,6133,10000,2024-08-22,12,59,88540.47533878728,846,Employed,0,2024-08,Good
4628,1951,25000,2024-09-03,24,69,36200.06131052142,520,Self-Employed,0,2024-09,Bad
4629,2638,10000,2024-06-02,24,25,81751.2417953881,630,Employed,0,2024-06,Bad
4630,5968,25000,2024-03-20,36,43,49228.41223291478,435,Employed,1,2024-03,Bad
4631,6259,15000,2024-02-07,12,46,35863.96184447358,471,Self-Employed,1,2024-02,Good
4632,8196,5000,2024-05-16,12,51,111374.68393701641,649,Employed,1,2024-05,Bad
4633,7907,25000,2024-08-12,36,59,40589.36150671004,670,Employed,0,2024-08,Good
4634,4105,15000,2024-08-29,36,22,48041.634266612666,480,Employed,1,2024-08,Good
4635,7492,5000,2024-07-29,36,44,41178.47398534248,454,Employed,1,2024-07,Good
4636,3539,25000,2024-02-15,36,52,72181.81285068567,627,Contractor,0,2024-02,Good
4637,2748,5000,2024-06-20,12,25,74873.94925808268,712,Self-Employed,0,2024-06,Bad
4638,1675,25000,2024-02-11,36,50,62296.52524021458,318,Employed,1,2024-02,Good
4639,9124,25000,2024-01-23,12,40,52575.92167698747,401,Employed,0,2024-01,Bad
4640,8317,5000,2024-12-27,12,66,84649.3524716365,346,Employed,0,2024-12,Bad
4641,8066,10000,2024-10-16,12,32,40645.81429569445,758,Employed,0,2024-10,Bad
4642,2866,5000,2024-08-17,36,59,72333.80090807458,552,Self-Employed,1,2024-08,Good
4643,8451,5000,2024-07-15,36,32,77221.1472453247,313,Contractor,1,2024-07,Good
4644,7027,15000,2024-07-11,36,27,47758.6123774764,536,Self-Employed,0,2024-07,Good
4645,9164,5000,2024-06-02,36,32,45436.46784183888,749,Employed,0,2024-06,Bad
4646,8184,25000,2024-02-24,24,59,106951.39001131488,529,Employed,1,2024-02,Good
4647,7802,25000,2024-09-11,36,19,25569.25909669695,776,Employed,1,2024-09,Bad
4648,1147,5000,2024-01-15,24,46,20000.0,361,Contractor,1,2024-01,Bad
4649,4685,15000,2024-06-29,36,44,40338.98752251884,419,Contractor,0,2024-06,Bad
4650,6802,25000,2024-03-19,24,66,66948.43241395525,326,Self-Employed,1,2024-03,Bad
4651,893,10000,2024-01-11,36,69,72700.24755543353,553,Self-Employed,0,2024-01,Bad
4652,4314,5000,2024-02-27,36,25,26756.27612489771,834,Employed,1,2024-02,Good
4653,6829,10000,2024-08-26,12,69,115048.06148120904,439,Self-Employed,0,2024-08,Good
4654,3624,15000,2024-10-24,24,22,57359.188939830114,526,Contractor,1,2024-10,Bad
4655,8039,10000,2024-12-02,36,36,36610.06836186189,515,Employed,0,2024-12,Bad
4656,360,5000,2024-07-15,24,44,43939.18424684184,470,Self-Employed,1,2024-07,Good
4657,1489,10000,2024-06-09,12,60,58526.53008554024,494,Self-Employed,0,2024-06,Bad
4658,5761,25000,2024-06-20,24,38,91732.09265987958,628,Employed,0,2024-06,Bad
4659,291,10000,2024-12-10,36,43,54634.32748570342,569,Employed,0,2024-12,Bad
4660,4956,15000,2024-05-14,12,19,94214.50910683454,502,Employed,0,2024-05,Bad
4661,2114,15000,2024-08-13,36,58,57553.32987607847,835,Employed,0,2024-08,Good
4662,6941,15000,2024-11-03,12,29,83074.92336560808,614,Employed,0,2024-11,Good
4663,5675,25000,2024-09-25,12,67,71850.97101623258,673,Employed,0,2024-09,Bad
4664,6265,15000,2024-02-01,24,22,47655.83481258123,769,Self-Employed,0,2024-02,Good
4665,6336,25000,2024-10-21,36,27,61821.03507812789,683,Employed,0,2024-10,Bad
4666,5474,15000,2024-03-18,36,57,129318.80973111185,493,Employed,0,2024-03,Bad
4667,1567,15000,2024-11-14,12,43,20000.0,707,Contractor,0,2024-11,Good
4668,480,15000,2024-01-20,36,47,67852.53730566299,557,Employed,0,2024-01,Bad
4669,4893,25000,2024-01-16,12,50,57447.57397438486,807,Employed,0,2024-01,Bad
4670,5193,15000,2024-06-06,24,63,87944.20494487844,791,Employed,0,2024-06,Bad
4671,7559,25000,2024-04-14,12,51,72364.420013508,601,Employed,0,2024-04,Good
4672,7098,25000,2024-08-01,36,64,120924.27692654074,803,Employed,1,2024-08,Good
4673,1100,25000,2024-12-22,12,31,105581.41726320135,483,Employed,0,2024-12,Bad
4674,2236,10000,2024-03-14,36,46,55871.18467004466,412,Employed,1,2024-03,Bad
4675,8668,15000,2024-03-12,24,27,84103.95749829736,791,Employed,1,2024-03,Bad
4676,917,25000,2024-08-08,24,60,77753.10903125186,815,Employed,0,2024-08,Good
4677,4745,10000,2024-11-29,12,66,69624.06468355216,600,Employed,0,2024-11,Good
4678,4898,5000,2024-07-21,24,40,74212.43967097597,402,Contractor,0,2024-07,Good
4679,6191,25000,2024-08-12,24,36,37121.84343341281,714,Self-Employed,1,2024-08,Good
4680,9552,25000,2024-12-27,12,47,71099.65469994117,733,Employed,0,2024-12,Bad
4681,1308,15000,2024-02-18,36,69,96964.37919848436,474,Employed,0,2024-02,Good
4682,2222,25000,2024-04-10,12,18,57555.09609440099,660,Employed,0,2024-04,Good
4683,7475,5000,2024-08-16,12,68,52594.85310646232,775,Employed,0,2024-08,Good
4684,4975,25000,2024-05-12,36,18,43556.67058487452,668,Employed,1,2024-05,Bad
4685,6115,25000,2024-12-26,24,47,73131.2918963586,302,Employed,1,2024-12,Bad
4686,8895,15000,2024-10-25,12,25,54695.97137379465,532,Employed,0,2024-10,Bad
4687,118,25000,2024-02-16,12,22,43798.36004923728,690,Employed,0,2024-02,Good
4688,3264,5000,2024-07-05,36,23,64370.28291176301,400,Employed,1,2024-07,Good
4689,5044,10000,2024-07-15,12,49,51977.67740240592,424,Employed,1,2024-07,Good
4690,4668,15000,2024-09-11,36,58,20000.0,348,Employed,1,2024-09,Bad
4691,4619,10000,2024-01-19,12,18,58305.86203187888,760,Employed,0,2024-01,Bad
4692,8964,5000,2024-11-07,12,55,55777.922426574405,683,Employed,1,2024-11,Good
4693,6799,25000,2024-06-02,36,63,40233.64806251904,580,Contractor,0,2024-06,Bad
4694,1288,10000,2024-07-12,36,39,75960.31748741613,460,Employed,0,2024-07,Good
4695,7659,15000,2024-04-01,12,51,43522.39314874649,315,Employed,1,2024-04,Good
4696,9560,10000,2024-05-10,36,29,79364.04293841789,461,Contractor,1,2024-05,Bad
4697,8048,25000,2024-11-30,12,29,20000.0,413,Employed,1,2024-11,Good
4698,8291,10000,2024-02-19,36,63,50351.2307821547,367,Self-Employed,1,2024-02,Good
4699,1047,5000,2024-08-13,24,39,94524.7476326418,528,Employed,0,2024-08,Good
4700,5383,25000,2024-09-22,24,40,84091.70374297487,606,Employed,0,2024-09,Bad
4701,5445,25000,2024-07-02,24,49,68465.87571326128,335,Self-Employed,1,2024-07,Good
4702,3804,25000,2024-12-19,24,26,73179.26382194475,556,Employed,0,2024-12,Bad
4703,3756,5000,2024-01-16,12,56,36609.10238105427,775,Employed,0,2024-01,Bad
4704,4483,15000,2024-10-19,12,22,92772.77861836083,517,Contractor,0,2024-10,Bad
4705,8798,5000,2024-04-09,24,21,65480.47130543176,499,Employed,1,2024-04,Good
4706,2170,25000,2024-10-04,24,53,74974.8039375424,807,Employed,0,2024-10,Bad
4707,5420,25000,2024-10-14,24,49,40565.89706290723,782,Employed,0,2024-10,Bad
4708,563,10000,2024-03-21,36,68,83891.64596860786,747,Contractor,0,2024-03,Bad
4709,6461,5000,2024-11-24,12,55,52995.94292017389,837,Employed,0,2024-11,Good
4710,5939,15000,2024-09-08,24,62,40231.577031467896,500,Employed,0,2024-09,Bad
4711,4001,25000,2024-06-28,24,28,89528.74288925882,720,Employed,0,2024-06,Bad
4712,8212,5000,2024-02-02,12,37,36582.67202697962,640,Employed,0,2024-02,Good
4713,4638,25000,2024-04-29,24,46,54882.60357841684,790,Contractor,0,2024-04,Good
4714,3961,15000,2024-04-06,24,38,63244.40948563436,329,Employed,0,2024-04,Good
4715,9516,15000,2024-01-14,12,40,37071.45596988468,452,Employed,1,2024-01,Bad
4716,3542,10000,2024-04-10,12,35,43280.811385677254,436,Employed,0,2024-04,Good
4717,3158,10000,2024-11-12,36,35,121350.95272302798,662,Employed,0,2024-11,Good
4718,5862,10000,2024-08-12,12,45,55194.25971639941,714,Employed,0,2024-08,Good
4719,6549,15000,2024-11-16,24,20,58283.05306187608,448,Employed,1,2024-11,Good
4720,7122,5000,2024-08-26,12,65,63958.499415466635,411,Contractor,1,2024-08,Good
4721,6837,5000,2024-03-26,12,45,43840.04235555781,564,Employed,0,2024-03,Bad
4722,7307,15000,2024-01-30,24,42,29298.320597363876,669,Employed,0,2024-01,Bad
4723,7178,15000,2024-10-09,12,52,72098.19719011804,805,Self-Employed,0,2024-10,Bad
4724,1315,5000,2024-03-04,36,28,29229.219959383205,492,Employed,1,2024-03,Bad
4725,2427,25000,2024-10-15,12,32,38745.33656595826,583,Employed,1,2024-10,Bad
4726,940,5000,2024-11-04,12,36,71714.83952610745,839,Employed,1,2024-11,Good
4727,8430,15000,2024-03-20,24,24,87699.49394512834,305,Employed,1,2024-03,Bad
4728,8836,5000,2024-06-03,36,22,85522.71302922769,460,Employed,1,2024-06,Bad
4729,8377,5000,2024-06-13,36,35,76987.76407353258,388,Employed,1,2024-06,Bad
4730,1831,15000,2024-12-15,12,50,100857.7417338019,453,Employed,0,2024-12,Bad
4731,7888,25000,2024-10-25,36,41,67880.99667430046,444,Contractor,1,2024-10,Bad
4732,1786,15000,2024-07-29,24,20,59626.129048026225,571,Contractor,0,2024-07,Good
4733,9641,10000,2024-04-08,12,50,72978.02104671353,546,Contractor,0,2024-04,Good
4734,8030,10000,2024-09-23,36,37,47331.420458941175,375,Employed,1,2024-09,Bad
4735,7491,5000,2024-02-21,24,24,78449.39924566222,666,Employed,0,2024-02,Good
4736,4578,15000,2024-05-05,24,44,59964.502498075664,695,Employed,0,2024-05,Bad
4737,1382,25000,2024-05-01,24,55,72707.30159097053,468,Self-Employed,1,2024-05,Bad
4738,362,5000,2024-02-01,12,38,81360.77567764053,636,Employed,0,2024-02,Good
4739,1060,15000,2024-12-01,24,68,84285.04487259417,691,Employed,1,2024-12,Bad
4740,8708,5000,2024-10-11,24,29,70121.43250544227,795,Self-Employed,0,2024-10,Bad
4741,5866,5000,2024-10-18,12,35,41465.46284651837,456,Employed,1,2024-10,Bad
4742,8522,15000,2024-03-28,12,38,45702.740620351135,746,Employed,0,2024-03,Bad
4743,6413,25000,2024-06-19,24,24,20714.4362139039,757,Employed,0,2024-06,Bad
4744,3142,25000,2024-11-03,12,36,41232.73266461863,319,Self-Employed,0,2024-11,Good
4745,5639,10000,2024-11-04,36,64,54718.489237912916,520,Employed,1,2024-11,Good
4746,3740,25000,2024-03-08,12,30,82320.38025752307,336,Employed,0,2024-03,Bad
4747,293,10000,2024-05-12,24,69,78742.07965725649,712,Contractor,0,2024-05,Bad
4748,6031,15000,2024-03-23,12,64,29091.188574020984,815,Employed,0,2024-03,Bad
4749,5406,5000,2024-06-24,12,27,65230.67482488672,768,Employed,1,2024-06,Bad
4750,360,5000,2024-04-21,24,44,43939.18424684184,470,Self-Employed,1,2024-04,Good
4751,1610,25000,2024-09-13,24,23,42333.786371142676,646,Contractor,1,2024-09,Bad
4752,1361,5000,2024-12-20,12,49,98313.7866916282,612,Employed,0,2024-12,Bad
4753,624,15000,2024-09-14,36,40,86044.51936960031,641,Employed,0,2024-09,Bad
4754,1566,25000,2024-07-09,36,26,53468.32373754232,806,Self-Employed,0,2024-07,Good
4755,1921,25000,2024-02-28,24,53,20000.0,632,Employed,1,2024-02,Good
4756,1512,10000,2024-09-18,36,40,48383.72256244844,395,Employed,1,2024-09,Bad
4757,7547,15000,2024-04-13,12,49,59013.6226558604,607,Employed,0,2024-04,Good
4758,6488,10000,2024-08-17,24,21,96343.36965549336,730,Employed,0,2024-08,Good
4759,4714,25000,2024-07-30,12,68,53713.86524187666,317,Contractor,1,2024-07,Good
4760,5920,10000,2024-12-04,36,59,77813.59070998504,560,Self-Employed,0,2024-12,Bad
4761,7930,15000,2024-06-24,36,45,57422.68200770685,508,Employed,1,2024-06,Bad
4762,8767,10000,2024-02-17,36,68,32047.699105112355,807,Contractor,0,2024-02,Good
4763,2002,25000,2024-04-29,24,61,60274.64255793815,395,Employed,1,2024-04,Good
4764,397,10000,2024-12-09,36,35,45603.129420837904,817,Employed,0,2024-12,Bad
4765,5676,25000,2024-11-24,24,55,58351.89514818917,816,Contractor,0,2024-11,Good
4766,4498,25000,2024-02-01,24,25,68928.64459256336,680,Employed,0,2024-02,Good
4767,1512,10000,2024-12-25,24,40,48383.72256244844,395,Employed,1,2024-12,Bad
4768,2693,5000,2024-09-09,24,39,46629.727561645224,313,Self-Employed,1,2024-09,Bad
4769,2033,15000,2024-09-17,24,48,91719.8080348573,674,Contractor,1,2024-09,Bad
4770,6989,25000,2024-03-25,24,55,106890.90734613905,586,Employed,0,2024-03,Bad
4771,5873,5000,2024-01-17,36,46,50481.47273608874,815,Employed,0,2024-01,Bad
4772,9547,15000,2024-01-24,24,69,45935.464262573805,644,Employed,1,2024-01,Bad
4773,4735,5000,2024-12-12,12,31,90384.80821688058,483,Employed,0,2024-12,Bad
4774,7640,10000,2024-04-21,12,40,51878.513491889134,732,Employed,0,2024-04,Good
4775,9485,25000,2024-03-22,12,65,49668.654633748214,842,Employed,0,2024-03,Bad
4776,4253,5000,2024-12-07,36,40,26920.688395653808,787,Employed,1,2024-12,Bad
4777,4710,5000,2024-01-06,24,55,57205.36066859938,663,Self-Employed,1,2024-01,Bad
4778,1909,15000,2024-10-10,36,39,62786.39463542468,696,Self-Employed,1,2024-10,Bad
4779,5078,15000,2024-04-15,36,63,75647.77417753529,791,Employed,0,2024-04,Good
4780,1276,25000,2024-05-27,24,54,42049.52345902588,680,Employed,1,2024-05,Bad
4781,59,5000,2024-07-26,36,24,79681.56033660442,743,Employed,0,2024-07,Good
4782,3924,25000,2024-05-26,24,52,20000.0,827,Self-Employed,0,2024-05,Bad
4783,617,15000,2024-01-08,24,41,20000.0,680,Employed,0,2024-01,Bad
4784,3672,25000,2024-09-30,24,39,65189.00450985333,568,Employed,0,2024-09,Bad
4785,5784,10000,2024-10-19,12,54,64808.14840788741,549,Employed,0,2024-10,Bad
4786,1712,25000,2024-07-07,24,31,49443.2444276501,535,Employed,1,2024-07,Good
4787,1343,10000,2024-06-21,24,24,78018.90300896778,309,Contractor,0,2024-06,Bad
4788,4753,25000,2024-08-10,36,34,63294.936741683276,459,Employed,0,2024-08,Good
4789,4933,25000,2024-02-07,12,52,61668.03211927111,736,Employed,1,2024-02,Good
4790,1024,10000,2024-01-02,36,35,55300.8757773137,380,Employed,0,2024-01,Bad
4791,6966,15000,2024-08-11,36,27,32250.58614062501,355,Employed,0,2024-08,Good
4792,734,25000,2024-02-28,12,55,20000.0,538,Employed,0,2024-02,Good
4793,8590,15000,2024-03-15,36,40,20000.0,414,Employed,0,2024-03,Bad
4794,9161,5000,2024-05-12,36,33,97345.44227036815,842,Employed,0,2024-05,Bad
4795,462,15000,2024-12-27,24,61,50966.55008894485,497,Self-Employed,1,2024-12,Bad
4796,8330,5000,2024-08-08,12,42,65951.95048491147,750,Employed,0,2024-08,Good
4797,762,15000,2024-07-30,12,29,98979.73735410062,678,Employed,1,2024-07,Good
4798,9055,15000,2024-05-27,12,37,39066.84504246643,715,Employed,0,2024-05,Bad
4799,593,5000,2024-03-22,36,58,60753.691058056735,672,Contractor,0,2024-03,Bad
4800,5697,10000,2024-07-03,36,27,74716.18115083277,322,Self-Employed,1,2024-07,Good
4801,7822,15000,2024-12-02,12,20,45770.94203394624,506,Employed,1,2024-12,Bad
4802,2348,5000,2024-03-08,36,43,81556.57455399049,689,Employed,0,2024-03,Bad
4803,1447,15000,2024-10-01,12,18,99800.96878967728,429,Employed,0,2024-10,Bad
4804,1443,15000,2024-09-05,36,53,52710.95152452675,814,Employed,1,2024-09,Bad
4805,2807,15000,2024-09-09,12,46,59152.55498866015,634,Employed,0,2024-09,Bad
4806,7451,15000,2024-03-27,12,35,77659.66868082236,801,Self-Employed,0,2024-03,Bad
4807,3326,25000,2024-10-09,36,51,26014.105521844365,405,Employed,1,2024-10,Bad
4808,6648,15000,2024-04-25,12,22,41247.385771358764,567,Employed,1,2024-04,Good
4809,3757,5000,2024-06-18,12,45,77732.3830910502,487,Employed,0,2024-06,Bad
4810,1337,15000,2024-09-08,24,39,58360.987187036466,378,Employed,0,2024-09,Bad
4811,5398,5000,2024-10-27,12,25,94741.0661371309,559,Employed,0,2024-10,Bad
4812,8994,5000,2024-11-29,12,61,58937.08876184945,430,Self-Employed,0,2024-11,Good
4813,8073,10000,2024-11-19,24,20,90622.16081914827,791,Employed,0,2024-11,Good
4814,7590,5000,2024-07-14,12,56,38834.52229766245,511,Employed,1,2024-07,Good
4815,8788,5000,2024-12-08,12,44,103390.77447027579,386,Employed,1,2024-12,Bad
4816,2048,10000,2024-02-05,24,34,38133.47401417843,788,Self-Employed,0,2024-02,Good
4817,8219,15000,2024-08-17,36,25,71597.21235875055,841,Self-Employed,0,2024-08,Good
4818,2429,25000,2024-05-12,12,53,53743.66530554321,773,Employed,0,2024-05,Bad
4819,5440,10000,2024-10-09,36,27,79977.10463237055,346,Employed,0,2024-10,Bad
4820,131,25000,2024-06-13,12,41,65219.591372453695,640,Employed,0,2024-06,Bad
4821,3068,15000,2024-01-27,12,49,65221.442591722385,713,Employed,0,2024-01,Bad
4822,3352,15000,2024-04-04,36,38,50525.39450150238,531,Employed,1,2024-04,Good
4823,2333,25000,2024-11-27,24,29,65350.12418428452,404,Self-Employed,0,2024-11,Good
4824,5317,25000,2024-06-23,24,39,97286.72222663408,421,Employed,1,2024-06,Bad
4825,737,5000,2024-03-16,12,62,74759.1548598844,442,Employed,1,2024-03,Bad
4826,3848,15000,2024-05-07,24,49,59169.787544840154,803,Employed,0,2024-05,Bad
4827,1299,10000,2024-09-02,12,18,89103.89710429947,709,Contractor,1,2024-09,Bad
4828,1092,10000,2024-10-04,12,37,20000.0,408,Self-Employed,1,2024-10,Bad
4829,233,15000,2024-07-01,36,54,61645.494733076885,519,Employed,0,2024-07,Good
4830,222,25000,2024-11-26,36,19,66952.94338090041,793,Contractor,0,2024-11,Good
4831,8645,25000,2024-12-25,24,28,30491.176614670374,623,Contractor,0,2024-12,Bad
4832,5756,10000,2024-02-21,36,26,35231.35498158321,431,Employed,1,2024-02,Good
4833,4400,25000,2024-12-24,12,25,67662.3495072523,474,Self-Employed,0,2024-12,Bad
4834,936,10000,2024-04-11,24,46,69403.76129719231,674,Self-Employed,0,2024-04,Good
4835,5734,5000,2024-09-12,36,48,72360.4744421012,348,Employed,1,2024-09,Bad
4836,8131,5000,2024-03-17,24,27,33701.943488163684,664,Self-Employed,0,2024-03,Bad
4837,7568,5000,2024-09-18,24,44,62240.881017703505,463,Self-Employed,1,2024-09,Bad
4838,1344,15000,2024-11-05,12,34,56804.838503086925,802,Employed,0,2024-11,Good
4839,365,25000,2024-01-02,24,45,50004.449417003765,383,Employed,0,2024-01,Bad
4840,9443,5000,2024-07-21,12,59,20000.0,468,Employed,1,2024-07,Good
4841,8648,10000,2024-11-23,12,34,79165.19582087723,344,Employed,1,2024-11,Good
4842,9956,5000,2024-06-06,24,25,54092.74522514608,507,Employed,0,2024-06,Bad
4843,9011,25000,2024-12-12,36,66,62549.2232180053,601,Employed,0,2024-12,Bad
4844,3392,10000,2024-05-07,36,38,55285.794487719926,786,Employed,0,2024-05,Bad
4845,736,5000,2024-05-11,24,61,56849.68760457877,718,Employed,0,2024-05,Bad
4846,3607,25000,2024-12-09,12,19,79278.53105095185,715,Self-Employed,0,2024-12,Bad
4847,1468,10000,2024-12-17,12,61,46975.74728825259,761,Employed,0,2024-12,Bad
4848,3515,5000,2024-02-11,24,64,88132.04731792078,798,Employed,0,2024-02,Good
4849,3776,5000,2024-12-20,24,50,106196.94014459183,524,Employed,0,2024-12,Bad
4850,4662,25000,2024-06-18,36,32,50778.07562006578,373,Contractor,1,2024-06,Bad
4851,9012,5000,2024-11-02,12,20,62973.23147479938,592,Self-Employed,0,2024-11,Good
4852,8157,25000,2024-09-15,12,55,82547.05630148234,652,Employed,0,2024-09,Bad
4853,1715,5000,2024-07-28,24,21,52392.54960468442,670,Employed,0,2024-07,Good
4854,516,10000,2024-02-06,12,22,83326.35703664996,613,Employed,0,2024-02,Good
4855,5221,5000,2024-01-22,24,51,20000.0,694,Contractor,0,2024-01,Bad
4856,9621,15000,2024-06-09,12,20,84917.10400229049,453,Self-Employed,0,2024-06,Bad
4857,5250,5000,2024-08-17,36,30,39091.77007904593,798,Self-Employed,1,2024-08,Good
4858,8011,25000,2024-12-24,12,51,31733.772924484343,379,Self-Employed,1,2024-12,Bad
4859,9036,5000,2024-12-19,24,60,28883.968673289644,619,Employed,1,2024-12,Bad
4860,8132,15000,2024-12-08,24,38,113158.63514302834,410,Employed,0,2024-12,Bad
4861,6143,10000,2024-11-13,12,25,68109.40305752323,695,Employed,0,2024-11,Good
4862,3136,15000,2024-02-04,36,35,46494.19368628229,378,Employed,0,2024-02,Good
4863,5879,10000,2024-10-11,36,38,88353.53605584236,611,Employed,1,2024-10,Bad
4864,7034,15000,2024-11-17,36,36,71489.89116747385,718,Employed,0,2024-11,Good
4865,4325,15000,2024-11-01,24,57,91313.68276836872,684,Employed,0,2024-11,Good
4866,5072,15000,2024-01-14,24,55,40980.51104387775,550,Self-Employed,0,2024-01,Bad
4867,5943,10000,2024-02-17,36,66,37118.83659057965,514,Employed,1,2024-02,Good
4868,3980,5000,2024-10-26,12,57,68385.72086799893,744,Employed,0,2024-10,Bad
4869,9469,25000,2024-08-29,12,30,94898.54768588267,618,Employed,1,2024-08,Good
4870,1512,5000,2024-03-12,12,40,48383.72256244844,395,Employed,1,2024-03,Bad
4871,4901,15000,2024-09-15,12,36,37256.246802793146,598,Contractor,0,2024-09,Bad
4872,4660,10000,2024-07-17,24,59,50654.502152247034,716,Employed,1,2024-07,Good
4873,2963,10000,2024-04-07,36,29,104824.10240068453,311,Self-Employed,1,2024-04,Good
4874,9087,5000,2024-10-30,36,26,40422.421321396265,566,Employed,0,2024-10,Bad
4875,9046,10000,2024-05-05,12,25,20000.0,595,Employed,0,2024-05,Bad
4876,2411,10000,2024-06-08,36,20,49352.09955788495,695,Employed,0,2024-06,Bad
4877,180,15000,2024-09-21,24,59,91172.79486220349,594,Employed,0,2024-09,Bad
4878,589,10000,2024-09-03,12,27,102886.12020880618,701,Employed,0,2024-09,Bad
4879,2046,10000,2024-07-03,36,41,36723.3191124353,570,Employed,1,2024-07,Good
4880,5855,15000,2024-10-28,24,25,102707.76871868876,505,Employed,0,2024-10,Bad
4881,3226,5000,2024-02-27,36,37,85469.1492712204,551,Self-Employed,0,2024-02,Good
4882,8757,25000,2024-07-02,24,23,106949.14592421743,774,Employed,0,2024-07,Good
4883,4765,25000,2024-09-27,36,54,77547.5058425168,302,Contractor,1,2024-09,Bad
4884,7088,25000,2024-04-28,36,34,20000.0,562,Employed,0,2024-04,Good
4885,4054,5000,2024-08-10,24,49,63780.85870392212,808,Employed,0,2024-08,Good
4886,4465,10000,2024-05-23,36,67,73271.67571015879,568,Contractor,1,2024-05,Bad
4887,2707,15000,2024-08-26,12,59,74909.17391168377,554,Contractor,0,2024-08,Good
4888,7167,5000,2024-02-15,36,35,90438.28559826566,647,Employed,0,2024-02,Good
4889,5239,25000,2024-08-16,36,36,127579.29477264277,698,Employed,0,2024-08,Good
4890,3927,10000,2024-11-22,24,21,77180.45486576068,798,Contractor,0,2024-11,Good
4891,1641,25000,2024-10-17,12,46,55784.51585535751,485,Contractor,0,2024-10,Bad
4892,1651,25000,2024-03-06,36,34,103511.03099441683,765,Employed,0,2024-03,Bad
4893,8695,25000,2024-11-08,36,25,106801.04432605802,496,Employed,0,2024-11,Good
4894,8254,5000,2024-10-16,36,30,77067.81901390344,641,Employed,1,2024-10,Bad
4895,5767,10000,2024-08-14,36,61,55928.60931565982,785,Employed,0,2024-08,Good
4896,5616,25000,2024-10-13,24,53,67180.12480093168,849,Employed,0,2024-10,Bad
4897,5730,5000,2024-01-12,36,40,93055.08333233422,681,Employed,0,2024-01,Bad
4898,3287,15000,2024-06-23,24,41,46169.90546022573,770,Employed,1,2024-06,Bad
4899,1693,15000,2024-08-08,12,69,68968.90127343858,339,Employed,1,2024-08,Good
4900,7275,5000,2024-03-05,24,69,67651.81440967096,768,Employed,0,2024-03,Bad
4901,357,15000,2024-05-08,12,68,69497.85923866041,553,Employed,1,2024-05,Bad
4902,596,25000,2024-11-30,12,67,64505.1413869823,766,Employed,0,2024-11,Good
4903,1625,5000,2024-09-06,12,24,96714.58089118674,601,Employed,0,2024-09,Bad
4904,9322,5000,2024-07-13,36,62,69140.37812741805,594,Employed,1,2024-07,Good
4905,8029,15000,2024-09-26,24,37,69134.61922559657,829,Self-Employed,0,2024-09,Bad
4906,4967,10000,2024-06-30,12,49,44295.4859031623,489,Employed,1,2024-06,Bad
4907,3954,15000,2024-11-18,24,49,64521.94550365731,774,Self-Employed,1,2024-11,Good
4908,7316,25000,2024-12-05,12,56,69348.08779937882,327,Self-Employed,1,2024-12,Bad
4909,8061,10000,2024-11-01,12,54,43377.59718928943,479,Employed,0,2024-11,Good
4910,6231,10000,2024-04-09,12,49,65821.58434950533,472,Employed,1,2024-04,Good
4911,2571,25000,2024-12-12,36,36,38416.13750424204,787,Employed,0,2024-12,Bad
4912,93,10000,2024-08-28,24,64,28199.07317433021,599,Employed,0,2024-08,Good
4913,4900,5000,2024-04-25,36,40,91786.89825636399,684,Employed,0,2024-04,Good
4914,9071,10000,2024-06-12,24,62,109515.96498694271,446,Employed,0,2024-06,Bad
4915,4704,10000,2024-08-26,12,23,25641.45705670093,798,Employed,0,2024-08,Good
4916,7742,15000,2024-01-11,24,61,63885.82751436295,755,Self-Employed,0,2024-01,Bad
4917,1897,5000,2024-06-15,24,54,85602.57242139264,478,Employed,0,2024-06,Bad
4918,9175,25000,2024-01-10,24,22,102663.21590780668,390,Employed,0,2024-01,Bad
4919,2965,5000,2024-02-20,36,57,42711.412753637385,705,Employed,0,2024-02,Good
4920,9303,10000,2024-10-14,12,23,72784.74844241068,446,Self-Employed,0,2024-10,Bad
4921,6355,15000,2024-11-23,24,62,32161.80504115014,478,Employed,1,2024-11,Good
4922,8069,25000,2024-02-16,24,40,81347.3152567756,319,Self-Employed,0,2024-02,Good
4923,8575,25000,2024-01-13,24,52,43523.067090868586,800,Employed,0,2024-01,Bad
4924,9740,10000,2024-11-18,12,35,120808.65082964345,401,Employed,0,2024-11,Good
4925,2919,5000,2024-11-04,24,48,44160.042925839836,338,Contractor,0,2024-11,Good
4926,7321,15000,2024-11-04,24,69,32256.7006408092,333,Employed,1,2024-11,Good
4927,5125,5000,2024-04-30,12,65,90020.51244421036,404,Employed,1,2024-04,Good
4928,2459,5000,2024-10-24,36,65,50009.00012946991,762,Self-Employed,0,2024-10,Bad
4929,1107,25000,2024-10-11,24,20,75873.52595919746,697,Contractor,0,2024-10,Bad
4930,5037,5000,2024-09-01,24,37,60323.56208815843,798,Employed,0,2024-09,Bad
4931,8623,5000,2024-02-16,12,55,82946.15572490667,334,Employed,1,2024-02,Good
4932,3544,25000,2024-08-06,24,50,64187.402673557765,463,Employed,1,2024-08,Good
4933,6113,25000,2024-10-12,12,25,32187.782741592186,634,Employed,0,2024-10,Bad
4934,2083,5000,2024-05-02,36,59,69876.92313556506,808,Employed,1,2024-05,Bad
4935,3728,25000,2024-01-14,12,34,45780.83974903698,488,Employed,1,2024-01,Bad
4936,5004,15000,2024-09-09,24,26,37637.640979127595,418,Employed,0,2024-09,Bad
4937,2859,15000,2024-03-19,12,57,82735.27451466513,847,Employed,1,2024-03,Bad
4938,8476,5000,2024-08-25,12,45,46322.43115832334,602,Employed,0,2024-08,Good
4939,727,10000,2024-11-10,12,18,87466.72900847936,562,Employed,0,2024-11,Good
4940,1782,25000,2024-04-19,12,54,20000.0,717,Employed,1,2024-04,Good
4941,7406,10000,2024-12-27,36,22,29559.006069314848,486,Employed,0,2024-12,Bad
4942,337,25000,2024-03-04,12,50,52152.48433377892,372,Self-Employed,0,2024-03,Bad
4943,3603,25000,2024-02-13,12,21,114592.60338696878,320,Employed,1,2024-02,Good
4944,6084,5000,2024-09-26,24,57,60744.40520072052,606,Employed,0,2024-09,Bad
4945,8778,15000,2024-03-31,24,56,70009.86962190879,823,Employed,0,2024-03,Bad
4946,1915,10000,2024-08-26,12,35,103478.55864526625,358,Employed,1,2024-08,Good
4947,8759,15000,2024-10-26,12,54,57664.214942167186,724,Employed,0,2024-10,Bad
4948,6227,15000,2024-11-12,36,21,60179.84781731469,826,Employed,1,2024-11,Good
4949,4971,10000,2024-09-14,24,53,82169.35176258387,347,Employed,1,2024-09,Bad
4950,6823,25000,2024-08-30,36,54,77840.23236038054,610,Employed,1,2024-08,Good
4951,1652,10000,2024-03-19,12,31,96383.74450721187,394,Contractor,1,2024-03,Bad
4952,1321,15000,2024-11-25,36,51,122297.78167046714,702,Self-Employed,0,2024-11,Good
4953,1791,10000,2024-08-25,36,42,74225.41094562918,609,Self-Employed,0,2024-08,Good
4954,5462,5000,2024-09-21,24,52,40796.785053691834,640,Self-Employed,0,2024-09,Bad
4955,2882,25000,2024-07-07,24,57,80182.22537754232,640,Employed,0,2024-07,Good
4956,955,25000,2024-07-13,24,51,20000.0,782,Self-Employed,0,2024-07,Good
4957,5985,10000,2024-06-14,24,59,69442.45114475599,316,Employed,1,2024-06,Bad
4958,5544,25000,2024-07-16,12,63,77672.89300340776,599,Self-Employed,0,2024-07,Good
4959,7131,25000,2024-03-08,24,47,48836.788013087134,703,Employed,1,2024-03,Bad
4960,2067,15000,2024-07-13,12,30,55805.38683572362,474,Contractor,1,2024-07,Good
4961,3952,15000,2024-08-24,24,59,88589.94440682365,681,Employed,1,2024-08,Good
4962,2862,25000,2024-06-06,12,46,79986.2671580426,329,Employed,1,2024-06,Bad
4963,5401,25000,2024-08-15,36,62,91054.76442457543,762,Employed,0,2024-08,Good
4964,8255,15000,2024-03-02,24,36,54661.718529766746,548,Employed,1,2024-03,Bad
4965,9206,25000,2024-05-14,24,49,33281.22480996791,392,Contractor,1,2024-05,Bad
4966,6134,25000,2024-06-08,36,59,66912.95155609278,663,Employed,0,2024-06,Bad
4967,1990,15000,2024-04-16,24,42,81665.69708642227,614,Contractor,0,2024-04,Good
4968,1805,15000,2024-11-25,12,25,52102.3671716915,555,Employed,1,2024-11,Good
4969,3326,15000,2024-08-30,36,51,26014.105521844365,405,Employed,1,2024-08,Good
4970,3699,5000,2024-08-30,24,52,69348.68021032028,376,Employed,1,2024-08,Good
4971,5974,15000,2024-04-10,24,49,45758.33977471529,506,Employed,1,2024-04,Good
4972,5892,25000,2024-08-12,12,48,98717.3299661378,610,Self-Employed,0,2024-08,Good
4973,9218,15000,2024-10-08,24,22,70763.53967126823,845,Employed,0,2024-10,Bad
4974,6211,5000,2024-02-12,12,18,63455.598443235984,677,Employed,0,2024-02,Good
4975,878,15000,2024-12-30,24,19,86330.03862628886,609,Employed,0,2024-12,Bad
4976,3358,15000,2024-11-13,36,44,40877.66749534039,659,Contractor,0,2024-11,Good
4977,132,5000,2024-01-23,12,54,59057.91707597539,791,Contractor,1,2024-01,Bad
4978,5168,10000,2024-03-04,12,26,75843.69023371338,340,Employed,1,2024-03,Bad
4979,7085,10000,2024-11-23,24,67,66947.14317451687,601,Self-Employed,1,2024-11,Good
4980,993,15000,2024-07-01,12,64,96776.63315017584,695,Employed,0,2024-07,Good
4981,5773,10000,2024-05-23,12,35,43735.865262414154,375,Employed,0,2024-05,Bad
4982,1071,10000,2024-04-29,36,28,47085.66278939737,671,Employed,1,2024-04,Good
4983,7399,25000,2024-09-21,12,59,116414.6455176899,402,Employed,1,2024-09,Bad
4984,9952,25000,2024-09-16,36,54,76915.33767549536,754,Employed,0,2024-09,Bad
4985,6428,25000,2024-02-08,12,54,36725.31528786034,676,Employed,0,2024-02,Good
4986,2597,5000,2024-10-26,36,61,112965.1583469052,612,Contractor,0,2024-10,Bad
4987,5531,10000,2024-10-23,36,46,38233.29071458508,335,Employed,0,2024-10,Bad
4988,2950,15000,2024-09-25,36,67,83614.65996182825,483,Employed,0,2024-09,Bad
4989,5342,5000,2024-03-16,36,21,75759.06603766244,379,Employed,1,2024-03,Bad
4990,9094,10000,2024-10-06,36,66,56729.7370119432,308,Employed,0,2024-10,Bad
4991,3485,15000,2024-02-17,24,43,79216.11540031926,685,Self-Employed,0,2024-02,Good
4992,5591,5000,2024-07-23,12,63,52574.232733352284,846,Employed,0,2024-07,Good
4993,7238,25000,2024-04-08,24,26,44467.84039817852,760,Employed,1,2024-04,Good
4994,66,15000,2024-10-14,12,53,31634.73482724419,748,Employed,0,2024-10,Bad
4995,3765,25000,2024-10-03,12,62,20000.0,676,Self-Employed,1,2024-10,Bad
4996,2794,10000,2024-06-07,36,68,46437.83055576001,530,Employed,0,2024-06,Bad
4997,1420,15000,2024-11-15,12,41,28975.459136877034,551,Employed,0,2024-11,Good
4998,5478,25000,2024-06-11,24,19,68062.27313436137,837,Self-Employed,1,2024-06,Bad
4999,1416,25000,2024-05-23,12,25,36649.49535162604,691,Employed,0,2024-05,Bad
5000,8568,10000,2024-06-16,12,36,44671.89765384034,688,Employed,1,2024-06,Bad
5001,5425,10000,2024-03-30,24,55,65367.35238860917,413,Self-Employed,0,2024-03,Bad
5002,6208,10000,2024-02-07,24,24,105118.37530737133,785,Employed,0,2024-02,Good
5003,8370,10000,2024-09-15,24,46,67422.44690085786,754,Employed,1,2024-09,Bad
5004,235,10000,2024-06-13,36,50,106834.0986538131,589,Employed,1,2024-06,Bad
5005,2913,5000,2024-04-09,36,41,66846.58586027201,692,Employed,0,2024-04,Good
5006,762,25000,2024-09-14,12,29,98979.73735410062,678,Employed,0,2024-09,Bad
5007,3879,10000,2024-09-15,12,52,89285.308941809,578,Employed,0,2024-09,Bad
5008,5407,25000,2024-04-13,36,61,50332.63528095318,394,Employed,1,2024-04,Good
5009,1283,5000,2024-06-23,24,68,104485.94729237148,415,Self-Employed,0,2024-06,Bad
5010,1264,15000,2024-04-15,24,35,59497.15671862929,621,Employed,0,2024-04,Good
5011,5704,25000,2024-04-20,24,53,33318.08279068174,781,Employed,0,2024-04,Good
5012,3614,25000,2024-12-11,36,66,83532.99542269786,378,Employed,1,2024-12,Bad
5013,4447,25000,2024-01-27,24,25,70631.74305037617,640,Self-Employed,0,2024-01,Bad
5014,4637,15000,2024-02-07,12,58,59982.86954061675,639,Employed,0,2024-02,Good
5015,7110,5000,2024-06-20,36,44,28722.400338331536,799,Employed,1,2024-06,Bad
5016,3384,25000,2024-01-08,24,29,60114.128836930904,757,Contractor,0,2024-01,Bad
5017,3010,5000,2024-01-23,12,63,91498.75424405941,405,Employed,1,2024-01,Bad
5018,1623,25000,2024-05-13,12,27,91634.40680649006,561,Employed,1,2024-05,Bad
5019,7276,25000,2024-02-28,24,41,82694.79035387545,794,Self-Employed,0,2024-02,Good
5020,30,25000,2024-02-27,36,42,98131.90226092594,531,Employed,0,2024-02,Good
5021,309,15000,2024-09-12,36,37,49114.752994281575,528,Employed,0,2024-09,Bad
5022,9702,5000,2024-10-08,24,25,57479.646740628945,563,Self-Employed,1,2024-10,Bad
5023,2094,5000,2024-11-30,36,48,65610.79600445085,420,Self-Employed,1,2024-11,Good
5024,3431,10000,2024-06-23,12,26,71051.76675719919,410,Employed,1,2024-06,Bad
5025,137,25000,2024-04-05,24,44,68883.12497998503,727,Employed,0,2024-04,Good
5026,775,15000,2024-05-26,36,25,90256.8646709004,621,Employed,0,2024-05,Bad
5027,1599,25000,2024-04-26,36,29,82330.4400414676,399,Self-Employed,0,2024-04,Good
5028,9647,5000,2024-08-27,36,45,98588.66266555128,316,Employed,1,2024-08,Good
5029,2604,5000,2024-12-20,24,67,49314.481639340665,705,Employed,1,2024-12,Bad
5030,2481,25000,2024-06-02,24,24,91489.13931558494,610,Employed,0,2024-06,Bad
5031,9039,5000,2024-11-03,12,44,87566.9535674812,782,Self-Employed,0,2024-11,Good
5032,8399,25000,2024-11-28,24,67,54270.442744308646,831,Employed,0,2024-11,Good
5033,3131,25000,2024-10-29,24,69,62160.935880238714,426,Employed,0,2024-10,Bad
5034,9422,10000,2024-07-18,36,51,28831.07234178837,420,Employed,1,2024-07,Good
5035,6475,15000,2024-01-14,36,28,66334.60681197555,664,Employed,0,2024-01,Bad
5036,4692,15000,2024-06-02,24,59,20000.0,347,Employed,1,2024-06,Bad
5037,6669,5000,2024-02-16,36,34,96326.45525609786,846,Employed,0,2024-02,Good
5038,2797,5000,2024-09-04,36,33,47467.76073021125,549,Employed,1,2024-09,Bad
5039,1128,10000,2024-04-03,24,41,44072.74665962401,829,Employed,0,2024-04,Good
5040,6503,5000,2024-08-19,24,19,59920.78677538303,510,Employed,0,2024-08,Good
5041,9395,5000,2024-04-15,36,43,80168.25006300266,332,Self-Employed,1,2024-04,Good
5042,1288,25000,2024-08-15,12,39,75960.31748741613,460,Employed,1,2024-08,Good
5043,4851,10000,2024-09-14,12,19,96740.33156499607,824,Self-Employed,1,2024-09,Bad
5044,8741,25000,2024-06-06,24,21,79964.87728610981,575,Employed,0,2024-06,Bad
5045,3946,25000,2024-10-06,12,51,73396.18161800172,386,Employed,0,2024-10,Bad
5046,3930,5000,2024-09-01,36,66,73269.5951634559,517,Self-Employed,1,2024-09,Bad
5047,1388,25000,2024-03-22,36,56,77349.43455514112,610,Employed,1,2024-03,Bad
5048,9466,15000,2024-01-23,24,22,20000.0,816,Self-Employed,1,2024-01,Bad
5049,3264,15000,2024-04-26,12,23,64370.28291176301,400,Employed,1,2024-04,Good
5050,8999,15000,2024-03-10,36,51,36134.076277881795,585,Contractor,0,2024-03,Bad
5051,1928,10000,2024-03-15,36,50,32379.577739176268,820,Contractor,0,2024-03,Bad
5052,7975,10000,2024-05-14,12,46,82960.29244441574,501,Employed,1,2024-05,Bad
5053,3982,15000,2024-08-12,36,41,23571.410371692386,319,Employed,0,2024-08,Good
5054,1746,15000,2024-05-17,36,68,101385.86209788313,645,Employed,0,2024-05,Bad
5055,3989,25000,2024-12-06,12,22,91449.01784596982,654,Self-Employed,1,2024-12,Bad
5056,1226,10000,2024-07-19,12,41,43481.07995745451,436,Employed,1,2024-07,Good
5057,8107,5000,2024-08-27,24,30,53434.26808517773,686,Employed,0,2024-08,Good
5058,6283,5000,2024-01-25,12,37,121724.79029148634,448,Employed,0,2024-01,Bad
5059,5972,10000,2024-08-04,24,30,55337.62774193024,731,Employed,0,2024-08,Good
5060,2067,25000,2024-10-06,12,30,55805.38683572362,474,Contractor,1,2024-10,Bad
5061,8287,15000,2024-01-12,24,27,50394.27267019787,501,Employed,1,2024-01,Bad
5062,130,25000,2024-07-17,36,40,83338.69533764664,600,Self-Employed,0,2024-07,Good
5063,7273,25000,2024-05-13,24,35,82505.24618796914,605,Employed,0,2024-05,Bad
5064,7089,10000,2024-11-10,24,43,71566.04969679227,595,Employed,0,2024-11,Good
5065,3269,15000,2024-03-23,36,37,76681.30537956975,336,Employed,1,2024-03,Bad
5066,987,10000,2024-11-23,12,62,48663.42760687982,560,Contractor,0,2024-11,Good
5067,3111,10000,2024-02-05,12,55,105974.01318999584,522,Employed,0,2024-02,Good
5068,3573,25000,2024-11-12,24,20,37467.8377540043,526,Contractor,1,2024-11,Good
5069,9009,10000,2024-08-18,12,23,82651.67374638576,500,Contractor,1,2024-08,Good
5070,7299,10000,2024-04-09,24,36,65013.48406572197,707,Employed,0,2024-04,Good
5071,2601,10000,2024-07-17,36,25,51030.104527876065,376,Contractor,0,2024-07,Good
5072,2170,10000,2024-07-11,12,53,74974.8039375424,807,Employed,0,2024-07,Good
5073,1780,25000,2024-06-18,12,21,49243.76762488909,780,Employed,1,2024-06,Bad
5074,757,15000,2024-05-21,12,18,56506.024808811904,528,Employed,0,2024-05,Bad
5075,1168,15000,2024-09-04,36,25,43473.75819586062,804,Employed,0,2024-09,Bad
5076,7354,25000,2024-11-16,24,58,51206.55370419268,821,Employed,0,2024-11,Good
5077,2595,5000,2024-01-12,24,19,20000.0,421,Employed,1,2024-01,Bad
5078,5331,10000,2024-07-29,36,62,81735.95928856172,608,Self-Employed,0,2024-07,Good
5079,3105,25000,2024-09-26,24,37,70515.77010767908,724,Employed,0,2024-09,Bad
5080,7327,5000,2024-11-18,24,32,97458.36224438541,415,Employed,0,2024-11,Good
5081,406,5000,2024-04-24,36,49,99084.41283845849,342,Employed,0,2024-04,Good
5082,2412,10000,2024-12-20,12,38,40543.626548488064,506,Employed,1,2024-12,Bad
5083,8355,25000,2024-11-18,24,59,20000.0,843,Employed,0,2024-11,Good
5084,8323,10000,2024-09-26,36,33,83676.47069560309,334,Self-Employed,1,2024-09,Bad
5085,3168,5000,2024-10-27,24,21,67096.81254402334,300,Employed,1,2024-10,Bad
5086,2701,5000,2024-05-16,12,55,64294.55302656926,531,Employed,0,2024-05,Bad
5087,5801,10000,2024-06-05,12,20,60509.24068186212,606,Employed,0,2024-06,Bad
5088,7535,10000,2024-03-01,12,32,51514.25515553953,488,Employed,0,2024-03,Bad
5089,4883,10000,2024-10-15,12,65,68713.69758981597,615,Employed,0,2024-10,Bad
5090,1934,15000,2024-11-23,12,28,69463.22924301194,797,Employed,0,2024-11,Good
5091,8139,25000,2024-06-16,12,29,61019.95721033401,613,Employed,0,2024-06,Bad
5092,3506,25000,2024-12-23,12,52,74258.50668322115,524,Employed,1,2024-12,Bad
5093,3133,25000,2024-01-23,12,41,55565.33706344475,343,Employed,1,2024-01,Bad
5094,2980,5000,2024-02-28,24,26,68695.51847591318,839,Employed,0,2024-02,Good
5095,1347,25000,2024-12-21,36,66,85733.09431457156,305,Employed,1,2024-12,Bad
5096,2637,25000,2024-11-07,36,29,20000.0,348,Self-Employed,1,2024-11,Good
5097,8237,5000,2024-06-19,24,36,23637.24012718135,816,Employed,0,2024-06,Bad
5098,347,5000,2024-03-24,36,65,80005.32414360694,765,Employed,0,2024-03,Bad
5099,3794,15000,2024-09-04,36,58,87552.2827897067,396,Employed,0,2024-09,Bad
5100,2543,5000,2024-11-09,12,39,20146.41222003499,648,Employed,1,2024-11,Good
5101,5001,10000,2024-05-13,24,18,35019.89187260892,698,Employed,0,2024-05,Bad
5102,8252,15000,2024-10-14,12,43,64962.13742629885,625,Employed,0,2024-10,Bad
5103,2346,5000,2024-07-11,12,22,63729.980284511665,363,Employed,1,2024-07,Good
5104,4327,25000,2024-07-06,12,53,71181.7863027189,827,Employed,0,2024-07,Good
5105,2845,15000,2024-05-31,24,49,32860.0221486807,320,Employed,0,2024-05,Bad
5106,3767,15000,2024-06-05,24,40,71172.6515854153,476,Self-Employed,1,2024-06,Bad
5107,448,25000,2024-01-08,24,39,21327.607716361126,671,Employed,0,2024-01,Bad
5108,7794,25000,2024-09-25,12,44,73911.9276167373,838,Employed,0,2024-09,Bad
5109,2416,25000,2024-03-03,24,19,38529.99629380451,551,Employed,1,2024-03,Bad
5110,4079,10000,2024-01-25,12,41,76510.3912460706,504,Employed,0,2024-01,Bad
5111,5149,15000,2024-06-05,36,38,85585.57961405779,793,Employed,0,2024-06,Bad
5112,3036,10000,2024-07-05,12,68,53569.536517020104,313,Employed,1,2024-07,Good
5113,2325,10000,2024-11-12,36,67,72030.7623054651,656,Employed,0,2024-11,Good
5114,6753,25000,2024-03-28,36,55,89431.58425757806,535,Employed,0,2024-03,Bad
5115,4927,5000,2024-05-04,24,29,20000.0,373,Self-Employed,0,2024-05,Bad
5116,8230,10000,2024-08-30,12,50,73190.65543321037,354,Employed,1,2024-08,Good
5117,9423,5000,2024-01-26,24,64,56630.666882379315,641,Employed,0,2024-01,Bad
5118,5826,5000,2024-03-24,24,48,42654.16948402274,812,Employed,0,2024-03,Bad
5119,7820,25000,2024-07-14,36,40,77638.4719225802,786,Employed,0,2024-07,Good
5120,8481,5000,2024-10-04,36,34,44337.71560724413,504,Employed,0,2024-10,Bad
5121,7119,10000,2024-05-14,12,21,94370.3514396423,525,Self-Employed,1,2024-05,Bad
5122,5613,5000,2024-11-13,36,66,47356.110944320055,310,Employed,1,2024-11,Good
5123,7937,10000,2024-04-27,12,43,36791.21656223056,434,Employed,0,2024-04,Good
5124,6596,25000,2024-09-22,12,37,67688.12501076997,671,Employed,0,2024-09,Bad
5125,5493,10000,2024-10-13,24,62,68585.14902678262,487,Employed,1,2024-10,Bad
5126,6705,5000,2024-01-26,36,22,49850.2488478772,527,Employed,1,2024-01,Bad
5127,7469,10000,2024-07-01,24,43,48808.68109054886,352,Employed,1,2024-07,Good
5128,204,5000,2024-08-26,36,26,123116.83264632046,394,Employed,0,2024-08,Good
5129,6523,5000,2024-04-18,36,48,74501.6860143458,457,Employed,0,2024-04,Good
5130,5235,25000,2024-03-30,24,26,76114.79987682823,540,Employed,0,2024-03,Bad
5131,9236,5000,2024-10-07,12,39,105047.46978974954,523,Employed,0,2024-10,Bad
5132,1621,15000,2024-04-29,24,64,75964.48227302513,363,Self-Employed,1,2024-04,Good
5133,2444,10000,2024-06-28,36,64,82689.79554936549,565,Employed,1,2024-06,Bad
5134,3837,15000,2024-01-18,24,38,78083.09456821471,627,Contractor,0,2024-01,Bad
5135,3124,15000,2024-05-31,24,21,79262.18327158934,377,Contractor,0,2024-05,Bad
5136,3732,10000,2024-04-17,36,56,60829.63148254017,472,Employed,0,2024-04,Good
5137,3258,25000,2024-05-22,36,38,73657.81775562216,790,Employed,1,2024-05,Bad
5138,1138,10000,2024-09-20,12,28,89098.13557638928,719,Self-Employed,0,2024-09,Bad
5139,8738,25000,2024-02-12,36,47,44523.68392202986,538,Self-Employed,0,2024-02,Good
5140,8865,5000,2024-08-04,36,24,20000.0,351,Employed,1,2024-08,Good
5141,7338,15000,2024-01-24,36,52,68179.34797985714,848,Employed,0,2024-01,Bad
5142,8952,10000,2024-09-06,36,48,90679.8697060715,393,Self-Employed,0,2024-09,Bad
5143,9537,5000,2024-04-11,36,20,89265.84181528608,629,Employed,0,2024-04,Good
5144,520,10000,2024-11-16,12,63,55066.918686215955,344,Self-Employed,1,2024-11,Good
5145,8001,10000,2024-01-26,36,61,39332.237705368345,565,Employed,1,2024-01,Bad
5146,4206,5000,2024-11-25,24,46,114802.36018743634,515,Employed,1,2024-11,Good
5147,9794,10000,2024-06-02,24,33,112271.01050097913,543,Employed,0,2024-06,Bad
5148,6468,5000,2024-11-17,36,49,71300.84949837193,338,Self-Employed,0,2024-11,Good
5149,6072,15000,2024-09-26,24,64,72902.19555272335,839,Employed,0,2024-09,Bad
5150,1823,5000,2024-05-08,12,68,58765.75937068797,759,Contractor,0,2024-05,Bad
5151,2025,10000,2024-04-03,24,34,35898.73418985437,495,Employed,0,2024-04,Good
5152,1185,15000,2024-02-06,12,57,44107.7748744991,704,Employed,0,2024-02,Good
5153,380,15000,2024-09-30,12,23,45524.514462000356,504,Self-Employed,0,2024-09,Bad
5154,2128,5000,2024-06-06,24,53,101091.75797915595,352,Self-Employed,0,2024-06,Bad
5155,9487,25000,2024-06-03,24,66,101258.50646897656,381,Employed,0,2024-06,Bad
5156,8808,5000,2024-07-06,36,21,85099.66239726257,320,Employed,1,2024-07,Good
5157,436,25000,2024-04-22,36,63,59486.54427108657,834,Employed,0,2024-04,Good
5158,5018,5000,2024-01-30,36,52,88665.45770826092,335,Employed,0,2024-01,Bad
5159,3150,15000,2024-09-01,24,53,102548.82412971489,618,Employed,0,2024-09,Bad
5160,1548,5000,2024-04-09,12,52,53335.64821993058,766,Employed,1,2024-04,Good
5161,4891,25000,2024-01-21,12,56,29380.858656962766,316,Employed,1,2024-01,Bad
5162,9327,10000,2024-01-18,36,42,44200.722298036715,386,Employed,0,2024-01,Bad
5163,8644,25000,2024-06-10,12,41,82673.87524801356,624,Employed,0,2024-06,Bad
5164,4356,15000,2024-06-07,24,41,23221.320880116276,457,Self-Employed,1,2024-06,Bad
5165,8098,5000,2024-01-10,24,34,43037.530225762384,648,Employed,1,2024-01,Bad
5166,6852,15000,2024-12-26,12,31,60184.83903097985,345,Employed,1,2024-12,Bad
5167,6319,10000,2024-09-06,24,26,87670.85365932315,848,Employed,0,2024-09,Bad
5168,712,10000,2024-01-04,12,44,74566.3387869373,558,Employed,1,2024-01,Bad
5169,5820,10000,2024-01-15,36,48,80320.63304173303,717,Employed,0,2024-01,Bad
5170,5506,5000,2024-02-22,24,28,54701.91914035117,664,Employed,0,2024-02,Good
5171,7440,25000,2024-07-05,24,34,85583.92073692931,636,Employed,1,2024-07,Good
5172,6021,5000,2024-02-24,36,20,27139.648440046985,467,Employed,0,2024-02,Good
5173,8359,15000,2024-08-20,12,24,21744.44684636286,451,Employed,0,2024-08,Good
5174,6287,5000,2024-06-04,24,59,62300.40784968474,616,Self-Employed,0,2024-06,Bad
5175,4589,15000,2024-05-18,24,26,75308.89922714871,376,Self-Employed,1,2024-05,Bad
5176,2120,5000,2024-06-10,12,40,20557.975940744967,825,Employed,0,2024-06,Bad
5177,7512,25000,2024-09-06,36,65,45615.52425818484,335,Employed,1,2024-09,Bad
5178,6291,10000,2024-05-04,24,49,35354.62722462637,493,Self-Employed,1,2024-05,Bad
5179,7669,5000,2024-04-25,36,18,77702.19286051966,364,Employed,0,2024-04,Good
5180,5458,25000,2024-12-15,12,39,36817.86190732675,794,Employed,1,2024-12,Bad
5181,1109,5000,2024-08-06,12,23,78444.2047592121,616,Contractor,1,2024-08,Good
5182,1841,5000,2024-10-07,36,30,73334.24628152195,648,Employed,0,2024-10,Bad
5183,2855,10000,2024-08-27,12,51,132758.29110837233,503,Self-Employed,1,2024-08,Good
5184,3215,15000,2024-04-11,36,56,93837.57124453859,439,Employed,0,2024-04,Good
5185,9083,25000,2024-02-09,24,55,69467.87810839883,393,Employed,1,2024-02,Good
5186,9527,5000,2024-04-02,36,32,43651.77713571607,832,Self-Employed,0,2024-04,Good
5187,3441,10000,2024-07-09,36,51,110190.77014176713,794,Employed,0,2024-07,Good
5188,5827,5000,2024-01-11,36,38,60435.378039688956,587,Employed,0,2024-01,Bad
5189,1720,5000,2024-07-06,24,18,66461.23701764125,829,Employed,0,2024-07,Good
5190,2861,10000,2024-07-10,12,58,49218.97159398248,734,Self-Employed,0,2024-07,Good
5191,9163,5000,2024-09-02,24,68,68121.69025488697,820,Employed,0,2024-09,Bad
5192,67,5000,2024-05-11,36,67,55358.18422555379,581,Employed,0,2024-05,Bad
5193,7902,25000,2024-11-25,24,41,47980.83883552433,485,Self-Employed,0,2024-11,Good
5194,3846,25000,2024-11-05,12,61,87669.68182330996,398,Employed,0,2024-11,Good
5195,9030,25000,2024-12-01,24,20,100420.85205347007,373,Employed,1,2024-12,Bad
5196,927,5000,2024-02-25,36,25,132575.6891101271,355,Employed,0,2024-02,Good
5197,3606,5000,2024-12-15,24,25,40384.15782455112,827,Employed,0,2024-12,Bad
5198,341,25000,2024-12-20,24,37,59378.6736051287,502,Employed,1,2024-12,Bad
5199,3750,5000,2024-02-13,36,62,57786.67748295509,593,Contractor,0,2024-02,Good
5200,102,10000,2024-07-27,36,18,61319.86803286007,609,Employed,0,2024-07,Good
5201,8134,10000,2024-09-17,12,65,32227.199823196002,685,Employed,0,2024-09,Bad
5202,1134,5000,2024-07-13,24,22,43467.2605075723,765,Employed,0,2024-07,Good
5203,5003,5000,2024-03-20,12,53,78611.49673818656,599,Self-Employed,0,2024-03,Bad
5204,828,15000,2024-03-08,36,45,112468.37453388097,634,Employed,0,2024-03,Bad
5205,5150,10000,2024-05-16,36,69,88640.83568919075,791,Employed,0,2024-05,Bad
5206,7019,5000,2024-01-04,12,62,80814.56999105493,590,Employed,0,2024-01,Bad
5207,5092,15000,2024-12-06,12,38,80094.53673882397,743,Employed,1,2024-12,Bad
5208,385,10000,2024-04-26,24,46,92302.66959956066,672,Employed,0,2024-04,Good
5209,8790,15000,2024-04-04,12,36,66860.16679815369,793,Employed,0,2024-04,Good
5210,9,25000,2024-07-27,24,36,44448.099704301814,307,Contractor,0,2024-07,Good
5211,1314,15000,2024-01-16,36,43,61263.60767087528,512,Employed,0,2024-01,Bad
5212,979,25000,2024-04-20,36,39,96085.14492967905,580,Employed,0,2024-04,Good
5213,3724,5000,2024-11-21,24,41,93444.41951671656,709,Employed,0,2024-11,Good
5214,2091,5000,2024-08-09,24,23,112800.13672631743,404,Self-Employed,1,2024-08,Good
5215,3103,10000,2024-09-27,36,64,70954.2826534907,701,Employed,1,2024-09,Bad
5216,3754,15000,2024-12-28,24,62,35806.064602501974,843,Employed,0,2024-12,Bad
5217,3745,15000,2024-06-07,12,61,56511.746083350336,708,Employed,0,2024-06,Bad
5218,6931,5000,2024-04-03,24,65,57895.302946130534,695,Employed,0,2024-04,Good
5219,1789,10000,2024-12-01,36,26,71021.91893001019,325,Self-Employed,0,2024-12,Bad
5220,1243,5000,2024-10-26,24,53,103258.36410886027,610,Employed,0,2024-10,Bad
5221,8305,10000,2024-06-12,12,18,44034.408160011735,752,Self-Employed,0,2024-06,Bad
5222,3767,15000,2024-10-22,24,40,71172.6515854153,476,Self-Employed,0,2024-10,Bad
5223,3332,25000,2024-11-14,24,29,40543.358768344,310,Employed,1,2024-11,Good
5224,6156,10000,2024-09-11,24,52,75824.32320109088,318,Employed,1,2024-09,Bad
5225,1364,15000,2024-11-14,36,66,77444.70773544443,580,Employed,0,2024-11,Good
5226,6653,10000,2024-09-29,24,31,89283.60711353703,658,Self-Employed,0,2024-09,Bad
5227,3376,25000,2024-02-07,12,40,70727.37079115948,732,Employed,0,2024-02,Good
5228,5633,25000,2024-06-30,36,33,69137.28910332851,394,Employed,0,2024-06,Bad
5229,3433,5000,2024-07-05,24,28,86598.08874906115,541,Self-Employed,0,2024-07,Good
5230,5439,25000,2024-01-25,36,39,71300.09403004822,840,Employed,1,2024-01,Bad
5231,6653,25000,2024-11-28,24,31,89283.60711353703,658,Self-Employed,0,2024-11,Good
5232,7689,5000,2024-05-21,36,44,38246.03841232849,634,Self-Employed,1,2024-05,Bad
5233,5894,25000,2024-05-03,24,69,70413.86845945515,729,Self-Employed,0,2024-05,Bad
5234,1350,5000,2024-01-25,12,45,55910.667627124276,741,Employed,0,2024-01,Bad
5235,308,10000,2024-10-17,36,20,108279.2407941825,695,Contractor,0,2024-10,Bad
5236,9539,15000,2024-11-30,24,23,68407.78238909169,698,Self-Employed,1,2024-11,Good
5237,9059,5000,2024-06-23,24,67,80303.9201738888,495,Employed,0,2024-06,Bad
5238,7056,10000,2024-08-19,24,62,50702.4287547519,534,Self-Employed,0,2024-08,Good
5239,7810,25000,2024-05-24,36,43,68235.54192038251,541,Employed,0,2024-05,Bad
5240,5737,10000,2024-12-10,36,51,97034.58495309087,516,Employed,0,2024-12,Bad
5241,8056,5000,2024-01-23,24,36,83024.72883577298,573,Contractor,0,2024-01,Bad
5242,7710,5000,2024-08-11,24,51,100170.18821832413,432,Employed,0,2024-08,Good
5243,8110,5000,2024-05-01,24,38,50256.01898332161,364,Employed,1,2024-05,Bad
5244,9705,5000,2024-08-10,36,37,94317.43942962668,568,Contractor,1,2024-08,Good
5245,2284,10000,2024-08-17,12,37,62100.07319196166,355,Employed,1,2024-08,Good
5246,7553,15000,2024-01-17,12,18,45578.447534465195,421,Employed,1,2024-01,Bad
5247,8135,15000,2024-10-11,24,25,21448.65145570424,564,Employed,0,2024-10,Bad
5248,3779,10000,2024-01-02,36,54,122648.6646491935,571,Contractor,0,2024-01,Bad
5249,5376,15000,2024-09-23,24,45,58444.160765428605,518,Employed,0,2024-09,Bad
5250,9060,25000,2024-01-16,24,46,42528.15472806676,690,Employed,1,2024-01,Bad
5251,1383,10000,2024-12-02,36,68,49990.35767822235,837,Self-Employed,0,2024-12,Bad
5252,3615,10000,2024-01-21,12,65,78386.46868524083,468,Employed,1,2024-01,Bad
5253,7096,10000,2024-09-07,36,60,29729.942872726024,518,Self-Employed,0,2024-09,Bad
5254,9176,15000,2024-10-03,24,52,46852.04785015553,593,Self-Employed,1,2024-10,Bad
5255,1025,10000,2024-01-06,12,64,60596.662411225545,735,Employed,0,2024-01,Bad
5256,8310,10000,2024-10-28,36,54,45793.616990205745,731,Employed,0,2024-10,Bad
5257,2527,5000,2024-08-24,12,42,20000.0,375,Employed,1,2024-08,Good
5258,6603,5000,2024-01-23,36,44,50180.01917053383,561,Employed,1,2024-01,Bad
5259,9411,15000,2024-11-09,36,53,43749.79363099035,608,Employed,0,2024-11,Good
5260,7820,5000,2024-07-03,12,40,77638.4719225802,786,Employed,0,2024-07,Good
5261,1044,25000,2024-08-11,12,23,43481.77091511654,365,Employed,1,2024-08,Good
5262,2506,5000,2024-02-08,24,26,72858.46707828576,350,Contractor,0,2024-02,Good
5263,7759,5000,2024-01-31,24,63,28745.920824082452,761,Self-Employed,0,2024-01,Bad
5264,2688,10000,2024-01-02,12,23,50406.94666093497,367,Employed,1,2024-01,Bad
5265,3157,25000,2024-12-07,24,50,62905.422502773385,770,Employed,0,2024-12,Bad
5266,576,25000,2024-06-13,24,29,58062.159528494165,335,Employed,1,2024-06,Bad
5267,403,5000,2024-10-26,36,63,105469.6909915217,404,Employed,0,2024-10,Bad
5268,8445,15000,2024-05-06,24,41,20000.0,481,Employed,0,2024-05,Bad
5269,1630,10000,2024-11-14,36,39,87057.16231498039,305,Employed,1,2024-11,Good
5270,7969,15000,2024-03-15,24,66,94728.24453633666,642,Employed,0,2024-03,Bad
5271,2710,15000,2024-11-04,12,23,80198.68917514385,416,Contractor,1,2024-11,Good
5272,4824,15000,2024-03-16,36,46,44775.90267685499,452,Employed,0,2024-03,Bad
5273,4044,25000,2024-12-15,24,52,81071.38734907369,336,Employed,1,2024-12,Bad
5274,2660,15000,2024-10-01,12,56,64001.83841566591,393,Self-Employed,1,2024-10,Bad
5275,5242,15000,2024-10-27,36,57,24808.967236920078,822,Employed,1,2024-10,Bad
5276,9171,25000,2024-08-22,24,43,44733.56110753318,409,Employed,1,2024-08,Good
5277,3817,5000,2024-02-24,12,57,62404.68788992583,358,Employed,1,2024-02,Good
5278,2727,25000,2024-07-17,36,35,55614.813837900954,652,Employed,0,2024-07,Good
5279,569,25000,2024-01-29,24,50,53953.7768189794,716,Employed,1,2024-01,Bad
5280,4106,5000,2024-10-30,24,26,49646.41171882038,646,Employed,0,2024-10,Bad
5281,2773,15000,2024-11-23,36,48,92089.5775777499,586,Employed,0,2024-11,Good
5282,4055,15000,2024-03-03,12,25,40286.774803352484,804,Employed,0,2024-03,Bad
5283,7878,5000,2024-05-28,36,62,58273.97270279794,453,Self-Employed,1,2024-05,Bad
5284,3999,15000,2024-11-08,12,29,20000.0,551,Employed,1,2024-11,Good
5285,137,5000,2024-09-25,12,44,68883.12497998503,727,Employed,1,2024-09,Bad
5286,4787,25000,2024-06-03,36,58,41876.85460701815,743,Employed,1,2024-06,Bad
5287,9616,15000,2024-07-14,12,45,122937.90577992136,489,Employed,0,2024-07,Good
5288,1466,15000,2024-12-09,24,69,96817.86834928162,422,Employed,0,2024-12,Bad
5289,4772,10000,2024-04-14,36,34,102960.5507663045,654,Self-Employed,1,2024-04,Good
5290,3833,15000,2024-09-21,12,40,92693.02739956122,414,Self-Employed,1,2024-09,Bad
5291,1537,10000,2024-03-14,24,68,77286.13777236005,584,Contractor,0,2024-03,Bad
5292,2325,15000,2024-03-15,12,67,72030.7623054651,656,Employed,1,2024-03,Bad
5293,9572,10000,2024-04-06,36,28,85068.18931094244,603,Contractor,0,2024-04,Good
5294,9125,5000,2024-08-28,24,19,62875.83507779631,308,Self-Employed,1,2024-08,Good
5295,7261,15000,2024-05-18,12,55,74184.00872868717,616,Employed,0,2024-05,Bad
5296,6785,5000,2024-04-18,36,29,86069.35075247567,570,Employed,1,2024-04,Good
5297,7304,10000,2024-01-28,12,57,113055.61400673632,456,Employed,0,2024-01,Bad
5298,9260,10000,2024-04-11,36,31,50833.23517596399,507,Contractor,1,2024-04,Good
5299,211,10000,2024-12-15,24,32,30201.04047620672,715,Employed,1,2024-12,Bad
5300,7527,10000,2024-04-28,36,35,44091.5365875928,594,Employed,0,2024-04,Good
5301,6505,25000,2024-03-12,24,34,86274.56696266912,582,Employed,1,2024-03,Bad
5302,6555,5000,2024-01-27,12,33,60320.86130340348,530,Employed,0,2024-01,Bad
5303,8424,10000,2024-05-29,12,40,51630.693598554906,794,Self-Employed,0,2024-05,Bad
5304,804,15000,2024-06-18,24,62,27649.055167756233,571,Self-Employed,0,2024-06,Bad
5305,9386,10000,2024-06-08,12,42,86502.1266935705,613,Self-Employed,0,2024-06,Bad
5306,8426,5000,2024-05-21,24,21,24092.455372513512,789,Employed,0,2024-05,Bad
5307,2568,25000,2024-06-02,12,56,58638.09808386646,397,Employed,0,2024-06,Bad
5308,2148,5000,2024-09-06,12,46,73062.61650724761,845,Employed,1,2024-09,Bad
5309,6397,15000,2024-07-01,36,38,75653.91399115462,808,Employed,0,2024-07,Good
5310,1724,25000,2024-07-21,36,32,22458.35354281459,363,Self-Employed,1,2024-07,Good
5311,1147,5000,2024-03-11,36,46,20000.0,361,Contractor,1,2024-03,Bad
5312,8324,10000,2024-07-01,24,47,31969.769203596778,658,Employed,0,2024-07,Good
5313,6365,15000,2024-06-21,36,68,70361.58168668878,724,Employed,0,2024-06,Bad
5314,9024,15000,2024-01-30,36,22,20000.0,773,Contractor,0,2024-01,Bad
5315,732,25000,2024-11-17,36,42,67328.95844249356,788,Employed,0,2024-11,Good
5316,8595,5000,2024-12-20,12,40,56198.758599192704,375,Employed,0,2024-12,Bad
5317,6315,15000,2024-06-02,24,50,20000.0,371,Employed,0,2024-06,Bad
5318,5596,25000,2024-03-29,36,65,93822.83140512025,698,Self-Employed,0,2024-03,Bad
5319,9810,10000,2024-08-08,36,53,68889.48673076597,667,Employed,1,2024-08,Good
5320,270,10000,2024-11-06,36,49,43694.3839250669,799,Employed,0,2024-11,Good
5321,7581,25000,2024-12-23,12,33,40858.302153819226,506,Employed,1,2024-12,Bad
5322,1155,5000,2024-11-16,24,38,86563.58711537925,311,Self-Employed,1,2024-11,Good
5323,6857,10000,2024-01-25,36,34,34361.63194462744,337,Employed,1,2024-01,Bad
5324,7016,10000,2024-04-07,36,68,71981.00253052499,473,Employed,0,2024-04,Good
5325,7901,25000,2024-02-11,36,46,74994.49794042128,695,Employed,0,2024-02,Good
5326,5637,5000,2024-10-26,12,33,25995.729371751404,531,Contractor,1,2024-10,Bad
5327,6773,10000,2024-03-09,12,68,20000.0,401,Employed,1,2024-03,Bad
5328,2349,5000,2024-12-26,36,45,39022.22079080652,448,Contractor,1,2024-12,Bad
5329,2752,25000,2024-09-20,12,42,82608.40524635198,456,Employed,0,2024-09,Bad
5330,6059,5000,2024-12-27,24,63,37076.477897440906,621,Employed,1,2024-12,Bad
5331,4523,5000,2024-03-03,36,42,80588.14497064646,564,Employed,1,2024-03,Bad
5332,2164,15000,2024-07-24,24,41,51122.26930179125,767,Self-Employed,1,2024-07,Good
5333,2284,10000,2024-05-27,24,37,62100.07319196166,355,Employed,1,2024-05,Bad
5334,6157,10000,2024-11-24,24,63,69098.10158983574,673,Employed,1,2024-11,Good
5335,4164,10000,2024-09-11,12,36,27889.02329516434,472,Employed,0,2024-09,Bad
5336,4487,5000,2024-09-07,12,35,89380.01354211915,788,Employed,0,2024-09,Bad
5337,8965,25000,2024-09-17,24,28,64262.310034523216,459,Employed,0,2024-09,Bad
5338,2427,5000,2024-05-08,12,32,38745.33656595826,583,Employed,1,2024-05,Bad
5339,3247,10000,2024-01-11,12,42,60445.985403551895,393,Contractor,1,2024-01,Bad
5340,5512,10000,2024-01-17,36,48,56017.86739233958,528,Employed,1,2024-01,Bad
5341,3477,10000,2024-03-08,36,20,50892.75368202452,501,Employed,1,2024-03,Bad
5342,4184,10000,2024-01-05,36,41,55823.133849545426,775,Employed,0,2024-01,Bad
5343,5912,25000,2024-07-24,36,31,76035.49399732376,710,Self-Employed,1,2024-07,Good
5344,5209,15000,2024-03-22,24,50,54028.750238045715,736,Employed,0,2024-03,Bad
5345,8179,5000,2024-03-07,12,45,78105.75449880076,523,Employed,0,2024-03,Bad
5346,3893,25000,2024-09-01,24,29,100845.82096649612,832,Self-Employed,0,2024-09,Bad
5347,2780,15000,2024-09-23,36,19,68551.11197076362,410,Employed,1,2024-09,Bad
5348,6600,10000,2024-08-26,36,68,73408.07423303202,419,Employed,0,2024-08,Good
5349,8647,25000,2024-08-18,12,40,109534.99291502144,388,Employed,1,2024-08,Good
5350,3635,25000,2024-08-15,12,34,41815.674857601654,456,Self-Employed,1,2024-08,Good
5351,6655,25000,2024-06-01,12,48,103929.02224246648,617,Self-Employed,0,2024-06,Bad
5352,3247,5000,2024-02-11,36,42,60445.985403551895,393,Contractor,0,2024-02,Good
5353,4305,15000,2024-10-17,12,50,22269.3400199351,642,Self-Employed,0,2024-10,Bad
5354,7797,15000,2024-03-19,12,32,90968.17648605458,846,Employed,0,2024-03,Bad
5355,5433,5000,2024-02-28,36,38,48656.44925482581,772,Employed,0,2024-02,Good
5356,2851,15000,2024-04-26,24,38,54896.071013017434,372,Employed,1,2024-04,Good
5357,5624,10000,2024-09-05,24,37,84094.99430908149,673,Employed,0,2024-09,Bad
5358,2134,25000,2024-02-17,36,61,75120.5852202067,518,Employed,0,2024-02,Good
5359,5340,15000,2024-07-31,24,31,60035.77032797599,807,Employed,0,2024-07,Good
5360,1722,15000,2024-09-15,36,32,75542.92332507743,707,Employed,0,2024-09,Bad
5361,2027,25000,2024-01-24,24,38,43509.66215303865,405,Employed,1,2024-01,Bad
5362,6650,10000,2024-08-23,12,38,74907.99205019657,434,Employed,0,2024-08,Good
5363,1187,10000,2024-07-15,24,68,86679.68532069348,365,Employed,0,2024-07,Good
5364,1151,15000,2024-12-22,36,54,77562.49240323226,498,Contractor,0,2024-12,Bad
5365,4213,10000,2024-02-02,36,40,95411.184681927,570,Employed,0,2024-02,Good
5366,1430,5000,2024-11-21,24,31,95303.23010583715,332,Employed,1,2024-11,Good
5367,649,25000,2024-06-23,36,36,97301.50835816306,773,Employed,1,2024-06,Bad
5368,7936,25000,2024-02-22,24,42,78688.49550422633,356,Contractor,0,2024-02,Good
5369,356,5000,2024-06-21,36,62,95064.41263063069,760,Employed,0,2024-06,Bad
5370,2824,10000,2024-07-29,12,22,57507.598583392144,672,Self-Employed,0,2024-07,Good
5371,8158,10000,2024-11-08,24,55,98462.9877145318,670,Employed,0,2024-11,Good
5372,5119,25000,2024-07-31,24,55,48037.63173781945,465,Employed,1,2024-07,Good
5373,7544,5000,2024-07-16,12,51,49811.97725198224,495,Employed,0,2024-07,Good
5374,5270,5000,2024-10-22,36,24,43634.38395612336,347,Employed,1,2024-10,Bad
5375,6380,25000,2024-01-03,24,56,50657.42139268371,450,Employed,0,2024-01,Bad
5376,3935,15000,2024-02-18,12,34,58290.78002156548,587,Employed,1,2024-02,Good
5377,9384,25000,2024-01-14,36,27,55502.30083648558,422,Employed,1,2024-01,Bad
5378,5615,15000,2024-07-24,12,19,27815.63883990058,452,Employed,0,2024-07,Good
5379,7086,15000,2024-07-12,12,29,103602.31658810112,447,Employed,1,2024-07,Good
5380,267,15000,2024-10-07,24,20,83665.28411505393,602,Employed,0,2024-10,Bad
5381,7318,25000,2024-09-16,36,59,65435.72382395255,609,Employed,0,2024-09,Bad
5382,1881,5000,2024-09-03,24,51,72430.68053962715,789,Employed,0,2024-09,Bad
5383,1549,5000,2024-03-03,36,51,49283.24382422849,768,Employed,0,2024-03,Bad
5384,382,5000,2024-02-24,36,58,75436.62724553238,590,Employed,1,2024-02,Good
5385,1636,25000,2024-09-14,12,68,68608.16179315092,529,Employed,1,2024-09,Bad
5386,8877,25000,2024-01-23,12,24,82958.28857985616,386,Contractor,1,2024-01,Bad
5387,7418,10000,2024-04-17,24,52,81101.62307393056,426,Self-Employed,1,2024-04,Good
5388,2638,25000,2024-06-24,36,25,81751.2417953881,630,Employed,0,2024-06,Bad
5389,5571,5000,2024-01-15,12,40,87891.3451064586,523,Self-Employed,0,2024-01,Bad
5390,4850,10000,2024-11-02,36,40,93914.54128985599,675,Employed,0,2024-11,Good
5391,6051,25000,2024-05-31,12,66,35850.64535798847,609,Employed,0,2024-05,Bad
5392,1952,25000,2024-10-02,12,49,67727.0742587458,461,Self-Employed,1,2024-10,Bad
5393,9638,25000,2024-11-07,24,19,88465.27696563733,841,Employed,0,2024-11,Good
5394,5946,10000,2024-02-07,36,28,72022.27816502929,436,Employed,1,2024-02,Good
5395,21,10000,2024-10-07,12,61,39314.91121184973,603,Employed,1,2024-10,Bad
5396,1010,15000,2024-03-26,36,56,82887.32741923713,453,Employed,1,2024-03,Bad
5397,7780,10000,2024-11-19,36,64,63622.46375669198,603,Contractor,0,2024-11,Good
5398,7141,5000,2024-03-20,36,27,78664.74314221597,649,Employed,0,2024-03,Bad
5399,5288,5000,2024-11-15,12,18,52171.81884089293,691,Self-Employed,0,2024-11,Good
5400,9274,25000,2024-06-19,36,21,56289.30124271015,304,Employed,1,2024-06,Bad
5401,2649,5000,2024-03-11,24,37,96521.23799998274,550,Employed,0,2024-03,Bad
5402,7825,5000,2024-03-28,24,35,49460.1488707329,607,Employed,0,2024-03,Bad
5403,4853,5000,2024-02-26,12,68,98940.49082625349,369,Employed,0,2024-02,Good
5404,5386,5000,2024-06-15,24,38,61882.04604408785,305,Employed,1,2024-06,Bad
5405,2453,10000,2024-04-28,24,30,71045.05178889372,626,Self-Employed,0,2024-04,Good
5406,6509,5000,2024-10-11,12,63,30483.695747246515,437,Employed,0,2024-10,Bad
5407,8577,25000,2024-08-23,36,57,83761.74654837737,767,Employed,0,2024-08,Good
5408,4105,10000,2024-11-15,12,22,48041.634266612666,480,Employed,0,2024-11,Good
5409,7537,15000,2024-10-29,12,53,97102.00691355718,837,Self-Employed,1,2024-10,Bad
5410,6453,5000,2024-01-20,24,69,29375.720704614694,687,Employed,0,2024-01,Bad
5411,2218,15000,2024-01-07,12,19,29822.82013039958,409,Employed,1,2024-01,Bad
5412,147,15000,2024-07-28,36,43,97201.89312130943,701,Contractor,0,2024-07,Good
5413,1927,25000,2024-08-25,12,28,55609.158482066494,759,Employed,0,2024-08,Good
5414,3755,15000,2024-12-15,12,43,96867.09624198716,390,Contractor,1,2024-12,Bad
5415,8272,5000,2024-04-23,36,24,97663.85169336252,382,Employed,1,2024-04,Good
5416,6596,25000,2024-11-04,12,37,67688.12501076997,671,Employed,0,2024-11,Good
5417,9952,25000,2024-06-06,36,54,76915.33767549536,754,Employed,0,2024-06,Bad
5418,978,10000,2024-11-17,36,64,49214.07431292042,400,Self-Employed,1,2024-11,Good
5419,4903,25000,2024-05-06,24,37,26310.755146592222,688,Employed,1,2024-05,Bad
5420,6053,15000,2024-07-21,12,39,71196.15704754562,504,Employed,1,2024-07,Good
5421,2805,5000,2024-08-11,36,56,52503.1892397287,739,Self-Employed,1,2024-08,Good
5422,7580,10000,2024-03-10,12,54,119605.76504387255,671,Self-Employed,0,2024-03,Bad
5423,9778,15000,2024-12-13,24,34,69733.35090450414,387,Employed,0,2024-12,Bad
5424,4391,25000,2024-04-29,24,53,39974.76138792964,675,Employed,0,2024-04,Good
5425,9346,5000,2024-06-01,24,49,59153.00991716579,358,Self-Employed,1,2024-06,Bad
5426,6013,25000,2024-01-23,36,43,56598.33258735649,499,Employed,0,2024-01,Bad
5427,5884,10000,2024-05-19,24,57,88322.38387984522,393,Employed,0,2024-05,Bad
5428,5285,10000,2024-04-21,12,42,102983.4087772661,434,Employed,0,2024-04,Good
5429,8805,5000,2024-05-17,12,42,87688.30751981742,558,Employed,0,2024-05,Bad
5430,3579,15000,2024-06-28,36,62,46239.7468061336,807,Employed,0,2024-06,Bad
5431,4165,5000,2024-04-28,12,42,96957.02368648717,642,Employed,0,2024-04,Good
5432,4652,15000,2024-05-09,36,24,50075.699302472116,550,Contractor,1,2024-05,Bad
5433,2957,5000,2024-07-06,24,58,58101.213707596544,573,Contractor,0,2024-07,Good
5434,5782,10000,2024-03-21,36,34,22122.666320436525,330,Employed,1,2024-03,Bad
5435,3207,10000,2024-07-19,36,38,76008.84984694784,526,Contractor,0,2024-07,Good
5436,830,25000,2024-11-22,12,22,39096.41070062008,606,Self-Employed,1,2024-11,Good
5437,4598,10000,2024-03-14,12,66,91100.62823605949,771,Self-Employed,0,2024-03,Bad
5438,9166,25000,2024-10-04,24,32,63845.9514007507,419,Employed,0,2024-10,Bad
5439,8922,10000,2024-05-05,12,51,53296.88665509524,726,Employed,0,2024-05,Bad
5440,9093,10000,2024-06-04,12,68,71537.96491814575,300,Self-Employed,1,2024-06,Bad
5441,660,25000,2024-07-01,12,33,106748.06953511597,614,Employed,0,2024-07,Good
5442,7806,5000,2024-04-15,12,55,61495.5517543664,810,Employed,0,2024-04,Good
5443,761,5000,2024-11-29,12,28,20000.0,617,Self-Employed,0,2024-11,Good
5444,8524,5000,2024-05-26,24,38,67626.89928020738,694,Self-Employed,0,2024-05,Bad
5445,959,15000,2024-01-01,24,62,73958.61277690009,715,Employed,0,2024-01,Bad
5446,9951,15000,2024-07-02,24,52,77603.86377375695,354,Employed,1,2024-07,Good
5447,5841,10000,2024-03-28,24,53,65654.62872964496,513,Employed,1,2024-03,Bad
5448,6800,10000,2024-07-10,24,69,57831.95762949843,496,Contractor,1,2024-07,Good
5449,4409,10000,2024-03-27,12,20,48190.160391837446,804,Employed,0,2024-03,Bad
5450,1856,25000,2024-03-09,36,59,73297.96119269718,742,Employed,0,2024-03,Bad
5451,355,15000,2024-12-05,24,55,30054.863039392578,720,Employed,0,2024-12,Bad
5452,5622,15000,2024-04-19,36,60,66867.14606592213,627,Employed,0,2024-04,Good
5453,2273,5000,2024-12-25,24,18,55362.668977191046,402,Self-Employed,1,2024-12,Bad
5454,4195,15000,2024-06-20,36,31,56605.35152550626,807,Employed,0,2024-06,Bad
5455,4891,25000,2024-06-25,12,56,29380.858656962766,316,Employed,1,2024-06,Bad
5456,3163,25000,2024-04-08,12,28,88829.40635823384,411,Employed,1,2024-04,Good
5457,3881,25000,2024-02-05,12,64,35311.170830624,414,Employed,0,2024-02,Good
5458,6518,25000,2024-08-12,36,24,59736.6264911752,820,Self-Employed,0,2024-08,Good
5459,8396,10000,2024-12-09,24,46,58967.127406381784,595,Self-Employed,0,2024-12,Bad
5460,3966,25000,2024-10-19,12,68,68036.52660498864,543,Employed,1,2024-10,Bad
5461,9966,5000,2024-09-09,36,20,73253.74873479846,529,Employed,0,2024-09,Bad
5462,609,25000,2024-02-20,24,66,54724.37658742067,312,Employed,1,2024-02,Good
5463,8077,15000,2024-10-19,12,43,90688.81784187893,646,Employed,0,2024-10,Bad
5464,1141,25000,2024-06-01,24,29,127304.59996501717,343,Self-Employed,0,2024-06,Bad
5465,4875,5000,2024-12-07,24,23,84338.94265517034,540,Employed,1,2024-12,Bad
5466,4997,15000,2024-08-24,12,66,37263.611113844505,824,Employed,1,2024-08,Good
5467,4924,15000,2024-09-17,12,66,32211.40084907497,380,Employed,1,2024-09,Bad
5468,8174,15000,2024-05-15,24,38,64507.981141793265,584,Employed,0,2024-05,Bad
5469,6236,10000,2024-09-10,12,25,63124.32499007998,453,Employed,0,2024-09,Bad
5470,5197,15000,2024-11-04,12,40,73972.9395935165,568,Employed,0,2024-11,Good
5471,7918,10000,2024-04-14,12,48,105175.47520623202,306,Employed,0,2024-04,Good
5472,739,25000,2024-10-09,36,62,56990.373514080144,543,Self-Employed,0,2024-10,Bad
5473,7488,5000,2024-11-12,12,20,81747.11225539353,740,Employed,0,2024-11,Good
5474,3724,15000,2024-11-16,12,41,93444.41951671656,709,Employed,1,2024-11,Good
5475,658,25000,2024-03-24,24,53,88811.54926340423,498,Contractor,0,2024-03,Bad
5476,7313,10000,2024-07-17,24,58,82691.95610068107,780,Employed,0,2024-07,Good
5477,2727,10000,2024-02-14,12,35,55614.813837900954,652,Employed,0,2024-02,Good
5478,9302,5000,2024-07-07,24,32,49794.02129838652,560,Contractor,0,2024-07,Good
5479,3213,25000,2024-02-19,36,21,66047.39802885691,365,Self-Employed,1,2024-02,Good
5480,6189,5000,2024-10-30,12,61,47561.45143812214,840,Employed,0,2024-10,Bad
5481,8038,5000,2024-07-19,24,33,37875.80031298807,306,Employed,0,2024-07,Good
5482,2165,15000,2024-06-23,24,67,65304.24205707263,739,Employed,0,2024-06,Bad
5483,8339,15000,2024-05-21,12,29,91418.26076939196,336,Employed,0,2024-05,Bad
5484,6803,5000,2024-10-01,24,59,94572.5122346881,434,Employed,1,2024-10,Bad
5485,5141,15000,2024-07-08,24,22,99025.16761924434,642,Employed,0,2024-07,Good
5486,4632,25000,2024-05-13,24,18,58758.61154452702,668,Employed,1,2024-05,Bad
5487,3230,10000,2024-04-10,12,38,20000.0,770,Self-Employed,0,2024-04,Good
5488,5168,10000,2024-12-11,12,26,75843.69023371338,340,Employed,0,2024-12,Bad
5489,4515,15000,2024-09-25,24,33,80922.70197507464,821,Contractor,0,2024-09,Bad
5490,5230,25000,2024-12-22,24,32,111604.98814718374,833,Contractor,0,2024-12,Bad
5491,3601,15000,2024-10-28,24,47,112817.20335891988,321,Contractor,0,2024-10,Bad
5492,6626,25000,2024-02-02,12,39,56208.49540414462,503,Self-Employed,0,2024-02,Good
5493,5197,10000,2024-04-25,24,40,73972.9395935165,568,Employed,0,2024-04,Good
5494,2318,25000,2024-04-06,24,64,28020.09954105583,399,Employed,0,2024-04,Good
5495,922,10000,2024-02-10,24,40,110472.46330500812,823,Self-Employed,0,2024-02,Good
5496,4788,15000,2024-11-24,36,46,71719.39472871604,766,Contractor,0,2024-11,Good
5497,5771,25000,2024-07-25,36,52,55310.47771861075,391,Employed,1,2024-07,Good
5498,3891,15000,2024-01-29,24,65,45298.809419174795,352,Employed,1,2024-01,Bad
5499,7850,5000,2024-09-19,24,33,79264.6175029965,650,Self-Employed,0,2024-09,Bad
5500,4338,5000,2024-04-04,36,30,54663.78241320512,392,Employed,0,2024-04,Good
5501,4030,15000,2024-06-30,24,68,44491.78847168831,560,Employed,0,2024-06,Bad
5502,2979,10000,2024-01-11,24,35,116354.84603140174,785,Employed,0,2024-01,Bad
5503,9280,25000,2024-02-11,12,52,57185.564365132734,626,Employed,0,2024-02,Good
5504,5778,15000,2024-09-17,36,49,35535.68038074566,327,Employed,1,2024-09,Bad
5505,6542,10000,2024-01-02,36,57,56449.566354880626,376,Self-Employed,1,2024-01,Bad
5506,7032,25000,2024-02-12,36,64,47059.02155973649,592,Contractor,0,2024-02,Good
5507,2097,15000,2024-01-04,12,67,104006.38823827327,398,Employed,0,2024-01,Bad
5508,5573,15000,2024-12-02,12,42,40278.19130911041,455,Employed,1,2024-12,Bad
5509,2193,10000,2024-04-04,36,53,83297.45173085952,379,Self-Employed,1,2024-04,Good
5510,917,25000,2024-02-28,12,60,77753.10903125186,815,Employed,0,2024-02,Good
5511,4767,25000,2024-01-30,12,66,72874.29678888331,350,Contractor,1,2024-01,Bad
5512,5423,10000,2024-03-28,12,64,70968.44813228391,488,Self-Employed,1,2024-03,Bad
5513,8620,15000,2024-11-25,24,57,70913.55484037158,453,Employed,0,2024-11,Good
5514,3089,10000,2024-08-07,36,29,104934.93233054059,682,Self-Employed,0,2024-08,Good
5515,4177,10000,2024-05-07,24,49,27944.21440806728,657,Employed,1,2024-05,Bad
5516,6611,15000,2024-06-19,36,54,70663.5687732749,764,Employed,0,2024-06,Bad
5517,7239,25000,2024-12-17,12,62,88637.43261648488,333,Employed,0,2024-12,Bad
5518,6234,5000,2024-08-12,36,48,77230.29561660753,310,Employed,0,2024-08,Good
5519,8901,5000,2024-09-30,36,67,57046.43418346433,725,Employed,0,2024-09,Bad
5520,3664,10000,2024-06-13,24,24,113157.14637138482,767,Self-Employed,0,2024-06,Bad
5521,1982,25000,2024-06-06,24,29,71418.76996654469,363,Self-Employed,1,2024-06,Bad
5522,1389,15000,2024-07-15,12,20,55941.31106134744,359,Employed,0,2024-07,Good
5523,8395,25000,2024-11-10,12,21,57268.90230918176,662,Contractor,0,2024-11,Good
5524,3303,10000,2024-01-30,24,41,66347.43367583017,655,Employed,1,2024-01,Bad
5525,4102,25000,2024-07-14,36,30,85660.55810479415,829,Contractor,0,2024-07,Good
5526,3218,25000,2024-06-17,36,18,69162.13181442868,745,Employed,0,2024-06,Bad
5527,5817,15000,2024-11-02,12,20,78030.39477971812,751,Employed,0,2024-11,Good
5528,8339,5000,2024-12-09,12,29,91418.26076939196,336,Employed,0,2024-12,Bad
5529,4682,25000,2024-03-07,12,20,99766.08989874893,708,Employed,0,2024-03,Bad
5530,9172,25000,2024-07-02,36,68,41523.67140745073,723,Contractor,0,2024-07,Good
5531,8928,5000,2024-08-25,36,33,88898.45150445777,568,Self-Employed,0,2024-08,Good
5532,8887,25000,2024-07-20,12,55,41925.57754064765,465,Employed,1,2024-07,Good
5533,7659,25000,2024-04-18,36,51,43522.39314874649,315,Employed,1,2024-04,Good
5534,6053,25000,2024-08-05,36,39,71196.15704754562,504,Employed,0,2024-08,Good
5535,854,5000,2024-03-16,36,49,57971.862877797845,326,Employed,1,2024-03,Bad
5536,248,10000,2024-11-16,36,41,67445.67936769806,761,Employed,0,2024-11,Good
5537,6493,5000,2024-01-02,36,52,37259.76580242423,418,Contractor,1,2024-01,Bad
5538,4538,5000,2024-01-11,36,60,58752.656604698845,500,Employed,0,2024-01,Bad
5539,9602,10000,2024-03-16,12,20,73800.96532395302,750,Employed,0,2024-03,Bad
5540,2464,15000,2024-04-01,12,64,39552.21273807102,650,Employed,0,2024-04,Good
5541,3738,5000,2024-04-06,24,36,104612.35937892646,847,Self-Employed,0,2024-04,Good
5542,9178,25000,2024-06-18,12,27,39882.3784823301,336,Employed,1,2024-06,Bad
5543,5782,15000,2024-09-15,24,34,22122.666320436525,330,Employed,1,2024-09,Bad
5544,6474,15000,2024-10-23,36,40,100560.57388214555,833,Employed,0,2024-10,Bad
5545,7312,10000,2024-10-31,36,49,84997.18224264958,593,Employed,0,2024-10,Bad
5546,5367,15000,2024-03-23,36,49,84976.70182855749,823,Self-Employed,0,2024-03,Bad
5547,3135,25000,2024-03-22,12,47,46676.849047286625,308,Employed,1,2024-03,Bad
5548,4001,15000,2024-10-19,36,28,89528.74288925882,720,Employed,0,2024-10,Bad
5549,7671,25000,2024-12-13,12,63,78093.19413534633,571,Employed,0,2024-12,Bad
5550,7404,10000,2024-08-10,12,28,80169.87562649086,734,Employed,0,2024-08,Good
5551,9613,15000,2024-09-19,12,23,85980.62861671975,356,Employed,0,2024-09,Bad
5552,4897,5000,2024-02-07,36,32,85924.77886584184,309,Employed,1,2024-02,Good
5553,123,10000,2024-05-12,12,24,83320.72704554362,758,Employed,0,2024-05,Bad
5554,2318,10000,2024-03-01,24,64,28020.09954105583,399,Employed,0,2024-03,Bad
5555,6152,25000,2024-03-23,24,65,89764.17068606973,379,Employed,0,2024-03,Bad
5556,6874,10000,2024-07-23,36,40,95885.79439392002,642,Employed,1,2024-07,Good
5557,6486,5000,2024-01-28,24,48,107960.99039006785,524,Employed,0,2024-01,Bad
5558,8878,15000,2024-07-03,12,56,62470.05931706171,752,Employed,0,2024-07,Good
5559,1662,15000,2024-05-09,24,57,60562.70290564292,302,Employed,1,2024-05,Bad
5560,7483,15000,2024-03-10,36,18,83748.45982362097,718,Employed,0,2024-03,Bad
5561,2876,25000,2024-07-25,24,19,122940.91971684695,420,Self-Employed,0,2024-07,Good
5562,6892,5000,2024-06-04,24,18,76677.27359983936,311,Employed,1,2024-06,Bad
5563,2164,25000,2024-02-06,24,41,51122.26930179125,767,Self-Employed,0,2024-02,Good
5564,2839,15000,2024-08-04,12,67,60698.966018363186,382,Self-Employed,0,2024-08,Good
5565,3461,15000,2024-04-05,12,69,129589.34150416419,544,Employed,0,2024-04,Good
5566,7253,5000,2024-09-05,24,45,55425.01963791356,681,Contractor,1,2024-09,Bad
5567,7800,25000,2024-07-01,12,44,68902.2684614213,762,Self-Employed,0,2024-07,Good
5568,9364,5000,2024-04-10,24,30,73494.57555348075,696,Self-Employed,0,2024-04,Good
5569,555,15000,2024-08-15,24,44,63573.97082867646,578,Employed,1,2024-08,Good
5570,7926,5000,2024-12-03,24,30,56973.01426351883,823,Contractor,0,2024-12,Bad
5571,4009,5000,2024-01-03,36,29,57443.26519793684,511,Employed,0,2024-01,Bad
5572,4602,25000,2024-03-11,36,47,71875.05745729528,336,Contractor,1,2024-03,Bad
5573,1817,25000,2024-04-06,12,34,36753.753569536006,477,Employed,1,2024-04,Good
5574,7540,5000,2024-03-25,36,20,26481.054792115938,462,Employed,0,2024-03,Bad
5575,189,10000,2024-08-26,12,28,35526.91271754187,328,Self-Employed,1,2024-08,Good
5576,1441,10000,2024-06-24,24,65,55303.10545343826,310,Employed,0,2024-06,Bad
5577,1221,25000,2024-10-19,36,30,36664.474542684424,613,Employed,0,2024-10,Bad
5578,2598,15000,2024-05-10,24,44,56168.39661404605,786,Self-Employed,1,2024-05,Bad
5579,6668,15000,2024-06-25,12,61,41311.731475697205,484,Employed,1,2024-06,Bad
5580,2908,25000,2024-04-10,24,18,93194.70067779114,455,Employed,1,2024-04,Good
5581,5684,25000,2024-08-04,36,20,28966.456357115756,371,Self-Employed,0,2024-08,Good
5582,1716,5000,2024-07-06,12,35,49804.40268460939,847,Self-Employed,0,2024-07,Good
5583,7810,15000,2024-09-02,36,43,68235.54192038251,541,Employed,0,2024-09,Bad
5584,6111,10000,2024-12-18,36,43,50133.17532094578,818,Self-Employed,0,2024-12,Bad
5585,612,25000,2024-09-25,36,53,117066.50805274493,750,Self-Employed,0,2024-09,Bad
5586,284,25000,2024-06-29,36,40,89340.55623569617,672,Employed,0,2024-06,Bad
5587,2671,15000,2024-11-01,24,40,26860.707298472902,307,Employed,0,2024-11,Good
5588,9820,15000,2024-06-02,12,19,74050.61377471164,621,Contractor,0,2024-06,Bad
5589,1612,10000,2024-06-29,36,42,81588.64046246087,329,Employed,0,2024-06,Bad
5590,8909,25000,2024-02-26,36,68,44479.026028742715,574,Employed,0,2024-02,Good
5591,8874,10000,2024-02-15,24,33,43973.789240042635,320,Employed,1,2024-02,Good
5592,7165,5000,2024-12-15,36,40,81376.95044076315,425,Employed,0,2024-12,Bad
5593,7631,5000,2024-03-26,12,49,56144.534602083986,794,Employed,0,2024-03,Bad
5594,4257,25000,2024-08-22,36,30,49724.97189775927,734,Employed,0,2024-08,Good
5595,4270,5000,2024-03-22,36,37,70804.86261605819,516,Contractor,1,2024-03,Bad
5596,1523,15000,2024-06-26,36,62,78036.23497648822,671,Self-Employed,0,2024-06,Bad
5597,9552,15000,2024-11-21,12,47,71099.65469994117,733,Employed,0,2024-11,Good
5598,2074,15000,2024-04-02,36,56,21142.878679437526,808,Employed,1,2024-04,Good
5599,1790,10000,2024-07-16,12,20,48357.66337766133,536,Employed,0,2024-07,Good
5600,3371,15000,2024-06-10,12,69,20000.0,786,Employed,0,2024-06,Bad
5601,2485,10000,2024-08-13,36,56,108199.09588454413,706,Self-Employed,0,2024-08,Good
5602,6903,25000,2024-07-11,24,47,36590.62083240357,806,Contractor,0,2024-07,Good
5603,2059,25000,2024-05-25,36,57,54275.4820656895,656,Employed,0,2024-05,Bad
5604,7406,15000,2024-09-10,24,22,29559.006069314848,486,Employed,0,2024-09,Bad
5605,2667,15000,2024-10-09,36,51,83498.60128448291,794,Employed,0,2024-10,Bad
5606,1434,25000,2024-01-10,24,24,82908.50201351027,749,Self-Employed,0,2024-01,Bad
5607,3385,10000,2024-05-09,12,27,85912.10344912353,617,Employed,0,2024-05,Bad
5608,523,10000,2024-11-10,12,29,43711.50050551703,499,Self-Employed,0,2024-11,Good
5609,1694,10000,2024-03-31,36,46,93900.16673627817,601,Employed,1,2024-03,Bad
5610,4184,5000,2024-03-03,36,41,55823.133849545426,775,Employed,0,2024-03,Bad
5611,9348,5000,2024-01-15,24,20,80310.29132288438,610,Self-Employed,1,2024-01,Bad
5612,598,15000,2024-08-29,24,28,92474.58393604912,691,Self-Employed,1,2024-08,Good
5613,9838,15000,2024-07-11,12,31,78213.48004578504,725,Self-Employed,0,2024-07,Good
5614,7496,25000,2024-12-26,24,55,20000.0,412,Employed,1,2024-12,Bad
5615,2337,15000,2024-08-03,12,63,37136.69212479846,828,Self-Employed,0,2024-08,Good
5616,6218,25000,2024-09-18,12,54,60033.27165442742,801,Self-Employed,0,2024-09,Bad
5617,7684,5000,2024-08-08,24,68,54129.484678347144,708,Employed,0,2024-08,Good
5618,1715,15000,2024-05-13,36,21,52392.54960468442,670,Employed,0,2024-05,Bad
5619,3177,10000,2024-10-20,24,28,69575.32320778705,580,Self-Employed,1,2024-10,Bad
5620,8395,25000,2024-10-30,36,21,57268.90230918176,662,Contractor,0,2024-10,Bad
5621,2899,10000,2024-01-15,12,61,55347.180597846454,485,Employed,0,2024-01,Bad
5622,1265,5000,2024-11-23,12,42,66591.22653741295,714,Self-Employed,1,2024-11,Good
5623,6944,10000,2024-01-29,36,35,85548.0370603975,727,Employed,0,2024-01,Bad
5624,6851,10000,2024-09-14,12,53,88409.50336541556,337,Employed,1,2024-09,Bad
5625,9430,15000,2024-11-26,12,22,49466.70691195052,649,Employed,0,2024-11,Good
5626,1555,10000,2024-07-19,24,53,31366.612814618966,326,Employed,1,2024-07,Good
5627,7380,10000,2024-03-28,24,40,62766.603363223854,804,Employed,0,2024-03,Bad
5628,8245,5000,2024-06-10,12,29,91328.03631309507,387,Employed,0,2024-06,Bad
5629,672,10000,2024-01-24,24,28,80966.92849700752,549,Employed,0,2024-01,Bad
5630,8883,25000,2024-08-28,12,40,65997.66736299403,412,Employed,1,2024-08,Good
5631,8275,10000,2024-04-11,12,41,33369.69910004508,669,Employed,0,2024-04,Good
5632,3569,25000,2024-10-07,36,65,21112.36028238431,751,Employed,1,2024-10,Bad
5633,1452,15000,2024-04-26,24,59,57785.622071147474,519,Self-Employed,0,2024-04,Good
5634,5314,25000,2024-02-02,24,19,79140.822547168,385,Employed,1,2024-02,Good
5635,5238,25000,2024-12-29,12,50,36927.13306381073,572,Employed,0,2024-12,Bad
5636,6979,15000,2024-09-10,36,19,75534.0063576677,348,Self-Employed,1,2024-09,Bad
5637,7039,15000,2024-10-25,24,52,82863.74403658765,611,Employed,1,2024-10,Bad
5638,6044,5000,2024-01-17,24,42,37832.22971538182,323,Contractor,1,2024-01,Bad
5639,7139,25000,2024-01-07,12,35,50091.88277270198,580,Employed,0,2024-01,Bad
5640,9368,15000,2024-01-27,24,40,84818.5044076443,831,Self-Employed,0,2024-01,Bad
5641,1080,10000,2024-02-05,24,32,117632.4357364578,738,Employed,0,2024-02,Good
5642,7986,5000,2024-09-27,12,43,68866.21358091563,562,Employed,0,2024-09,Bad
5643,9475,10000,2024-03-10,36,60,66078.13577382623,604,Employed,1,2024-03,Bad
5644,535,10000,2024-07-03,24,27,55438.69005826775,539,Employed,1,2024-07,Good
5645,7762,15000,2024-08-15,12,31,91219.86099178102,435,Self-Employed,1,2024-08,Good
5646,4667,5000,2024-03-09,12,25,49311.49993139818,396,Employed,1,2024-03,Bad
5647,4674,5000,2024-02-22,36,45,115211.8252745425,501,Employed,0,2024-02,Good
5648,2163,15000,2024-08-24,36,37,84949.38136454763,341,Employed,0,2024-08,Good
5649,3999,25000,2024-07-15,12,29,20000.0,551,Employed,1,2024-07,Good
5650,6618,5000,2024-01-02,12,63,54149.16614191,419,Employed,0,2024-01,Bad
5651,7502,10000,2024-04-16,12,59,55972.820915328266,565,Employed,0,2024-04,Good
5652,3693,25000,2024-05-25,24,36,61378.33112134764,732,Employed,0,2024-05,Bad
5653,7477,5000,2024-06-08,24,65,51095.88576445001,626,Employed,0,2024-06,Bad
5654,4060,10000,2024-08-26,24,30,111045.39023466519,755,Contractor,0,2024-08,Good
5655,8523,5000,2024-05-05,24,47,42874.28419343004,341,Employed,1,2024-05,Bad
5656,5664,5000,2024-06-05,36,47,76210.33123697774,737,Employed,0,2024-06,Bad
5657,1528,15000,2024-10-31,24,43,69549.74706556994,842,Self-Employed,0,2024-10,Bad
5658,7052,15000,2024-07-26,12,21,87671.76336525712,373,Self-Employed,1,2024-07,Good
5659,574,25000,2024-07-21,24,46,99987.16067430857,592,Contractor,1,2024-07,Good
5660,6147,5000,2024-11-11,36,43,74129.22502620802,515,Self-Employed,0,2024-11,Good
5661,7551,25000,2024-05-06,12,66,24749.45817727509,628,Contractor,0,2024-05,Bad
5662,3696,10000,2024-10-10,24,46,40326.43158746108,406,Employed,1,2024-10,Bad
5663,524,15000,2024-12-07,24,33,65156.828904610455,500,Self-Employed,0,2024-12,Bad
5664,9364,15000,2024-06-03,12,30,73494.57555348075,696,Self-Employed,0,2024-06,Bad
5665,9614,25000,2024-05-15,12,61,20000.0,693,Employed,0,2024-05,Bad
5666,2217,25000,2024-05-30,12,45,43062.89944610921,827,Contractor,1,2024-05,Bad
5667,6337,15000,2024-02-01,36,31,81046.97653694423,676,Employed,0,2024-02,Good
5668,9044,25000,2024-01-15,36,42,50328.93301189535,666,Self-Employed,0,2024-01,Bad
5669,5480,5000,2024-12-12,36,28,46729.67185978117,402,Employed,0,2024-12,Bad
5670,7711,10000,2024-05-07,12,18,44428.30987505055,352,Self-Employed,1,2024-05,Bad
5671,9372,25000,2024-04-05,24,61,86198.21883388204,428,Self-Employed,1,2024-04,Good
5672,3596,10000,2024-11-08,12,31,26211.564475796833,512,Employed,0,2024-11,Good
5673,4368,5000,2024-10-29,24,34,23110.48875939764,751,Self-Employed,0,2024-10,Bad
5674,5857,10000,2024-04-10,24,64,54689.498253752325,543,Employed,0,2024-04,Good
5675,5002,15000,2024-04-27,12,27,76192.4066598753,636,Employed,1,2024-04,Good
5676,738,10000,2024-01-10,36,49,61152.36932563281,616,Employed,1,2024-01,Bad
5677,2819,25000,2024-04-26,12,39,87296.57555401872,300,Self-Employed,1,2024-04,Good
5678,5343,25000,2024-12-13,24,69,96866.32810095853,768,Employed,0,2024-12,Bad
5679,2164,15000,2024-06-28,12,41,51122.26930179125,767,Self-Employed,0,2024-06,Bad
5680,3077,15000,2024-08-11,12,44,67282.86821528374,338,Employed,1,2024-08,Good
5681,6917,5000,2024-08-11,24,35,108232.5216511189,746,Employed,0,2024-08,Good
5682,8719,15000,2024-09-04,12,32,42732.59786844307,761,Employed,0,2024-09,Bad
5683,449,10000,2024-09-10,36,68,51530.97906634761,810,Employed,0,2024-09,Bad
5684,7435,10000,2024-11-14,36,45,110666.17698279844,781,Employed,0,2024-11,Good
5685,6874,10000,2024-11-21,36,40,95885.79439392002,642,Employed,1,2024-11,Good
5686,6698,10000,2024-05-16,24,46,47016.95782979566,622,Employed,0,2024-05,Bad
5687,4162,10000,2024-08-17,12,38,20000.0,589,Self-Employed,1,2024-08,Good
5688,7997,15000,2024-12-15,12,43,85691.43774337997,555,Employed,0,2024-12,Bad
5689,8078,5000,2024-02-10,36,38,33217.89377214745,496,Employed,0,2024-02,Good
5690,120,5000,2024-02-09,24,56,53664.64729040365,848,Employed,0,2024-02,Good
5691,4485,25000,2024-09-28,36,55,56923.10643307438,559,Employed,0,2024-09,Bad
5692,2848,10000,2024-09-08,36,52,69162.32817787811,321,Employed,1,2024-09,Bad
5693,1791,15000,2024-01-25,36,42,74225.41094562918,609,Self-Employed,1,2024-01,Bad
5694,3018,25000,2024-05-17,36,39,52858.03138562382,441,Contractor,1,2024-05,Bad
5695,351,5000,2024-01-09,24,39,38599.23000083331,377,Self-Employed,0,2024-01,Bad
5696,5458,10000,2024-10-22,24,39,36817.86190732675,794,Employed,0,2024-10,Bad
5697,9745,15000,2024-02-26,36,33,54007.94977703876,601,Employed,0,2024-02,Good
5698,2251,5000,2024-10-28,24,54,79808.23867533359,543,Contractor,0,2024-10,Bad
5699,5061,15000,2024-04-28,36,47,115554.35250218445,319,Employed,0,2024-04,Good
5700,6584,10000,2024-09-19,36,42,61471.25819142986,536,Employed,0,2024-09,Bad
5701,3238,15000,2024-06-19,36,24,65263.64279352564,392,Employed,1,2024-06,Bad
5702,6523,5000,2024-12-25,36,48,74501.6860143458,457,Employed,0,2024-12,Bad
5703,8240,5000,2024-07-22,12,47,38716.95464401926,634,Employed,0,2024-07,Good
5704,5848,25000,2024-02-26,12,25,37287.572730080414,341,Self-Employed,1,2024-02,Good
5705,5395,15000,2024-05-24,36,30,67958.75164137944,777,Employed,0,2024-05,Bad
5706,1893,25000,2024-01-25,36,51,37578.12301540034,662,Employed,1,2024-01,Bad
5707,898,5000,2024-04-20,36,47,82449.35075325244,417,Employed,1,2024-04,Good
5708,1739,25000,2024-02-24,12,42,20000.0,533,Employed,1,2024-02,Good
5709,9161,25000,2024-05-26,12,33,97345.44227036815,842,Employed,0,2024-05,Bad
5710,4107,15000,2024-02-01,36,18,103112.92952789758,491,Self-Employed,1,2024-02,Good
5711,2504,15000,2024-03-27,12,39,72853.23741126664,709,Employed,1,2024-03,Bad
5712,6061,25000,2024-06-08,12,32,82197.55207230995,831,Employed,0,2024-06,Bad
5713,5151,10000,2024-03-12,12,41,77609.12664296024,524,Self-Employed,1,2024-03,Bad
5714,6747,10000,2024-01-22,24,37,127707.65682641408,648,Employed,0,2024-01,Bad
5715,9663,15000,2024-08-25,36,38,94572.37347194813,510,Employed,0,2024-08,Good
5716,3500,5000,2024-07-01,12,22,72658.68834830057,415,Self-Employed,1,2024-07,Good
5717,2562,10000,2024-05-15,12,20,84705.10351992966,727,Employed,0,2024-05,Bad
5718,4495,5000,2024-02-15,24,47,20000.0,815,Employed,0,2024-02,Good
5719,3604,15000,2024-01-05,24,21,83929.42052755057,707,Employed,0,2024-01,Bad
5720,387,5000,2024-01-12,24,63,31603.439895784664,425,Employed,1,2024-01,Bad
5721,6762,25000,2024-01-27,24,64,20000.0,811,Employed,0,2024-01,Bad
5722,7975,5000,2024-03-24,24,46,82960.29244441574,501,Employed,1,2024-03,Bad
5723,5450,15000,2024-02-05,24,54,51684.831083162586,633,Employed,1,2024-02,Good
5724,8330,10000,2024-02-21,24,42,65951.95048491147,750,Employed,0,2024-02,Good
5725,3752,25000,2024-05-09,36,65,93662.17896832596,678,Employed,0,2024-05,Bad
5726,2701,10000,2024-03-14,24,55,64294.55302656926,531,Employed,1,2024-03,Bad
5727,5845,5000,2024-09-04,12,30,54123.68499410351,723,Employed,0,2024-09,Bad
5728,8492,15000,2024-01-12,12,37,66653.52787872504,486,Employed,0,2024-01,Bad
5729,32,15000,2024-02-24,12,44,68949.3578062863,780,Employed,1,2024-02,Good
5730,2505,10000,2024-12-01,12,45,57097.925971925666,454,Employed,0,2024-12,Bad
5731,8734,25000,2024-09-10,24,35,68403.1158518961,484,Contractor,1,2024-09,Bad
5732,3457,15000,2024-06-07,36,52,68719.51587018263,556,Employed,0,2024-06,Bad
5733,547,15000,2024-03-31,36,21,45719.99251126773,373,Employed,1,2024-03,Bad
5734,984,5000,2024-06-08,24,31,50004.46515207346,667,Employed,0,2024-06,Bad
5735,4141,25000,2024-11-15,36,19,39109.89859886514,375,Employed,0,2024-11,Good
5736,8572,25000,2024-04-13,24,20,67028.11458546258,406,Employed,1,2024-04,Good
5737,497,5000,2024-03-31,12,42,80218.38972811043,633,Employed,0,2024-03,Bad
5738,1916,10000,2024-11-10,24,67,104309.95525675817,309,Contractor,1,2024-11,Good
5739,5055,10000,2024-10-07,36,67,72801.55329316846,842,Contractor,0,2024-10,Bad
5740,7727,5000,2024-12-25,36,51,20000.0,313,Employed,1,2024-12,Bad
5741,8377,15000,2024-03-08,36,35,76987.76407353258,388,Employed,0,2024-03,Bad
5742,489,15000,2024-06-20,24,26,33943.83666126927,681,Self-Employed,1,2024-06,Bad
5743,1721,5000,2024-06-19,24,63,87815.508063511,847,Employed,0,2024-06,Bad
5744,6779,5000,2024-05-22,24,26,42954.53752536452,632,Self-Employed,1,2024-05,Bad
5745,171,5000,2024-08-12,36,46,73541.50579881566,595,Employed,0,2024-08,Good
5746,8592,5000,2024-07-15,36,68,90120.72873708094,518,Employed,0,2024-07,Good
5747,8431,15000,2024-07-16,36,40,81151.13358571829,834,Self-Employed,0,2024-07,Good
5748,1341,25000,2024-06-21,12,38,62822.88184642125,840,Employed,0,2024-06,Bad
5749,8083,15000,2024-06-01,24,25,28578.559293799044,612,Self-Employed,0,2024-06,Bad
5750,4416,10000,2024-06-01,24,30,47249.613927711194,480,Employed,0,2024-06,Bad
5751,6621,5000,2024-01-10,36,35,79795.0297786254,837,Employed,0,2024-01,Bad
5752,9541,10000,2024-07-08,36,66,58460.819419336614,653,Employed,0,2024-07,Good
5753,7923,15000,2024-01-12,36,60,40991.17369644716,666,Employed,0,2024-01,Bad
5754,4855,10000,2024-01-29,36,25,75462.86397892637,404,Self-Employed,1,2024-01,Bad
5755,2090,15000,2024-02-12,12,26,63711.444784808715,345,Employed,0,2024-02,Good
5756,234,15000,2024-03-28,36,49,77983.9686409472,303,Employed,1,2024-03,Bad
5757,556,10000,2024-12-09,36,37,94599.68607992223,652,Self-Employed,0,2024-12,Bad
5758,4772,10000,2024-04-20,36,34,102960.5507663045,654,Self-Employed,0,2024-04,Good
5759,3734,25000,2024-03-09,24,56,40549.42441193579,490,Self-Employed,1,2024-03,Bad
5760,3276,5000,2024-04-28,24,43,39100.95178483401,559,Self-Employed,1,2024-04,Good
5761,5004,25000,2024-09-23,36,26,37637.640979127595,418,Employed,1,2024-09,Bad
5762,8995,25000,2024-12-28,24,27,20000.0,826,Contractor,0,2024-12,Bad
5763,7474,15000,2024-09-03,12,25,79180.44763584681,626,Employed,0,2024-09,Bad
5764,4947,5000,2024-11-14,12,37,78063.01916105975,355,Employed,1,2024-11,Good
5765,997,5000,2024-01-22,12,64,44564.79663964151,320,Self-Employed,1,2024-01,Bad
5766,846,15000,2024-11-21,12,18,59235.34003690968,327,Employed,1,2024-11,Good
5767,6654,10000,2024-07-10,24,56,99877.54766255744,802,Employed,0,2024-07,Good
5768,1320,5000,2024-03-30,24,44,37571.40875927965,801,Employed,0,2024-03,Bad
5769,4118,5000,2024-05-13,36,47,85029.54409970457,418,Employed,1,2024-05,Bad
5770,9903,25000,2024-12-17,12,40,78631.46207565299,837,Employed,0,2024-12,Bad
5771,5104,15000,2024-10-25,12,51,55181.84403935456,467,Self-Employed,0,2024-10,Bad
5772,8434,25000,2024-05-04,24,41,72244.61196645554,572,Employed,0,2024-05,Bad
5773,2891,10000,2024-12-20,12,32,57738.962949721266,437,Self-Employed,0,2024-12,Bad
5774,2626,25000,2024-07-08,24,30,45609.834884940225,440,Employed,0,2024-07,Good
5775,5514,10000,2024-11-18,24,41,43515.01972956998,672,Employed,0,2024-11,Good
5776,8645,5000,2024-03-22,12,28,30491.176614670374,623,Contractor,0,2024-03,Bad
5777,1630,15000,2024-08-14,36,39,87057.16231498039,305,Employed,1,2024-08,Good
5778,3313,25000,2024-06-28,24,23,67692.48622766546,519,Self-Employed,0,2024-06,Bad
5779,7137,25000,2024-12-21,24,35,80954.60101820531,412,Employed,0,2024-12,Bad
5780,4718,5000,2024-11-19,12,45,56895.57847398397,733,Employed,0,2024-11,Good
5781,559,10000,2024-11-08,24,67,49951.388951620575,592,Self-Employed,0,2024-11,Good
5782,8071,5000,2024-05-31,36,26,117943.25007521412,428,Employed,0,2024-05,Bad
5783,1069,15000,2024-06-02,12,37,68414.9348897188,785,Self-Employed,1,2024-06,Bad
5784,8037,25000,2024-10-31,24,31,44198.23830668008,519,Employed,0,2024-10,Bad
5785,9453,5000,2024-08-08,12,33,41622.92908931132,420,Employed,0,2024-08,Good
5786,5899,10000,2024-10-20,36,64,33835.95084601434,654,Self-Employed,0,2024-10,Bad
5787,4603,25000,2024-02-05,12,52,27697.449571365905,354,Self-Employed,0,2024-02,Good
5788,7811,15000,2024-05-01,36,52,56171.995499938836,615,Employed,1,2024-05,Bad
5789,7997,25000,2024-06-30,12,43,85691.43774337997,555,Employed,1,2024-06,Bad
5790,450,15000,2024-04-05,36,42,58626.325739910266,452,Employed,1,2024-04,Good
5791,3640,15000,2024-04-13,12,25,70049.97526893303,379,Employed,1,2024-04,Good
5792,1914,15000,2024-03-22,12,43,99980.69875177898,618,Employed,0,2024-03,Bad
5793,4634,25000,2024-01-24,24,39,31330.358447114137,735,Self-Employed,1,2024-01,Bad
5794,5974,15000,2024-06-16,12,49,45758.33977471529,506,Employed,0,2024-06,Bad
5795,7925,25000,2024-12-03,24,26,59741.0599055772,331,Employed,1,2024-12,Bad
5796,5329,5000,2024-04-12,36,19,57225.713337848196,594,Employed,1,2024-04,Good
5797,5410,15000,2024-09-20,36,33,30200.4178300731,755,Employed,0,2024-09,Bad
5798,2546,10000,2024-08-18,12,32,35726.87765481366,393,Employed,1,2024-08,Good
5799,7887,25000,2024-06-30,24,49,58914.838130122014,799,Contractor,0,2024-06,Bad
5800,4812,15000,2024-04-24,24,66,59302.68603085415,663,Employed,0,2024-04,Good
5801,5328,10000,2024-09-23,12,35,47782.63916386913,462,Contractor,1,2024-09,Bad
5802,3462,25000,2024-12-28,24,55,31744.34360896655,356,Employed,1,2024-12,Bad
5803,7534,10000,2024-08-14,12,44,61152.55565035912,608,Employed,0,2024-08,Good
5804,1460,10000,2024-08-03,12,55,62158.33277296412,754,Contractor,0,2024-08,Good
5805,9113,10000,2024-12-16,12,18,57552.61638141173,602,Employed,0,2024-12,Bad
5806,6483,10000,2024-10-24,24,59,59333.44490690001,337,Employed,1,2024-10,Bad
5807,457,5000,2024-09-18,12,32,56320.33762219344,667,Self-Employed,0,2024-09,Bad
5808,8169,10000,2024-01-03,36,68,72048.72184522628,829,Employed,0,2024-01,Bad
5809,5531,10000,2024-11-25,12,46,38233.29071458508,335,Employed,1,2024-11,Good
5810,645,10000,2024-12-19,24,45,92965.80835385529,821,Employed,1,2024-12,Bad
5811,5710,5000,2024-11-16,12,35,55726.722409808295,459,Self-Employed,0,2024-11,Good
5812,7265,25000,2024-02-05,12,31,91833.50442158863,844,Self-Employed,0,2024-02,Good
5813,4939,15000,2024-07-02,36,39,72379.8842039709,617,Self-Employed,1,2024-07,Good
5814,7364,10000,2024-06-28,36,59,138631.1572483775,422,Self-Employed,1,2024-06,Bad
5815,5748,5000,2024-05-04,24,32,110263.06196052482,491,Employed,1,2024-05,Bad
5816,4257,5000,2024-06-08,12,30,49724.97189775927,734,Employed,0,2024-06,Bad
5817,4351,5000,2024-04-21,12,64,66722.6533280243,427,Employed,1,2024-04,Good
5818,9286,15000,2024-05-13,36,60,78000.10952002025,533,Employed,1,2024-05,Bad
5819,2762,5000,2024-11-30,12,31,65193.19732939212,323,Employed,1,2024-11,Good
5820,8228,10000,2024-07-20,24,43,40303.548159193975,608,Employed,0,2024-07,Good
5821,6874,10000,2024-05-31,36,40,95885.79439392002,642,Employed,0,2024-05,Bad
5822,470,10000,2024-11-23,36,69,74386.39644068132,844,Employed,0,2024-11,Good
5823,8501,15000,2024-12-02,24,19,78148.60451562,821,Employed,0,2024-12,Bad
5824,6018,5000,2024-03-17,12,20,55640.24916982715,845,Employed,0,2024-03,Bad
5825,8673,10000,2024-09-21,24,35,27347.927239948294,318,Self-Employed,1,2024-09,Bad
5826,5959,10000,2024-09-10,36,55,33008.803791268925,556,Employed,0,2024-09,Bad
5827,6848,25000,2024-03-10,36,46,78300.56080681965,603,Employed,0,2024-03,Bad
5828,8981,25000,2024-01-23,24,52,43597.87819997722,508,Employed,1,2024-01,Bad
5829,291,25000,2024-12-07,36,43,54634.32748570342,569,Employed,1,2024-12,Bad
5830,430,10000,2024-07-31,12,24,95843.10695840482,390,Employed,0,2024-07,Good
5831,598,15000,2024-09-29,36,28,92474.58393604912,691,Self-Employed,0,2024-09,Bad
5832,8051,10000,2024-04-07,24,68,88578.98002500416,404,Employed,0,2024-04,Good
5833,4528,5000,2024-05-02,24,35,98895.13348578753,698,Employed,0,2024-05,Bad
5834,1558,25000,2024-01-25,36,36,78195.98374788968,569,Self-Employed,0,2024-01,Bad
5835,6790,5000,2024-02-07,24,43,65191.82983303766,628,Employed,0,2024-02,Good
5836,4601,25000,2024-09-15,24,37,29775.981330199014,354,Employed,1,2024-09,Bad
5837,8056,15000,2024-07-13,12,36,83024.72883577298,573,Contractor,0,2024-07,Good
5838,673,15000,2024-09-26,36,35,63410.66152034696,517,Employed,0,2024-09,Bad
5839,2855,15000,2024-09-22,12,51,132758.29110837233,503,Self-Employed,1,2024-09,Bad
5840,1579,5000,2024-03-06,24,56,55480.91490345489,786,Employed,1,2024-03,Bad
5841,1433,15000,2024-07-17,24,35,92533.25412223875,301,Employed,0,2024-07,Good
5842,5522,15000,2024-05-21,12,52,65358.410554394,668,Employed,0,2024-05,Bad
5843,8233,25000,2024-08-28,36,57,131990.7173475001,721,Employed,0,2024-08,Good
5844,4480,5000,2024-07-27,24,49,100344.24120728148,582,Employed,1,2024-07,Good
5845,2934,10000,2024-05-05,24,49,68785.18490180047,587,Self-Employed,1,2024-05,Bad
5846,1315,15000,2024-09-22,24,28,29229.219959383205,492,Employed,1,2024-09,Bad
5847,1816,10000,2024-12-20,36,30,93183.75223388713,555,Employed,0,2024-12,Bad
5848,4279,10000,2024-10-31,12,56,51463.174837320774,628,Employed,0,2024-10,Bad
5849,6908,10000,2024-06-24,12,41,81984.53432529766,779,Contractor,0,2024-06,Bad
5850,1896,10000,2024-02-16,36,47,73100.91106766333,416,Employed,0,2024-02,Good
5851,1064,15000,2024-02-29,24,53,85840.08012093371,337,Employed,0,2024-02,Good
5852,5405,15000,2024-10-07,24,29,62659.77441584084,654,Employed,0,2024-10,Bad
5853,8330,15000,2024-05-14,36,42,65951.95048491147,750,Employed,0,2024-05,Bad
5854,8527,5000,2024-11-28,24,34,116352.38957309109,547,Employed,0,2024-11,Good
5855,5594,5000,2024-04-30,12,37,35659.24018633005,844,Self-Employed,0,2024-04,Good
5856,2677,10000,2024-06-15,12,19,43300.6144367917,460,Self-Employed,1,2024-06,Bad
5857,8093,25000,2024-02-12,24,63,93661.79693719756,792,Self-Employed,0,2024-02,Good
5858,9826,5000,2024-02-15,36,23,98992.9553250224,569,Employed,0,2024-02,Good
5859,5266,10000,2024-08-04,36,22,61246.30419956402,744,Employed,0,2024-08,Good
5860,9726,10000,2024-10-25,24,30,41663.221039373966,736,Self-Employed,0,2024-10,Bad
5861,1109,15000,2024-10-11,24,23,78444.2047592121,616,Contractor,1,2024-10,Bad
5862,1587,15000,2024-12-04,24,47,78267.0780752512,394,Employed,0,2024-12,Bad
5863,7775,5000,2024-04-12,36,39,98617.12933076537,694,Contractor,1,2024-04,Good
5864,3862,15000,2024-03-26,36,41,87121.06457002896,820,Self-Employed,0,2024-03,Bad
5865,5129,5000,2024-07-12,36,27,88048.40945019042,819,Contractor,0,2024-07,Good
5866,4955,15000,2024-08-01,24,64,90619.35280704321,718,Employed,0,2024-08,Good
5867,1113,25000,2024-12-20,36,40,86588.20606303803,406,Employed,0,2024-12,Bad
5868,1113,15000,2024-08-13,36,40,86588.20606303803,406,Employed,1,2024-08,Good
5869,2890,5000,2024-07-15,12,66,59891.106833858794,550,Contractor,0,2024-07,Good
5870,350,10000,2024-06-03,24,39,77653.9413865178,546,Employed,0,2024-06,Bad
5871,3963,5000,2024-12-03,12,28,75880.28820724005,586,Employed,0,2024-12,Bad
5872,1924,15000,2024-01-03,36,29,61836.6855063235,623,Employed,0,2024-01,Bad
5873,8060,10000,2024-11-07,12,60,74801.11259671264,700,Employed,0,2024-11,Good
5874,7966,15000,2024-11-15,12,33,35740.4100473915,473,Employed,1,2024-11,Good
5875,7329,15000,2024-10-03,24,57,30351.833350743836,678,Employed,0,2024-10,Bad
5876,43,15000,2024-01-24,12,68,76184.84842672439,562,Employed,0,2024-01,Bad
5877,5878,10000,2024-05-27,24,60,42417.672230522265,774,Employed,0,2024-05,Bad
5878,5975,15000,2024-11-03,12,34,73001.45478733111,515,Employed,0,2024-11,Good
5879,852,25000,2024-01-13,12,66,60238.84535176958,526,Self-Employed,0,2024-01,Bad
5880,1287,5000,2024-08-05,36,58,60951.12957646681,729,Employed,0,2024-08,Good
5881,3780,25000,2024-06-19,24,36,30016.44585378073,579,Self-Employed,1,2024-06,Bad
5882,6007,25000,2024-12-15,36,42,97895.54600040556,649,Self-Employed,0,2024-12,Bad
5883,3691,5000,2024-03-18,36,44,75259.5819196723,362,Self-Employed,1,2024-03,Bad
5884,1049,5000,2024-08-26,24,23,40832.45273243351,418,Employed,0,2024-08,Good
5885,2616,10000,2024-09-01,24,52,118113.90574572535,805,Employed,1,2024-09,Bad
5886,513,25000,2024-04-11,24,46,29723.57922334795,750,Self-Employed,0,2024-04,Good
5887,6114,25000,2024-01-30,24,45,71035.22790925117,732,Self-Employed,0,2024-01,Bad
5888,183,5000,2024-09-27,36,45,83591.29438850434,336,Employed,0,2024-09,Bad
5889,2102,15000,2024-07-21,12,45,48206.98026854807,688,Employed,0,2024-07,Good
5890,9297,25000,2024-07-30,12,26,24838.527473989656,495,Employed,0,2024-07,Good
5891,160,10000,2024-06-01,24,66,22693.229208916782,499,Self-Employed,0,2024-06,Bad
5892,5569,15000,2024-06-14,36,61,76391.17275221487,755,Employed,1,2024-06,Bad
5893,8930,25000,2024-02-12,24,45,66386.33337894248,363,Self-Employed,1,2024-02,Good
5894,2669,15000,2024-02-09,12,53,73552.65099126045,370,Employed,1,2024-02,Good
5895,3381,25000,2024-05-30,36,22,60270.245468123,664,Employed,0,2024-05,Bad
5896,3116,15000,2024-02-13,24,27,44121.88740069412,760,Employed,0,2024-02,Good
5897,8393,25000,2024-03-21,24,58,68382.06271380794,548,Employed,0,2024-03,Bad
5898,1308,5000,2024-09-13,24,69,96964.37919848436,474,Employed,0,2024-09,Bad
5899,5560,5000,2024-04-12,24,28,51459.48091727031,812,Employed,0,2024-04,Good
5900,4807,10000,2024-12-03,24,53,64546.64391229796,671,Self-Employed,1,2024-12,Bad
5901,9962,25000,2024-02-10,24,51,76829.91458063065,671,Employed,0,2024-02,Good
5902,3256,10000,2024-11-13,12,35,80102.6863859761,745,Contractor,0,2024-11,Good
5903,2595,5000,2024-07-06,36,19,20000.0,421,Employed,0,2024-07,Good
5904,1233,25000,2024-07-26,36,64,59825.38527254078,387,Employed,0,2024-07,Good
5905,4968,5000,2024-04-17,12,65,82141.40981284277,314,Employed,1,2024-04,Good
5906,8767,15000,2024-11-24,36,68,32047.699105112355,807,Contractor,0,2024-11,Good
5907,82,5000,2024-11-29,24,48,72726.18607581635,542,Self-Employed,0,2024-11,Good
5908,8455,15000,2024-07-12,36,47,60199.96824346451,642,Self-Employed,0,2024-07,Good
5909,8478,5000,2024-02-26,12,54,89796.34251269644,463,Contractor,0,2024-02,Good
5910,8215,15000,2024-04-30,12,67,103959.60029701954,669,Employed,0,2024-04,Good
5911,3546,5000,2024-10-24,24,44,42355.06966572131,762,Self-Employed,1,2024-10,Bad
5912,6447,5000,2024-03-25,24,51,45080.469183270616,676,Contractor,0,2024-03,Bad
5913,4302,25000,2024-03-06,36,55,73349.12874190476,360,Employed,1,2024-03,Bad
5914,1456,25000,2024-03-10,24,29,53879.829045737744,724,Employed,0,2024-03,Bad
5915,95,25000,2024-08-20,36,43,99461.74068653761,754,Self-Employed,0,2024-08,Good
5916,2523,10000,2024-08-30,36,36,45695.19030489052,634,Employed,0,2024-08,Good
5917,137,10000,2024-09-23,24,44,68883.12497998503,727,Employed,0,2024-09,Bad
5918,2038,15000,2024-01-04,36,42,64212.037166797396,667,Employed,0,2024-01,Bad
5919,3671,10000,2024-03-19,36,20,78174.53478409383,351,Employed,0,2024-03,Bad
5920,9538,10000,2024-08-05,36,59,33168.613704828516,739,Employed,0,2024-08,Good
5921,4645,5000,2024-08-23,36,29,35276.472048666285,797,Employed,0,2024-08,Good
5922,2685,15000,2024-03-19,12,43,56039.91061217779,827,Contractor,0,2024-03,Bad
5923,9192,10000,2024-06-25,12,66,71740.0923515811,745,Employed,1,2024-06,Bad
5924,9217,25000,2024-08-29,12,18,63040.332506765175,304,Self-Employed,0,2024-08,Good
5925,5458,25000,2024-06-13,36,39,36817.86190732675,794,Employed,1,2024-06,Bad
5926,4167,10000,2024-10-02,24,48,60166.47625800943,738,Employed,0,2024-10,Bad
5927,4204,5000,2024-12-17,12,48,54897.617204190006,474,Employed,1,2024-12,Bad
5928,2646,25000,2024-11-24,36,68,54915.50635078293,331,Employed,1,2024-11,Good
5929,3097,25000,2024-06-26,12,68,67137.83324098997,727,Employed,0,2024-06,Bad
5930,1834,5000,2024-06-07,12,36,76520.62163509663,803,Employed,0,2024-06,Bad
5931,5385,25000,2024-10-26,12,20,54335.009092849075,320,Employed,1,2024-10,Bad
5932,2251,5000,2024-01-31,12,54,79808.23867533359,543,Contractor,0,2024-01,Bad
5933,3635,15000,2024-11-26,36,34,41815.674857601654,456,Self-Employed,1,2024-11,Good
5934,9691,5000,2024-02-10,12,39,70107.997099708,822,Self-Employed,0,2024-02,Good
5935,6120,15000,2024-01-04,36,64,75821.26006299935,439,Self-Employed,0,2024-01,Bad
5936,569,5000,2024-09-26,24,50,53953.7768189794,716,Employed,0,2024-09,Bad
5937,5202,10000,2024-06-22,24,19,104171.36768034464,709,Contractor,0,2024-06,Bad
5938,5026,25000,2024-11-05,12,46,123065.23063156915,485,Employed,1,2024-11,Good
5939,1293,15000,2024-04-01,24,54,73437.05186815998,468,Employed,1,2024-04,Good
5940,4276,25000,2024-03-29,24,34,79344.17774754752,824,Employed,0,2024-03,Bad
5941,7964,5000,2024-03-27,36,63,65915.09141407697,638,Employed,1,2024-03,Bad
5942,2646,5000,2024-02-02,36,68,54915.50635078293,331,Employed,1,2024-02,Good
5943,8664,25000,2024-05-16,12,38,93102.39736754063,728,Contractor,0,2024-05,Bad
5944,7838,10000,2024-06-14,24,51,41461.65199330641,447,Employed,0,2024-06,Bad
5945,8724,10000,2024-03-29,24,48,84892.17550305967,636,Employed,0,2024-03,Bad
5946,609,25000,2024-03-22,36,66,54724.37658742067,312,Employed,1,2024-03,Bad
5947,7526,10000,2024-02-12,12,40,44178.41812113662,580,Employed,0,2024-02,Good
5948,9275,5000,2024-05-14,24,29,113503.91579587656,351,Employed,1,2024-05,Bad
5949,9167,25000,2024-12-09,24,51,45428.33724256272,475,Employed,1,2024-12,Bad
5950,9167,25000,2024-10-22,12,51,45428.33724256272,475,Employed,0,2024-10,Bad
5951,4320,25000,2024-12-06,36,23,53098.43605555333,489,Employed,1,2024-12,Bad
5952,6954,25000,2024-04-28,36,61,65482.27200934857,475,Employed,1,2024-04,Good
5953,5128,10000,2024-11-13,36,66,85464.86545858033,468,Employed,0,2024-11,Good
5954,1508,10000,2024-07-01,24,54,83873.96915354911,644,Employed,0,2024-07,Good
5955,4921,15000,2024-02-04,24,43,122640.92093417974,434,Employed,1,2024-02,Good
5956,614,15000,2024-06-19,36,66,33107.93350010671,309,Employed,0,2024-06,Bad
5957,5972,15000,2024-01-11,36,30,55337.62774193024,731,Employed,0,2024-01,Bad
5958,8576,5000,2024-11-30,24,58,65687.19083402032,583,Employed,1,2024-11,Good
5959,8604,15000,2024-03-19,36,37,84981.16143793112,529,Employed,1,2024-03,Bad
5960,3377,25000,2024-05-12,24,42,56920.80835743788,484,Contractor,1,2024-05,Bad
5961,6039,5000,2024-06-16,36,21,105633.25772687988,530,Employed,0,2024-06,Bad
5962,2776,10000,2024-08-23,36,36,20000.0,485,Employed,1,2024-08,Good
5963,7478,5000,2024-10-28,24,49,68719.0183333924,372,Employed,1,2024-10,Bad
5964,6375,5000,2024-01-21,12,65,20000.0,318,Employed,1,2024-01,Bad
5965,2284,25000,2024-05-16,36,37,62100.07319196166,355,Employed,1,2024-05,Bad
5966,663,10000,2024-11-22,12,59,55868.97556275384,421,Employed,1,2024-11,Good
5967,4142,15000,2024-06-03,12,19,87026.47230143583,546,Contractor,0,2024-06,Bad
5968,4036,15000,2024-09-29,36,35,52307.080771257155,312,Employed,1,2024-09,Bad
5969,8414,15000,2024-03-06,36,65,91890.6698504415,398,Employed,0,2024-03,Bad
5970,752,10000,2024-08-19,12,58,72461.295349536,827,Employed,0,2024-08,Good
5971,3155,5000,2024-01-26,12,47,26174.11805400448,448,Employed,0,2024-01,Bad
5972,1269,25000,2024-12-30,36,60,112304.7940208267,468,Employed,0,2024-12,Bad
5973,6719,10000,2024-07-18,24,46,20000.0,846,Employed,1,2024-07,Good
5974,4106,25000,2024-06-21,36,26,49646.41171882038,646,Employed,0,2024-06,Bad
5975,7845,10000,2024-07-01,24,68,85368.26804054204,528,Employed,1,2024-07,Good
5976,2374,10000,2024-02-09,12,30,110494.29468281494,593,Employed,1,2024-02,Good
5977,8407,10000,2024-09-28,12,51,48451.62050206431,407,Employed,1,2024-09,Bad
5978,996,5000,2024-07-30,12,60,74519.45178412629,493,Self-Employed,0,2024-07,Good
5979,5328,25000,2024-08-11,36,35,47782.63916386913,462,Contractor,0,2024-08,Good
5980,3211,15000,2024-06-08,24,23,62413.43025382691,838,Self-Employed,0,2024-06,Bad
5981,1665,25000,2024-02-04,36,61,25514.09253206003,577,Employed,1,2024-02,Good
5982,9174,15000,2024-11-15,12,60,88592.54085999604,705,Employed,0,2024-11,Good
5983,402,25000,2024-04-30,36,57,79989.4385311339,609,Employed,1,2024-04,Good
5984,8804,10000,2024-10-12,24,61,101785.00870416305,659,Employed,0,2024-10,Bad
5985,6667,5000,2024-06-18,36,32,101298.16580786805,613,Employed,0,2024-06,Bad
5986,8074,10000,2024-12-01,36,46,40130.70705170761,803,Self-Employed,1,2024-12,Bad
5987,9098,5000,2024-08-18,24,25,70787.96930116153,716,Self-Employed,0,2024-08,Good
5988,7830,10000,2024-04-09,24,31,86725.78188827098,382,Employed,1,2024-04,Good
5989,7158,15000,2024-08-20,12,61,38238.293924498226,761,Employed,0,2024-08,Good
5990,5875,15000,2024-01-02,24,47,61374.15771178944,619,Self-Employed,0,2024-01,Bad
5991,1107,10000,2024-01-16,12,20,75873.52595919746,697,Contractor,0,2024-01,Bad
5992,8420,25000,2024-08-08,36,56,66717.01774126347,320,Employed,0,2024-08,Good
5993,1989,15000,2024-09-19,12,63,75226.62345835143,663,Employed,1,2024-09,Bad
5994,2179,10000,2024-07-01,36,59,103401.52954273821,382,Employed,0,2024-07,Good
5995,7178,5000,2024-01-23,24,52,72098.19719011804,805,Self-Employed,0,2024-01,Bad
5996,8141,5000,2024-09-03,12,65,60511.75415060199,546,Employed,0,2024-09,Bad
5997,6020,5000,2024-09-13,12,22,51661.409354422954,660,Employed,0,2024-09,Bad
5998,5688,5000,2024-04-25,12,57,105732.9629360403,682,Employed,0,2024-04,Good
5999,4641,25000,2024-03-09,24,28,88844.00639528384,755,Employed,0,2024-03,Bad
6000,8436,25000,2024-05-20,36,48,75098.51040170761,582,Employed,1,2024-05,Bad
6001,9442,25000,2024-02-21,12,67,58567.08748526831,826,Employed,0,2024-02,Good
6002,6372,10000,2024-04-05,36,60,81984.32926435303,823,Employed,0,2024-04,Good
6003,6389,15000,2024-02-24,36,63,111753.46732053263,783,Employed,0,2024-02,Good
6004,444,5000,2024-10-11,36,51,64770.44116537153,716,Self-Employed,0,2024-10,Bad
6005,8807,15000,2024-05-25,12,30,48272.58099655717,724,Contractor,0,2024-05,Bad
6006,5933,10000,2024-10-09,36,40,53506.46512342402,751,Employed,1,2024-10,Bad
6007,825,15000,2024-02-19,12,38,89343.15577130919,760,Employed,0,2024-02,Good
6008,9128,15000,2024-10-24,36,54,112547.82871656252,523,Employed,0,2024-10,Bad
6009,9937,15000,2024-07-13,36,38,71061.57429306777,324,Employed,0,2024-07,Good
6010,8714,25000,2024-08-09,12,40,52763.32511645023,840,Employed,1,2024-08,Good
6011,4938,10000,2024-05-17,12,55,92711.11504307232,696,Employed,0,2024-05,Bad
6012,1877,10000,2024-01-09,24,58,116605.50337131027,310,Employed,1,2024-01,Bad
6013,4033,10000,2024-01-03,24,68,61178.62520464436,410,Employed,1,2024-01,Bad
6014,2206,15000,2024-12-07,24,58,20000.0,345,Employed,1,2024-12,Bad
6015,8018,25000,2024-02-07,36,57,84637.06474573941,802,Contractor,0,2024-02,Good
6016,547,5000,2024-03-10,24,21,45719.99251126773,373,Employed,0,2024-03,Bad
6017,8359,25000,2024-03-09,24,24,21744.44684636286,451,Employed,0,2024-03,Bad
6018,2070,5000,2024-06-06,24,30,94279.19081765367,592,Employed,0,2024-06,Bad
6019,6211,15000,2024-09-26,36,18,63455.598443235984,677,Employed,0,2024-09,Bad
6020,6854,25000,2024-01-02,24,52,62150.08617900934,555,Employed,0,2024-01,Bad
6021,6731,25000,2024-12-18,12,46,76939.72048882511,762,Employed,0,2024-12,Bad
6022,2936,5000,2024-04-10,36,27,42590.81130437048,723,Employed,0,2024-04,Good
6023,17,5000,2024-05-15,36,20,81772.78120692188,536,Self-Employed,0,2024-05,Bad
6024,2810,15000,2024-11-25,12,55,50075.16028947669,414,Employed,1,2024-11,Good
6025,8520,25000,2024-07-31,24,56,40556.13997394879,513,Employed,0,2024-07,Good
6026,3452,25000,2024-03-23,24,42,82812.0441108451,837,Employed,0,2024-03,Bad
6027,8538,25000,2024-12-20,12,30,73240.83832019479,386,Self-Employed,1,2024-12,Bad
6028,5593,10000,2024-09-30,24,67,74074.89258581719,337,Employed,0,2024-09,Bad
6029,2355,5000,2024-05-20,24,58,58573.68977967338,496,Self-Employed,0,2024-05,Bad
6030,8736,25000,2024-10-28,24,27,34440.929824893654,389,Contractor,0,2024-10,Bad
6031,3451,10000,2024-05-19,36,21,68753.39134890508,655,Employed,0,2024-05,Bad
6032,3706,25000,2024-10-22,12,66,20000.0,683,Employed,0,2024-10,Bad
6033,7708,5000,2024-03-28,24,58,77634.72529330342,513,Employed,1,2024-03,Bad
6034,7044,25000,2024-11-18,12,30,66847.17340311385,321,Employed,0,2024-11,Good
6035,2749,25000,2024-10-07,36,38,91823.24036268366,501,Employed,1,2024-10,Bad
6036,9549,15000,2024-08-28,24,22,23697.441707676626,594,Employed,1,2024-08,Good
6037,5260,15000,2024-04-21,12,56,83822.27703734463,665,Employed,0,2024-04,Good
6038,1807,25000,2024-10-27,36,65,21114.052567232255,762,Employed,0,2024-10,Bad
6039,9559,10000,2024-05-20,36,35,96398.42600039241,796,Employed,0,2024-05,Bad
6040,6413,10000,2024-05-31,12,24,20714.4362139039,757,Employed,0,2024-05,Bad
6041,8378,10000,2024-07-22,24,33,78491.36935862676,305,Employed,1,2024-07,Good
6042,4206,25000,2024-09-14,24,46,114802.36018743634,515,Employed,1,2024-09,Bad
6043,8959,10000,2024-10-01,12,20,103021.28080159449,772,Self-Employed,0,2024-10,Bad
6044,8227,15000,2024-08-01,36,19,51329.038620130435,705,Employed,0,2024-08,Good
6045,8104,25000,2024-10-06,12,56,20000.0,381,Employed,1,2024-10,Bad
6046,3916,15000,2024-07-07,12,23,87441.39429124359,650,Employed,0,2024-07,Good
6047,5342,15000,2024-05-12,36,21,75759.06603766244,379,Employed,1,2024-05,Bad
6048,9838,10000,2024-03-20,12,31,78213.48004578504,725,Self-Employed,1,2024-03,Bad
6049,7941,15000,2024-04-10,36,66,69841.75045870422,325,Employed,1,2024-04,Good
6050,5866,15000,2024-12-23,36,35,41465.46284651837,456,Employed,0,2024-12,Bad
6051,798,5000,2024-03-04,12,64,52534.15260528871,672,Employed,1,2024-03,Bad
6052,7267,5000,2024-01-12,12,57,57219.792770657965,514,Self-Employed,0,2024-01,Bad
6053,6775,5000,2024-05-02,12,40,101645.89946507408,452,Employed,1,2024-05,Bad
6054,3657,10000,2024-12-30,24,38,73302.03653542027,761,Contractor,0,2024-12,Bad
6055,6353,10000,2024-04-18,36,38,62643.18206922585,517,Employed,0,2024-04,Good
6056,9852,15000,2024-07-05,36,41,97037.38498133532,609,Employed,0,2024-07,Good
6057,38,15000,2024-12-17,36,68,97318.63223795517,765,Employed,0,2024-12,Bad
6058,1979,10000,2024-07-24,36,66,44354.18066904881,325,Employed,1,2024-07,Good
6059,9079,25000,2024-02-16,36,33,48315.39864099679,326,Employed,1,2024-02,Good
6060,6242,25000,2024-11-04,24,56,72856.68554502958,409,Employed,0,2024-11,Good
6061,3455,25000,2024-04-08,36,43,40743.216852294034,746,Employed,0,2024-04,Good
6062,4675,5000,2024-11-24,24,63,28191.148462230558,732,Contractor,0,2024-11,Good
6063,3361,15000,2024-08-21,12,45,60653.15449213534,405,Employed,1,2024-08,Good
6064,4237,25000,2024-08-08,12,36,62920.70570163451,713,Self-Employed,0,2024-08,Good
6065,4299,5000,2024-03-18,24,33,62621.296923067,492,Employed,1,2024-03,Bad
6066,3476,15000,2024-08-04,36,39,42739.10617643346,388,Self-Employed,1,2024-08,Good
6067,6561,25000,2024-06-22,36,42,51400.41466568291,698,Employed,0,2024-06,Bad
6068,3378,25000,2024-04-15,36,67,71720.30891030385,515,Self-Employed,0,2024-04,Good
6069,5042,5000,2024-06-13,36,40,91173.86336070523,406,Employed,0,2024-06,Bad
6070,2185,25000,2024-04-22,36,35,55390.31558517697,848,Self-Employed,1,2024-04,Good
6071,5001,15000,2024-05-25,24,18,35019.89187260892,698,Employed,0,2024-05,Bad
6072,7298,25000,2024-05-11,24,59,74604.00444918693,768,Employed,0,2024-05,Bad
6073,1140,5000,2024-03-24,24,51,74980.70482348317,313,Employed,1,2024-03,Bad
6074,4234,25000,2024-01-01,12,32,87773.61009598688,691,Employed,0,2024-01,Bad
6075,2463,5000,2024-09-09,12,46,53717.428391408386,599,Employed,0,2024-09,Bad
6076,3233,10000,2024-01-24,24,61,42778.50754910814,679,Employed,0,2024-01,Bad
6077,8440,25000,2024-10-24,24,57,44355.772613296045,449,Employed,1,2024-10,Bad
6078,8047,15000,2024-07-06,12,35,28033.16009224257,514,Employed,1,2024-07,Good
6079,526,25000,2024-04-20,24,43,93756.6848974574,539,Employed,0,2024-04,Good
6080,4321,5000,2024-01-24,12,61,52734.694149333685,504,Self-Employed,0,2024-01,Bad
6081,9337,10000,2024-02-25,12,61,84161.39899624271,592,Employed,1,2024-02,Good
6082,4831,15000,2024-03-09,24,18,32881.80583956332,734,Self-Employed,0,2024-03,Bad
6083,8107,25000,2024-01-18,24,30,53434.26808517773,686,Employed,0,2024-01,Bad
6084,463,10000,2024-08-15,12,61,56762.767494550346,586,Employed,0,2024-08,Good
6085,2964,5000,2024-02-27,24,44,101630.26258703452,372,Employed,1,2024-02,Good
6086,6384,15000,2024-06-11,36,44,99155.3696301447,481,Employed,1,2024-06,Bad
6087,5917,5000,2024-05-11,12,18,66092.7599247996,830,Employed,0,2024-05,Bad
6088,3401,25000,2024-08-06,12,59,85166.91005410907,462,Self-Employed,0,2024-08,Good
6089,9378,5000,2024-11-26,36,35,68138.96306183944,657,Employed,0,2024-11,Good
6090,303,10000,2024-10-10,36,58,91010.77231612097,686,Employed,0,2024-10,Bad
6091,5884,5000,2024-05-18,36,57,88322.38387984522,393,Employed,0,2024-05,Bad
6092,777,15000,2024-01-03,24,45,99461.6838863452,476,Self-Employed,1,2024-01,Bad
6093,624,10000,2024-12-21,36,40,86044.51936960031,641,Employed,0,2024-12,Bad
6094,1460,25000,2024-09-15,36,55,62158.33277296412,754,Contractor,1,2024-09,Bad
6095,3387,5000,2024-10-07,24,41,46231.991637679675,441,Employed,1,2024-10,Bad
6096,7031,5000,2024-11-27,36,46,61625.24430057347,584,Employed,1,2024-11,Good
6097,4776,25000,2024-01-12,12,57,20000.0,371,Employed,0,2024-01,Bad
6098,8672,25000,2024-02-22,36,39,84029.80931753771,557,Self-Employed,0,2024-02,Good
6099,1062,5000,2024-09-10,36,57,26389.153793793892,716,Employed,1,2024-09,Bad
6100,288,25000,2024-04-05,24,52,36798.436129807655,657,Self-Employed,0,2024-04,Good
6101,7235,10000,2024-08-19,24,44,69242.32894928209,537,Employed,0,2024-08,Good
6102,3640,15000,2024-09-22,36,25,70049.97526893303,379,Employed,1,2024-09,Bad
6103,7956,10000,2024-04-21,36,66,50017.430284406866,334,Employed,0,2024-04,Good
6104,6336,5000,2024-02-16,12,27,61821.03507812789,683,Employed,0,2024-02,Good
6105,1144,10000,2024-06-30,24,18,67914.4628003116,695,Employed,1,2024-06,Bad
6106,6545,5000,2024-08-22,12,28,20000.0,355,Employed,1,2024-08,Good
6107,9616,10000,2024-09-10,12,45,122937.90577992136,489,Employed,0,2024-09,Bad
6108,8850,5000,2024-01-07,36,52,63702.04103059848,784,Employed,1,2024-01,Bad
6109,3086,25000,2024-12-09,36,39,55499.07884276616,684,Employed,0,2024-12,Bad
6110,7714,10000,2024-10-14,36,65,45084.68575930053,759,Employed,0,2024-10,Bad
6111,9932,5000,2024-10-05,12,60,42427.249823801816,364,Self-Employed,1,2024-10,Bad
6112,4989,25000,2024-11-01,12,42,66465.22293429481,446,Employed,0,2024-11,Good
6113,2202,5000,2024-07-13,24,54,48702.78543671548,559,Employed,0,2024-07,Good
6114,5290,10000,2024-01-25,24,39,87749.06352151396,560,Employed,0,2024-01,Bad
6115,8871,10000,2024-01-06,24,37,54475.3532996706,542,Contractor,0,2024-01,Bad
6116,3458,5000,2024-12-18,24,45,60718.59237937664,830,Employed,0,2024-12,Bad
6117,2745,25000,2024-05-22,24,42,92543.44654465522,788,Employed,0,2024-05,Bad
6118,2354,15000,2024-07-09,24,50,97159.55342488833,431,Contractor,0,2024-07,Good
6119,1649,5000,2024-05-27,12,59,79473.21621428087,625,Employed,0,2024-05,Bad
6120,1680,5000,2024-06-19,36,19,98652.49486285643,393,Employed,0,2024-06,Bad
6121,5003,15000,2024-04-05,24,53,78611.49673818656,599,Self-Employed,0,2024-04,Good
6122,5331,5000,2024-07-13,12,62,81735.95928856172,608,Self-Employed,0,2024-07,Good
6123,3967,10000,2024-09-16,12,18,52513.72017786966,520,Employed,0,2024-09,Bad
6124,2742,10000,2024-08-23,36,52,46703.567289602855,306,Employed,1,2024-08,Good
6125,854,25000,2024-01-06,24,49,57971.862877797845,326,Employed,1,2024-01,Bad
6126,6336,15000,2024-02-28,36,27,61821.03507812789,683,Employed,0,2024-02,Good
6127,8785,5000,2024-09-05,36,49,108909.44969069981,840,Employed,0,2024-09,Bad
6128,3407,10000,2024-02-21,36,33,49160.26211265468,447,Employed,0,2024-02,Good
6129,2953,5000,2024-10-01,24,53,70442.95502717917,397,Employed,1,2024-10,Bad
6130,5064,15000,2024-05-01,24,35,20447.12295037928,388,Self-Employed,0,2024-05,Bad
6131,9212,10000,2024-01-26,24,47,55004.43291011331,310,Self-Employed,1,2024-01,Bad
6132,9777,15000,2024-10-30,12,49,76315.60074950302,471,Employed,0,2024-10,Bad
6133,4912,5000,2024-08-04,12,27,41096.60742603652,568,Employed,1,2024-08,Good
6134,1872,25000,2024-07-01,12,49,74143.99965232289,733,Employed,0,2024-07,Good
6135,9283,5000,2024-03-29,24,59,38930.62358108952,666,Contractor,0,2024-03,Bad
6136,627,5000,2024-02-07,36,58,59322.34980547685,831,Employed,1,2024-02,Good
6137,4208,15000,2024-03-24,36,35,50561.64339951968,336,Self-Employed,0,2024-03,Bad
6138,4767,10000,2024-04-17,12,66,72874.29678888331,350,Contractor,1,2024-04,Good
6139,8218,15000,2024-06-11,36,41,65983.89387485488,637,Employed,0,2024-06,Bad
6140,3049,10000,2024-07-15,12,47,80206.67915860473,615,Employed,0,2024-07,Good
6141,8814,5000,2024-09-09,36,34,72405.01108387095,845,Employed,0,2024-09,Bad
6142,8909,5000,2024-08-14,24,68,44479.026028742715,574,Employed,0,2024-08,Good
6143,2661,25000,2024-01-03,12,49,84873.07784688898,431,Contractor,1,2024-01,Bad
6144,7668,25000,2024-10-23,12,39,93966.67558353255,351,Employed,1,2024-10,Bad
6145,1742,15000,2024-06-08,36,21,64020.94711393101,747,Employed,0,2024-06,Bad
6146,3073,10000,2024-10-18,24,27,98800.98414935815,756,Employed,0,2024-10,Bad
6147,7904,25000,2024-01-30,24,62,88648.52401598595,817,Employed,0,2024-01,Bad
6148,6726,25000,2024-04-25,24,18,70644.70085213803,619,Employed,0,2024-04,Good
6149,3734,5000,2024-06-15,24,56,40549.42441193579,490,Self-Employed,0,2024-06,Bad
6150,4465,5000,2024-04-02,12,67,73271.67571015879,568,Contractor,1,2024-04,Good
6151,1846,15000,2024-08-05,24,53,59413.18736907652,356,Employed,0,2024-08,Good
6152,8206,15000,2024-04-18,36,19,53116.914557945274,794,Employed,0,2024-04,Good
6153,7636,10000,2024-03-29,12,53,117673.50455657963,446,Employed,0,2024-03,Bad
6154,2759,25000,2024-07-06,36,45,20000.0,569,Employed,1,2024-07,Good
6155,531,5000,2024-07-02,24,50,45895.33033405384,764,Self-Employed,0,2024-07,Good
6156,7578,10000,2024-07-28,12,39,63792.008031641395,364,Employed,1,2024-07,Good
6157,7318,25000,2024-07-04,36,59,65435.72382395255,609,Employed,0,2024-07,Good
6158,7942,10000,2024-10-08,24,35,81056.95641677579,486,Employed,1,2024-10,Bad
6159,2879,10000,2024-07-02,12,50,97855.66439258948,755,Employed,0,2024-07,Good
6160,3405,15000,2024-12-26,24,19,68791.43180362544,650,Employed,0,2024-12,Bad
6161,8630,25000,2024-05-16,24,46,53172.31466598694,660,Self-Employed,0,2024-05,Bad
6162,383,10000,2024-10-14,24,54,94777.14636933693,410,Employed,1,2024-10,Bad
6163,5011,10000,2024-11-28,24,65,55920.6110316796,319,Employed,1,2024-11,Good
6164,9482,10000,2024-04-16,36,56,29039.332030614896,796,Employed,0,2024-04,Good
6165,5069,15000,2024-03-28,24,63,86695.13648856114,371,Employed,1,2024-03,Bad
6166,7095,15000,2024-05-04,12,40,70087.0500863072,648,Employed,0,2024-05,Bad
6167,7165,5000,2024-07-15,36,40,81376.95044076315,425,Employed,0,2024-07,Good
6168,9078,15000,2024-04-19,24,46,65994.9863529004,421,Contractor,0,2024-04,Good
6169,3015,15000,2024-11-13,12,61,98260.8086094704,579,Employed,1,2024-11,Good
6170,3983,25000,2024-02-17,12,36,76784.78156912477,503,Self-Employed,0,2024-02,Good
6171,4175,25000,2024-11-17,36,69,60411.49194958836,419,Employed,1,2024-11,Good
6172,8501,10000,2024-07-08,36,19,78148.60451562,821,Employed,0,2024-07,Good
6173,8919,5000,2024-04-20,36,33,67776.68682989082,305,Employed,1,2024-04,Good
6174,3105,15000,2024-08-09,36,37,70515.77010767908,724,Employed,1,2024-08,Good
6175,2938,25000,2024-03-09,24,64,70856.48161141913,426,Contractor,1,2024-03,Bad
6176,9906,5000,2024-07-02,36,28,54543.77711800422,425,Employed,1,2024-07,Good
6177,713,25000,2024-11-25,36,27,93123.31363258102,655,Employed,0,2024-11,Good
6178,951,10000,2024-06-12,12,58,37420.390469172664,461,Employed,1,2024-06,Bad
6179,1436,15000,2024-10-18,36,24,51776.33093188253,578,Employed,0,2024-10,Bad
6180,4566,10000,2024-01-07,12,54,51182.67615541258,400,Employed,1,2024-01,Bad
6181,1539,10000,2024-08-08,24,46,36574.17792131282,789,Self-Employed,1,2024-08,Good
6182,7938,25000,2024-08-06,12,43,96588.4752699127,537,Employed,1,2024-08,Good
6183,2169,5000,2024-02-27,24,58,89194.86172508565,413,Contractor,0,2024-02,Good
6184,2201,15000,2024-10-02,12,19,45515.616868497076,832,Employed,0,2024-10,Bad
6185,1671,5000,2024-02-20,12,39,74934.92558648085,827,Contractor,0,2024-02,Good
6186,3365,10000,2024-08-02,36,42,65499.88715516048,348,Employed,1,2024-08,Good
6187,2116,15000,2024-06-09,12,31,51815.2734590095,539,Self-Employed,1,2024-06,Bad
6188,8417,10000,2024-01-01,24,52,37958.722593398474,463,Employed,1,2024-01,Bad
6189,847,25000,2024-03-07,12,68,68396.48560204142,432,Employed,1,2024-03,Bad
6190,6702,5000,2024-02-19,36,39,76608.01402066663,418,Employed,0,2024-02,Good
6191,5436,5000,2024-02-04,36,44,23282.153441346753,487,Employed,1,2024-02,Good
6192,4070,10000,2024-06-11,24,60,34731.43433427089,310,Employed,1,2024-06,Bad
6193,2957,5000,2024-11-10,36,58,58101.213707596544,573,Contractor,1,2024-11,Good
6194,4388,5000,2024-11-28,12,33,54150.23844460108,698,Employed,0,2024-11,Good
6195,7648,10000,2024-04-06,24,66,65512.54323419171,645,Employed,0,2024-04,Good
6196,6912,15000,2024-01-13,36,69,65469.76278269852,751,Employed,0,2024-01,Bad
6197,9776,25000,2024-10-04,12,50,41883.89953879922,765,Employed,0,2024-10,Bad
6198,6749,15000,2024-02-25,36,56,102348.20359105495,526,Employed,1,2024-02,Good
6199,971,15000,2024-03-21,36,53,80308.3053500628,459,Employed,0,2024-03,Bad
6200,7686,25000,2024-07-20,24,23,56250.74799121778,555,Employed,0,2024-07,Good
6201,1217,10000,2024-09-07,24,22,70826.0737882371,591,Self-Employed,0,2024-09,Bad
6202,5107,10000,2024-08-06,24,30,40476.33182466576,600,Employed,1,2024-08,Good
6203,9831,25000,2024-01-15,12,23,104739.08332156442,607,Employed,0,2024-01,Bad
6204,5554,5000,2024-04-18,36,66,69485.35427622103,691,Employed,0,2024-04,Good
6205,7242,15000,2024-10-24,24,43,57340.11432283701,584,Employed,0,2024-10,Bad
6206,2712,5000,2024-05-03,12,33,62450.33363515805,597,Self-Employed,0,2024-05,Bad
6207,9479,10000,2024-03-11,12,43,76932.40022023558,840,Employed,0,2024-03,Bad
6208,58,15000,2024-07-03,12,64,29998.23192042477,334,Employed,1,2024-07,Good
6209,9877,10000,2024-07-10,36,65,45659.00387654675,418,Employed,0,2024-07,Good
6210,6870,25000,2024-11-23,24,59,101862.43418926286,811,Employed,0,2024-11,Good
6211,1305,25000,2024-02-29,36,26,75420.03936207785,827,Employed,0,2024-02,Good
6212,1631,5000,2024-01-31,12,24,45960.3033740945,436,Employed,1,2024-01,Bad
6213,4081,5000,2024-02-24,36,47,71419.58143311807,706,Employed,0,2024-02,Good
6214,4304,10000,2024-06-10,24,39,63347.19015119982,834,Employed,0,2024-06,Bad
6215,6004,10000,2024-08-12,12,41,92032.92394421341,306,Employed,0,2024-08,Good
6216,9359,25000,2024-05-11,36,20,53376.92464088199,317,Employed,0,2024-05,Bad
6217,413,15000,2024-04-11,24,19,98068.61167212839,333,Employed,0,2024-04,Good
6218,1619,25000,2024-12-11,24,62,95681.84555203156,300,Employed,1,2024-12,Bad
6219,5172,10000,2024-08-11,24,52,37604.02092490105,406,Contractor,1,2024-08,Good
6220,5137,25000,2024-08-18,24,37,47129.81852521324,331,Employed,1,2024-08,Good
6221,2778,5000,2024-12-27,12,27,44011.81104955857,360,Employed,1,2024-12,Bad
6222,740,5000,2024-02-28,12,64,20515.026737319487,531,Employed,0,2024-02,Good
6223,4900,10000,2024-10-23,36,40,91786.89825636399,684,Employed,0,2024-10,Bad
6224,919,25000,2024-08-05,24,28,72380.81437601507,580,Self-Employed,0,2024-08,Good
6225,7586,10000,2024-10-09,24,33,75545.68215402192,624,Employed,0,2024-10,Bad
6226,5622,15000,2024-03-19,12,60,66867.14606592213,627,Employed,0,2024-03,Bad
6227,7808,5000,2024-05-28,36,31,62668.48336145588,766,Employed,0,2024-05,Bad
6228,6333,25000,2024-03-31,36,65,77664.6917924319,439,Employed,0,2024-03,Bad
6229,1504,5000,2024-08-13,12,58,96699.01217757723,310,Employed,1,2024-08,Good
6230,3228,25000,2024-05-18,12,42,75369.61155198103,721,Employed,0,2024-05,Bad
6231,828,5000,2024-12-08,12,45,112468.37453388097,634,Employed,0,2024-12,Bad
6232,3232,10000,2024-04-23,12,41,33275.435568637535,718,Employed,0,2024-04,Good
6233,2874,5000,2024-01-22,12,58,68138.71466627871,356,Employed,0,2024-01,Bad
6234,9810,25000,2024-01-23,12,53,68889.48673076597,667,Employed,1,2024-01,Bad
6235,9378,10000,2024-03-05,36,35,68138.96306183944,657,Employed,0,2024-03,Bad
6236,5853,25000,2024-02-28,12,63,40389.6738456197,424,Employed,1,2024-02,Good
6237,9877,15000,2024-03-29,12,65,45659.00387654675,418,Employed,0,2024-03,Bad
6238,8702,25000,2024-07-16,36,47,98738.65784584358,601,Employed,0,2024-07,Good
6239,5633,25000,2024-04-23,36,33,69137.28910332851,394,Employed,1,2024-04,Good
6240,8887,10000,2024-01-28,24,55,41925.57754064765,465,Employed,1,2024-01,Bad
6241,3280,25000,2024-07-28,24,38,86945.65078097815,403,Employed,0,2024-07,Good
6242,4017,15000,2024-08-26,36,61,38562.13324266421,608,Employed,1,2024-08,Good
6243,2069,15000,2024-09-13,12,50,31688.79130263585,429,Employed,0,2024-09,Bad
6244,5625,10000,2024-10-11,36,25,55208.23476239919,508,Employed,0,2024-10,Bad
6245,5524,15000,2024-02-15,12,33,91126.40363078014,568,Self-Employed,0,2024-02,Good
6246,9439,10000,2024-11-28,12,43,37015.228006352256,367,Employed,1,2024-11,Good
6247,8592,5000,2024-07-03,12,68,90120.72873708094,518,Employed,0,2024-07,Good
6248,2608,25000,2024-05-19,36,39,85214.27517225292,768,Employed,0,2024-05,Bad
6249,288,25000,2024-06-15,12,52,36798.436129807655,657,Self-Employed,0,2024-06,Bad
6250,1404,25000,2024-07-31,36,18,49596.413548776414,417,Contractor,1,2024-07,Good
6251,4533,25000,2024-06-07,12,68,34390.31816605114,390,Employed,1,2024-06,Bad
6252,441,10000,2024-02-08,12,40,92104.95610108857,698,Employed,0,2024-02,Good
6253,5613,25000,2024-04-11,36,66,47356.110944320055,310,Employed,1,2024-04,Good
6254,4886,15000,2024-12-01,36,39,66588.54761402344,817,Employed,0,2024-12,Bad
6255,5093,15000,2024-04-19,12,19,102882.95235809505,848,Employed,0,2024-04,Good
6256,1269,5000,2024-09-20,12,60,112304.7940208267,468,Employed,0,2024-09,Bad
6257,7220,10000,2024-10-24,24,40,42034.58853692419,324,Employed,1,2024-10,Bad
6258,6865,5000,2024-11-30,36,32,75472.79028431966,827,Self-Employed,0,2024-11,Good
6259,7008,25000,2024-11-29,24,38,47133.39707897519,583,Employed,0,2024-11,Good
6260,186,15000,2024-04-05,24,61,105189.45765998776,317,Employed,0,2024-04,Good
6261,4258,10000,2024-03-01,24,54,84908.50049372081,477,Employed,1,2024-03,Bad
6262,3544,15000,2024-05-18,36,50,64187.402673557765,463,Employed,0,2024-05,Bad
6263,9672,10000,2024-08-17,12,43,86522.75261353658,783,Employed,0,2024-08,Good
6264,4887,5000,2024-02-01,12,22,82581.34570239868,750,Self-Employed,0,2024-02,Good
6265,4641,25000,2024-05-12,36,28,88844.00639528384,755,Employed,1,2024-05,Bad
6266,1145,5000,2024-08-22,24,57,91787.89838952597,403,Employed,1,2024-08,Good
6267,4165,25000,2024-11-27,36,42,96957.02368648717,642,Employed,0,2024-11,Good
6268,635,15000,2024-08-22,12,30,77614.54536193475,505,Employed,0,2024-08,Good
6269,7578,5000,2024-08-29,36,39,63792.008031641395,364,Employed,0,2024-08,Good
6270,1304,5000,2024-10-21,24,64,46280.00509949865,832,Employed,0,2024-10,Bad
6271,533,15000,2024-09-05,36,54,47264.2210667881,664,Employed,1,2024-09,Bad
6272,2698,15000,2024-01-23,12,64,29277.38483720683,471,Employed,1,2024-01,Bad
6273,953,15000,2024-08-12,12,43,69607.72660195259,320,Employed,1,2024-08,Good
6274,2806,10000,2024-05-23,12,69,78575.80698224131,328,Employed,1,2024-05,Bad
6275,7587,15000,2024-11-01,24,19,103155.39896990696,826,Employed,0,2024-11,Good
6276,8762,10000,2024-03-12,12,20,32386.277510397264,525,Self-Employed,0,2024-03,Bad
6277,6783,15000,2024-08-12,12,56,67535.57410599144,648,Employed,0,2024-08,Good
6278,9172,10000,2024-02-17,36,68,41523.67140745073,723,Contractor,0,2024-02,Good
6279,5213,15000,2024-02-03,36,49,62158.578937524,345,Employed,1,2024-02,Good
6280,4131,10000,2024-09-10,24,36,20000.0,336,Employed,1,2024-09,Bad
6281,7943,25000,2024-03-03,24,49,51359.646091781186,415,Employed,1,2024-03,Bad
6282,3542,25000,2024-04-11,36,35,43280.811385677254,436,Employed,1,2024-04,Good
6283,3387,5000,2024-01-17,12,41,46231.991637679675,441,Employed,1,2024-01,Bad
6284,9930,15000,2024-08-28,36,38,82090.45779840832,649,Employed,0,2024-08,Good
6285,6091,15000,2024-10-16,36,28,110768.59562078155,711,Contractor,0,2024-10,Bad
6286,5496,10000,2024-09-12,12,48,84787.43589932393,610,Contractor,0,2024-09,Bad
6287,7659,5000,2024-12-26,36,51,43522.39314874649,315,Employed,1,2024-12,Bad
6288,2401,25000,2024-03-07,36,43,114172.92406270634,632,Employed,0,2024-03,Bad
6289,3553,5000,2024-10-06,12,53,57796.243439437094,349,Employed,0,2024-10,Bad
6290,979,10000,2024-09-22,12,39,96085.14492967905,580,Employed,0,2024-09,Bad
6291,6548,15000,2024-01-05,24,29,79091.8413567539,682,Employed,0,2024-01,Bad
6292,5514,5000,2024-01-31,24,41,43515.01972956998,672,Employed,0,2024-01,Bad
6293,8595,15000,2024-05-31,36,40,56198.758599192704,375,Employed,1,2024-05,Bad
6294,1515,25000,2024-09-23,24,38,67920.75435430459,682,Employed,0,2024-09,Bad
6295,9740,10000,2024-02-20,12,35,120808.65082964345,401,Employed,1,2024-02,Good
6296,394,15000,2024-09-03,12,40,84583.96776310078,715,Employed,0,2024-09,Bad
6297,2631,5000,2024-02-17,24,59,70430.19843821002,654,Employed,0,2024-02,Good
6298,5816,10000,2024-11-29,12,27,118717.65734842629,325,Self-Employed,1,2024-11,Good
6299,104,25000,2024-05-11,12,24,105894.94515339538,337,Employed,1,2024-05,Bad
6300,1744,5000,2024-05-15,36,37,20000.0,348,Employed,1,2024-05,Bad
6301,5437,15000,2024-01-07,12,53,93323.15968252587,645,Employed,0,2024-01,Bad
6302,422,15000,2024-04-28,36,46,78839.23827669483,591,Employed,1,2024-04,Good
6303,6417,10000,2024-10-14,12,46,57485.76523536877,342,Self-Employed,1,2024-10,Bad
6304,6198,25000,2024-12-07,36,36,104058.86273433073,742,Employed,0,2024-12,Bad
6305,5293,5000,2024-10-04,24,68,48471.572195225686,771,Employed,0,2024-10,Bad
6306,6809,25000,2024-08-05,36,69,50706.604431266656,526,Employed,1,2024-08,Good
6307,4714,5000,2024-04-24,12,68,53713.86524187666,317,Contractor,0,2024-04,Good
6308,3178,5000,2024-06-12,36,56,40211.8239723842,706,Employed,0,2024-06,Bad
6309,3777,10000,2024-10-11,36,53,66708.05324849545,701,Employed,1,2024-10,Bad
6310,4391,15000,2024-08-10,36,53,39974.76138792964,675,Employed,1,2024-08,Good
6311,8468,15000,2024-03-26,24,21,50617.28478995517,708,Self-Employed,1,2024-03,Bad
6312,6729,15000,2024-07-07,12,34,81581.83453161195,515,Employed,0,2024-07,Good
6313,7211,25000,2024-02-22,36,47,64818.60753835847,446,Employed,0,2024-02,Good
6314,8386,5000,2024-11-23,24,54,84196.09236670278,829,Employed,0,2024-11,Good
6315,1127,10000,2024-12-06,36,32,93501.69616237901,430,Employed,0,2024-12,Bad
6316,250,25000,2024-01-15,36,69,86095.98774104343,799,Self-Employed,0,2024-01,Bad
6317,5052,5000,2024-05-06,12,51,46941.31488462427,763,Employed,0,2024-05,Bad
6318,6112,10000,2024-06-24,24,30,54435.78952446954,667,Employed,1,2024-06,Bad
6319,4392,5000,2024-04-27,36,30,90829.74660907869,771,Employed,0,2024-04,Good
6320,8430,10000,2024-06-30,12,24,87699.49394512834,305,Employed,0,2024-06,Bad
6321,7788,25000,2024-03-08,36,40,24441.984667655866,579,Contractor,1,2024-03,Bad
6322,3721,5000,2024-11-20,12,60,129649.37939209738,668,Employed,0,2024-11,Good
6323,4010,5000,2024-12-21,24,23,78271.67905167872,599,Contractor,0,2024-12,Bad
6324,4906,25000,2024-07-10,24,35,106911.37404786656,469,Employed,0,2024-07,Good
6325,2337,10000,2024-07-12,24,63,37136.69212479846,828,Self-Employed,1,2024-07,Good
6326,2585,15000,2024-06-26,36,20,56923.94078067483,333,Self-Employed,1,2024-06,Bad
6327,1766,15000,2024-02-16,24,59,41585.19984390895,615,Self-Employed,1,2024-02,Good
6328,3918,10000,2024-05-21,24,47,94692.83460346138,658,Employed,0,2024-05,Bad
6329,9335,10000,2024-01-09,12,54,65848.9221291292,462,Employed,0,2024-01,Bad
6330,1115,15000,2024-01-12,24,61,93816.20258154231,346,Employed,1,2024-01,Bad
6331,6041,5000,2024-04-01,12,65,107307.8254776219,420,Employed,1,2024-04,Good
6332,1140,25000,2024-01-13,24,51,74980.70482348317,313,Employed,1,2024-01,Bad
6333,7968,15000,2024-10-03,36,18,36997.87168686163,506,Employed,0,2024-10,Bad
6334,5654,10000,2024-02-07,36,32,34663.415996176926,620,Employed,0,2024-02,Good
6335,6493,5000,2024-11-03,24,52,37259.76580242423,418,Contractor,0,2024-11,Good
6336,4663,10000,2024-10-08,12,67,100215.48733614798,352,Contractor,1,2024-10,Bad
6337,3517,15000,2024-10-04,36,23,81908.92619187271,639,Contractor,0,2024-10,Bad
6338,9789,25000,2024-08-31,36,27,75452.28568766505,338,Employed,1,2024-08,Good
6339,1146,25000,2024-08-31,36,39,27336.64924524002,744,Employed,0,2024-08,Good
6340,1628,5000,2024-11-23,12,43,100615.69330193108,656,Employed,0,2024-11,Good
6341,1246,25000,2024-02-06,24,44,102452.4408371946,444,Employed,0,2024-02,Good
6342,9675,15000,2024-08-19,36,20,22948.317907555363,651,Self-Employed,0,2024-08,Good
6343,5762,15000,2024-06-21,36,35,59794.86855025085,469,Employed,0,2024-06,Bad
6344,9714,15000,2024-09-07,36,42,20075.208818014973,555,Employed,0,2024-09,Bad
6345,370,5000,2024-04-29,36,36,51535.65816758439,755,Employed,0,2024-04,Good
6346,4856,15000,2024-12-07,36,24,52583.72369679384,612,Self-Employed,0,2024-12,Bad
6347,5321,25000,2024-11-28,36,57,77228.26391623219,571,Contractor,0,2024-11,Good
6348,3233,5000,2024-01-14,24,61,42778.50754910814,679,Employed,0,2024-01,Bad
6349,1786,15000,2024-09-30,36,20,59626.129048026225,571,Contractor,0,2024-09,Bad
6350,575,15000,2024-12-18,36,30,49283.64237313574,486,Employed,0,2024-12,Bad
6351,5505,10000,2024-05-14,36,68,34262.6210572978,597,Employed,1,2024-05,Bad
6352,8021,15000,2024-07-06,24,26,102004.57692204662,420,Contractor,1,2024-07,Good
6353,3704,5000,2024-02-24,12,62,78921.86805920364,460,Employed,1,2024-02,Good
6354,5478,10000,2024-10-16,12,19,68062.27313436137,837,Self-Employed,0,2024-10,Bad
6355,2573,5000,2024-05-06,36,43,38600.25470182892,636,Employed,0,2024-05,Bad
6356,5906,15000,2024-10-27,24,26,62979.61067091106,641,Employed,1,2024-10,Bad
6357,2116,25000,2024-09-15,24,31,51815.2734590095,539,Self-Employed,0,2024-09,Bad
6358,7438,10000,2024-11-27,12,36,58867.31284530494,406,Employed,1,2024-11,Good
6359,9349,10000,2024-04-09,12,47,78770.32087958763,620,Self-Employed,1,2024-04,Good
6360,1086,10000,2024-11-04,24,61,95596.39796356483,391,Employed,1,2024-11,Good
6361,8353,5000,2024-06-07,36,31,97754.87140135751,404,Employed,0,2024-06,Bad
6362,7194,10000,2024-01-23,24,61,76371.89501659609,330,Employed,1,2024-01,Bad
6363,8951,25000,2024-07-18,12,65,65584.62812890453,324,Employed,0,2024-07,Good
6364,2749,25000,2024-03-05,24,38,91823.24036268366,501,Employed,0,2024-03,Bad
6365,5406,10000,2024-07-01,36,27,65230.67482488672,768,Employed,0,2024-07,Good
6366,9022,5000,2024-08-14,36,43,45006.427797236705,404,Self-Employed,1,2024-08,Good
6367,9041,5000,2024-04-20,12,43,64466.69045922281,669,Contractor,0,2024-04,Good
6368,7900,5000,2024-03-19,24,35,30903.301659266464,847,Self-Employed,1,2024-03,Bad
6369,6982,15000,2024-09-01,24,61,105928.04475004264,576,Contractor,0,2024-09,Bad
6370,4345,5000,2024-04-01,36,53,52711.389654827384,813,Self-Employed,0,2024-04,Good
6371,7204,5000,2024-05-19,24,40,103957.3739193112,536,Employed,1,2024-05,Bad
6372,9722,10000,2024-01-01,36,57,77670.06486381186,428,Employed,0,2024-01,Bad
6373,5441,15000,2024-09-23,36,56,90925.13310922896,376,Employed,1,2024-09,Bad
6374,2893,10000,2024-02-20,24,40,85393.86216630174,753,Employed,0,2024-02,Good
6375,3625,5000,2024-08-16,12,65,91205.09919188189,720,Employed,0,2024-08,Good
6376,6688,5000,2024-02-14,24,36,48098.640836279876,377,Employed,1,2024-02,Good
6377,9870,10000,2024-04-08,24,47,61321.11736957849,641,Self-Employed,0,2024-04,Good
6378,7424,15000,2024-03-12,12,24,47977.27927160764,480,Employed,0,2024-03,Bad
6379,6305,15000,2024-10-13,24,39,90084.14731822864,732,Employed,0,2024-10,Bad
6380,4106,10000,2024-03-25,36,26,49646.41171882038,646,Employed,0,2024-03,Bad
6381,4455,5000,2024-06-29,24,18,99786.44917389855,417,Employed,0,2024-06,Bad
6382,9492,15000,2024-11-18,36,63,114834.58751456035,631,Employed,0,2024-11,Good
6383,2172,15000,2024-08-04,12,53,73116.45588756296,651,Employed,0,2024-08,Good
6384,8822,25000,2024-10-23,24,30,46227.49085110454,332,Contractor,1,2024-10,Bad
6385,8470,10000,2024-06-04,24,61,76651.6687069651,702,Employed,0,2024-06,Bad
6386,1024,15000,2024-12-13,12,35,55300.8757773137,380,Employed,0,2024-12,Bad
6387,4622,25000,2024-11-23,12,43,39381.23124809025,458,Employed,1,2024-11,Good
6388,9392,25000,2024-03-05,36,20,20000.0,772,Employed,1,2024-03,Bad
6389,1718,25000,2024-05-22,12,42,108523.53716492477,699,Employed,0,2024-05,Bad
6390,7204,5000,2024-12-25,36,40,103957.3739193112,536,Employed,0,2024-12,Bad
6391,1981,10000,2024-12-07,12,41,113333.99369285893,341,Employed,1,2024-12,Bad
6392,1591,15000,2024-08-18,36,36,68234.20016759547,561,Employed,1,2024-08,Good
6393,270,25000,2024-01-20,12,49,43694.3839250669,799,Employed,0,2024-01,Bad
6394,4098,5000,2024-11-28,36,54,59418.21028916726,558,Self-Employed,0,2024-11,Good
6395,2621,5000,2024-07-10,36,25,83835.43683552732,731,Employed,0,2024-07,Good
6396,9579,10000,2024-12-11,24,59,36624.697545348274,558,Self-Employed,0,2024-12,Bad
6397,5227,10000,2024-10-21,36,56,63078.36482490845,752,Employed,0,2024-10,Bad
6398,5254,5000,2024-05-14,24,65,53111.63883161613,491,Employed,0,2024-05,Bad
6399,8727,5000,2024-07-21,24,22,53584.28035695237,315,Employed,1,2024-07,Good
6400,9801,25000,2024-06-07,12,52,88460.2855968323,570,Employed,1,2024-06,Bad
6401,2399,25000,2024-06-10,24,61,45625.92939840038,672,Contractor,0,2024-06,Bad
6402,7196,15000,2024-07-21,36,38,75996.0721618207,348,Employed,0,2024-07,Good
6403,4633,25000,2024-03-28,12,34,70188.55737221855,785,Employed,0,2024-03,Bad
6404,7233,25000,2024-12-10,36,65,56777.76258322977,525,Employed,0,2024-12,Bad
6405,8656,25000,2024-02-20,24,52,84407.33976868304,787,Employed,0,2024-02,Good
6406,23,15000,2024-07-02,24,55,81112.96229113228,451,Self-Employed,0,2024-07,Good
6407,8881,15000,2024-12-18,24,28,56002.3615704188,651,Employed,0,2024-12,Bad
6408,1287,15000,2024-10-11,24,58,60951.12957646681,729,Employed,0,2024-10,Bad
6409,3861,15000,2024-09-06,36,50,68277.98311687868,690,Employed,0,2024-09,Bad
6410,737,25000,2024-11-14,36,62,74759.1548598844,442,Employed,0,2024-11,Good
6411,6885,10000,2024-07-31,12,24,60307.45985314908,696,Employed,1,2024-07,Good
6412,9533,15000,2024-10-15,12,68,53888.011753057384,501,Employed,0,2024-10,Bad
6413,2378,15000,2024-10-27,36,62,126309.24782171809,359,Self-Employed,1,2024-10,Bad
6414,8388,15000,2024-01-06,36,26,65846.7637358811,381,Self-Employed,1,2024-01,Bad
6415,5629,25000,2024-02-06,24,47,40946.469295240386,607,Self-Employed,0,2024-02,Good
6416,9697,5000,2024-06-29,24,48,82007.17914294392,835,Employed,0,2024-06,Bad
6417,2116,25000,2024-09-14,12,31,51815.2734590095,539,Self-Employed,1,2024-09,Bad
6418,5393,15000,2024-04-15,12,29,45984.983389371526,814,Employed,0,2024-04,Good
6419,5419,25000,2024-08-09,12,35,112687.2668138317,799,Employed,0,2024-08,Good
6420,2919,10000,2024-11-08,36,48,44160.042925839836,338,Contractor,1,2024-11,Good
6421,8024,25000,2024-12-13,12,30,20762.244091188193,367,Employed,1,2024-12,Bad
6422,9063,5000,2024-12-17,36,32,43335.73613936259,628,Employed,1,2024-12,Bad
6423,8377,5000,2024-04-26,36,35,76987.76407353258,388,Employed,1,2024-04,Good
6424,9882,15000,2024-06-27,12,36,52811.386089835185,348,Employed,0,2024-06,Bad
6425,1213,5000,2024-03-31,36,21,66803.83092054403,416,Employed,0,2024-03,Bad
6426,6225,15000,2024-05-29,36,45,78050.51587776917,790,Employed,0,2024-05,Bad
6427,8690,25000,2024-11-30,12,35,37804.06130715951,780,Employed,0,2024-11,Good
6428,1566,25000,2024-06-19,12,26,53468.32373754232,806,Self-Employed,0,2024-06,Bad
6429,9855,15000,2024-10-20,12,42,75752.2289042938,413,Self-Employed,0,2024-10,Bad
6430,8410,15000,2024-07-10,12,56,87917.66181472546,820,Contractor,0,2024-07,Good
6431,4621,25000,2024-02-06,24,18,69389.35212314555,611,Employed,0,2024-02,Good
6432,9554,10000,2024-04-09,24,22,118303.66150359254,384,Employed,0,2024-04,Good
6433,6613,5000,2024-10-20,24,37,96564.43517410375,459,Employed,0,2024-10,Bad
6434,7540,5000,2024-11-22,12,20,26481.054792115938,462,Employed,0,2024-11,Good
6435,1506,5000,2024-01-31,24,51,29444.25876234482,602,Employed,1,2024-01,Bad
6436,6323,5000,2024-10-26,12,64,99139.00926080444,413,Self-Employed,0,2024-10,Bad
6437,8989,25000,2024-04-03,24,37,41807.14269289079,625,Employed,1,2024-04,Good
6438,4957,5000,2024-09-26,36,47,40029.47826664876,611,Employed,0,2024-09,Bad
6439,6766,25000,2024-04-07,12,36,63378.213973665974,360,Employed,1,2024-04,Good
6440,2252,15000,2024-02-21,24,64,67482.84537378374,516,Employed,0,2024-02,Good
6441,6671,25000,2024-12-08,24,64,94400.27462994267,338,Contractor,1,2024-12,Bad
6442,7090,15000,2024-10-24,12,63,28749.59109581168,614,Employed,0,2024-10,Bad
6443,4962,15000,2024-12-15,36,32,33716.09544401783,621,Employed,0,2024-12,Bad
6444,9225,10000,2024-01-07,24,54,110476.92975489513,836,Self-Employed,0,2024-01,Bad
6445,3185,10000,2024-09-02,12,67,94110.29351338177,661,Employed,0,2024-09,Bad
6446,5749,10000,2024-01-18,24,59,95373.60267137423,418,Self-Employed,0,2024-01,Bad
6447,8532,10000,2024-07-03,36,55,89860.36050225596,849,Self-Employed,0,2024-07,Good
6448,4926,5000,2024-08-17,12,66,89412.66472657911,358,Employed,1,2024-08,Good
6449,489,10000,2024-07-20,24,26,33943.83666126927,681,Self-Employed,0,2024-07,Good
6450,9538,5000,2024-02-13,24,59,33168.613704828516,739,Employed,1,2024-02,Good
6451,8983,5000,2024-04-07,12,45,81856.20771061914,475,Employed,1,2024-04,Good
6452,7266,5000,2024-03-03,36,19,85367.11093235173,788,Employed,1,2024-03,Bad
6453,5372,15000,2024-06-08,24,36,45789.112077412676,318,Employed,1,2024-06,Bad
6454,1187,15000,2024-12-16,36,68,86679.68532069348,365,Employed,1,2024-12,Bad
6455,5278,5000,2024-05-22,12,20,95302.2679830684,304,Employed,1,2024-05,Bad
6456,6723,10000,2024-01-02,24,37,51393.13917688654,546,Employed,1,2024-01,Bad
6457,4408,5000,2024-05-30,24,57,87292.51452673938,766,Employed,0,2024-05,Bad
6458,6434,15000,2024-01-23,36,23,43338.80575119004,393,Employed,0,2024-01,Bad
6459,7942,10000,2024-08-14,36,35,81056.95641677579,486,Employed,0,2024-08,Good
6460,3270,15000,2024-12-12,36,41,51392.5963421427,767,Employed,0,2024-12,Bad
6461,1707,10000,2024-10-08,12,18,42999.7004577309,311,Employed,1,2024-10,Bad
6462,3600,15000,2024-08-28,36,31,64187.974103947636,826,Employed,0,2024-08,Good
6463,703,5000,2024-05-20,24,42,94187.74557466115,836,Self-Employed,0,2024-05,Bad
6464,5657,25000,2024-06-16,12,63,20000.0,535,Employed,0,2024-06,Bad
6465,1274,25000,2024-04-25,12,21,76212.136354911,849,Employed,0,2024-04,Good
6466,539,15000,2024-01-10,12,69,65847.56809205844,786,Employed,0,2024-01,Bad
6467,4213,10000,2024-06-15,24,40,95411.184681927,570,Employed,0,2024-06,Bad
6468,2940,15000,2024-03-30,36,65,86333.72443350367,818,Employed,0,2024-03,Bad
6469,486,25000,2024-12-03,12,54,57409.348177549975,821,Self-Employed,1,2024-12,Bad
6470,1387,10000,2024-12-20,12,46,89179.45306097374,774,Self-Employed,0,2024-12,Bad
6471,1050,15000,2024-04-20,24,23,45098.39655698415,368,Employed,0,2024-04,Good
6472,784,25000,2024-06-28,24,26,29093.653376797054,469,Self-Employed,0,2024-06,Bad
6473,2925,15000,2024-07-02,36,36,75699.06566381587,416,Contractor,0,2024-07,Good
6474,8812,5000,2024-09-20,36,44,51266.247719966734,737,Employed,0,2024-09,Bad
6475,8178,10000,2024-06-29,36,35,75433.232541511,778,Employed,1,2024-06,Bad
6476,7770,10000,2024-01-13,24,67,30844.710227444346,327,Employed,1,2024-01,Bad
6477,5613,5000,2024-06-22,12,66,47356.110944320055,310,Employed,1,2024-06,Bad
6478,8062,25000,2024-03-26,12,65,96881.1753230493,531,Self-Employed,0,2024-03,Bad
6479,7290,15000,2024-02-05,24,36,74271.29731777492,710,Self-Employed,0,2024-02,Good
6480,3533,25000,2024-06-19,36,31,50544.697544506154,395,Employed,0,2024-06,Bad
6481,8025,10000,2024-04-03,12,40,63392.23874701885,437,Employed,0,2024-04,Good
6482,4525,25000,2024-03-03,12,36,35051.05094148345,600,Employed,0,2024-03,Bad
6483,1805,10000,2024-12-30,24,25,52102.3671716915,555,Employed,0,2024-12,Bad
6484,6396,10000,2024-03-08,36,53,65284.24771996235,752,Employed,0,2024-03,Bad
6485,9291,5000,2024-05-20,12,26,95376.64013979096,632,Employed,0,2024-05,Bad
6486,8304,5000,2024-05-13,36,23,126023.09913641337,423,Self-Employed,1,2024-05,Bad
6487,7831,10000,2024-05-25,24,69,61888.584257139446,751,Self-Employed,0,2024-05,Bad
6488,970,15000,2024-09-20,24,43,53244.91653036722,312,Employed,1,2024-09,Bad
6489,1634,15000,2024-06-17,36,24,47407.24001671417,709,Employed,1,2024-06,Bad
6490,8552,5000,2024-11-12,12,38,75152.12774686073,677,Employed,0,2024-11,Good
6491,4863,15000,2024-07-31,12,35,79311.7852944934,336,Contractor,1,2024-07,Good
6492,919,5000,2024-02-25,12,28,72380.81437601507,580,Self-Employed,0,2024-02,Good
6493,168,10000,2024-05-01,36,62,60333.02594216388,593,Employed,0,2024-05,Bad
6494,3322,10000,2024-12-17,36,39,44962.90195422483,363,Self-Employed,0,2024-12,Bad
6495,6190,10000,2024-08-21,12,32,24529.43570033899,550,Employed,1,2024-08,Good
6496,5138,5000,2024-12-26,24,36,109863.12120980531,510,Employed,0,2024-12,Bad
6497,4975,15000,2024-06-08,24,18,43556.67058487452,668,Employed,1,2024-06,Bad
6498,8950,10000,2024-05-02,12,43,71861.50444034603,715,Self-Employed,0,2024-05,Bad
6499,4784,25000,2024-01-22,36,56,96856.80646835925,409,Employed,1,2024-01,Bad
6500,4494,15000,2024-08-05,12,20,39356.91512563481,771,Employed,0,2024-08,Good
6501,1974,15000,2024-02-10,24,18,107338.6783353418,502,Employed,0,2024-02,Good
6502,98,5000,2024-12-30,24,58,20000.0,537,Employed,0,2024-12,Bad
6503,3077,5000,2024-02-14,24,44,67282.86821528374,338,Employed,0,2024-02,Good
6504,2207,15000,2024-09-17,12,64,66326.48282331547,567,Self-Employed,0,2024-09,Bad
6505,8131,15000,2024-01-12,12,27,33701.943488163684,664,Self-Employed,0,2024-01,Bad
6506,87,10000,2024-08-20,24,40,57638.60606029915,524,Employed,1,2024-08,Good
6507,9959,10000,2024-08-20,24,34,64235.17339423111,817,Employed,0,2024-08,Good
6508,6316,25000,2024-10-14,24,35,109432.36920076134,707,Employed,0,2024-10,Bad
6509,3648,10000,2024-09-30,24,64,53856.06350507878,324,Employed,0,2024-09,Bad
6510,3678,15000,2024-07-20,36,58,94075.0242426326,304,Employed,1,2024-07,Good
6511,8874,5000,2024-11-15,12,33,43973.789240042635,320,Employed,1,2024-11,Good
6512,7646,25000,2024-03-27,36,35,98330.2640345011,479,Employed,1,2024-03,Bad
6513,8327,15000,2024-06-29,24,33,68549.73626438982,571,Employed,0,2024-06,Bad
6514,6213,25000,2024-06-18,24,49,50068.026603843806,840,Employed,0,2024-06,Bad
6515,6961,25000,2024-08-16,36,48,84198.44158791343,545,Contractor,0,2024-08,Good
6516,3790,25000,2024-03-22,36,58,104240.71467348732,310,Contractor,1,2024-03,Bad
6517,8927,10000,2024-12-15,36,58,104641.97932751897,387,Employed,1,2024-12,Bad
6518,1134,10000,2024-07-29,24,22,43467.2605075723,765,Employed,0,2024-07,Good
6519,3099,5000,2024-06-14,12,23,41776.83793848174,728,Contractor,0,2024-06,Bad
6520,3472,15000,2024-01-28,12,26,84261.58989218067,742,Contractor,0,2024-01,Bad
6521,5440,25000,2024-01-22,36,27,79977.10463237055,346,Employed,1,2024-01,Bad
6522,3266,10000,2024-10-28,36,35,106616.04554915687,567,Employed,0,2024-10,Bad
6523,1969,5000,2024-10-20,36,37,36989.552026590274,619,Self-Employed,0,2024-10,Bad
6524,7514,10000,2024-02-01,24,20,61016.785562266225,626,Contractor,0,2024-02,Good
6525,3145,5000,2024-11-06,36,62,36451.45452096721,306,Employed,1,2024-11,Good
6526,7092,15000,2024-12-10,24,31,44695.76320684175,330,Employed,1,2024-12,Bad
6527,1225,25000,2024-05-16,12,62,123445.6936347075,712,Employed,0,2024-05,Bad
6528,7813,5000,2024-10-19,24,20,47915.474086996765,487,Employed,1,2024-10,Bad
6529,1188,25000,2024-03-05,36,56,52566.14071464767,690,Self-Employed,0,2024-03,Bad
6530,7,15000,2024-12-14,24,38,70687.39689330134,575,Employed,0,2024-12,Bad
6531,2109,15000,2024-03-19,24,21,79701.91687919579,642,Employed,0,2024-03,Bad
6532,5021,10000,2024-11-11,24,42,37066.824776719135,385,Employed,1,2024-11,Good
6533,9630,15000,2024-09-11,24,22,57942.19895187676,638,Self-Employed,0,2024-09,Bad
6534,936,25000,2024-12-06,24,46,69403.76129719231,674,Self-Employed,0,2024-12,Bad
6535,7199,10000,2024-03-03,24,38,96472.15514357053,840,Contractor,0,2024-03,Bad
6536,8752,25000,2024-03-16,12,68,64381.61447993997,779,Employed,0,2024-03,Bad
6537,5638,10000,2024-10-08,12,62,117933.10360927384,631,Employed,0,2024-10,Bad
6538,8638,25000,2024-10-27,12,59,50765.9701977283,516,Employed,0,2024-10,Bad
6539,1309,15000,2024-12-16,36,43,92074.9984629217,377,Self-Employed,1,2024-12,Bad
6540,1417,5000,2024-02-04,12,51,56330.710580832194,846,Employed,0,2024-02,Good
6541,5046,15000,2024-03-18,36,64,59135.52425952031,303,Employed,1,2024-03,Bad
6542,1906,25000,2024-09-19,12,44,36696.27148209984,395,Employed,1,2024-09,Bad
6543,8522,15000,2024-02-22,24,38,45702.740620351135,746,Employed,0,2024-02,Good
6544,7301,5000,2024-10-23,24,51,62386.21528578684,488,Employed,0,2024-10,Bad
6545,7783,25000,2024-01-04,12,35,55834.15303327667,499,Self-Employed,1,2024-01,Bad
6546,6103,25000,2024-01-02,12,57,88605.37100629536,358,Self-Employed,1,2024-01,Bad
6547,3398,10000,2024-10-17,36,63,93390.5146372869,492,Employed,1,2024-10,Bad
6548,3679,10000,2024-12-26,36,18,54969.76983638306,656,Employed,0,2024-12,Bad
6549,9746,15000,2024-05-20,36,52,93375.9214275435,579,Self-Employed,0,2024-05,Bad
6550,6031,5000,2024-04-24,24,64,29091.188574020984,815,Employed,0,2024-04,Good
6551,3003,5000,2024-04-24,12,58,68539.89466849707,404,Employed,0,2024-04,Good
6552,6623,5000,2024-09-19,36,31,111571.72803500443,836,Employed,0,2024-09,Bad
6553,2566,5000,2024-05-03,12,66,52901.66387621917,377,Employed,1,2024-05,Bad
6554,2584,25000,2024-09-06,12,53,43485.86490465283,740,Employed,1,2024-09,Bad
6555,5852,15000,2024-10-21,12,40,51544.07174813027,408,Employed,1,2024-10,Bad
6556,7498,25000,2024-03-31,24,61,84318.20944798483,582,Employed,0,2024-03,Bad
6557,1815,15000,2024-02-18,24,22,89926.48391134103,335,Employed,0,2024-02,Good
6558,3919,10000,2024-09-29,36,59,44602.261621286176,816,Self-Employed,0,2024-09,Bad
6559,6512,5000,2024-06-01,12,60,20000.0,701,Employed,1,2024-06,Bad
6560,3214,15000,2024-08-09,36,56,130916.72854863972,379,Employed,1,2024-08,Good
6561,3888,25000,2024-05-21,12,22,84495.71601887624,345,Employed,1,2024-05,Bad
6562,7758,25000,2024-08-08,12,51,56036.436810934756,485,Employed,0,2024-08,Good
6563,1223,25000,2024-09-17,12,64,42616.14065852,378,Employed,0,2024-09,Bad
6564,5747,25000,2024-07-17,24,34,88272.18456979594,580,Contractor,0,2024-07,Good
6565,3108,15000,2024-03-23,24,52,79514.19217589038,386,Employed,1,2024-03,Bad
6566,2514,5000,2024-07-31,12,41,20000.0,555,Employed,1,2024-07,Good
6567,4853,25000,2024-11-02,36,68,98940.49082625349,369,Employed,0,2024-11,Good
6568,4977,5000,2024-07-31,36,43,78893.55445107231,759,Contractor,0,2024-07,Good
6569,4984,10000,2024-09-29,24,38,64255.837791589955,639,Self-Employed,0,2024-09,Bad
6570,4139,5000,2024-05-05,12,33,69715.7770391995,625,Contractor,0,2024-05,Bad
6571,1321,10000,2024-03-01,24,51,122297.78167046714,702,Self-Employed,0,2024-03,Bad
6572,2367,10000,2024-12-12,36,63,20000.0,638,Employed,0,2024-12,Bad
6573,4314,5000,2024-01-31,36,25,26756.27612489771,834,Employed,0,2024-01,Bad
6574,2536,5000,2024-01-15,24,66,42209.56744615243,676,Contractor,1,2024-01,Bad
6575,6290,15000,2024-12-25,12,34,73359.36867183246,596,Employed,0,2024-12,Bad
6576,2376,25000,2024-02-09,24,40,81222.04814759598,749,Self-Employed,0,2024-02,Good
6577,2614,5000,2024-11-16,24,55,52493.47458533311,536,Contractor,0,2024-11,Good
6578,4386,5000,2024-10-02,24,69,20000.0,493,Self-Employed,0,2024-10,Bad
6579,9855,10000,2024-08-20,12,42,75752.2289042938,413,Self-Employed,0,2024-08,Good
6580,225,5000,2024-11-16,12,54,39250.693130576605,338,Employed,1,2024-11,Good
6581,7397,25000,2024-10-14,36,56,71832.78123962911,445,Employed,0,2024-10,Bad
6582,2801,15000,2024-08-27,12,56,59622.15499573775,752,Self-Employed,0,2024-08,Good
6583,1281,25000,2024-05-29,12,48,33720.02158415805,449,Employed,1,2024-05,Bad
6584,522,25000,2024-03-02,12,22,67277.34015639783,764,Employed,0,2024-03,Bad
6585,1619,15000,2024-08-08,24,62,95681.84555203156,300,Employed,1,2024-08,Good
6586,7807,5000,2024-09-07,36,33,94306.87399020171,624,Employed,0,2024-09,Bad
6587,1602,5000,2024-01-11,36,36,56685.51550375312,714,Employed,1,2024-01,Bad
6588,2307,10000,2024-02-07,24,25,57921.20287800311,784,Employed,0,2024-02,Good
6589,7823,5000,2024-03-05,36,49,77766.90344647018,640,Employed,1,2024-03,Bad
6590,9408,10000,2024-07-09,24,43,96962.1301862918,802,Contractor,0,2024-07,Good
6591,943,5000,2024-02-07,24,35,50077.630381700714,829,Employed,0,2024-02,Good
6592,3932,10000,2024-09-11,12,30,82140.48435546207,485,Employed,0,2024-09,Bad
6593,9346,15000,2024-09-25,12,49,59153.00991716579,358,Self-Employed,1,2024-09,Bad
6594,3750,5000,2024-08-31,12,62,57786.67748295509,593,Contractor,1,2024-08,Good
6595,8453,5000,2024-10-06,36,21,90082.83282037254,372,Employed,1,2024-10,Bad
6596,8582,25000,2024-10-18,12,62,37320.41825295599,494,Employed,0,2024-10,Bad
6597,4741,10000,2024-05-27,36,39,69554.26569280254,507,Employed,1,2024-05,Bad
6598,408,10000,2024-02-12,12,39,87760.46249213925,456,Contractor,1,2024-02,Good
6599,2044,25000,2024-04-18,12,39,31961.105337223722,387,Employed,1,2024-04,Good
6600,5273,5000,2024-04-08,36,18,66926.96528453733,562,Employed,0,2024-04,Good
6601,8759,10000,2024-02-12,36,54,57664.214942167186,724,Employed,0,2024-02,Good
6602,5758,5000,2024-12-05,12,37,64300.76463782544,341,Employed,1,2024-12,Bad
6603,1980,15000,2024-04-13,24,42,111159.8980149812,326,Employed,1,2024-04,Good
6604,6165,10000,2024-07-11,36,48,101385.0334431548,840,Employed,0,2024-07,Good
6605,3839,5000,2024-04-24,36,35,57262.25285181927,520,Employed,1,2024-04,Good
6606,7141,15000,2024-02-15,12,27,78664.74314221597,649,Employed,1,2024-02,Good
6607,2316,5000,2024-03-02,12,64,62391.03876404784,821,Self-Employed,0,2024-03,Bad
6608,8293,5000,2024-04-23,36,32,81358.89226490544,818,Employed,0,2024-04,Good
6609,4757,15000,2024-07-16,12,39,49722.87343808206,540,Employed,1,2024-07,Good
6610,6797,10000,2024-09-08,24,36,37396.363583402024,701,Employed,0,2024-09,Bad
6611,33,25000,2024-04-14,36,59,33202.02497218193,478,Employed,1,2024-04,Good
6612,4332,25000,2024-01-29,24,66,78322.293005676,830,Employed,0,2024-01,Bad
6613,6891,15000,2024-06-17,36,50,79476.53931736677,500,Employed,0,2024-06,Bad
6614,8524,5000,2024-01-15,24,38,67626.89928020738,694,Self-Employed,0,2024-01,Bad
6615,3517,25000,2024-05-01,12,23,81908.92619187271,639,Contractor,0,2024-05,Bad
6616,4582,15000,2024-12-22,12,46,71473.26070564224,586,Employed,0,2024-12,Bad
6617,4216,25000,2024-01-19,36,25,34261.843719565346,448,Self-Employed,1,2024-01,Bad
6618,158,5000,2024-12-02,36,49,74579.20474397251,562,Self-Employed,0,2024-12,Bad
6619,4946,15000,2024-04-05,24,55,49981.301734035806,540,Contractor,0,2024-04,Good
6620,3629,10000,2024-10-10,12,61,65076.50291846432,427,Contractor,0,2024-10,Bad
6621,3783,15000,2024-07-04,12,57,56878.551837536346,641,Employed,0,2024-07,Good
6622,3822,15000,2024-02-22,24,52,80954.67497121434,749,Self-Employed,0,2024-02,Good
6623,2689,25000,2024-10-24,36,52,37856.307230461265,329,Employed,1,2024-10,Bad
6624,8885,25000,2024-11-24,24,63,45828.26187205221,536,Employed,0,2024-11,Good
6625,9244,10000,2024-03-31,24,46,58585.12910526191,531,Self-Employed,1,2024-03,Bad
6626,5045,25000,2024-01-19,24,69,44140.659692621964,782,Employed,0,2024-01,Bad
6627,7847,25000,2024-03-17,24,59,66239.79569153965,759,Self-Employed,0,2024-03,Bad
6628,5386,25000,2024-05-09,36,38,61882.04604408785,305,Employed,1,2024-05,Bad
6629,2099,5000,2024-05-25,24,25,32113.96732375386,513,Employed,1,2024-05,Bad
6630,2157,15000,2024-09-01,12,41,20000.0,684,Employed,0,2024-09,Bad
6631,5455,25000,2024-06-29,36,25,44457.97934237444,595,Employed,1,2024-06,Bad
6632,8326,5000,2024-05-15,24,57,65714.14406943966,791,Contractor,0,2024-05,Bad
6633,3751,15000,2024-07-30,24,29,102885.34538370522,572,Employed,1,2024-07,Good
6634,2128,10000,2024-05-16,12,53,101091.75797915595,352,Self-Employed,0,2024-05,Bad
6635,2386,15000,2024-07-23,24,18,66960.98115209176,552,Employed,0,2024-07,Good
6636,5601,5000,2024-05-28,12,57,31558.1453478079,749,Employed,1,2024-05,Bad
6637,7032,5000,2024-12-13,12,64,47059.02155973649,592,Contractor,0,2024-12,Bad
6638,7457,10000,2024-02-13,24,63,77230.85033875088,764,Employed,0,2024-02,Good
6639,7763,5000,2024-02-29,36,31,72734.7610614955,682,Employed,1,2024-02,Good
6640,4198,10000,2024-11-22,36,51,22906.685809648785,578,Contractor,0,2024-11,Good
6641,4427,10000,2024-09-05,24,37,70504.73285512831,811,Employed,0,2024-09,Bad
6642,2279,5000,2024-05-05,24,66,71805.9181331847,645,Contractor,0,2024-05,Bad
6643,1475,5000,2024-02-14,36,49,118645.62312691222,382,Employed,1,2024-02,Good
6644,5990,25000,2024-01-02,24,29,72047.95051877626,555,Self-Employed,1,2024-01,Bad
6645,7489,25000,2024-06-10,24,62,72370.76723024236,493,Employed,0,2024-06,Bad
6646,9241,10000,2024-07-15,12,56,87527.7945265543,737,Employed,0,2024-07,Good
6647,416,5000,2024-07-12,36,57,83970.61040409023,727,Employed,0,2024-07,Good
6648,5508,25000,2024-11-13,12,65,79476.90752188758,388,Employed,1,2024-11,Good
6649,2167,25000,2024-02-16,36,68,33211.2869776929,332,Employed,1,2024-02,Good
6650,5783,25000,2024-08-13,12,66,81940.9275481222,526,Employed,0,2024-08,Good
6651,2379,25000,2024-01-02,36,28,114590.84131090049,691,Self-Employed,0,2024-01,Bad
6652,8854,10000,2024-07-30,36,28,85558.55746718879,330,Employed,0,2024-07,Good
6653,7294,15000,2024-08-02,12,33,56755.043573854,716,Employed,0,2024-08,Good
6654,289,5000,2024-10-19,24,24,72747.36948451586,769,Employed,0,2024-10,Bad
6655,2601,5000,2024-03-20,36,25,51030.104527876065,376,Contractor,0,2024-03,Bad
6656,1726,25000,2024-04-28,24,41,69695.00845106305,445,Employed,1,2024-04,Good
6657,6054,10000,2024-03-26,24,38,38241.986283704064,640,Employed,0,2024-03,Bad
6658,8767,15000,2024-11-14,12,68,32047.699105112355,807,Contractor,0,2024-11,Good
6659,717,15000,2024-02-25,24,20,67834.85979916723,849,Contractor,0,2024-02,Good
6660,3413,5000,2024-03-03,24,60,87059.9272447495,842,Employed,0,2024-03,Bad
6661,5324,10000,2024-01-08,36,45,94915.67802068105,318,Employed,1,2024-01,Bad
6662,2394,10000,2024-07-01,36,50,47402.091864611386,644,Employed,1,2024-07,Good
6663,4081,5000,2024-08-22,36,47,71419.58143311807,706,Employed,0,2024-08,Good
6664,1013,15000,2024-03-30,24,61,76274.06586941192,483,Employed,1,2024-03,Bad
6665,6249,10000,2024-04-13,36,56,25592.275080718857,562,Employed,0,2024-04,Good
6666,2361,25000,2024-10-05,36,48,43654.42281239058,816,Self-Employed,0,2024-10,Bad
6667,1947,10000,2024-12-06,36,32,60678.858129647226,698,Contractor,1,2024-12,Bad
6668,3513,5000,2024-09-06,12,57,44065.480257938325,821,Employed,0,2024-09,Bad
6669,8119,5000,2024-05-07,24,27,65293.409243048394,678,Employed,0,2024-05,Bad
6670,5600,25000,2024-12-25,12,29,58853.792063900415,697,Employed,1,2024-12,Bad
6671,1352,15000,2024-06-28,12,66,20000.0,492,Employed,0,2024-06,Bad
6672,3076,15000,2024-04-02,12,56,118978.02886508229,652,Employed,0,2024-04,Good
6673,3905,25000,2024-06-30,36,28,80734.0158357223,525,Contractor,1,2024-06,Bad
6674,7861,10000,2024-07-30,12,67,94831.05687853579,719,Employed,0,2024-07,Good
6675,528,5000,2024-07-22,24,38,92963.74860638315,659,Employed,0,2024-07,Good
6676,5648,25000,2024-02-06,12,54,65770.17837494875,481,Employed,0,2024-02,Good
6677,5161,5000,2024-08-05,12,66,58519.454674897686,427,Employed,1,2024-08,Good
6678,9474,5000,2024-05-25,24,50,111446.25378226662,786,Employed,1,2024-05,Bad
6679,5486,25000,2024-02-28,36,29,78455.29013730644,520,Employed,0,2024-02,Good
6680,3280,15000,2024-05-08,12,38,86945.65078097815,403,Employed,1,2024-05,Bad
6681,7411,15000,2024-05-20,24,33,93160.84291865076,393,Self-Employed,0,2024-05,Bad
6682,6733,25000,2024-02-02,12,23,55822.145748192226,381,Contractor,1,2024-02,Good
6683,4017,25000,2024-01-22,12,61,38562.13324266421,608,Employed,0,2024-01,Bad
6684,3937,10000,2024-07-23,36,49,77114.78447098187,435,Self-Employed,0,2024-07,Good
6685,1045,25000,2024-03-12,24,54,81809.73344028456,359,Employed,1,2024-03,Bad
6686,3440,5000,2024-06-29,12,30,31901.22289451093,593,Employed,1,2024-06,Bad
6687,313,15000,2024-07-06,12,69,20000.0,401,Employed,1,2024-07,Good
6688,8508,5000,2024-02-19,24,56,49238.870230170505,525,Self-Employed,1,2024-02,Good
6689,1891,15000,2024-11-17,12,58,20000.0,832,Contractor,0,2024-11,Good
6690,4222,5000,2024-03-23,36,45,99453.56701244033,531,Employed,0,2024-03,Bad
6691,6979,25000,2024-01-24,24,19,75534.0063576677,348,Self-Employed,1,2024-01,Bad
6692,8688,25000,2024-03-09,36,24,20000.0,762,Employed,1,2024-03,Bad
6693,9173,10000,2024-01-08,24,21,63052.29884171704,802,Employed,0,2024-01,Bad
6694,4840,15000,2024-09-05,12,36,70943.29319764965,482,Employed,1,2024-09,Bad
6695,4796,25000,2024-04-08,24,34,104736.03208904246,463,Employed,1,2024-04,Good
6696,2029,15000,2024-11-17,24,47,20000.0,750,Employed,0,2024-11,Good
6697,2908,25000,2024-07-16,24,18,93194.70067779114,455,Employed,0,2024-07,Good
6698,3144,10000,2024-11-10,12,41,61575.26055765144,429,Employed,0,2024-11,Good
6699,8920,25000,2024-07-26,12,55,21606.65157630932,721,Self-Employed,0,2024-07,Good
6700,5391,25000,2024-10-29,36,39,114218.93273584897,758,Employed,0,2024-10,Bad
6701,7575,10000,2024-07-10,36,46,86868.49053950643,317,Employed,1,2024-07,Good
6702,9660,5000,2024-01-26,12,22,99025.93402332018,520,Employed,0,2024-01,Bad
6703,9307,15000,2024-05-27,12,46,20000.0,799,Employed,0,2024-05,Bad
6704,1678,5000,2024-12-14,24,59,100050.23314797806,316,Employed,0,2024-12,Bad
6705,2044,5000,2024-01-04,12,39,31961.105337223722,387,Employed,0,2024-01,Bad
6706,7682,5000,2024-03-05,36,29,62914.73163133596,591,Self-Employed,1,2024-03,Bad
6707,3115,15000,2024-08-04,12,38,73174.86283175244,640,Employed,0,2024-08,Good
6708,4167,10000,2024-10-17,36,48,60166.47625800943,738,Employed,0,2024-10,Bad
6709,4854,25000,2024-04-26,12,54,61410.46028219664,588,Employed,1,2024-04,Good
6710,8096,25000,2024-03-25,12,27,36270.509944580495,603,Employed,0,2024-03,Bad
6711,8299,5000,2024-11-03,24,52,71131.92330544018,624,Employed,0,2024-11,Good
6712,6600,15000,2024-10-05,36,68,73408.07423303202,419,Employed,1,2024-10,Bad
6713,2342,5000,2024-10-02,12,48,142942.0282302012,401,Employed,0,2024-10,Bad
6714,6320,10000,2024-12-11,24,40,28704.131370789124,590,Employed,1,2024-12,Bad
6715,9323,25000,2024-10-09,24,59,99353.39560375272,680,Employed,0,2024-10,Bad
6716,1110,25000,2024-06-17,36,67,72659.73705183536,725,Employed,0,2024-06,Bad
6717,1251,25000,2024-01-26,24,57,111715.08047907506,693,Contractor,0,2024-01,Bad
6718,6473,25000,2024-12-29,36,37,83360.64632024168,709,Employed,0,2024-12,Bad
6719,7409,10000,2024-02-09,36,36,53456.37396634682,753,Employed,1,2024-02,Good
6720,3074,15000,2024-07-26,36,38,117485.18801256274,453,Self-Employed,0,2024-07,Good
6721,5371,15000,2024-12-28,24,54,78200.90011369911,584,Self-Employed,0,2024-12,Bad
6722,5546,10000,2024-03-24,24,45,52450.20099546989,688,Employed,0,2024-03,Bad
6723,8273,25000,2024-08-25,36,43,22538.735789993727,616,Employed,0,2024-08,Good
6724,916,15000,2024-12-09,24,60,58545.62154921414,680,Self-Employed,0,2024-12,Bad
6725,262,10000,2024-07-12,24,20,54813.49731770996,440,Employed,1,2024-07,Good
6726,5515,5000,2024-11-24,36,67,53243.60709334107,768,Employed,0,2024-11,Good
6727,3320,10000,2024-12-03,36,22,95920.81165318166,408,Employed,1,2024-12,Bad
6728,8151,25000,2024-12-27,24,41,69158.4716487664,610,Contractor,1,2024-12,Bad
6729,3041,25000,2024-12-15,36,39,33585.86660136412,586,Employed,0,2024-12,Bad
6730,4904,25000,2024-09-15,36,46,70098.59643789988,773,Employed,1,2024-09,Bad
6731,2663,5000,2024-07-10,12,33,91454.25234560254,795,Employed,0,2024-07,Good
6732,6959,15000,2024-10-11,36,54,79954.30375836986,602,Employed,0,2024-10,Bad
6733,6242,25000,2024-06-30,12,56,72856.68554502958,409,Employed,0,2024-06,Bad
6734,5265,5000,2024-01-07,24,30,35767.118372838275,426,Employed,1,2024-01,Bad
6735,6938,10000,2024-06-01,24,28,81557.6724161992,391,Employed,1,2024-06,Bad
6736,1973,15000,2024-10-25,12,20,65558.4809829652,661,Employed,0,2024-10,Bad
6737,2175,15000,2024-09-18,12,51,58240.83258097075,569,Employed,0,2024-09,Bad
6738,1328,10000,2024-03-19,12,42,48506.28396865085,399,Employed,0,2024-03,Bad
6739,4891,15000,2024-02-09,12,56,29380.858656962766,316,Employed,1,2024-02,Good
6740,6723,10000,2024-07-07,12,37,51393.13917688654,546,Employed,1,2024-07,Good
6741,7315,5000,2024-10-03,12,60,48538.1601184686,307,Employed,1,2024-10,Bad
6742,9032,25000,2024-09-06,12,64,20000.0,435,Employed,1,2024-09,Bad
6743,7249,5000,2024-11-09,24,37,113992.09954889707,515,Self-Employed,0,2024-11,Good
6744,6727,25000,2024-04-18,12,64,32962.725678279385,519,Employed,0,2024-04,Good
6745,548,15000,2024-04-05,12,33,20650.75959719676,363,Employed,0,2024-04,Good
6746,5730,10000,2024-02-01,24,40,93055.08333233422,681,Employed,0,2024-02,Good
6747,5553,10000,2024-09-24,24,21,71275.08857875367,808,Employed,0,2024-09,Bad
6748,3877,5000,2024-08-23,12,35,69083.36701693846,503,Employed,1,2024-08,Good
6749,5882,5000,2024-01-20,12,65,105022.69979722289,796,Employed,0,2024-01,Bad
6750,9518,15000,2024-07-23,36,24,71152.94265941459,787,Employed,0,2024-07,Good
6751,3792,10000,2024-08-25,12,19,94840.2938793147,488,Employed,0,2024-08,Good
6752,2872,25000,2024-01-21,36,34,46878.47290499869,442,Employed,1,2024-01,Bad
6753,7543,15000,2024-10-27,36,58,56984.38809232971,473,Employed,1,2024-10,Bad
6754,575,15000,2024-08-04,24,30,49283.64237313574,486,Employed,0,2024-08,Good
6755,1102,15000,2024-04-30,36,54,74822.8377637054,661,Employed,0,2024-04,Good
6756,8222,10000,2024-10-22,12,27,29338.40221440637,735,Employed,1,2024-10,Bad
6757,1376,5000,2024-12-15,36,67,31369.758229784937,590,Employed,1,2024-12,Bad
6758,5235,10000,2024-12-16,24,26,76114.79987682823,540,Employed,0,2024-12,Bad
6759,3949,25000,2024-09-18,36,40,55429.56297533125,440,Employed,0,2024-09,Bad
6760,6875,10000,2024-09-11,36,42,67375.69713180183,373,Contractor,1,2024-09,Bad
6761,3805,25000,2024-01-11,36,56,36971.649681051946,425,Employed,1,2024-01,Bad
6762,4465,25000,2024-03-04,36,67,73271.67571015879,568,Contractor,0,2024-03,Bad
6763,5846,25000,2024-05-01,36,34,28049.943617395395,799,Employed,0,2024-05,Bad
6764,3732,10000,2024-07-05,36,56,60829.63148254017,472,Employed,0,2024-07,Good
6765,7526,25000,2024-07-18,36,40,44178.41812113662,580,Employed,1,2024-07,Good
6766,4398,25000,2024-02-24,24,49,57323.791476872466,470,Employed,1,2024-02,Good
6767,7888,15000,2024-10-21,12,41,67880.99667430046,444,Contractor,0,2024-10,Bad
6768,5791,15000,2024-02-24,24,21,43180.376161808934,623,Employed,0,2024-02,Good
6769,3751,10000,2024-11-27,36,29,102885.34538370522,572,Employed,0,2024-11,Good
6770,3135,15000,2024-05-10,36,47,46676.849047286625,308,Employed,1,2024-05,Bad
6771,1300,15000,2024-03-20,24,68,57363.88243895795,842,Employed,0,2024-03,Bad
6772,4607,5000,2024-05-07,36,44,52994.63914669001,510,Employed,1,2024-05,Bad
6773,887,10000,2024-08-06,24,35,70126.88348086574,456,Contractor,0,2024-08,Good
6774,9751,10000,2024-09-28,36,31,59787.33922615624,547,Self-Employed,0,2024-09,Bad
6775,2047,15000,2024-09-17,36,58,63318.063377161634,350,Employed,1,2024-09,Bad
6776,4891,10000,2024-09-07,12,56,29380.858656962766,316,Employed,0,2024-09,Bad
6777,7003,10000,2024-10-22,36,19,66013.07355792525,315,Self-Employed,0,2024-10,Bad
6778,6602,10000,2024-11-18,12,41,52995.760394819146,416,Employed,0,2024-11,Good
6779,5968,10000,2024-08-14,12,43,49228.41223291478,435,Employed,1,2024-08,Good
6780,5528,15000,2024-06-21,24,36,69841.54411291998,733,Self-Employed,0,2024-06,Bad
6781,7895,5000,2024-09-09,12,47,37870.65804160638,747,Employed,0,2024-09,Bad
6782,5897,15000,2024-01-24,24,69,74748.63998458591,559,Employed,1,2024-01,Bad
6783,3458,5000,2024-10-11,24,45,60718.59237937664,830,Employed,0,2024-10,Bad
6784,7558,10000,2024-05-05,12,46,81824.25515079794,301,Employed,1,2024-05,Bad
6785,3299,25000,2024-09-12,24,24,20000.0,694,Employed,0,2024-09,Bad
6786,7503,10000,2024-10-15,12,50,55123.327346819766,353,Employed,1,2024-10,Bad
6787,5277,10000,2024-06-27,36,42,77563.65616135455,488,Employed,0,2024-06,Bad
6788,1527,25000,2024-03-20,24,34,54056.56693989188,400,Employed,0,2024-03,Bad
6789,2151,10000,2024-04-06,12,24,77522.93322714644,548,Employed,0,2024-04,Good
6790,2157,10000,2024-07-20,12,41,20000.0,684,Employed,0,2024-07,Good
6791,2795,25000,2024-01-30,12,24,59636.55838705091,303,Self-Employed,1,2024-01,Bad
6792,4244,10000,2024-03-01,12,34,66610.18806079855,403,Self-Employed,0,2024-03,Bad
6793,6827,10000,2024-06-11,36,30,93159.83624305164,719,Self-Employed,0,2024-06,Bad
6794,3043,5000,2024-09-19,24,54,57046.03745955178,546,Contractor,1,2024-09,Bad
6795,6696,15000,2024-05-22,12,22,76713.0900704709,361,Employed,0,2024-05,Bad
6796,6893,10000,2024-12-17,24,61,97573.21054864528,351,Employed,0,2024-12,Bad
6797,4092,10000,2024-03-06,12,47,98216.16028861608,499,Self-Employed,0,2024-03,Bad
6798,3235,10000,2024-08-11,24,47,39645.89454682579,413,Employed,1,2024-08,Good
6799,436,5000,2024-08-07,12,63,59486.54427108657,834,Employed,0,2024-08,Good
6800,9650,10000,2024-12-06,12,40,65400.91657533696,306,Employed,1,2024-12,Bad
6801,2373,15000,2024-09-29,36,35,82979.21665888593,474,Employed,0,2024-09,Bad
6802,112,25000,2024-01-19,24,68,79169.29315460449,634,Employed,1,2024-01,Bad
6803,3035,5000,2024-09-26,12,32,58133.90626584257,687,Employed,0,2024-09,Bad
6804,5575,25000,2024-02-18,12,27,51701.71229269769,335,Employed,0,2024-02,Good
6805,5889,5000,2024-11-02,36,69,95936.61479333846,620,Contractor,1,2024-11,Good
6806,9289,10000,2024-02-03,36,62,32626.70286649349,414,Employed,1,2024-02,Good
6807,8175,5000,2024-08-27,36,56,55673.53330840211,488,Contractor,0,2024-08,Good
6808,5050,10000,2024-03-24,36,60,43849.00818430914,315,Contractor,1,2024-03,Bad
6809,7361,25000,2024-06-24,36,28,81227.33460968752,710,Employed,0,2024-06,Bad
6810,9489,25000,2024-11-18,24,19,46825.12935707358,465,Contractor,0,2024-11,Good
6811,958,15000,2024-11-09,12,43,50218.04976575736,502,Employed,1,2024-11,Good
6812,4832,15000,2024-11-29,24,22,56724.39164479799,579,Employed,0,2024-11,Good
6813,4969,5000,2024-05-28,36,23,49020.16165624605,423,Employed,1,2024-05,Bad
6814,8286,5000,2024-10-09,12,28,22316.426158760005,581,Employed,1,2024-10,Bad
6815,2767,10000,2024-06-05,24,49,40069.292814030596,428,Employed,1,2024-06,Bad
6816,6826,25000,2024-08-19,36,33,80559.47796182797,587,Self-Employed,0,2024-08,Good
6817,668,25000,2024-07-25,24,52,98201.42222467418,504,Employed,1,2024-07,Good
6818,7924,5000,2024-06-20,24,61,21122.449218220958,405,Employed,1,2024-06,Bad
6819,515,25000,2024-06-14,36,45,70990.68795597495,562,Self-Employed,1,2024-06,Bad
6820,9436,15000,2024-09-27,12,44,79645.3245888664,801,Self-Employed,0,2024-09,Bad
6821,4290,5000,2024-01-15,36,24,66114.2402722318,667,Self-Employed,0,2024-01,Bad
6822,812,15000,2024-02-01,36,28,38821.060782743385,793,Employed,0,2024-02,Good
6823,5708,10000,2024-02-09,24,21,55749.438354068894,613,Employed,0,2024-02,Good
6824,5850,15000,2024-03-16,12,44,73417.80738551528,636,Employed,0,2024-03,Bad
6825,6073,5000,2024-07-30,36,40,48236.420964582925,772,Employed,0,2024-07,Good
6826,1521,15000,2024-03-31,12,51,55858.072936737,527,Employed,0,2024-03,Bad
6827,5750,15000,2024-09-14,24,32,67644.25958810309,451,Employed,0,2024-09,Bad
6828,1479,5000,2024-08-20,36,34,87458.98920867464,818,Employed,0,2024-08,Good
6829,2002,10000,2024-01-22,12,61,60274.64255793815,395,Employed,0,2024-01,Bad
6830,5819,15000,2024-06-02,12,66,51044.24344005539,539,Employed,0,2024-06,Bad
6831,9224,5000,2024-05-15,24,69,121942.22315077326,311,Employed,0,2024-05,Bad
6832,2139,15000,2024-10-18,12,39,116217.70644247127,779,Contractor,0,2024-10,Bad
6833,3070,15000,2024-04-10,12,51,89446.80680527844,521,Employed,1,2024-04,Good
6834,351,25000,2024-03-21,12,39,38599.23000083331,377,Self-Employed,0,2024-03,Bad
6835,2306,15000,2024-04-30,36,59,118040.78268325509,391,Employed,1,2024-04,Good
6836,7209,10000,2024-05-14,36,40,79703.44878356649,326,Employed,0,2024-05,Bad
6837,6871,15000,2024-08-06,24,64,41844.02218528623,688,Self-Employed,0,2024-08,Good
6838,4792,5000,2024-08-21,24,23,24970.470029710676,721,Employed,0,2024-08,Good
6839,1265,5000,2024-08-05,36,42,66591.22653741295,714,Self-Employed,0,2024-08,Good
6840,1558,25000,2024-12-04,12,36,78195.98374788968,569,Self-Employed,0,2024-12,Bad
6841,4961,25000,2024-09-21,36,23,51320.205277937726,455,Employed,1,2024-09,Bad
6842,6389,15000,2024-08-22,24,63,111753.46732053263,783,Employed,0,2024-08,Good
6843,8978,25000,2024-02-28,24,35,66167.04335404903,370,Self-Employed,1,2024-02,Good
6844,6735,10000,2024-03-05,36,46,56264.376234107316,795,Self-Employed,1,2024-03,Bad
6845,3907,25000,2024-09-02,24,21,81982.34549955872,773,Employed,0,2024-09,Bad
6846,8058,5000,2024-05-28,24,37,98065.4460315193,835,Self-Employed,1,2024-05,Bad
6847,3434,25000,2024-06-25,24,63,84228.39448275082,578,Employed,0,2024-06,Bad
6848,666,10000,2024-02-02,24,48,76724.45195371169,588,Contractor,0,2024-02,Good
6849,8753,10000,2024-05-24,24,51,20000.0,624,Employed,0,2024-05,Bad
6850,3658,25000,2024-09-25,12,68,81153.24190060429,569,Employed,1,2024-09,Bad
6851,4149,25000,2024-08-28,36,20,64699.3992771703,353,Self-Employed,0,2024-08,Good
6852,6904,25000,2024-10-25,24,67,70791.20179027307,460,Employed,1,2024-10,Bad
6853,5300,5000,2024-04-22,24,36,70599.87422252622,675,Employed,1,2024-04,Good
6854,1543,5000,2024-11-24,24,28,51235.32332498234,376,Employed,0,2024-11,Good
6855,718,10000,2024-11-16,36,62,76474.85004185728,421,Employed,0,2024-11,Good
6856,3140,25000,2024-02-09,36,66,50868.53151973991,570,Employed,0,2024-02,Good
6857,2921,15000,2024-06-10,36,53,45100.74065373754,802,Self-Employed,0,2024-06,Bad
6858,655,10000,2024-02-05,24,42,38609.01275503509,793,Employed,0,2024-02,Good
6859,9324,5000,2024-12-30,24,35,57974.42006809864,582,Employed,1,2024-12,Bad
6860,6329,10000,2024-07-24,36,42,89888.16729185285,722,Employed,0,2024-07,Good
6861,9968,5000,2024-08-22,12,53,66171.96358258279,457,Employed,0,2024-08,Good
6862,7891,15000,2024-04-16,12,34,82531.39098608423,392,Employed,0,2024-04,Good
6863,6734,25000,2024-03-25,36,25,65789.72515381446,562,Employed,0,2024-03,Bad
6864,3812,25000,2024-04-01,24,46,62011.031084340095,620,Employed,0,2024-04,Good
6865,1750,25000,2024-08-11,24,60,76430.32659231285,559,Employed,0,2024-08,Good
6866,5818,15000,2024-02-09,12,29,20000.0,405,Employed,0,2024-02,Good
6867,6112,15000,2024-04-02,24,30,54435.78952446954,667,Employed,0,2024-04,Good
6868,1082,15000,2024-09-28,36,25,30612.227760781432,622,Employed,1,2024-09,Bad
6869,6775,15000,2024-12-18,24,40,101645.89946507408,452,Employed,0,2024-12,Bad
6870,5364,5000,2024-11-01,24,65,52004.14635686934,367,Employed,1,2024-11,Good
6871,3202,10000,2024-08-21,36,22,84439.90154480681,428,Employed,1,2024-08,Good
6872,6999,15000,2024-02-12,12,51,67083.6337743773,756,Employed,0,2024-02,Good
6873,5332,5000,2024-12-08,36,32,62196.838909716374,601,Employed,0,2024-12,Bad
6874,9272,10000,2024-05-12,24,35,52735.10645241421,755,Employed,0,2024-05,Bad
6875,291,10000,2024-03-05,36,43,54634.32748570342,569,Employed,1,2024-03,Bad
6876,6961,15000,2024-12-16,36,48,84198.44158791343,545,Contractor,1,2024-12,Bad
6877,5739,15000,2024-03-22,12,39,54471.744129972896,342,Self-Employed,1,2024-03,Bad
6878,3424,10000,2024-05-28,12,54,84952.27621653904,722,Employed,0,2024-05,Bad
6879,3500,10000,2024-03-11,24,22,72658.68834830057,415,Self-Employed,0,2024-03,Bad
6880,8174,5000,2024-11-16,36,38,64507.981141793265,584,Employed,1,2024-11,Good
6881,7805,15000,2024-10-05,24,40,20000.0,798,Self-Employed,0,2024-10,Bad
6882,5569,10000,2024-03-31,36,61,76391.17275221487,755,Employed,0,2024-03,Bad
6883,844,10000,2024-09-11,36,26,34629.84660278392,694,Employed,0,2024-09,Bad
6884,914,25000,2024-06-10,12,19,62345.14774900617,339,Employed,1,2024-06,Bad
6885,4440,15000,2024-11-08,36,43,54847.24107441492,792,Employed,1,2024-11,Good
6886,5668,5000,2024-09-28,12,28,82812.61105230401,386,Employed,0,2024-09,Bad
6887,7897,5000,2024-12-25,36,28,20000.0,804,Contractor,0,2024-12,Bad
6888,3991,25000,2024-12-05,24,54,20796.077206169204,609,Employed,0,2024-12,Bad
6889,9169,15000,2024-06-24,24,18,72156.83341943607,502,Self-Employed,0,2024-06,Bad
6890,1201,5000,2024-10-07,36,50,95532.3736421287,458,Employed,1,2024-10,Bad
6891,7390,25000,2024-07-14,12,37,69248.61777628706,515,Employed,1,2024-07,Good
6892,1649,5000,2024-06-08,12,59,79473.21621428087,625,Employed,1,2024-06,Bad
6893,122,5000,2024-10-27,12,45,56747.74520746407,387,Employed,1,2024-10,Bad
6894,4371,25000,2024-04-01,36,29,54121.53130094914,623,Employed,0,2024-04,Good
6895,9152,10000,2024-06-16,24,18,22087.56057140335,640,Employed,1,2024-06,Bad
6896,3816,10000,2024-05-20,12,47,29998.219139956534,782,Employed,0,2024-05,Bad
6897,4408,5000,2024-09-17,24,57,87292.51452673938,766,Employed,0,2024-09,Bad
6898,1353,15000,2024-05-24,12,24,59455.46490709661,312,Self-Employed,1,2024-05,Bad
6899,5223,15000,2024-08-26,36,59,43544.59920570933,573,Employed,0,2024-08,Good
6900,688,15000,2024-03-11,36,44,40044.69353721487,651,Employed,0,2024-03,Bad
6901,856,25000,2024-07-05,12,45,100300.67196358123,416,Self-Employed,0,2024-07,Good
6902,4437,5000,2024-02-04,24,61,53403.63926235136,508,Employed,0,2024-02,Good
6903,22,25000,2024-07-02,12,47,55668.29385146715,595,Employed,1,2024-07,Good
6904,7318,15000,2024-05-23,12,59,65435.72382395255,609,Employed,1,2024-05,Bad
6905,2005,25000,2024-11-03,12,37,28093.436399955513,361,Employed,1,2024-11,Good
6906,6713,10000,2024-06-03,24,49,65314.39424000786,819,Employed,0,2024-06,Bad
6907,6814,15000,2024-07-08,12,21,39659.85394113828,691,Employed,1,2024-07,Good
6908,970,15000,2024-09-18,12,43,53244.91653036722,312,Employed,1,2024-09,Bad
6909,3779,10000,2024-04-12,36,54,122648.6646491935,571,Contractor,0,2024-04,Good
6910,7335,10000,2024-10-06,24,34,55730.735083487256,635,Contractor,0,2024-10,Bad
6911,8537,5000,2024-08-30,36,50,69096.7850434114,718,Contractor,0,2024-08,Good
6912,9922,25000,2024-03-27,36,29,66029.48792372337,670,Employed,1,2024-03,Bad
6913,5581,5000,2024-05-12,12,18,47834.88670379498,672,Self-Employed,0,2024-05,Bad
6914,8078,5000,2024-07-17,12,38,33217.89377214745,496,Employed,0,2024-07,Good
6915,3332,5000,2024-03-26,12,29,40543.358768344,310,Employed,0,2024-03,Bad
6916,4296,5000,2024-04-02,36,53,51663.688855602486,555,Employed,0,2024-04,Good
6917,6149,10000,2024-06-29,24,34,49917.57878054613,392,Employed,1,2024-06,Bad
6918,6444,10000,2024-06-07,24,62,87840.18043920086,677,Employed,0,2024-06,Bad
6919,3308,25000,2024-02-04,36,56,88664.42508933466,842,Employed,0,2024-02,Good
6920,5867,25000,2024-04-07,36,34,20000.0,632,Employed,1,2024-04,Good
6921,540,25000,2024-05-26,24,48,35239.80660813775,826,Self-Employed,0,2024-05,Bad
6922,5272,10000,2024-02-03,12,56,29794.330792313747,408,Self-Employed,0,2024-02,Good
6923,7173,15000,2024-07-29,24,45,60791.55914407023,530,Contractor,0,2024-07,Good
6924,1489,15000,2024-06-17,36,60,58526.53008554024,494,Self-Employed,1,2024-06,Bad
6925,286,25000,2024-05-01,12,47,61234.64963425168,597,Employed,1,2024-05,Bad
6926,5734,15000,2024-11-04,12,48,72360.4744421012,348,Employed,1,2024-11,Good
6927,6483,5000,2024-07-26,24,59,59333.44490690001,337,Employed,1,2024-07,Good
6928,1238,25000,2024-05-05,12,44,56397.549293441676,665,Employed,0,2024-05,Bad
6929,113,15000,2024-07-10,36,34,48565.68615013189,746,Employed,0,2024-07,Good
6930,4434,5000,2024-03-02,24,58,26586.732740449042,526,Contractor,0,2024-03,Bad
6931,8282,5000,2024-02-24,36,32,80797.50847894532,630,Employed,1,2024-02,Good
6932,6927,5000,2024-12-13,36,56,91834.16456112431,311,Employed,1,2024-12,Bad
6933,9692,5000,2024-01-11,36,56,35321.7416929169,702,Employed,1,2024-01,Bad
6934,1054,15000,2024-08-27,24,28,76043.66840943893,510,Employed,0,2024-08,Good
6935,1564,10000,2024-11-03,36,60,42549.319341888535,388,Contractor,0,2024-11,Good
6936,8549,5000,2024-08-11,36,18,48552.53778563147,495,Contractor,1,2024-08,Good
6937,3727,25000,2024-01-26,12,58,20000.0,436,Employed,1,2024-01,Bad
6938,6690,15000,2024-11-25,12,40,58672.82897464723,691,Employed,0,2024-11,Good
6939,4555,5000,2024-12-08,36,37,67861.90147046949,439,Employed,0,2024-12,Bad
6940,8663,25000,2024-02-17,12,18,74754.81526513507,365,Employed,0,2024-02,Good
6941,2915,5000,2024-10-27,24,22,31487.78396583908,687,Self-Employed,0,2024-10,Bad
6942,2987,10000,2024-10-15,12,69,36113.70515455851,706,Self-Employed,0,2024-10,Bad
6943,2621,5000,2024-03-18,24,25,83835.43683552732,731,Employed,0,2024-03,Bad
6944,7170,10000,2024-01-09,24,45,92762.4966411846,725,Employed,0,2024-01,Bad
6945,9334,25000,2024-11-29,12,69,55169.08977092886,612,Employed,0,2024-11,Good
6946,4404,15000,2024-08-15,12,25,20000.0,827,Employed,0,2024-08,Good
6947,4660,5000,2024-09-03,24,59,50654.502152247034,716,Employed,0,2024-09,Bad
6948,1039,10000,2024-04-14,36,23,96307.091548916,361,Employed,1,2024-04,Good
6949,6568,25000,2024-01-02,36,58,23172.899687356497,394,Employed,0,2024-01,Bad
6950,55,5000,2024-09-26,36,19,65078.69317265817,732,Employed,1,2024-09,Bad
6951,8114,5000,2024-06-12,36,22,51392.79267111286,310,Employed,0,2024-06,Bad
6952,9494,5000,2024-02-04,12,55,84584.61810385599,810,Employed,1,2024-02,Good
6953,7413,10000,2024-03-04,12,58,89450.07439996021,781,Contractor,1,2024-03,Bad
6954,7126,15000,2024-04-15,24,23,64114.81402386623,623,Employed,1,2024-04,Good
6955,3468,25000,2024-08-31,24,19,97102.61737947245,749,Contractor,0,2024-08,Good
6956,1495,10000,2024-12-18,36,51,73941.53416577724,764,Employed,0,2024-12,Bad
6957,4134,15000,2024-01-09,24,19,40576.35651545295,645,Employed,1,2024-01,Bad
6958,3704,25000,2024-07-23,12,62,78921.86805920364,460,Employed,0,2024-07,Good
6959,4866,10000,2024-02-12,36,25,36075.0886083909,662,Employed,1,2024-02,Good
6960,183,10000,2024-09-22,36,45,83591.29438850434,336,Employed,1,2024-09,Bad
6961,1237,15000,2024-07-03,36,19,78799.10648329569,636,Contractor,0,2024-07,Good
6962,8813,25000,2024-02-02,24,23,43700.718873750644,755,Employed,0,2024-02,Good
6963,9737,15000,2024-02-23,36,41,97463.53324422709,468,Contractor,1,2024-02,Good
6964,4128,15000,2024-08-19,12,49,93702.27165993582,693,Employed,0,2024-08,Good
6965,235,10000,2024-09-25,36,50,106834.0986538131,589,Employed,1,2024-09,Bad
6966,73,15000,2024-05-31,24,21,73171.38501526094,472,Employed,0,2024-05,Bad
6967,5768,5000,2024-03-02,24,55,26813.466097032397,742,Employed,1,2024-03,Bad
6968,1790,5000,2024-06-16,36,20,48357.66337766133,536,Employed,0,2024-06,Bad
6969,8820,5000,2024-11-10,36,58,27776.943598235586,691,Employed,1,2024-11,Good
6970,8860,5000,2024-11-07,24,20,40220.14455938614,843,Self-Employed,0,2024-11,Good
6971,4024,25000,2024-03-04,12,50,45859.7210742453,325,Employed,1,2024-03,Bad
6972,8786,15000,2024-02-29,12,27,103659.96717974573,823,Contractor,0,2024-02,Good
6973,2261,15000,2024-10-05,36,32,65856.79535500555,496,Employed,0,2024-10,Bad
6974,4263,5000,2024-06-03,36,34,54274.06879768336,524,Employed,1,2024-06,Bad
6975,7389,25000,2024-04-17,36,67,20000.0,533,Employed,1,2024-04,Good
6976,6546,15000,2024-11-12,24,62,50244.45084235913,380,Employed,1,2024-11,Good
6977,6935,5000,2024-10-26,24,47,87246.42379463736,627,Employed,0,2024-10,Bad
6978,7457,10000,2024-02-26,36,63,77230.85033875088,764,Employed,0,2024-02,Good
6979,9161,15000,2024-02-12,24,33,97345.44227036815,842,Employed,0,2024-02,Good
6980,8371,10000,2024-11-13,24,36,42296.151284808235,371,Self-Employed,1,2024-11,Good
6981,6315,15000,2024-12-14,12,50,20000.0,371,Employed,1,2024-12,Bad
6982,6118,15000,2024-04-21,24,48,57880.11108381417,420,Employed,1,2024-04,Good
6983,2052,15000,2024-11-25,36,32,64758.38946716632,520,Employed,0,2024-11,Good
6984,4432,10000,2024-08-10,12,45,62844.57254981368,561,Employed,1,2024-08,Good
6985,8387,25000,2024-07-13,24,20,60135.3834240083,618,Employed,0,2024-07,Good
6986,2941,10000,2024-06-29,12,45,52645.24942332718,521,Self-Employed,1,2024-06,Bad
6987,3629,5000,2024-06-19,24,61,65076.50291846432,427,Contractor,0,2024-06,Bad
6988,7635,25000,2024-12-25,24,58,77143.6786863865,528,Self-Employed,0,2024-12,Bad
6989,5464,10000,2024-09-13,12,22,48164.64401100318,513,Self-Employed,1,2024-09,Bad
6990,9424,10000,2024-02-18,24,26,47597.07371634246,603,Employed,0,2024-02,Good
6991,3699,5000,2024-02-17,36,52,69348.68021032028,376,Employed,1,2024-02,Good
6992,1960,10000,2024-08-14,24,20,50873.488161220186,455,Self-Employed,1,2024-08,Good
6993,1527,25000,2024-07-25,12,34,54056.56693989188,400,Employed,1,2024-07,Good
6994,7840,10000,2024-08-13,12,53,59678.502931090814,537,Employed,0,2024-08,Good
6995,6930,25000,2024-06-29,24,43,33719.30211555811,382,Self-Employed,1,2024-06,Bad
6996,3520,5000,2024-01-11,36,18,94124.77206409807,730,Contractor,0,2024-01,Bad
6997,1696,25000,2024-11-12,24,46,39803.302169446746,802,Self-Employed,0,2024-11,Good
6998,5897,10000,2024-04-30,24,69,74748.63998458591,559,Employed,0,2024-04,Good
6999,7991,5000,2024-03-28,24,43,70791.81710487652,397,Contractor,0,2024-03,Bad
7000,6467,25000,2024-04-10,24,26,99612.62406627586,845,Employed,0,2024-04,Good
7001,377,25000,2024-04-08,36,47,24324.876978331282,330,Contractor,1,2024-04,Good
7002,779,15000,2024-01-22,24,54,63630.54099152937,772,Self-Employed,0,2024-01,Bad
7003,5276,15000,2024-04-13,36,60,49433.20583619043,779,Employed,0,2024-04,Good
7004,3344,10000,2024-03-11,24,37,53007.027580846596,487,Employed,1,2024-03,Bad
7005,5993,15000,2024-10-12,36,33,100476.61033393804,339,Self-Employed,1,2024-10,Bad
7006,3596,10000,2024-11-11,24,31,26211.564475796833,512,Employed,1,2024-11,Good
7007,2500,5000,2024-02-24,12,64,74884.34202964164,360,Employed,0,2024-02,Good
7008,587,25000,2024-05-06,24,46,56833.1688122739,377,Employed,1,2024-05,Bad
7009,7490,5000,2024-02-08,24,57,60106.87552290293,674,Employed,1,2024-02,Good
7010,9247,5000,2024-05-18,12,34,72180.50862938199,458,Employed,0,2024-05,Bad
7011,3000,15000,2024-05-11,12,56,59031.18494841414,627,Employed,0,2024-05,Bad
7012,6745,25000,2024-08-23,24,37,46531.53186737681,480,Self-Employed,1,2024-08,Good
7013,8802,5000,2024-06-09,36,52,86631.77893236365,580,Employed,0,2024-06,Bad
7014,8999,25000,2024-02-14,12,51,36134.076277881795,585,Contractor,0,2024-02,Good
7015,2484,25000,2024-06-13,12,27,84105.33008347139,420,Self-Employed,0,2024-06,Bad
7016,5796,5000,2024-12-05,12,49,69445.74499263585,733,Employed,0,2024-12,Bad
7017,7910,25000,2024-08-13,12,54,108703.38931310711,581,Contractor,0,2024-08,Good
7018,2700,10000,2024-05-28,12,59,81681.12868573105,312,Contractor,0,2024-05,Bad
7019,7485,25000,2024-11-09,12,25,58691.162950227736,398,Employed,0,2024-11,Good
7020,9544,10000,2024-11-02,24,35,115073.67710190715,718,Employed,0,2024-11,Good
7021,109,10000,2024-11-22,24,25,20000.0,681,Employed,0,2024-11,Good
7022,8718,10000,2024-05-23,12,21,72828.5755783383,722,Self-Employed,0,2024-05,Bad
7023,1499,5000,2024-08-11,36,23,116445.27942744407,706,Employed,0,2024-08,Good
7024,6098,10000,2024-06-26,36,22,74550.84264290027,736,Self-Employed,0,2024-06,Bad
7025,9142,25000,2024-11-26,36,64,90697.09728583525,569,Employed,0,2024-11,Good
7026,1668,15000,2024-06-24,24,66,79544.54426570906,515,Employed,0,2024-06,Bad
7027,3185,15000,2024-01-29,24,67,94110.29351338177,661,Employed,0,2024-01,Bad
7028,7454,15000,2024-10-24,24,46,32142.872554796995,649,Employed,0,2024-10,Bad
7029,4948,10000,2024-04-07,24,44,48671.56525175148,409,Employed,1,2024-04,Good
7030,8798,5000,2024-07-05,12,21,65480.47130543176,499,Employed,0,2024-07,Good
7031,9817,10000,2024-11-25,12,44,92426.88266031569,735,Employed,1,2024-11,Good
7032,4918,15000,2024-08-11,36,58,35422.86211875587,846,Employed,0,2024-08,Good
7033,7429,25000,2024-04-17,36,33,105875.17914328547,445,Employed,0,2024-04,Good
7034,6862,10000,2024-03-24,12,69,62098.22974698791,703,Self-Employed,1,2024-03,Bad
7035,4403,15000,2024-09-14,36,42,69941.88917385612,405,Self-Employed,1,2024-09,Bad
7036,1058,25000,2024-05-15,24,26,120787.47277569372,556,Self-Employed,0,2024-05,Bad
7037,6313,5000,2024-04-23,36,40,56347.39320549962,684,Employed,0,2024-04,Good
7038,1369,25000,2024-10-23,24,57,50757.52592685672,515,Employed,1,2024-10,Bad
7039,8103,5000,2024-05-07,36,29,85363.3864923831,682,Employed,0,2024-05,Bad
7040,5739,25000,2024-03-29,24,39,54471.744129972896,342,Self-Employed,1,2024-03,Bad
7041,9864,5000,2024-05-18,36,52,67533.17942151171,527,Employed,0,2024-05,Bad
7042,4634,5000,2024-01-24,24,39,31330.358447114137,735,Self-Employed,0,2024-01,Bad
7043,3739,5000,2024-02-04,12,28,45249.572579619795,433,Employed,0,2024-02,Good
7044,9120,10000,2024-05-12,12,23,59729.1320336355,313,Employed,1,2024-05,Bad
7045,3626,25000,2024-04-15,24,37,44045.58794171171,323,Employed,1,2024-04,Good
7046,5201,5000,2024-09-26,12,38,71841.50298031255,430,Employed,0,2024-09,Bad
7047,2737,25000,2024-09-30,36,63,32175.786751318177,321,Employed,1,2024-09,Bad
7048,8897,10000,2024-04-13,12,66,49081.73602229857,541,Employed,0,2024-04,Good
7049,8475,15000,2024-06-22,24,40,51951.110863102585,563,Contractor,0,2024-06,Bad
7050,3684,15000,2024-08-12,12,39,65456.31152140282,796,Contractor,0,2024-08,Good
7051,971,5000,2024-03-08,36,53,80308.3053500628,459,Employed,1,2024-03,Bad
7052,489,10000,2024-02-26,24,26,33943.83666126927,681,Self-Employed,0,2024-02,Good
7053,7462,25000,2024-02-09,12,51,84204.85320264619,579,Employed,0,2024-02,Good
7054,8362,5000,2024-07-31,12,54,20000.0,821,Employed,1,2024-07,Good
7055,7151,15000,2024-06-21,12,36,61892.47652803752,596,Employed,1,2024-06,Bad
7056,9785,10000,2024-04-21,36,37,67518.39520303362,435,Self-Employed,1,2024-04,Good
7057,8758,15000,2024-11-13,12,67,67682.14665241446,355,Self-Employed,1,2024-11,Good
7058,9610,10000,2024-10-05,36,38,62239.970902460285,843,Employed,0,2024-10,Bad
7059,7356,15000,2024-08-03,24,20,45922.34116386311,666,Employed,0,2024-08,Good
7060,8577,5000,2024-07-19,36,57,83761.74654837737,767,Employed,0,2024-07,Good
7061,3136,5000,2024-03-23,12,35,46494.19368628229,378,Employed,0,2024-03,Bad
7062,4177,5000,2024-08-06,24,49,27944.21440806728,657,Employed,0,2024-08,Good
7063,6924,15000,2024-04-13,12,21,50945.94145163182,812,Contractor,0,2024-04,Good
7064,3257,25000,2024-02-20,12,60,24570.70274886139,536,Employed,0,2024-02,Good
7065,7513,15000,2024-09-13,36,49,47604.75973434586,657,Employed,0,2024-09,Bad
7066,8430,15000,2024-03-17,12,24,87699.49394512834,305,Employed,0,2024-03,Bad
7067,7464,25000,2024-01-04,36,20,86250.90987973925,570,Employed,0,2024-01,Bad
7068,6443,5000,2024-11-06,24,47,76490.9329518704,668,Self-Employed,0,2024-11,Good
7069,4833,15000,2024-03-29,24,44,76367.60991041936,391,Self-Employed,0,2024-03,Bad
7070,2577,15000,2024-05-17,24,56,49580.61596200731,789,Employed,0,2024-05,Bad
7071,2072,5000,2024-09-06,12,43,48288.62722867056,523,Employed,0,2024-09,Bad
7072,8524,15000,2024-12-28,36,38,67626.89928020738,694,Self-Employed,0,2024-12,Bad
7073,3130,25000,2024-01-30,12,33,75775.57395027233,495,Employed,0,2024-01,Bad
7074,4285,10000,2024-08-11,12,35,33649.43368928709,701,Employed,0,2024-08,Good
7075,3536,15000,2024-06-06,36,34,67323.39131707445,773,Self-Employed,1,2024-06,Bad
7076,6366,25000,2024-01-05,12,35,62590.38409212757,775,Self-Employed,0,2024-01,Bad
7077,353,5000,2024-09-27,24,47,72695.80931284712,774,Employed,0,2024-09,Bad
7078,3123,10000,2024-02-17,36,24,96946.41637576284,615,Employed,0,2024-02,Good
7079,5208,5000,2024-12-18,24,39,102653.68101937367,727,Self-Employed,1,2024-12,Bad
7080,2032,5000,2024-07-22,12,64,94084.40137908875,705,Contractor,0,2024-07,Good
7081,9052,5000,2024-10-07,12,25,57612.97965248044,542,Self-Employed,0,2024-10,Bad
7082,2927,10000,2024-10-01,24,68,105981.41291854379,539,Contractor,0,2024-10,Bad
7083,5826,25000,2024-02-28,12,48,42654.16948402274,812,Employed,0,2024-02,Good
7084,4045,25000,2024-06-29,12,65,31217.739932539138,428,Self-Employed,1,2024-06,Bad
7085,7882,25000,2024-06-15,36,50,66918.32148482391,426,Employed,0,2024-06,Bad
7086,7592,25000,2024-09-17,36,47,68881.15130145698,719,Employed,0,2024-09,Bad
7087,4621,10000,2024-07-31,24,18,69389.35212314555,611,Employed,1,2024-07,Good
7088,1171,5000,2024-04-09,12,31,55921.70882957305,816,Self-Employed,0,2024-04,Good
7089,5641,15000,2024-01-19,24,44,20000.0,502,Employed,1,2024-01,Bad
7090,4918,10000,2024-11-19,12,58,35422.86211875587,846,Employed,0,2024-11,Good
7091,5246,5000,2024-01-24,36,46,20000.0,393,Employed,1,2024-01,Bad
7092,9798,15000,2024-03-30,36,33,38723.951242832656,705,Employed,1,2024-03,Bad
7093,7307,5000,2024-05-26,12,42,29298.320597363876,669,Employed,0,2024-05,Bad
7094,5802,25000,2024-11-10,36,45,84478.26563970881,425,Employed,0,2024-11,Good
7095,6746,10000,2024-11-12,36,62,49324.303704240134,324,Employed,0,2024-11,Good
7096,8264,10000,2024-02-01,12,45,75768.49834954627,394,Employed,0,2024-02,Good
7097,2293,15000,2024-12-27,36,48,99365.28168941385,595,Employed,0,2024-12,Bad
7098,4675,10000,2024-02-14,12,63,28191.148462230558,732,Contractor,0,2024-02,Good
7099,9426,5000,2024-08-19,24,37,57999.394176955764,795,Employed,0,2024-08,Good
7100,194,5000,2024-05-09,12,18,67519.77681612015,341,Employed,1,2024-05,Bad
7101,8922,15000,2024-08-12,24,51,53296.88665509524,726,Employed,1,2024-08,Good
7102,8228,15000,2024-10-27,12,43,40303.548159193975,608,Employed,1,2024-10,Bad
7103,5198,15000,2024-06-09,12,62,39005.169386794136,699,Employed,0,2024-06,Bad
7104,7189,15000,2024-10-05,12,65,82619.73606097467,486,Employed,0,2024-10,Bad
7105,8437,25000,2024-08-13,12,64,61468.95447328671,834,Self-Employed,1,2024-08,Good
7106,3467,5000,2024-04-15,12,28,79597.07555710003,694,Employed,0,2024-04,Good
7107,5213,5000,2024-03-09,24,49,62158.578937524,345,Employed,1,2024-03,Bad
7108,8121,5000,2024-07-26,36,23,24724.93080287081,397,Self-Employed,1,2024-07,Good
7109,5946,5000,2024-07-17,12,28,72022.27816502929,436,Employed,1,2024-07,Good
7110,5496,25000,2024-05-16,24,48,84787.43589932393,610,Contractor,1,2024-05,Bad
7111,6320,15000,2024-08-31,24,40,28704.131370789124,590,Employed,1,2024-08,Good
7112,1782,10000,2024-12-26,12,54,20000.0,717,Employed,1,2024-12,Bad
7113,9408,5000,2024-03-28,12,43,96962.1301862918,802,Contractor,0,2024-03,Bad
7114,616,10000,2024-02-18,12,49,48708.12194608961,523,Employed,0,2024-02,Good
7115,4164,25000,2024-01-26,24,36,27889.02329516434,472,Employed,1,2024-01,Bad
7116,5275,25000,2024-08-11,12,34,37571.403255738405,657,Employed,0,2024-08,Good
7117,8646,15000,2024-10-09,12,52,80627.76365622369,584,Employed,0,2024-10,Bad
7118,1532,25000,2024-06-17,36,19,73286.77240827239,305,Employed,1,2024-06,Bad
7119,4562,15000,2024-12-04,24,26,66989.48866391402,463,Employed,0,2024-12,Bad
7120,6572,10000,2024-07-29,12,33,39186.66809476474,550,Employed,0,2024-07,Good
7121,1776,25000,2024-04-16,24,30,103403.91932137363,625,Self-Employed,0,2024-04,Good
7122,7137,15000,2024-12-08,12,35,80954.60101820531,412,Employed,0,2024-12,Bad
7123,9342,10000,2024-11-17,12,48,78781.39805836775,698,Self-Employed,0,2024-11,Good
7124,3707,5000,2024-11-12,24,30,47509.9797824409,809,Self-Employed,0,2024-11,Good
7125,5156,15000,2024-11-18,24,49,57176.77582024965,528,Employed,1,2024-11,Good
7126,7406,15000,2024-11-17,24,22,29559.006069314848,486,Employed,1,2024-11,Good
7127,5347,10000,2024-07-23,24,49,51679.0932805019,423,Self-Employed,0,2024-07,Good
7128,83,10000,2024-08-11,36,65,48607.80701346391,518,Employed,1,2024-08,Good
7129,9716,10000,2024-02-12,24,49,86559.7643979422,510,Employed,0,2024-02,Good
7130,6795,10000,2024-04-16,12,51,65417.52168168876,797,Employed,0,2024-04,Good
7131,4937,10000,2024-03-02,12,27,37766.434057197344,531,Employed,0,2024-03,Bad
7132,1108,15000,2024-01-13,24,50,55150.33296892199,632,Self-Employed,0,2024-01,Bad
7133,2075,10000,2024-03-23,24,19,67363.1891897117,667,Employed,0,2024-03,Bad
7134,7738,5000,2024-10-06,24,18,71057.27964505796,395,Employed,1,2024-10,Bad
7135,4475,10000,2024-12-18,24,67,81508.57636406703,699,Employed,0,2024-12,Bad
7136,8573,25000,2024-03-17,24,59,43764.56325709236,626,Self-Employed,0,2024-03,Bad
7137,637,15000,2024-04-04,12,66,34010.94284799401,789,Employed,0,2024-04,Good
7138,800,5000,2024-06-14,36,19,56454.45449384661,345,Employed,1,2024-06,Bad
7139,4013,15000,2024-01-08,24,36,36920.12372811556,402,Employed,1,2024-01,Bad
7140,283,25000,2024-11-09,24,67,84865.00957363029,557,Employed,1,2024-11,Good
7141,4310,10000,2024-06-06,24,62,20000.0,570,Contractor,0,2024-06,Bad
7142,9372,15000,2024-01-19,24,61,86198.21883388204,428,Self-Employed,1,2024-01,Bad
7143,2047,15000,2024-10-12,36,58,63318.063377161634,350,Employed,1,2024-10,Bad
7144,6674,10000,2024-02-24,36,22,77713.38294067828,552,Employed,1,2024-02,Good
7145,855,15000,2024-06-22,12,51,79483.66899391939,631,Employed,0,2024-06,Bad
7146,617,15000,2024-06-14,24,41,20000.0,680,Employed,0,2024-06,Bad
7147,3231,15000,2024-09-29,24,47,21078.282514962455,306,Employed,1,2024-09,Bad
7148,2089,25000,2024-12-19,12,23,38349.19570930798,445,Self-Employed,0,2024-12,Bad
7149,3874,25000,2024-02-06,12,36,96731.3917974655,339,Employed,1,2024-02,Good
7150,7673,25000,2024-11-06,24,69,54131.62579689522,829,Employed,0,2024-11,Good
7151,4615,5000,2024-11-20,36,37,96070.67233317069,450,Employed,0,2024-11,Good
7152,9221,15000,2024-02-11,12,41,90120.54229394782,397,Self-Employed,0,2024-02,Good
7153,1045,10000,2024-09-11,24,54,81809.73344028456,359,Employed,1,2024-09,Bad
7154,646,10000,2024-03-05,24,31,65326.0843594238,498,Employed,1,2024-03,Bad
7155,941,15000,2024-12-01,24,38,37129.445316189645,598,Employed,0,2024-12,Bad
7156,343,10000,2024-04-03,12,24,138391.44755819446,356,Contractor,0,2024-04,Good
7157,1667,5000,2024-01-10,12,32,74780.23318093485,511,Employed,1,2024-01,Bad
7158,2465,10000,2024-06-28,12,45,44445.85983276483,486,Self-Employed,1,2024-06,Bad
7159,38,25000,2024-10-06,24,68,97318.63223795517,765,Employed,0,2024-10,Bad
7160,4432,25000,2024-01-21,12,45,62844.57254981368,561,Employed,0,2024-01,Bad
7161,251,25000,2024-06-28,24,51,74815.8528912742,401,Employed,1,2024-06,Bad
7162,5008,25000,2024-12-24,36,49,37018.743944483904,604,Employed,0,2024-12,Bad
7163,7239,10000,2024-03-19,36,62,88637.43261648488,333,Employed,1,2024-03,Bad
7164,264,15000,2024-05-12,36,53,68086.99522911485,755,Employed,0,2024-05,Bad
7165,6528,5000,2024-06-12,12,49,103254.64059491402,701,Contractor,0,2024-06,Bad
7166,5887,5000,2024-04-24,24,32,84868.96306179835,471,Employed,0,2024-04,Good
7167,9607,10000,2024-10-04,12,40,40648.49607704446,430,Employed,1,2024-10,Bad
7168,5106,10000,2024-02-21,36,28,20600.443825952687,545,Employed,0,2024-02,Good
7169,1622,25000,2024-03-24,24,49,30749.334315889268,352,Self-Employed,1,2024-03,Bad
7170,1754,15000,2024-10-10,36,66,55159.71044917475,846,Self-Employed,0,2024-10,Bad
7171,8754,25000,2024-10-13,24,61,74393.67204299146,680,Employed,0,2024-10,Bad
7172,3583,15000,2024-11-04,12,36,89715.21983747937,766,Employed,0,2024-11,Good
7173,1158,25000,2024-05-31,24,36,85432.65509345816,707,Employed,0,2024-05,Bad
7174,5509,5000,2024-09-10,36,52,20000.0,353,Employed,1,2024-09,Bad
7175,9958,15000,2024-10-27,24,66,85147.44442502671,348,Employed,1,2024-10,Bad
7176,4157,5000,2024-05-09,24,18,84350.56935177631,328,Employed,1,2024-05,Bad
7177,3836,25000,2024-03-03,36,45,68661.89029133295,583,Employed,0,2024-03,Bad
7178,5862,5000,2024-12-04,36,45,55194.25971639941,714,Employed,0,2024-12,Bad
7179,3104,10000,2024-02-10,36,21,43980.70275253437,346,Employed,0,2024-02,Good
7180,4753,5000,2024-03-29,36,34,63294.936741683276,459,Employed,0,2024-03,Bad
7181,1046,5000,2024-10-05,24,50,69166.3954339961,801,Self-Employed,0,2024-10,Bad
7182,8016,25000,2024-06-26,24,65,60346.29452585877,432,Employed,0,2024-06,Bad
7183,2858,5000,2024-11-25,36,35,80379.0996069645,343,Employed,1,2024-11,Good
7184,1103,5000,2024-06-09,24,28,104760.08921434096,543,Employed,0,2024-06,Bad
7185,7304,10000,2024-02-12,36,57,113055.61400673632,456,Employed,0,2024-02,Good
7186,6446,15000,2024-02-24,24,40,81891.61133142441,810,Employed,0,2024-02,Good
7187,6003,15000,2024-02-20,12,48,86641.86627918424,732,Employed,0,2024-02,Good
7188,8579,5000,2024-12-19,24,42,55227.79332069028,405,Employed,1,2024-12,Bad
7189,1613,15000,2024-06-13,36,35,39347.978895109394,445,Employed,1,2024-06,Bad
7190,1566,15000,2024-03-03,12,26,53468.32373754232,806,Self-Employed,0,2024-03,Bad
7191,3356,5000,2024-11-18,12,45,40323.84552659212,504,Employed,0,2024-11,Good
7192,2508,25000,2024-09-05,36,26,85829.48578175454,822,Employed,0,2024-09,Bad
7193,2201,5000,2024-11-22,36,19,45515.616868497076,832,Employed,0,2024-11,Good
7194,4005,15000,2024-04-16,24,34,73468.95405700915,410,Employed,1,2024-04,Good
7195,5811,10000,2024-06-25,24,25,91713.73896138249,527,Employed,1,2024-06,Bad
7196,8999,15000,2024-05-08,12,51,36134.076277881795,585,Contractor,0,2024-05,Bad
7197,3784,25000,2024-09-11,24,37,86490.76967137115,341,Employed,1,2024-09,Bad
7198,641,5000,2024-07-11,24,36,83835.48658756076,826,Employed,0,2024-07,Good
7199,5926,15000,2024-04-03,24,34,64702.4794226443,454,Employed,0,2024-04,Good
7200,4087,15000,2024-04-05,12,25,78342.38120015482,568,Employed,0,2024-04,Good
7201,2100,10000,2024-06-25,24,25,97736.1025350662,762,Self-Employed,0,2024-06,Bad
7202,7868,25000,2024-02-16,24,43,54296.36672517988,723,Employed,0,2024-02,Good
7203,7899,15000,2024-05-06,36,38,93522.39942875685,660,Employed,0,2024-05,Bad
7204,8434,15000,2024-09-22,12,41,72244.61196645554,572,Employed,0,2024-09,Bad
7205,5790,5000,2024-10-26,36,48,63496.13751487181,711,Employed,1,2024-10,Bad
7206,3750,25000,2024-08-27,12,62,57786.67748295509,593,Contractor,1,2024-08,Good
7207,4747,10000,2024-10-26,36,48,43420.2571958293,405,Employed,1,2024-10,Bad
7208,9627,15000,2024-08-12,36,39,65320.35761416237,825,Employed,0,2024-08,Good
7209,7196,25000,2024-12-30,36,38,75996.0721618207,348,Employed,0,2024-12,Bad
7210,1434,25000,2024-01-04,36,24,82908.50201351027,749,Self-Employed,0,2024-01,Bad
7211,6503,25000,2024-03-04,24,19,59920.78677538303,510,Employed,1,2024-03,Bad
7212,9632,25000,2024-11-05,24,38,52374.56823137059,817,Employed,0,2024-11,Good
7213,4278,15000,2024-08-23,24,65,94779.3261235024,640,Employed,0,2024-08,Good
7214,4888,25000,2024-09-09,36,19,20655.621694937035,449,Employed,1,2024-09,Bad
7215,8104,5000,2024-06-17,12,56,20000.0,381,Employed,1,2024-06,Bad
7216,5934,5000,2024-01-30,12,23,56522.79263682933,641,Employed,0,2024-01,Bad
7217,7508,10000,2024-03-11,36,34,62559.482605648096,687,Employed,1,2024-03,Bad
7218,4449,10000,2024-08-17,36,21,100267.30801052236,677,Employed,0,2024-08,Good
7219,8669,25000,2024-12-15,24,64,84758.72521730722,333,Employed,1,2024-12,Bad
7220,9511,10000,2024-05-15,36,29,51378.248229412195,302,Employed,1,2024-05,Bad
7221,5329,25000,2024-03-25,24,19,57225.713337848196,594,Employed,0,2024-03,Bad
7222,5195,5000,2024-12-30,24,64,48579.11328263924,343,Employed,1,2024-12,Bad
7223,5351,5000,2024-11-22,36,19,42654.58923545969,418,Employed,1,2024-11,Good
7224,5697,5000,2024-07-15,12,27,74716.18115083277,322,Self-Employed,1,2024-07,Good
7225,3658,5000,2024-06-08,12,68,81153.24190060429,569,Employed,0,2024-06,Bad
7226,9481,10000,2024-07-26,36,30,45266.19085243557,620,Employed,0,2024-07,Good
7227,269,10000,2024-02-09,24,37,121895.63569119094,615,Employed,1,2024-02,Good
7228,2936,25000,2024-07-08,24,27,42590.81130437048,723,Employed,1,2024-07,Good
7229,9214,10000,2024-08-05,12,42,49297.554123005415,531,Employed,0,2024-08,Good
7230,90,5000,2024-06-03,24,33,62973.85088195641,483,Employed,0,2024-06,Bad
7231,1926,5000,2024-05-02,12,46,82379.13120825352,758,Employed,0,2024-05,Bad
7232,3248,25000,2024-08-07,36,30,72030.29206460163,480,Self-Employed,1,2024-08,Good
7233,1149,5000,2024-10-15,36,28,24151.926023517823,620,Employed,1,2024-10,Bad
7234,9795,5000,2024-11-17,24,43,54860.31608130803,846,Employed,0,2024-11,Good
7235,5298,25000,2024-04-14,36,31,92958.4534198282,482,Employed,0,2024-04,Good
7236,9995,25000,2024-03-19,36,41,87396.27200257014,742,Self-Employed,0,2024-03,Bad
7237,8197,15000,2024-07-17,24,69,90498.21513569387,823,Contractor,0,2024-07,Good
7238,5933,10000,2024-07-30,24,40,53506.46512342402,751,Employed,0,2024-07,Good
7239,3062,10000,2024-01-13,12,22,76121.33843893721,680,Employed,0,2024-01,Bad
7240,431,25000,2024-12-17,36,53,44872.62047423728,468,Employed,0,2024-12,Bad
7241,8582,15000,2024-10-11,36,62,37320.41825295599,494,Employed,0,2024-10,Bad
7242,8016,10000,2024-11-19,24,65,60346.29452585877,432,Employed,1,2024-11,Good
7243,3543,5000,2024-05-17,36,68,80336.50414179593,838,Self-Employed,1,2024-05,Bad
7244,1374,25000,2024-12-21,12,68,20000.0,570,Employed,0,2024-12,Bad
7245,4840,25000,2024-03-16,12,36,70943.29319764965,482,Employed,0,2024-03,Bad
7246,4180,10000,2024-07-04,24,67,65938.82691651407,560,Employed,0,2024-07,Good
7247,453,5000,2024-08-01,36,66,45706.47963508044,527,Employed,0,2024-08,Good
7248,8515,5000,2024-12-20,12,38,72061.24410139001,647,Employed,0,2024-12,Bad
7249,4015,25000,2024-07-04,36,65,78258.5725417645,846,Employed,0,2024-07,Good
7250,6050,25000,2024-12-25,24,37,111269.52856089333,808,Employed,0,2024-12,Bad
7251,5659,5000,2024-07-27,24,56,30154.558803144864,366,Self-Employed,1,2024-07,Good
7252,9321,25000,2024-03-10,36,55,31791.205212178313,784,Contractor,1,2024-03,Bad
7253,9302,15000,2024-02-14,12,32,49794.02129838652,560,Contractor,0,2024-02,Good
7254,2551,10000,2024-06-26,24,28,76531.80210794578,807,Employed,0,2024-06,Bad
7255,8698,5000,2024-06-24,36,35,33377.77889743229,589,Employed,0,2024-06,Bad
7256,7029,10000,2024-09-26,36,32,71342.08885745243,605,Contractor,1,2024-09,Bad
7257,9372,15000,2024-12-18,12,61,86198.21883388204,428,Self-Employed,1,2024-12,Bad
7258,496,25000,2024-06-20,24,65,20000.0,470,Employed,1,2024-06,Bad
7259,5037,10000,2024-08-31,36,37,60323.56208815843,798,Employed,0,2024-08,Good
7260,7138,10000,2024-06-04,24,64,70318.15302979462,835,Self-Employed,0,2024-06,Bad
7261,386,25000,2024-07-07,24,66,51302.36739482662,495,Contractor,0,2024-07,Good
7262,3615,10000,2024-07-17,24,65,78386.46868524083,468,Employed,1,2024-07,Good
7263,4772,10000,2024-03-15,36,34,102960.5507663045,654,Self-Employed,0,2024-03,Bad
7264,7281,15000,2024-02-02,36,42,70882.92921211594,754,Employed,1,2024-02,Good
7265,1897,10000,2024-07-13,12,54,85602.57242139264,478,Employed,1,2024-07,Good
7266,7009,25000,2024-04-02,12,33,56002.22266083321,397,Self-Employed,1,2024-04,Good
7267,3518,25000,2024-05-13,24,26,64057.82198144405,623,Employed,0,2024-05,Bad
7268,811,25000,2024-07-10,36,66,73291.19167814407,574,Employed,1,2024-07,Good
7269,883,5000,2024-04-15,24,51,67680.19905100334,309,Employed,1,2024-04,Good
7270,9595,15000,2024-08-18,36,43,84334.99540169028,744,Contractor,0,2024-08,Good
7271,3795,10000,2024-10-25,36,27,70187.21994630454,638,Contractor,1,2024-10,Bad
7272,9481,10000,2024-01-28,24,30,45266.19085243557,620,Employed,1,2024-01,Bad
7273,5308,25000,2024-11-09,12,63,117920.07637409633,761,Employed,1,2024-11,Good
7274,9090,25000,2024-01-15,36,30,83420.92810262948,795,Employed,0,2024-01,Bad
7275,8122,25000,2024-05-31,24,25,42002.54573884616,318,Self-Employed,1,2024-05,Bad
7276,9409,25000,2024-12-28,12,35,30403.524525103858,578,Self-Employed,1,2024-12,Bad
7277,5230,5000,2024-03-30,12,32,111604.98814718374,833,Contractor,0,2024-03,Bad
7278,2956,15000,2024-07-08,36,58,63054.46409658817,606,Employed,0,2024-07,Good
7279,2954,15000,2024-07-11,24,21,44383.741492732814,599,Employed,0,2024-07,Good
7280,3571,5000,2024-01-26,12,63,42857.15500500775,384,Contractor,0,2024-01,Bad
7281,5743,10000,2024-04-19,36,35,94955.63483003217,786,Employed,0,2024-04,Good
7282,5185,10000,2024-12-16,24,39,58091.61762389456,352,Employed,0,2024-12,Bad
7283,1089,15000,2024-05-08,36,43,89392.83444173125,614,Self-Employed,0,2024-05,Bad
7284,317,15000,2024-03-22,24,53,43839.14246352554,402,Employed,0,2024-03,Bad
7285,6239,10000,2024-07-27,36,60,75334.3007282599,744,Employed,0,2024-07,Good
7286,7971,5000,2024-02-15,36,27,45445.51365118415,339,Employed,1,2024-02,Good
7287,395,5000,2024-01-01,24,50,28237.761219218737,584,Employed,0,2024-01,Bad
7288,5316,10000,2024-02-20,36,25,90760.9696409198,327,Employed,1,2024-02,Good
7289,9766,5000,2024-06-12,24,56,41957.05408795212,546,Self-Employed,1,2024-06,Bad
7290,1063,25000,2024-11-20,12,54,77322.09929629674,352,Self-Employed,1,2024-11,Good
7291,2424,15000,2024-11-20,12,51,20000.0,341,Employed,1,2024-11,Good
7292,4552,10000,2024-11-17,36,60,49078.08814483917,337,Self-Employed,0,2024-11,Good
7293,4372,25000,2024-04-08,24,44,32128.0333898897,458,Employed,1,2024-04,Good
7294,5675,25000,2024-10-12,12,67,71850.97101623258,673,Employed,0,2024-10,Bad
7295,3582,5000,2024-09-14,24,26,37380.63315896208,326,Employed,1,2024-09,Bad
7296,6549,5000,2024-04-09,12,20,58283.05306187608,448,Employed,1,2024-04,Good
7297,4259,15000,2024-12-24,24,50,64959.457075915496,611,Employed,0,2024-12,Bad
7298,9835,15000,2024-01-25,24,32,59682.75664237203,761,Self-Employed,0,2024-01,Bad
7299,4896,10000,2024-05-26,12,24,69146.47566996682,349,Employed,1,2024-05,Bad
7300,6948,15000,2024-08-30,12,43,68075.4668381689,750,Employed,1,2024-08,Good
7301,7785,25000,2024-03-11,36,62,68418.66256621158,466,Employed,1,2024-03,Bad
7302,7237,15000,2024-12-25,24,44,46020.41134581239,474,Contractor,1,2024-12,Bad
7303,5229,25000,2024-01-14,36,36,47588.47275533279,682,Employed,0,2024-01,Bad
7304,1543,25000,2024-10-15,12,28,51235.32332498234,376,Employed,1,2024-10,Bad
7305,2900,10000,2024-10-19,12,18,90380.52229535763,384,Self-Employed,1,2024-10,Bad
7306,1479,5000,2024-12-28,24,34,87458.98920867464,818,Employed,0,2024-12,Bad
7307,9204,15000,2024-10-12,24,67,52155.00618229913,764,Self-Employed,0,2024-10,Bad
7308,9624,10000,2024-07-24,12,29,56949.70073456488,639,Employed,0,2024-07,Good
7309,8649,15000,2024-09-25,36,18,80947.45790649812,797,Self-Employed,0,2024-09,Bad
7310,5011,25000,2024-12-03,24,65,55920.6110316796,319,Employed,1,2024-12,Bad
7311,4052,15000,2024-10-20,24,66,40333.52430689724,446,Employed,1,2024-10,Bad
7312,3577,5000,2024-03-13,36,45,43389.33236660701,434,Employed,1,2024-03,Bad
7313,7836,15000,2024-03-27,12,24,28815.466663422754,692,Employed,1,2024-03,Bad
7314,8096,15000,2024-12-16,12,27,36270.509944580495,603,Employed,1,2024-12,Bad
7315,6654,25000,2024-11-17,12,56,99877.54766255744,802,Employed,0,2024-11,Good
7316,2293,15000,2024-06-14,12,48,99365.28168941385,595,Employed,1,2024-06,Bad
7317,4880,5000,2024-10-23,36,22,43563.93926131958,767,Employed,0,2024-10,Bad
7318,7206,15000,2024-08-18,12,40,78012.81241570698,356,Employed,1,2024-08,Good
7319,1139,25000,2024-07-10,24,26,71236.27364825181,432,Employed,1,2024-07,Good
7320,2546,10000,2024-02-25,24,32,35726.87765481366,393,Employed,0,2024-02,Good
7321,9553,25000,2024-08-02,24,21,69798.05012590282,800,Self-Employed,0,2024-08,Good
7322,3191,25000,2024-10-31,36,62,49540.87449889675,735,Employed,0,2024-10,Bad
7323,8248,25000,2024-07-05,36,25,88526.66378629828,557,Employed,0,2024-07,Good
7324,4520,10000,2024-04-05,24,29,55166.22187942818,489,Contractor,1,2024-04,Good
7325,4978,5000,2024-09-01,12,42,116352.31103589939,546,Employed,0,2024-09,Bad
7326,6705,25000,2024-06-15,12,22,49850.2488478772,527,Employed,1,2024-06,Bad
7327,6192,25000,2024-11-06,12,60,66830.48625781163,385,Employed,0,2024-11,Good
7328,5766,5000,2024-09-15,12,29,73379.01416337794,806,Employed,0,2024-09,Bad
7329,8430,5000,2024-05-15,24,24,87699.49394512834,305,Employed,1,2024-05,Bad
7330,3040,15000,2024-07-25,12,30,94277.54929173898,812,Self-Employed,0,2024-07,Good
7331,8581,5000,2024-09-05,36,55,82429.56551982132,365,Employed,1,2024-09,Bad
7332,8877,10000,2024-09-10,12,24,82958.28857985616,386,Contractor,0,2024-09,Bad
7333,3984,25000,2024-11-24,12,54,96797.4886355986,656,Self-Employed,0,2024-11,Good
7334,187,25000,2024-01-16,24,37,64485.98606623732,326,Employed,1,2024-01,Bad
7335,3429,10000,2024-10-08,12,36,42433.6410003045,767,Contractor,0,2024-10,Bad
7336,7759,15000,2024-06-08,24,63,28745.920824082452,761,Self-Employed,0,2024-06,Bad
7337,6755,25000,2024-12-03,24,62,63763.335716918715,413,Employed,0,2024-12,Bad
7338,3389,25000,2024-09-20,12,58,28083.569412048666,800,Employed,0,2024-09,Bad
7339,5070,15000,2024-12-24,24,20,70685.12697479052,698,Self-Employed,1,2024-12,Bad
7340,2935,15000,2024-02-29,36,25,50526.20606627692,417,Employed,0,2024-02,Good
7341,4372,15000,2024-09-24,24,44,32128.0333898897,458,Employed,0,2024-09,Bad
7342,6935,10000,2024-07-05,24,47,87246.42379463736,627,Employed,0,2024-07,Good
7343,5988,10000,2024-07-05,12,57,79878.27964784422,610,Contractor,1,2024-07,Good
7344,6860,5000,2024-02-13,12,63,62064.74249137826,404,Contractor,0,2024-02,Good
7345,3970,15000,2024-06-14,24,52,46142.54668482143,619,Employed,0,2024-06,Bad
7346,2752,10000,2024-06-01,36,42,82608.40524635198,456,Employed,0,2024-06,Bad
7347,8174,10000,2024-05-31,36,38,64507.981141793265,584,Employed,0,2024-05,Bad
7348,1576,5000,2024-04-06,24,57,89899.34197116114,334,Employed,1,2024-04,Good
7349,6504,10000,2024-07-07,24,41,60983.66784084814,827,Contractor,0,2024-07,Good
7350,1260,25000,2024-05-16,24,29,63851.77928149598,386,Employed,1,2024-05,Bad
7351,1057,10000,2024-08-04,24,41,96114.1290088814,547,Contractor,0,2024-08,Good
7352,5661,15000,2024-12-05,12,66,66727.12981810678,809,Employed,0,2024-12,Bad
7353,8737,5000,2024-10-30,24,32,20000.0,545,Employed,1,2024-10,Bad
7354,6244,15000,2024-07-27,24,19,87489.0344184577,717,Employed,0,2024-07,Good
7355,6801,15000,2024-02-21,36,55,113798.22723793559,382,Employed,0,2024-02,Good
7356,330,5000,2024-07-16,24,19,38037.18146588507,539,Employed,0,2024-07,Good
7357,2170,25000,2024-02-05,24,53,74974.8039375424,807,Employed,0,2024-02,Good
7358,9771,5000,2024-04-14,24,50,20000.0,428,Employed,1,2024-04,Good
7359,3007,25000,2024-12-25,24,30,79613.10129593586,836,Self-Employed,0,2024-12,Bad
7360,5841,25000,2024-01-12,24,53,65654.62872964496,513,Employed,0,2024-01,Bad
7361,7146,15000,2024-06-16,36,64,126214.67470435143,822,Self-Employed,0,2024-06,Bad
7362,2524,15000,2024-08-01,12,53,106640.08034216319,607,Self-Employed,0,2024-08,Good
7363,4223,15000,2024-02-11,12,28,40234.419415568555,827,Employed,0,2024-02,Good
7364,2916,15000,2024-12-14,36,37,57004.34305278109,596,Employed,0,2024-12,Bad
7365,9965,5000,2024-12-07,24,31,81775.65028472123,454,Employed,0,2024-12,Bad
7366,5675,10000,2024-03-07,36,67,71850.97101623258,673,Employed,0,2024-03,Bad
7367,1957,5000,2024-06-17,24,39,50547.16353210891,820,Employed,0,2024-06,Bad
7368,6190,10000,2024-05-31,12,32,24529.43570033899,550,Employed,0,2024-05,Bad
7369,2073,5000,2024-07-15,12,39,40047.63430577412,823,Employed,1,2024-07,Good
7370,873,15000,2024-01-13,12,40,60105.36822578547,730,Employed,0,2024-01,Bad
7371,7498,10000,2024-08-16,24,61,84318.20944798483,582,Employed,0,2024-08,Good
7372,6005,5000,2024-06-10,24,31,44054.42347080546,419,Self-Employed,1,2024-06,Bad
7373,6438,5000,2024-04-12,36,49,45062.86256640528,797,Contractor,0,2024-04,Good
7374,7334,25000,2024-05-10,24,21,54166.23612288685,777,Contractor,0,2024-05,Bad
7375,8449,5000,2024-04-05,24,64,44289.91945629372,613,Employed,0,2024-04,Good
7376,4918,15000,2024-08-03,12,58,35422.86211875587,846,Employed,0,2024-08,Good
7377,4033,5000,2024-07-19,24,68,61178.62520464436,410,Employed,1,2024-07,Good
7378,3261,5000,2024-05-10,36,50,28837.544911482815,658,Contractor,0,2024-05,Bad
7379,7167,15000,2024-07-20,36,35,90438.28559826566,647,Employed,0,2024-07,Good
7380,8886,10000,2024-10-17,12,23,20376.40077020356,542,Self-Employed,1,2024-10,Bad
7381,7443,10000,2024-10-02,24,24,88742.50960694674,704,Employed,0,2024-10,Bad
7382,4038,15000,2024-12-26,12,68,85648.08957576632,324,Employed,0,2024-12,Bad
7383,7202,10000,2024-11-27,12,18,63553.346019641474,845,Contractor,0,2024-11,Good
7384,556,25000,2024-02-17,36,37,94599.68607992223,652,Self-Employed,0,2024-02,Good
7385,5610,5000,2024-02-12,12,30,67124.32406589568,672,Employed,1,2024-02,Good
7386,6643,5000,2024-03-21,12,20,44507.124428315255,341,Employed,1,2024-03,Bad
7387,9470,10000,2024-03-08,36,45,87043.6600190003,410,Self-Employed,1,2024-03,Bad
7388,5229,10000,2024-08-21,12,36,47588.47275533279,682,Employed,1,2024-08,Good
7389,9140,10000,2024-08-28,12,47,42133.65661685675,334,Employed,0,2024-08,Good
7390,4581,15000,2024-07-17,24,44,62594.69344898553,706,Self-Employed,1,2024-07,Good
7391,4374,25000,2024-07-01,24,64,53115.19394463644,695,Self-Employed,0,2024-07,Good
7392,398,25000,2024-07-28,24,42,66974.1011417021,326,Employed,0,2024-07,Good
7393,222,10000,2024-06-02,24,19,66952.94338090041,793,Contractor,1,2024-06,Bad
7394,2366,15000,2024-06-07,36,55,65375.693757177425,630,Employed,0,2024-06,Bad
7395,1778,10000,2024-06-30,36,42,72477.14335052765,383,Employed,1,2024-06,Bad
7396,4061,15000,2024-07-02,24,64,61366.26444215287,360,Employed,1,2024-07,Good
7397,3955,15000,2024-02-25,12,62,51350.9518221268,329,Employed,1,2024-02,Good
7398,5729,5000,2024-05-06,12,65,59917.04286456233,344,Employed,1,2024-05,Bad
7399,775,10000,2024-02-22,12,25,90256.8646709004,621,Employed,0,2024-02,Good
7400,340,5000,2024-07-18,24,65,65336.259115482324,617,Contractor,0,2024-07,Good
7401,7,5000,2024-02-03,12,38,70687.39689330134,575,Employed,0,2024-02,Good
7402,1297,25000,2024-02-15,36,53,104785.0091940701,646,Employed,0,2024-02,Good
7403,288,15000,2024-07-26,24,52,36798.436129807655,657,Self-Employed,0,2024-07,Good
7404,893,15000,2024-12-05,24,69,72700.24755543353,553,Self-Employed,1,2024-12,Bad
7405,6991,15000,2024-11-25,12,50,75212.13345366175,313,Self-Employed,1,2024-11,Good
7406,8909,15000,2024-02-19,24,68,44479.026028742715,574,Employed,0,2024-02,Good
7407,4280,5000,2024-07-15,12,45,62449.84299681846,418,Employed,1,2024-07,Good
7408,1854,15000,2024-01-11,24,48,77742.07693105823,552,Employed,0,2024-01,Bad
7409,570,25000,2024-08-18,12,57,67772.15957071044,804,Contractor,1,2024-08,Good
7410,4719,25000,2024-03-26,12,29,20000.0,407,Employed,1,2024-03,Bad
7411,8835,5000,2024-11-26,12,41,88663.78403558684,801,Employed,0,2024-11,Good
7412,3673,5000,2024-05-25,12,61,88573.46549743085,395,Employed,1,2024-05,Bad
7413,6992,10000,2024-06-07,12,61,43467.79744035247,674,Employed,0,2024-06,Bad
7414,6774,10000,2024-11-13,36,43,47749.68500463537,566,Employed,0,2024-11,Good
7415,2552,15000,2024-01-23,36,27,41891.06665924061,631,Employed,0,2024-01,Bad
7416,110,5000,2024-12-25,12,41,82080.5753697202,437,Employed,0,2024-12,Bad
7417,3651,5000,2024-06-29,36,36,77001.59044760259,616,Employed,1,2024-06,Bad
7418,3220,25000,2024-03-02,12,53,48025.49133842169,501,Self-Employed,0,2024-03,Bad
7419,732,25000,2024-03-14,12,42,67328.95844249356,788,Employed,0,2024-03,Bad
7420,5694,25000,2024-01-17,36,25,75826.59866853297,450,Employed,1,2024-01,Bad
7421,8760,5000,2024-10-23,36,67,55014.38047534958,441,Employed,1,2024-10,Bad
7422,5557,10000,2024-09-11,12,55,105413.04136284372,627,Employed,1,2024-09,Bad
7423,7105,5000,2024-12-30,36,31,66934.09325710242,551,Employed,0,2024-12,Bad
7424,9550,5000,2024-09-20,24,20,45934.427089111996,587,Employed,0,2024-09,Bad
7425,7264,5000,2024-10-31,36,28,82524.30806759914,596,Employed,0,2024-10,Bad
7426,1072,10000,2024-07-03,12,21,85239.86089929714,555,Employed,1,2024-07,Good
7427,7974,25000,2024-06-29,24,25,20000.0,589,Employed,0,2024-06,Bad
7428,7446,15000,2024-08-05,36,51,20000.0,588,Employed,0,2024-08,Good
7429,5072,15000,2024-04-15,36,55,40980.51104387775,550,Self-Employed,0,2024-04,Good
7430,7371,15000,2024-02-24,36,26,124208.36356001094,805,Employed,0,2024-02,Good
7431,2247,10000,2024-05-16,36,18,69836.2143747949,399,Employed,1,2024-05,Bad
7432,1921,10000,2024-10-14,36,53,20000.0,632,Employed,0,2024-10,Bad
7433,6013,15000,2024-12-08,12,43,56598.33258735649,499,Employed,0,2024-12,Bad
7434,8316,15000,2024-12-17,36,62,80461.55980970546,415,Contractor,1,2024-12,Bad
7435,6344,10000,2024-02-26,24,52,20000.0,800,Employed,0,2024-02,Good
7436,75,15000,2024-04-09,36,35,60107.536721327466,809,Employed,0,2024-04,Good
7437,1989,5000,2024-01-05,36,63,75226.62345835143,663,Employed,0,2024-01,Bad
7438,8349,25000,2024-04-21,12,56,24879.89222754843,451,Self-Employed,1,2024-04,Good
7439,7288,10000,2024-04-04,12,51,67007.9893156303,330,Contractor,1,2024-04,Good
7440,3084,25000,2024-11-14,24,69,53492.33093564092,570,Employed,0,2024-11,Good
7441,3819,15000,2024-08-10,12,34,104800.62246440208,650,Employed,0,2024-08,Good
7442,3692,15000,2024-07-04,24,25,95366.66950332257,356,Self-Employed,1,2024-07,Good
7443,5240,10000,2024-05-16,36,20,52900.39150998618,816,Employed,1,2024-05,Bad
7444,8275,10000,2024-08-12,12,41,33369.69910004508,669,Employed,0,2024-08,Good
7445,3066,5000,2024-09-07,36,57,85139.36757015434,643,Employed,0,2024-09,Bad
7446,7955,10000,2024-12-20,36,60,39627.08573002291,345,Contractor,1,2024-12,Bad
7447,2234,25000,2024-01-26,12,33,54165.26083284617,331,Employed,1,2024-01,Bad
7448,9977,10000,2024-07-09,12,49,43365.26237386933,437,Employed,1,2024-07,Good
7449,2091,5000,2024-07-12,12,23,112800.13672631743,404,Self-Employed,1,2024-07,Good
7450,5629,25000,2024-10-16,36,47,40946.469295240386,607,Self-Employed,1,2024-10,Bad
7451,4169,15000,2024-12-02,12,40,75558.11993624686,424,Employed,0,2024-12,Bad
7452,4013,10000,2024-01-06,24,36,36920.12372811556,402,Employed,1,2024-01,Bad
7453,1878,15000,2024-11-13,24,34,68952.37189667024,626,Self-Employed,0,2024-11,Good
7454,7187,5000,2024-12-16,12,33,77406.2141561357,780,Self-Employed,0,2024-12,Bad
7455,6309,10000,2024-08-07,24,59,60988.74891835915,330,Self-Employed,0,2024-08,Good
7456,2315,5000,2024-07-31,12,22,76253.8908486662,393,Self-Employed,1,2024-07,Good
7457,9656,15000,2024-03-15,36,19,42042.09656678997,608,Employed,0,2024-03,Bad
7458,5248,25000,2024-11-05,24,51,36256.46361580268,816,Employed,0,2024-11,Good
7459,3993,5000,2024-06-12,24,36,76582.53775585577,809,Employed,0,2024-06,Bad
7460,2915,10000,2024-08-18,24,22,31487.78396583908,687,Self-Employed,0,2024-08,Good
7461,9534,10000,2024-08-27,24,51,43850.924184268704,339,Employed,1,2024-08,Good
7462,3935,15000,2024-03-31,24,34,58290.78002156548,587,Employed,0,2024-03,Bad
7463,2702,15000,2024-12-05,36,35,99108.15610427166,775,Employed,0,2024-12,Bad
7464,4045,15000,2024-04-22,24,65,31217.739932539138,428,Self-Employed,1,2024-04,Good
7465,34,15000,2024-12-05,12,45,70284.91418676647,783,Employed,0,2024-12,Bad
7466,2146,10000,2024-05-09,24,68,36818.40518614632,384,Employed,1,2024-05,Bad
7467,6460,10000,2024-04-10,12,36,52113.268172903525,367,Employed,0,2024-04,Good
7468,7488,10000,2024-01-27,12,20,81747.11225539353,740,Employed,0,2024-01,Bad
7469,9472,5000,2024-01-18,36,60,80322.10179407959,316,Self-Employed,0,2024-01,Bad
7470,5674,25000,2024-07-23,24,37,27135.662273536087,371,Employed,1,2024-07,Good
7471,405,25000,2024-07-28,36,67,34577.582241495824,504,Self-Employed,0,2024-07,Good
7472,4712,25000,2024-01-11,24,37,93411.38935812113,844,Employed,0,2024-01,Bad
7473,1925,5000,2024-01-04,24,24,42241.8914517929,322,Employed,0,2024-01,Bad
7474,7622,15000,2024-04-12,36,18,40514.60654462114,802,Employed,0,2024-04,Good
7475,882,15000,2024-07-23,36,55,29879.57640181233,542,Contractor,0,2024-07,Good
7476,6024,15000,2024-03-23,12,66,22369.80980559958,532,Employed,1,2024-03,Bad
7477,2903,10000,2024-02-12,12,25,69835.15917974293,832,Employed,0,2024-02,Good
7478,9790,5000,2024-09-08,12,41,48126.553577162544,581,Employed,0,2024-09,Bad
7479,1246,25000,2024-02-08,36,44,102452.4408371946,444,Employed,1,2024-02,Good
7480,8632,15000,2024-11-10,24,21,73461.82763280279,575,Employed,0,2024-11,Good
7481,5368,25000,2024-06-01,12,69,65153.28626088067,587,Contractor,1,2024-06,Bad
7482,116,15000,2024-11-30,36,52,142822.755026096,831,Employed,0,2024-11,Good
7483,4501,25000,2024-08-30,12,60,33523.37721379517,550,Employed,1,2024-08,Good
7484,9471,10000,2024-03-24,24,50,78917.94941583546,772,Self-Employed,0,2024-03,Bad
7485,297,5000,2024-12-02,36,65,61877.82786624831,656,Employed,1,2024-12,Bad
7486,7693,15000,2024-02-24,36,66,83975.32426455473,394,Contractor,1,2024-02,Good
7487,2949,15000,2024-11-16,24,32,60159.762224112295,456,Employed,1,2024-11,Good
7488,8128,15000,2024-04-02,36,25,56432.05557804639,682,Employed,0,2024-04,Good
7489,2606,15000,2024-04-17,36,61,76526.95080741087,760,Contractor,0,2024-04,Good
7490,6478,5000,2024-12-04,36,21,72306.6364038928,595,Employed,0,2024-12,Bad
7491,7922,5000,2024-12-15,12,64,67390.18860281444,437,Contractor,0,2024-12,Bad
7492,1095,15000,2024-08-07,24,66,106332.74092946327,390,Self-Employed,1,2024-08,Good
7493,5102,25000,2024-02-06,12,45,71097.27354051128,579,Self-Employed,1,2024-02,Good
7494,1075,10000,2024-08-21,24,66,61921.58911619331,446,Employed,0,2024-08,Good
7495,16,15000,2024-05-01,36,41,36998.81443825319,743,Employed,0,2024-05,Bad
7496,1528,10000,2024-03-15,24,43,69549.74706556994,842,Self-Employed,1,2024-03,Bad
7497,8243,25000,2024-07-26,36,33,73743.69538119953,555,Employed,0,2024-07,Good
7498,3200,15000,2024-12-03,36,43,93453.75827419046,775,Employed,0,2024-12,Bad
7499,9796,15000,2024-11-05,24,47,45028.71139956759,749,Contractor,1,2024-11,Good
7500,7801,10000,2024-03-13,36,22,82188.76798981236,849,Employed,0,2024-03,Bad
7501,1993,15000,2024-03-31,12,25,31318.652060466273,605,Employed,1,2024-03,Bad
7502,2954,25000,2024-11-03,24,21,44383.741492732814,599,Employed,1,2024-11,Good
7503,6472,5000,2024-10-20,24,22,99244.52754905946,358,Employed,1,2024-10,Bad
7504,5823,10000,2024-10-26,24,69,79703.93161089663,334,Self-Employed,1,2024-10,Bad
7505,932,5000,2024-12-08,36,20,43954.459203296195,740,Employed,0,2024-12,Bad
7506,2016,10000,2024-08-22,12,26,36858.62580498538,755,Employed,0,2024-08,Good
7507,6445,5000,2024-11-13,24,36,68339.13538839946,682,Employed,0,2024-11,Good
7508,7419,25000,2024-08-01,36,31,70676.57632860374,341,Employed,1,2024-08,Good
7509,6406,25000,2024-03-08,12,29,30855.101798726384,696,Employed,0,2024-03,Bad
7510,2139,15000,2024-08-11,36,39,116217.70644247127,779,Contractor,0,2024-08,Good
7511,4290,25000,2024-08-03,36,24,66114.2402722318,667,Self-Employed,0,2024-08,Good
7512,3401,25000,2024-06-14,12,59,85166.91005410907,462,Self-Employed,0,2024-06,Bad
7513,9280,15000,2024-03-01,36,52,57185.564365132734,626,Employed,0,2024-03,Bad
7514,8418,10000,2024-10-10,12,63,27443.36869149297,827,Contractor,0,2024-10,Bad
7515,8637,25000,2024-03-10,24,35,132257.87518221734,700,Self-Employed,0,2024-03,Bad
7516,1903,25000,2024-12-18,24,53,82111.2619409107,381,Employed,0,2024-12,Bad
7517,3604,5000,2024-01-31,12,21,83929.42052755057,707,Employed,0,2024-01,Bad
7518,9675,25000,2024-07-03,36,20,22948.317907555363,651,Self-Employed,1,2024-07,Good
7519,5453,15000,2024-05-06,24,50,70000.8446828082,457,Employed,1,2024-05,Bad
7520,8437,25000,2024-05-17,12,64,61468.95447328671,834,Self-Employed,1,2024-05,Bad
7521,4049,5000,2024-05-19,12,62,55841.45807155606,517,Contractor,0,2024-05,Bad
7522,805,25000,2024-09-19,36,22,96378.6447093726,849,Employed,0,2024-09,Bad
7523,8044,5000,2024-03-28,36,30,64043.467938396105,606,Contractor,0,2024-03,Bad
7524,9124,25000,2024-06-04,24,40,52575.92167698747,401,Employed,0,2024-06,Bad
7525,1761,10000,2024-11-26,24,66,43662.61299846646,845,Self-Employed,0,2024-11,Good
7526,6306,15000,2024-10-02,24,65,78711.58183851426,482,Employed,0,2024-10,Bad
7527,7999,25000,2024-04-29,36,19,72669.74906153629,628,Employed,0,2024-04,Good
7528,8217,10000,2024-11-16,24,63,67478.144811904,313,Contractor,1,2024-11,Good
7529,4396,10000,2024-06-12,12,68,74940.93754440697,822,Employed,1,2024-06,Bad
7530,5345,15000,2024-11-21,12,48,48432.712912799114,571,Contractor,0,2024-11,Good
7531,8266,5000,2024-05-17,24,30,87519.37829476394,519,Employed,1,2024-05,Bad
7532,7882,10000,2024-08-18,36,50,66918.32148482391,426,Employed,0,2024-08,Good
7533,7983,15000,2024-10-26,24,58,60236.87025949907,723,Employed,0,2024-10,Bad
7534,7457,25000,2024-07-20,12,63,77230.85033875088,764,Employed,0,2024-07,Good
7535,4188,5000,2024-03-30,24,21,83120.7343371458,427,Self-Employed,1,2024-03,Bad
7536,1411,5000,2024-08-20,12,20,77638.9463303752,766,Self-Employed,0,2024-08,Good
7537,3613,5000,2024-03-14,36,46,40311.925939325134,312,Employed,1,2024-03,Bad
7538,7340,10000,2024-10-15,12,22,60684.341174788045,656,Self-Employed,0,2024-10,Bad
7539,4781,10000,2024-06-13,24,18,56375.42095107331,611,Self-Employed,0,2024-06,Bad
7540,4468,15000,2024-05-20,36,67,56703.37845445052,436,Self-Employed,1,2024-05,Bad
7541,5356,5000,2024-12-23,36,51,60378.08109386836,576,Employed,0,2024-12,Bad
7542,9258,5000,2024-12-15,36,65,73674.00742211203,356,Self-Employed,0,2024-12,Bad
7543,3996,15000,2024-03-28,24,28,34389.94482381821,504,Employed,0,2024-03,Bad
7544,6869,25000,2024-12-19,12,55,81158.00407839564,840,Employed,1,2024-12,Bad
7545,8803,5000,2024-10-19,24,48,82404.74289565615,457,Employed,1,2024-10,Bad
7546,7646,5000,2024-01-19,12,35,98330.2640345011,479,Employed,0,2024-01,Bad
7547,4216,15000,2024-11-17,36,25,34261.843719565346,448,Self-Employed,1,2024-11,Good
7548,1839,15000,2024-01-30,12,65,79206.83442881961,311,Self-Employed,1,2024-01,Bad
7549,5649,10000,2024-08-01,36,59,103518.8094129193,494,Contractor,1,2024-08,Good
7550,6685,25000,2024-09-08,36,52,69619.2162562256,648,Employed,1,2024-09,Bad
7551,6945,10000,2024-06-16,36,43,107019.14283470475,334,Employed,1,2024-06,Bad
7552,7296,10000,2024-05-22,36,26,43210.2382232893,691,Employed,0,2024-05,Bad
7553,3574,15000,2024-07-16,24,59,83303.78065136839,585,Employed,0,2024-07,Good
7554,7615,10000,2024-12-21,12,51,87981.52729203229,427,Employed,0,2024-12,Bad
7555,5700,25000,2024-12-29,24,66,135034.32474087446,733,Employed,0,2024-12,Bad
7556,8186,5000,2024-12-01,36,27,78277.12827439874,815,Employed,0,2024-12,Bad
7557,7153,10000,2024-03-25,12,56,97639.56789526308,483,Employed,1,2024-03,Bad
7558,6183,10000,2024-12-19,12,21,96775.75248577852,507,Employed,1,2024-12,Bad
7559,473,10000,2024-04-13,12,52,51510.21948157171,506,Self-Employed,0,2024-04,Good
7560,9349,25000,2024-04-27,24,47,78770.32087958763,620,Self-Employed,0,2024-04,Good
7561,4420,25000,2024-02-07,12,43,86170.99863672913,561,Employed,0,2024-02,Good
7562,8244,25000,2024-05-15,12,18,20000.0,365,Employed,1,2024-05,Bad
7563,7092,15000,2024-03-16,12,31,44695.76320684175,330,Employed,0,2024-03,Bad
7564,9620,5000,2024-10-21,12,69,65426.72062999315,482,Employed,1,2024-10,Bad
7565,5879,15000,2024-11-11,36,38,88353.53605584236,611,Employed,1,2024-11,Good
7566,6661,5000,2024-04-18,12,62,71884.90585358022,690,Employed,0,2024-04,Good
7567,4456,10000,2024-02-25,36,66,59693.89225400174,651,Employed,1,2024-02,Good
7568,5780,25000,2024-01-18,12,30,71130.8961973559,789,Employed,0,2024-01,Bad
7569,7405,25000,2024-04-13,12,37,71145.48054540972,669,Employed,0,2024-04,Good
7570,68,25000,2024-05-28,24,57,75862.56615228264,356,Contractor,1,2024-05,Bad
7571,9366,10000,2024-08-06,24,61,58425.6271496074,413,Contractor,0,2024-08,Good
7572,4577,5000,2024-01-06,24,65,91136.50601205631,450,Self-Employed,0,2024-01,Bad
7573,6057,15000,2024-06-07,12,55,20000.0,417,Self-Employed,0,2024-06,Bad
7574,8453,15000,2024-04-07,36,21,90082.83282037254,372,Employed,0,2024-04,Good
7575,1650,10000,2024-11-22,24,56,76501.05809651165,764,Self-Employed,0,2024-11,Good
7576,677,5000,2024-09-07,24,27,64269.58985365037,676,Self-Employed,0,2024-09,Bad
7577,7224,25000,2024-03-01,12,35,35812.47940298214,493,Employed,1,2024-03,Bad
7578,6552,5000,2024-03-08,24,66,63579.078694826254,708,Employed,0,2024-03,Bad
7579,3940,5000,2024-09-09,12,21,98568.04653377965,762,Self-Employed,0,2024-09,Bad
7580,4339,25000,2024-11-12,36,54,72159.66859888476,461,Self-Employed,0,2024-11,Good
7581,6658,5000,2024-04-21,12,29,99246.70558404777,593,Employed,0,2024-04,Good
7582,9871,10000,2024-01-17,36,45,65773.70220669576,834,Self-Employed,0,2024-01,Bad
7583,9385,15000,2024-06-05,36,60,78884.49140374422,670,Contractor,0,2024-06,Bad
7584,666,10000,2024-03-07,12,48,76724.45195371169,588,Contractor,1,2024-03,Bad
7585,4863,5000,2024-11-10,12,35,79311.7852944934,336,Contractor,1,2024-11,Good
7586,9794,25000,2024-01-03,36,33,112271.01050097913,543,Employed,0,2024-01,Bad
7587,1910,15000,2024-04-12,24,34,53652.71459617179,656,Employed,0,2024-04,Good
7588,7453,10000,2024-06-03,12,23,20000.0,376,Employed,1,2024-06,Bad
7589,6598,5000,2024-01-01,12,19,34352.693414001355,548,Self-Employed,1,2024-01,Bad
7590,188,25000,2024-11-30,12,47,72229.59182796814,835,Self-Employed,0,2024-11,Good
7591,8897,10000,2024-11-29,36,66,49081.73602229857,541,Employed,0,2024-11,Good
7592,7691,5000,2024-01-04,24,25,72970.93508451064,760,Employed,0,2024-01,Bad
7593,9559,25000,2024-07-21,12,35,96398.42600039241,796,Employed,0,2024-07,Good
7594,7391,10000,2024-02-02,12,61,60977.37654308503,790,Contractor,0,2024-02,Good
7595,335,25000,2024-01-11,24,50,72274.11825343607,595,Employed,0,2024-01,Bad
7596,6601,10000,2024-07-22,36,53,55634.42951684863,327,Employed,1,2024-07,Good
7597,7616,10000,2024-07-25,12,46,83646.41295246444,375,Employed,0,2024-07,Good
7598,356,5000,2024-07-03,12,62,95064.41263063069,760,Employed,0,2024-07,Good
7599,1923,15000,2024-06-02,36,69,43400.50377309804,723,Self-Employed,0,2024-06,Bad
7600,4328,15000,2024-12-09,12,38,87164.48731894125,573,Employed,0,2024-12,Bad
7601,3339,25000,2024-06-30,36,68,23693.933066162754,500,Employed,1,2024-06,Bad
7602,796,25000,2024-06-03,24,68,98628.69051131036,643,Employed,1,2024-06,Bad
7603,190,25000,2024-08-15,24,45,59508.263691226,416,Employed,0,2024-08,Good
7604,7452,25000,2024-04-11,36,40,81767.17926815583,802,Employed,0,2024-04,Good
7605,9006,25000,2024-06-30,36,38,48420.94060476775,645,Self-Employed,0,2024-06,Bad
7606,2167,5000,2024-09-14,36,68,33211.2869776929,332,Employed,1,2024-09,Bad
7607,9872,25000,2024-09-21,24,52,27373.203143654915,822,Self-Employed,0,2024-09,Bad
7608,2059,15000,2024-03-12,24,57,54275.4820656895,656,Employed,0,2024-03,Bad
7609,6071,15000,2024-12-25,12,61,86094.75064703939,755,Employed,0,2024-12,Bad
7610,4394,10000,2024-11-15,36,53,20000.0,423,Employed,1,2024-11,Good
7611,9413,10000,2024-08-28,36,69,66686.75063143058,375,Employed,0,2024-08,Good
7612,9820,5000,2024-04-24,12,19,74050.61377471164,621,Contractor,0,2024-04,Good
7613,2381,5000,2024-03-05,12,41,74664.6557476298,511,Employed,1,2024-03,Bad
7614,9592,25000,2024-10-03,24,48,60887.13670509575,326,Self-Employed,1,2024-10,Bad
7615,8326,10000,2024-05-22,12,57,65714.14406943966,791,Contractor,0,2024-05,Bad
7616,5052,5000,2024-08-04,12,51,46941.31488462427,763,Employed,0,2024-08,Good
7617,2710,5000,2024-06-15,36,23,80198.68917514385,416,Contractor,1,2024-06,Bad
7618,1280,15000,2024-01-16,12,45,86788.10965219836,827,Employed,0,2024-01,Bad
7619,553,5000,2024-02-04,36,45,82198.3243012857,636,Self-Employed,0,2024-02,Good
7620,6332,5000,2024-10-05,36,62,79437.92386518029,570,Employed,0,2024-10,Bad
7621,6873,10000,2024-05-19,36,55,50016.10737367508,414,Employed,0,2024-05,Bad
7622,1154,25000,2024-08-27,12,52,66733.4290428837,605,Employed,0,2024-08,Good
7623,6920,25000,2024-11-03,12,33,65853.5973335053,449,Employed,1,2024-11,Good
7624,4159,5000,2024-10-01,36,58,70417.22743744183,829,Self-Employed,0,2024-10,Bad
7625,955,10000,2024-12-19,24,51,20000.0,782,Self-Employed,1,2024-12,Bad
7626,5566,25000,2024-04-24,24,40,38726.47084527599,775,Employed,0,2024-04,Good
7627,6869,25000,2024-03-27,36,55,81158.00407839564,840,Employed,0,2024-03,Bad
7628,236,5000,2024-05-18,24,18,50263.69000153204,679,Employed,0,2024-05,Bad
7629,1109,25000,2024-02-12,12,23,78444.2047592121,616,Contractor,0,2024-02,Good
7630,1797,25000,2024-12-19,36,57,48676.24610419798,615,Employed,0,2024-12,Bad
7631,3474,15000,2024-03-09,12,41,88892.59927784668,773,Employed,0,2024-03,Bad
7632,5286,10000,2024-06-13,24,45,67916.54377923759,834,Self-Employed,0,2024-06,Bad
7633,7396,5000,2024-06-01,24,30,71704.17374554934,543,Employed,1,2024-06,Bad
7634,9583,5000,2024-05-31,12,27,110561.58357484477,738,Employed,0,2024-05,Bad
7635,5530,15000,2024-04-15,24,21,69447.70978529136,494,Employed,0,2024-04,Good
7636,2212,5000,2024-10-16,24,19,94781.51704079582,748,Employed,0,2024-10,Bad
7637,2642,15000,2024-12-03,12,47,76280.65040340247,808,Employed,0,2024-12,Bad
7638,3229,10000,2024-12-24,12,53,40915.091470035775,317,Employed,1,2024-12,Bad
7639,927,25000,2024-03-19,12,25,132575.6891101271,355,Employed,0,2024-03,Bad
7640,5823,25000,2024-04-20,12,69,79703.93161089663,334,Self-Employed,1,2024-04,Good
7641,2922,10000,2024-09-24,24,28,69797.23862554118,836,Employed,0,2024-09,Bad
7642,3828,5000,2024-05-27,12,54,43145.01824964625,317,Employed,1,2024-05,Bad
7643,7336,10000,2024-11-30,36,33,63191.313121233215,319,Self-Employed,1,2024-11,Good
7644,8313,25000,2024-12-01,24,38,39913.36435501774,413,Contractor,1,2024-12,Bad
7645,966,15000,2024-11-12,24,47,40141.123359228164,684,Self-Employed,0,2024-11,Good
7646,4214,15000,2024-03-11,12,41,68887.79009408902,840,Employed,0,2024-03,Bad
7647,3720,5000,2024-08-28,24,59,45946.663787147554,829,Self-Employed,0,2024-08,Good
7648,3914,25000,2024-08-15,12,68,20000.0,663,Contractor,1,2024-08,Good
7649,3180,15000,2024-05-29,24,43,68765.06232111584,502,Self-Employed,0,2024-05,Bad
7650,3371,15000,2024-03-13,12,69,20000.0,786,Employed,0,2024-03,Bad
7651,6819,15000,2024-01-17,24,63,80093.32540475554,422,Employed,0,2024-01,Bad
7652,5907,5000,2024-04-06,36,49,21447.9385573509,829,Employed,0,2024-04,Good
7653,5139,25000,2024-09-14,12,52,103621.03656045647,762,Employed,0,2024-09,Bad
7654,3092,10000,2024-09-19,12,31,52234.787517560515,559,Self-Employed,1,2024-09,Bad
7655,9969,15000,2024-08-10,36,29,20000.0,546,Employed,0,2024-08,Good
7656,8964,10000,2024-01-14,12,55,55777.922426574405,683,Employed,0,2024-01,Bad
7657,4657,10000,2024-09-16,24,31,32762.4982569005,328,Employed,1,2024-09,Bad
7658,3578,5000,2024-06-21,24,37,104738.07590259655,590,Self-Employed,0,2024-06,Bad
7659,6298,5000,2024-07-09,24,49,69466.7443804768,814,Employed,0,2024-07,Good
7660,1539,10000,2024-09-22,36,46,36574.17792131282,789,Self-Employed,0,2024-09,Bad
7661,2868,5000,2024-02-14,36,59,99798.02219199797,835,Employed,0,2024-02,Good
7662,3550,10000,2024-08-03,24,63,63030.2899979925,409,Employed,0,2024-08,Good
7663,6528,15000,2024-10-26,36,49,103254.64059491402,701,Contractor,0,2024-10,Bad
7664,8996,25000,2024-07-01,12,22,65514.754430866975,737,Employed,0,2024-07,Good
7665,4777,10000,2024-05-25,36,32,97620.86908298323,702,Employed,0,2024-05,Bad
7666,179,25000,2024-01-11,12,19,57370.278862981206,626,Employed,1,2024-01,Bad
7667,8807,10000,2024-08-29,24,30,48272.58099655717,724,Contractor,0,2024-08,Good
7668,1755,15000,2024-06-30,24,20,74560.83289231338,722,Employed,1,2024-06,Bad
7669,7696,5000,2024-05-08,24,64,63780.59338748458,386,Employed,1,2024-05,Bad
7670,8239,10000,2024-02-22,36,54,72869.06403637909,735,Employed,0,2024-02,Good
7671,8016,5000,2024-12-17,24,65,60346.29452585877,432,Employed,1,2024-12,Bad
7672,6702,15000,2024-07-26,36,39,76608.01402066663,418,Employed,1,2024-07,Good
7673,6327,25000,2024-07-24,24,40,77171.05172418727,406,Contractor,1,2024-07,Good
7674,6498,10000,2024-02-02,12,49,66417.66622098164,645,Employed,0,2024-02,Good
7675,2535,10000,2024-03-23,36,64,84550.68468935319,300,Employed,1,2024-03,Bad
7676,8408,25000,2024-01-25,12,59,74975.11898109631,395,Employed,1,2024-01,Bad
7677,2940,10000,2024-03-14,12,65,86333.72443350367,818,Employed,0,2024-03,Bad
7678,5766,10000,2024-05-11,12,29,73379.01416337794,806,Employed,1,2024-05,Bad
7679,2900,25000,2024-05-31,24,18,90380.52229535763,384,Self-Employed,1,2024-05,Bad
7680,2877,5000,2024-07-08,12,65,29817.66391268994,642,Contractor,0,2024-07,Good
7681,9429,5000,2024-12-05,12,36,65679.42919181159,631,Self-Employed,0,2024-12,Bad
7682,1008,25000,2024-08-05,12,56,56230.54485996115,771,Employed,0,2024-08,Good
7683,4830,15000,2024-11-13,36,36,81949.2492724132,520,Employed,0,2024-11,Good
7684,6465,25000,2024-08-12,36,32,58171.19383700246,335,Employed,1,2024-08,Good
7685,8058,25000,2024-11-13,36,37,98065.4460315193,835,Self-Employed,0,2024-11,Good
7686,2160,5000,2024-03-16,36,21,54652.62644312858,602,Employed,0,2024-03,Bad
7687,3185,10000,2024-06-14,36,67,94110.29351338177,661,Employed,1,2024-06,Bad
7688,8566,15000,2024-05-24,36,23,42179.887834970126,788,Employed,0,2024-05,Bad
7689,1287,10000,2024-01-10,36,58,60951.12957646681,729,Employed,0,2024-01,Bad
7690,8560,10000,2024-06-19,24,42,63422.56117614134,515,Employed,1,2024-06,Bad
7691,4474,15000,2024-10-15,36,50,77063.34274552963,356,Employed,1,2024-10,Bad
7692,4921,25000,2024-02-06,12,43,122640.92093417974,434,Employed,1,2024-02,Good
7693,3926,25000,2024-04-29,24,23,64257.78024285054,336,Employed,0,2024-04,Good
7694,4770,10000,2024-06-22,36,68,81924.85243437636,415,Employed,0,2024-06,Bad
7695,3117,10000,2024-12-30,36,55,106322.82628076055,691,Employed,0,2024-12,Bad
7696,1295,15000,2024-02-07,12,43,61074.37928888231,306,Employed,1,2024-02,Good
7697,3977,5000,2024-01-21,12,34,24919.578834647597,324,Contractor,1,2024-01,Bad
7698,6866,15000,2024-06-09,12,63,20000.0,824,Contractor,0,2024-06,Bad
7699,6391,15000,2024-08-05,24,29,47037.900370972086,618,Contractor,1,2024-08,Good
7700,174,15000,2024-08-31,24,49,36961.746314374315,540,Employed,0,2024-08,Good
7701,7326,5000,2024-02-12,24,48,79692.3725466953,385,Contractor,0,2024-02,Good
7702,7819,25000,2024-04-27,24,58,60400.283497425895,311,Employed,1,2024-04,Good
7703,4982,15000,2024-04-03,12,68,38170.24314832377,829,Employed,0,2024-04,Good
7704,3835,5000,2024-11-19,12,55,81107.76250270501,717,Self-Employed,0,2024-11,Good
7705,2430,10000,2024-07-16,12,32,46099.89951358488,806,Contractor,1,2024-07,Good
7706,6568,15000,2024-09-07,12,58,23172.899687356497,394,Employed,1,2024-09,Bad
7707,8006,10000,2024-07-10,12,61,65291.29269213114,607,Employed,1,2024-07,Good
7708,7790,10000,2024-11-15,36,30,68288.79100443739,797,Employed,0,2024-11,Good
7709,7463,5000,2024-05-04,12,45,41987.78030651054,417,Contractor,1,2024-05,Bad
7710,8885,10000,2024-02-06,12,63,45828.26187205221,536,Employed,0,2024-02,Good
7711,874,10000,2024-03-19,36,32,38943.21029881879,506,Employed,1,2024-03,Bad
7712,3097,15000,2024-04-13,24,68,67137.83324098997,727,Employed,0,2024-04,Good
7713,8950,10000,2024-05-30,12,43,71861.50444034603,715,Self-Employed,0,2024-05,Bad
7714,3625,15000,2024-08-21,36,65,91205.09919188189,720,Employed,0,2024-08,Good
7715,5554,10000,2024-03-13,36,66,69485.35427622103,691,Employed,0,2024-03,Bad
7716,1566,25000,2024-02-03,36,26,53468.32373754232,806,Self-Employed,0,2024-02,Good
7717,3117,25000,2024-12-28,36,55,106322.82628076055,691,Employed,0,2024-12,Bad
7718,8501,5000,2024-06-10,24,19,78148.60451562,821,Employed,0,2024-06,Bad
7719,8346,10000,2024-07-26,24,63,32206.58269387189,720,Employed,0,2024-07,Good
7720,9159,5000,2024-09-16,24,33,43442.32659590797,549,Employed,1,2024-09,Bad
7721,1164,15000,2024-12-02,12,59,54589.03916879936,300,Employed,1,2024-12,Bad
7722,2817,15000,2024-07-22,36,44,76122.3973752471,644,Self-Employed,0,2024-07,Good
7723,8577,10000,2024-07-15,12,57,83761.74654837737,767,Employed,0,2024-07,Good
7724,2796,10000,2024-08-17,36,33,20000.0,711,Self-Employed,1,2024-08,Good
7725,1057,25000,2024-04-09,36,41,96114.1290088814,547,Contractor,1,2024-04,Good
7726,9924,15000,2024-04-03,24,56,48462.802867962004,736,Employed,1,2024-04,Good
7727,7346,15000,2024-03-03,24,19,62695.854729463084,530,Employed,0,2024-03,Bad
7728,9862,15000,2024-11-29,12,43,80800.58059042554,747,Employed,0,2024-11,Good
7729,4077,5000,2024-07-12,36,19,88825.23745535125,750,Self-Employed,0,2024-07,Good
7730,3775,10000,2024-10-10,36,47,56101.62707282573,629,Employed,1,2024-10,Bad
7731,1460,15000,2024-10-03,12,55,62158.33277296412,754,Contractor,1,2024-10,Bad
7732,8134,15000,2024-07-25,24,65,32227.199823196002,685,Employed,0,2024-07,Good
7733,6,10000,2024-12-29,36,25,105238.01664439932,456,Self-Employed,0,2024-12,Bad
7734,4787,10000,2024-03-27,36,58,41876.85460701815,743,Employed,0,2024-03,Bad
7735,6939,5000,2024-05-17,36,19,51345.847394549506,629,Self-Employed,0,2024-05,Bad
7736,9834,25000,2024-01-26,24,64,20000.0,535,Employed,1,2024-01,Bad
7737,8169,15000,2024-10-16,24,68,72048.72184522628,829,Employed,0,2024-10,Bad
7738,8110,25000,2024-09-14,12,38,50256.01898332161,364,Employed,0,2024-09,Bad
7739,3830,10000,2024-06-20,24,66,53682.74628726167,609,Contractor,0,2024-06,Bad
7740,7035,25000,2024-08-26,24,27,84346.92933607055,767,Self-Employed,0,2024-08,Good
7741,5351,5000,2024-02-12,12,19,42654.58923545969,418,Employed,0,2024-02,Good
7742,5521,25000,2024-11-03,12,60,94959.21423433648,682,Self-Employed,0,2024-11,Good
7743,6871,15000,2024-04-19,36,64,41844.02218528623,688,Self-Employed,1,2024-04,Good
7744,4881,5000,2024-05-26,24,50,69955.43319302051,666,Employed,0,2024-05,Bad
7745,8809,10000,2024-05-02,12,63,114211.28223400726,646,Employed,0,2024-05,Bad
7746,9078,5000,2024-10-31,12,46,65994.9863529004,421,Contractor,0,2024-10,Bad
7747,2071,15000,2024-08-26,36,69,28375.631347377777,652,Employed,0,2024-08,Good
7748,6951,10000,2024-07-09,24,62,75829.60168178857,675,Employed,0,2024-07,Good
7749,161,25000,2024-04-25,36,69,60740.3558652951,541,Employed,0,2024-04,Good
7750,9410,15000,2024-06-05,24,38,50080.68809080962,681,Employed,0,2024-06,Bad
7751,4179,5000,2024-11-27,12,31,62447.423527714025,618,Employed,0,2024-11,Good
7752,168,5000,2024-07-25,36,62,60333.02594216388,593,Employed,1,2024-07,Good
7753,3913,5000,2024-02-22,24,59,36034.918408512865,416,Employed,0,2024-02,Good
7754,2703,10000,2024-04-07,12,62,81563.40083496533,770,Employed,0,2024-04,Good
7755,2603,5000,2024-01-28,36,25,56554.62264521493,553,Employed,0,2024-01,Bad
7756,4440,10000,2024-07-31,36,43,54847.24107441492,792,Employed,0,2024-07,Good
7757,4108,5000,2024-05-24,12,53,53876.34022761868,545,Employed,0,2024-05,Bad
7758,3606,5000,2024-09-01,24,25,40384.15782455112,827,Employed,0,2024-09,Bad
7759,9746,10000,2024-09-04,24,52,93375.9214275435,579,Self-Employed,0,2024-09,Bad
7760,450,10000,2024-12-03,36,42,58626.325739910266,452,Employed,0,2024-12,Bad
7761,4670,10000,2024-01-24,12,36,66807.20867812174,339,Self-Employed,1,2024-01,Bad
7762,4028,15000,2024-09-09,24,44,82112.15333882491,460,Employed,0,2024-09,Bad
7763,6735,25000,2024-12-09,24,46,56264.376234107316,795,Self-Employed,0,2024-12,Bad
7764,2538,5000,2024-11-27,24,61,58802.99702303342,499,Employed,1,2024-11,Good
7765,2710,15000,2024-02-05,36,23,80198.68917514385,416,Contractor,0,2024-02,Good
7766,2958,25000,2024-07-15,36,42,55956.904097665334,560,Employed,1,2024-07,Good
7767,2665,5000,2024-07-02,36,55,65296.56697951961,511,Employed,1,2024-07,Good
7768,1790,5000,2024-03-07,24,20,48357.66337766133,536,Employed,1,2024-03,Bad
7769,4103,5000,2024-02-02,12,57,59366.212873895005,333,Employed,1,2024-02,Good
7770,3235,25000,2024-06-15,12,47,39645.89454682579,413,Employed,0,2024-06,Bad
7771,319,5000,2024-12-05,12,57,56730.62759942368,482,Employed,0,2024-12,Bad
7772,2178,15000,2024-07-04,36,56,82173.91580246693,378,Employed,1,2024-07,Good
7773,429,5000,2024-01-12,24,30,58189.74958490782,643,Self-Employed,0,2024-01,Bad
7774,901,15000,2024-09-01,24,34,76433.10702716914,497,Employed,1,2024-09,Bad
7775,9813,10000,2024-03-24,12,49,79007.02234197385,353,Self-Employed,1,2024-03,Bad
7776,7423,25000,2024-12-02,24,53,44033.55906198538,481,Employed,0,2024-12,Bad
7777,749,15000,2024-02-12,12,37,46487.74734169604,680,Employed,0,2024-02,Good
7778,6145,5000,2024-04-16,36,34,70417.99105307208,720,Contractor,0,2024-04,Good
7779,4873,15000,2024-01-13,12,29,53557.88595802306,510,Contractor,1,2024-01,Bad
7780,4290,15000,2024-12-04,36,24,66114.2402722318,667,Self-Employed,1,2024-12,Bad
7781,7532,10000,2024-03-30,24,32,80097.92603708437,843,Employed,0,2024-03,Bad
7782,1028,25000,2024-04-25,24,39,42465.60800257063,485,Contractor,0,2024-04,Good
7783,1141,10000,2024-04-15,36,29,127304.59996501717,343,Self-Employed,1,2024-04,Good
7784,8101,25000,2024-06-21,24,68,42392.620333710256,406,Self-Employed,1,2024-06,Bad
7785,8430,10000,2024-12-10,36,24,87699.49394512834,305,Employed,1,2024-12,Bad
7786,4826,25000,2024-01-23,12,23,89815.70257448574,734,Employed,0,2024-01,Bad
7787,4554,5000,2024-10-17,36,34,29503.070893226773,545,Employed,1,2024-10,Bad
7788,1755,15000,2024-08-28,12,20,74560.83289231338,722,Employed,0,2024-08,Good
7789,6993,15000,2024-04-05,24,48,56089.32198687303,632,Employed,0,2024-04,Good
7790,1611,10000,2024-11-05,12,25,88949.84853700048,436,Self-Employed,0,2024-11,Good
7791,4440,5000,2024-05-04,12,43,54847.24107441492,792,Employed,1,2024-05,Bad
7792,9680,5000,2024-08-21,24,30,24652.46361302521,758,Employed,1,2024-08,Good
7793,4759,5000,2024-06-25,24,21,22471.48814331896,626,Employed,0,2024-06,Bad
7794,6520,10000,2024-03-10,12,64,47090.142657481345,404,Employed,1,2024-03,Bad
7795,246,25000,2024-07-24,36,34,64643.241176265285,378,Contractor,1,2024-07,Good
7796,9470,5000,2024-08-20,12,45,87043.6600190003,410,Self-Employed,1,2024-08,Good
7797,6843,5000,2024-04-29,24,45,100847.11170490674,702,Employed,0,2024-04,Good
7798,7059,25000,2024-10-19,36,33,89614.82237239492,413,Employed,1,2024-10,Bad
7799,1557,25000,2024-04-28,12,37,77633.42869118371,516,Self-Employed,0,2024-04,Good
7800,1558,5000,2024-01-22,24,36,78195.98374788968,569,Self-Employed,0,2024-01,Bad
7801,2223,10000,2024-09-05,36,57,80830.63275287734,677,Contractor,0,2024-09,Bad
7802,2333,10000,2024-07-30,24,29,65350.12418428452,404,Self-Employed,0,2024-07,Good
7803,8497,15000,2024-07-03,36,24,99503.082239635,846,Employed,0,2024-07,Good
7804,8985,15000,2024-11-22,12,18,82962.25743292824,741,Employed,0,2024-11,Good
7805,8599,15000,2024-07-06,36,36,117758.56630240944,598,Employed,0,2024-07,Good
7806,2967,10000,2024-07-01,36,30,48733.58446659513,558,Employed,1,2024-07,Good
7807,4003,15000,2024-02-10,12,45,108449.624628088,525,Contractor,0,2024-02,Good
7808,1361,5000,2024-01-28,36,49,98313.7866916282,612,Employed,0,2024-01,Bad
7809,9246,10000,2024-10-13,12,38,30922.422985460158,316,Employed,1,2024-10,Bad
7810,440,10000,2024-01-21,24,68,35040.19687619887,357,Employed,1,2024-01,Bad
7811,4354,15000,2024-03-14,24,29,32188.31741378625,356,Self-Employed,1,2024-03,Bad
7812,783,5000,2024-11-02,24,34,52809.16447612593,674,Employed,1,2024-11,Good
7813,2611,5000,2024-02-05,12,40,49934.39238463606,400,Self-Employed,0,2024-02,Good
7814,234,10000,2024-01-19,12,49,77983.9686409472,303,Employed,0,2024-01,Bad
7815,6667,10000,2024-09-18,12,32,101298.16580786805,613,Employed,0,2024-09,Bad
7816,4489,15000,2024-06-24,12,27,27354.189866734487,398,Employed,1,2024-06,Bad
7817,8654,5000,2024-01-15,24,45,87597.28501590004,466,Employed,1,2024-01,Bad
7818,1752,10000,2024-04-19,12,43,45939.551234927145,376,Employed,1,2024-04,Good
7819,839,25000,2024-04-18,24,27,54153.16342552027,468,Employed,0,2024-04,Good
7820,3210,5000,2024-05-03,36,53,86152.96173239834,530,Contractor,1,2024-05,Bad
7821,2785,25000,2024-10-31,36,26,39257.59400917349,330,Employed,1,2024-10,Bad
7822,5595,10000,2024-01-18,24,67,40151.97677061517,676,Employed,1,2024-01,Bad
7823,1352,15000,2024-03-24,36,66,20000.0,492,Employed,0,2024-03,Bad
7824,206,10000,2024-07-11,24,50,77625.52720684417,815,Employed,0,2024-07,Good
7825,1095,10000,2024-07-06,12,66,106332.74092946327,390,Self-Employed,0,2024-07,Good
7826,185,25000,2024-06-12,24,61,65784.8966383194,834,Employed,0,2024-06,Bad
7827,6746,10000,2024-07-28,12,62,49324.303704240134,324,Employed,1,2024-07,Good
7828,6903,15000,2024-01-20,36,47,36590.62083240357,806,Contractor,1,2024-01,Bad
7829,5503,25000,2024-09-07,24,28,56621.42153054519,796,Self-Employed,0,2024-09,Bad
7830,6689,25000,2024-04-22,12,63,89843.50657169893,757,Employed,0,2024-04,Good
7831,5779,15000,2024-11-12,24,57,100107.90704987381,420,Employed,0,2024-11,Good
7832,2730,25000,2024-12-22,24,19,20000.0,681,Self-Employed,0,2024-12,Bad
7833,7894,15000,2024-11-10,24,65,72970.67608948826,310,Employed,1,2024-11,Good
7834,314,25000,2024-05-29,36,28,54283.636827086666,347,Employed,1,2024-05,Bad
7835,8420,10000,2024-11-19,12,56,66717.01774126347,320,Employed,1,2024-11,Good
7836,6802,10000,2024-09-16,36,66,66948.43241395525,326,Self-Employed,0,2024-09,Bad
7837,3094,5000,2024-03-23,12,37,73023.25154814144,655,Employed,0,2024-03,Bad
7838,4096,25000,2024-11-09,24,53,63719.10411169521,507,Contractor,0,2024-11,Good
7839,2740,15000,2024-02-27,36,69,52384.156442769134,537,Contractor,1,2024-02,Good
7840,927,15000,2024-02-23,12,25,132575.6891101271,355,Employed,1,2024-02,Good
7841,3337,25000,2024-01-28,12,27,59481.78107604084,762,Employed,0,2024-01,Bad
7842,3122,10000,2024-12-26,36,34,82868.2931879425,303,Employed,0,2024-12,Bad
7843,6886,15000,2024-07-23,12,65,39031.63914593325,452,Employed,0,2024-07,Good
7844,7543,5000,2024-02-26,12,58,56984.38809232971,473,Employed,0,2024-02,Good
7845,2356,15000,2024-03-04,24,42,71938.8128373383,334,Employed,0,2024-03,Bad
7846,8729,15000,2024-04-01,12,67,66725.08751842653,409,Self-Employed,1,2024-04,Good
7847,7375,15000,2024-10-12,12,40,85402.02610284847,678,Employed,0,2024-10,Bad
7848,4171,5000,2024-12-07,36,27,63227.36593681578,802,Employed,0,2024-12,Bad
7849,5773,5000,2024-01-23,12,35,43735.865262414154,375,Employed,1,2024-01,Bad
7850,9634,15000,2024-01-18,24,22,75056.55861660943,437,Employed,0,2024-01,Bad
7851,3400,5000,2024-09-10,36,35,99362.12453568898,764,Contractor,0,2024-09,Bad
7852,5696,10000,2024-03-21,36,47,53016.15143359789,750,Employed,0,2024-03,Bad
7853,6738,15000,2024-06-30,12,50,87696.30962274675,658,Self-Employed,0,2024-06,Bad
7854,7930,5000,2024-12-16,36,45,57422.68200770685,508,Employed,1,2024-12,Bad
7855,609,5000,2024-05-15,36,66,54724.37658742067,312,Employed,0,2024-05,Bad
7856,612,5000,2024-04-16,36,53,117066.50805274493,750,Self-Employed,0,2024-04,Good
7857,1021,10000,2024-05-13,24,20,61200.815442099025,542,Contractor,1,2024-05,Bad
7858,241,5000,2024-07-18,24,49,58559.48786222515,698,Employed,0,2024-07,Good
7859,2053,25000,2024-09-10,12,33,86974.09932676629,565,Employed,1,2024-09,Bad
7860,5335,25000,2024-10-22,24,59,87412.49175500416,560,Employed,0,2024-10,Bad
7861,1603,10000,2024-06-27,12,25,82578.50493090122,358,Employed,0,2024-06,Bad
7862,4490,10000,2024-02-16,36,63,63752.24417397095,481,Employed,0,2024-02,Good
7863,9607,5000,2024-08-10,24,40,40648.49607704446,430,Employed,0,2024-08,Good
7864,369,10000,2024-04-24,24,65,40855.43417840102,401,Self-Employed,1,2024-04,Good
7865,2077,5000,2024-11-21,24,56,131672.63055800024,389,Self-Employed,1,2024-11,Good
7866,9639,5000,2024-07-14,24,41,77602.34579859854,524,Self-Employed,1,2024-07,Good
7867,7110,5000,2024-09-05,36,44,28722.400338331536,799,Employed,0,2024-09,Bad
7868,8201,25000,2024-08-13,36,48,52293.37134791699,532,Employed,1,2024-08,Good
7869,3517,25000,2024-10-09,24,23,81908.92619187271,639,Contractor,0,2024-10,Bad
7870,4430,15000,2024-02-23,36,32,41173.98841587875,741,Self-Employed,0,2024-02,Good
7871,5046,10000,2024-05-21,36,64,59135.52425952031,303,Employed,1,2024-05,Bad
7872,8585,25000,2024-08-20,36,61,79341.42408191788,661,Self-Employed,0,2024-08,Good
7873,1852,10000,2024-05-29,12,62,47987.6488058988,446,Employed,1,2024-05,Bad
7874,5428,5000,2024-07-15,24,18,82846.93610225344,644,Self-Employed,0,2024-07,Good
7875,8971,10000,2024-02-25,12,55,102110.85096100572,642,Employed,1,2024-02,Good
7876,3432,5000,2024-12-29,12,29,43725.62298296088,452,Employed,0,2024-12,Bad
7877,9891,10000,2024-07-28,36,67,86891.40908070591,577,Employed,1,2024-07,Good
7878,4483,25000,2024-11-11,12,22,92772.77861836083,517,Contractor,0,2024-11,Good
7879,6253,10000,2024-02-20,36,47,69508.46726659719,825,Self-Employed,0,2024-02,Good
7880,6483,5000,2024-05-07,36,59,59333.44490690001,337,Employed,1,2024-05,Bad
7881,3272,25000,2024-09-13,12,65,27002.68000952538,808,Self-Employed,0,2024-09,Bad
7882,3509,5000,2024-01-12,24,33,74897.85552395113,347,Employed,1,2024-01,Bad
7883,6977,5000,2024-01-24,24,60,55198.80543332214,801,Employed,0,2024-01,Bad
7884,3893,25000,2024-05-05,36,29,100845.82096649612,832,Self-Employed,1,2024-05,Bad
7885,3112,10000,2024-11-26,12,38,87700.56656340478,596,Employed,0,2024-11,Good
7886,4318,15000,2024-06-19,24,20,53544.42426858748,582,Employed,0,2024-06,Bad
7887,1867,15000,2024-04-14,12,30,52345.2734728666,650,Self-Employed,0,2024-04,Good
7888,9245,10000,2024-08-08,12,43,68674.80710721388,445,Employed,0,2024-08,Good
7889,927,10000,2024-02-26,12,25,132575.6891101271,355,Employed,0,2024-02,Good
7890,3773,25000,2024-05-28,36,19,84505.04302965188,320,Employed,0,2024-05,Bad
7891,5928,5000,2024-02-09,36,49,77700.307276365,686,Employed,0,2024-02,Good
7892,2096,25000,2024-02-02,36,58,90055.90416757314,342,Contractor,1,2024-02,Good
7893,9019,25000,2024-06-09,24,43,63726.443023414926,363,Employed,0,2024-06,Bad
7894,4696,5000,2024-04-17,12,66,83829.74874331371,669,Employed,1,2024-04,Good
7895,770,5000,2024-03-05,36,45,67074.68547031275,823,Self-Employed,1,2024-03,Bad
7896,6715,10000,2024-03-16,12,56,24079.953392230214,376,Employed,0,2024-03,Bad
7897,8649,5000,2024-02-15,12,18,80947.45790649812,797,Self-Employed,0,2024-02,Good
7898,9265,5000,2024-12-29,36,68,36775.918371670865,348,Employed,0,2024-12,Bad
7899,2776,10000,2024-08-22,24,36,20000.0,485,Employed,1,2024-08,Good
7900,5368,25000,2024-04-23,36,69,65153.28626088067,587,Contractor,0,2024-04,Good
7901,6434,15000,2024-11-03,12,23,43338.80575119004,393,Employed,1,2024-11,Good
7902,4631,5000,2024-05-03,12,22,89481.49360717407,735,Self-Employed,0,2024-05,Bad
7903,7699,25000,2024-10-12,24,39,73702.38229468362,827,Employed,0,2024-10,Bad
7904,5503,25000,2024-05-22,36,28,56621.42153054519,796,Self-Employed,0,2024-05,Bad
7905,2972,15000,2024-05-16,12,49,78533.03235020695,565,Employed,0,2024-05,Bad
7906,4401,5000,2024-09-03,12,50,43917.54221787619,803,Employed,0,2024-09,Bad
7907,1643,25000,2024-10-14,12,48,92992.19446383453,573,Employed,0,2024-10,Bad
7908,1018,25000,2024-03-12,12,42,92295.13347686615,331,Employed,1,2024-03,Bad
7909,4043,5000,2024-10-09,36,62,37036.912894709196,521,Employed,0,2024-10,Bad
7910,9656,5000,2024-02-11,36,19,42042.09656678997,608,Employed,1,2024-02,Good
7911,1512,25000,2024-09-20,36,40,48383.72256244844,395,Employed,1,2024-09,Bad
7912,5618,10000,2024-08-08,36,28,68387.28430791905,672,Employed,1,2024-08,Good
7913,6276,10000,2024-09-23,36,35,60766.77857212382,477,Employed,1,2024-09,Bad
7914,4472,25000,2024-08-30,24,58,69205.76352959235,429,Employed,0,2024-08,Good
7915,1722,5000,2024-02-13,36,32,75542.92332507743,707,Employed,0,2024-02,Good
7916,687,5000,2024-10-15,12,67,71827.96085734111,786,Employed,0,2024-10,Bad
7917,4467,10000,2024-03-07,36,66,80230.97077224382,717,Self-Employed,0,2024-03,Bad
7918,4251,10000,2024-11-06,24,27,71102.46108755967,464,Employed,0,2024-11,Good
7919,6389,15000,2024-09-25,12,63,111753.46732053263,783,Employed,0,2024-09,Bad
7920,3278,10000,2024-02-05,24,31,45951.46904662291,331,Self-Employed,1,2024-02,Good
7921,5956,5000,2024-03-27,12,34,47875.096246840185,614,Employed,0,2024-03,Bad
7922,3500,10000,2024-01-26,12,22,72658.68834830057,415,Self-Employed,1,2024-01,Bad
7923,1445,25000,2024-10-20,36,35,52078.82792065429,726,Self-Employed,0,2024-10,Bad
7924,8280,15000,2024-04-09,24,26,55834.9357540314,647,Employed,0,2024-04,Good
7925,1530,15000,2024-05-30,24,45,62542.2538136406,811,Employed,0,2024-05,Bad
7926,3186,5000,2024-05-15,12,20,88141.91894284674,650,Employed,0,2024-05,Bad
7927,13,25000,2024-09-26,36,41,38394.49982956628,336,Contractor,0,2024-09,Bad
7928,5277,10000,2024-10-06,12,42,77563.65616135455,488,Employed,0,2024-10,Bad
7929,8512,15000,2024-04-10,24,55,39528.938265633704,811,Contractor,0,2024-04,Good
7930,4388,15000,2024-06-01,12,33,54150.23844460108,698,Employed,0,2024-06,Bad
7931,4869,25000,2024-04-27,36,29,52884.28588499797,817,Employed,0,2024-04,Good
7932,9876,15000,2024-08-26,24,66,44674.42869577944,469,Employed,1,2024-08,Good
7933,5597,25000,2024-01-17,12,50,112516.22604305217,502,Employed,0,2024-01,Bad
7934,5771,5000,2024-05-11,36,52,55310.47771861075,391,Employed,0,2024-05,Bad
7935,4254,15000,2024-09-07,24,38,51714.714971539375,512,Employed,1,2024-09,Bad
7936,8576,10000,2024-03-25,36,58,65687.19083402032,583,Employed,0,2024-03,Bad
7937,6200,25000,2024-07-30,12,53,108262.94879569896,454,Self-Employed,1,2024-07,Good
7938,1097,5000,2024-12-30,24,64,70996.44364623242,468,Self-Employed,0,2024-12,Bad
7939,970,10000,2024-04-14,36,43,53244.91653036722,312,Employed,1,2024-04,Good
7940,6904,25000,2024-12-02,24,67,70791.20179027307,460,Employed,0,2024-12,Bad
7941,2521,10000,2024-04-08,12,67,62253.39692245161,370,Employed,0,2024-04,Good
7942,3252,15000,2024-02-10,12,62,110814.03100890032,431,Employed,1,2024-02,Good
7943,194,5000,2024-02-29,36,18,67519.77681612015,341,Employed,1,2024-02,Good
7944,7552,25000,2024-03-27,24,30,73189.81827857393,328,Employed,1,2024-03,Bad
7945,1253,25000,2024-02-12,12,23,44945.014799120516,683,Employed,0,2024-02,Good
7946,795,5000,2024-11-03,36,35,69490.55681579809,555,Employed,1,2024-11,Good
7947,1627,10000,2024-01-21,36,40,34419.49424845175,372,Employed,1,2024-01,Bad
7948,5191,5000,2024-05-31,36,30,89696.53956016272,642,Employed,0,2024-05,Bad
7949,8283,5000,2024-05-01,24,54,42389.98744172826,688,Employed,0,2024-05,Bad
7950,7244,5000,2024-06-20,12,65,49804.75049925856,556,Employed,1,2024-06,Bad
7951,7365,5000,2024-07-29,12,30,71262.85509388993,457,Employed,1,2024-07,Good
7952,4173,15000,2024-05-12,24,53,21386.677784848645,693,Employed,0,2024-05,Bad
7953,1321,25000,2024-10-26,12,51,122297.78167046714,702,Self-Employed,0,2024-10,Bad
7954,3460,10000,2024-08-06,36,26,64598.64901878535,365,Contractor,1,2024-08,Good
7955,2370,10000,2024-11-29,36,36,46574.26597118257,354,Employed,0,2024-11,Good
7956,2469,5000,2024-03-05,24,59,42113.074272742684,626,Employed,0,2024-03,Bad
7957,9850,5000,2024-06-07,36,53,59011.89207722329,388,Employed,0,2024-06,Bad
7958,4038,10000,2024-10-27,12,68,85648.08957576632,324,Employed,1,2024-10,Bad
7959,346,10000,2024-04-23,12,50,75395.9209071515,604,Employed,1,2024-04,Good
7960,1665,15000,2024-03-14,24,61,25514.09253206003,577,Employed,0,2024-03,Bad
7961,3874,5000,2024-11-06,36,36,96731.3917974655,339,Employed,0,2024-11,Good
7962,650,10000,2024-02-29,12,64,46270.70683491895,680,Employed,1,2024-02,Good
7963,5381,25000,2024-09-10,12,34,79777.26328313054,607,Employed,0,2024-09,Bad
7964,7852,15000,2024-08-30,12,49,116008.66497266223,514,Employed,0,2024-08,Good
7965,6293,15000,2024-04-24,36,21,81528.82321653367,742,Self-Employed,0,2024-04,Good
7966,1913,5000,2024-10-21,12,39,59994.968642490756,450,Employed,0,2024-10,Bad
7967,7197,15000,2024-04-13,36,43,106910.58544610185,557,Self-Employed,1,2024-04,Good
7968,6096,15000,2024-02-17,12,55,50297.28502689226,558,Employed,0,2024-02,Good
7969,8051,25000,2024-03-20,36,68,88578.98002500416,404,Employed,0,2024-03,Bad
7970,8059,15000,2024-01-27,12,44,67336.46229415882,359,Employed,1,2024-01,Bad
7971,5681,25000,2024-09-28,36,32,65939.08378452779,342,Self-Employed,1,2024-09,Bad
7972,3261,15000,2024-08-20,24,50,28837.544911482815,658,Contractor,0,2024-08,Good
7973,2113,15000,2024-09-10,24,20,49228.86123022859,696,Employed,0,2024-09,Bad
7974,9675,5000,2024-12-30,24,20,22948.317907555363,651,Self-Employed,0,2024-12,Bad
7975,8868,5000,2024-12-12,12,23,80155.92983740722,387,Employed,1,2024-12,Bad
7976,476,5000,2024-05-16,36,33,42376.30417654834,777,Employed,1,2024-05,Bad
7977,326,5000,2024-06-01,12,46,52350.84502530361,746,Employed,0,2024-06,Bad
7978,7687,10000,2024-12-09,36,37,23200.688205186205,824,Employed,0,2024-12,Bad
7979,3264,5000,2024-02-27,36,23,64370.28291176301,400,Employed,0,2024-02,Good
7980,8040,5000,2024-08-07,12,51,75131.00063872864,592,Employed,0,2024-08,Good
7981,2136,5000,2024-01-18,36,23,43651.6772884986,757,Contractor,1,2024-01,Bad
7982,4254,15000,2024-03-30,24,38,51714.714971539375,512,Employed,0,2024-03,Bad
7983,9489,15000,2024-11-25,12,19,46825.12935707358,465,Contractor,0,2024-11,Good
7984,5036,15000,2024-06-25,24,67,51530.37905381528,623,Self-Employed,1,2024-06,Bad
7985,8136,5000,2024-02-13,24,53,91877.58634522348,570,Employed,1,2024-02,Good
7986,282,25000,2024-07-21,24,42,65400.63205737901,458,Employed,1,2024-07,Good
7987,657,10000,2024-04-19,12,38,34189.2190209,474,Employed,0,2024-04,Good
7988,2211,25000,2024-07-11,24,37,28487.477514537808,370,Employed,1,2024-07,Good
7989,9093,25000,2024-12-02,12,68,71537.96491814575,300,Self-Employed,1,2024-12,Bad
7990,7469,25000,2024-05-07,12,43,48808.68109054886,352,Employed,0,2024-05,Bad
7991,144,25000,2024-01-10,24,20,34137.2000394401,547,Employed,0,2024-01,Bad
7992,3370,10000,2024-11-14,36,59,38597.21077032284,530,Employed,0,2024-11,Good
7993,3934,25000,2024-04-03,36,69,66643.44150118218,508,Employed,1,2024-04,Good
7994,7356,5000,2024-10-28,12,20,45922.34116386311,666,Employed,1,2024-10,Bad
7995,2536,25000,2024-08-12,24,66,42209.56744615243,676,Contractor,0,2024-08,Good
7996,9606,10000,2024-09-14,12,55,103178.30960387827,389,Self-Employed,1,2024-09,Bad
7997,9236,10000,2024-08-11,36,39,105047.46978974954,523,Employed,0,2024-08,Good
7998,650,25000,2024-09-15,12,64,46270.70683491895,680,Employed,0,2024-09,Bad
7999,4761,5000,2024-02-05,12,69,71612.04212378435,572,Employed,0,2024-02,Good
8000,3292,25000,2024-09-17,36,38,45395.90354100418,445,Employed,0,2024-09,Bad
8001,7122,15000,2024-10-02,24,65,63958.499415466635,411,Contractor,1,2024-10,Bad
8002,8365,10000,2024-09-15,36,60,130632.63950672279,317,Self-Employed,1,2024-09,Bad
8003,3022,25000,2024-09-15,24,39,35653.16684234928,554,Employed,0,2024-09,Bad
8004,2049,15000,2024-12-21,24,29,45441.151937450166,497,Employed,1,2024-12,Bad
8005,5324,5000,2024-11-21,36,45,94915.67802068105,318,Employed,1,2024-11,Good
8006,1895,15000,2024-08-15,12,32,86803.82764210137,667,Employed,0,2024-08,Good
8007,5321,10000,2024-03-28,12,57,77228.26391623219,571,Contractor,0,2024-03,Bad
8008,3977,15000,2024-10-29,36,34,24919.578834647597,324,Contractor,1,2024-10,Bad
8009,409,15000,2024-04-11,24,40,104343.35541387767,565,Employed,0,2024-04,Good
8010,3376,15000,2024-10-19,36,40,70727.37079115948,732,Employed,0,2024-10,Bad
8011,6888,5000,2024-01-08,12,55,37928.986778291415,701,Employed,0,2024-01,Bad
8012,7900,5000,2024-04-11,12,35,30903.301659266464,847,Self-Employed,1,2024-04,Good
8013,578,5000,2024-04-22,24,63,59913.47147299238,734,Employed,0,2024-04,Good
8014,8146,5000,2024-07-26,36,61,64088.81699354906,594,Contractor,0,2024-07,Good
8015,4178,25000,2024-12-28,12,67,93791.63957618689,685,Contractor,0,2024-12,Bad
8016,603,15000,2024-02-14,36,53,20000.0,842,Self-Employed,0,2024-02,Good
8017,3756,10000,2024-01-10,36,56,36609.10238105427,775,Employed,1,2024-01,Bad
8018,6691,15000,2024-12-07,36,49,54503.82510421928,313,Employed,1,2024-12,Bad
8019,4070,25000,2024-08-19,24,60,34731.43433427089,310,Employed,1,2024-08,Good
8020,6321,15000,2024-08-20,12,27,48382.47737122465,721,Employed,0,2024-08,Good
8021,5335,15000,2024-12-08,24,59,87412.49175500416,560,Employed,0,2024-12,Bad
8022,9180,10000,2024-06-17,12,35,46957.588649613936,615,Employed,0,2024-06,Bad
8023,4237,10000,2024-09-24,12,36,62920.70570163451,713,Self-Employed,0,2024-09,Bad
8024,4235,10000,2024-08-24,36,68,105324.45426482636,619,Employed,0,2024-08,Good
8025,3119,15000,2024-09-20,36,21,64174.36840701099,720,Employed,0,2024-09,Bad
8026,1084,25000,2024-10-27,12,68,68147.53470987397,600,Employed,0,2024-10,Bad
8027,9780,5000,2024-03-28,36,44,95238.28502840671,382,Employed,0,2024-03,Bad
8028,1085,5000,2024-06-02,36,62,86278.10245950596,784,Employed,0,2024-06,Bad
8029,1750,15000,2024-12-07,36,60,76430.32659231285,559,Employed,1,2024-12,Bad
8030,3167,5000,2024-04-16,24,23,32671.94373987574,477,Employed,1,2024-04,Good
8031,9848,5000,2024-08-04,24,31,75384.49056264975,381,Employed,1,2024-08,Good
8032,3547,15000,2024-06-07,12,40,20514.026864414227,803,Employed,0,2024-06,Bad
8033,8232,15000,2024-11-07,36,30,60843.94819197924,833,Employed,0,2024-11,Good
8034,1351,25000,2024-12-19,36,57,60399.19002002493,446,Employed,1,2024-12,Bad
8035,1995,5000,2024-02-06,36,44,78775.4265056575,479,Employed,0,2024-02,Good
8036,6581,15000,2024-03-12,24,51,50566.44960729165,458,Employed,1,2024-03,Bad
8037,744,5000,2024-04-30,12,28,62561.865406359415,582,Employed,0,2024-04,Good
8038,3283,10000,2024-06-20,36,20,20796.724182332044,500,Employed,1,2024-06,Bad
8039,4134,10000,2024-08-14,24,19,40576.35651545295,645,Employed,1,2024-08,Good
8040,6612,25000,2024-08-04,24,45,97447.91264151905,457,Employed,0,2024-08,Good
8041,9299,15000,2024-04-04,36,67,69799.84471555668,772,Employed,0,2024-04,Good
8042,3428,5000,2024-06-25,36,63,58373.37507778552,848,Employed,0,2024-06,Bad
8043,8822,10000,2024-03-27,24,30,46227.49085110454,332,Contractor,1,2024-03,Bad
8044,4911,15000,2024-04-11,24,46,69507.62628343758,839,Employed,0,2024-04,Good
8045,3986,10000,2024-11-19,12,38,43813.15273587339,657,Self-Employed,0,2024-11,Good
8046,5757,10000,2024-12-21,24,57,53490.191683583624,656,Employed,0,2024-12,Bad
8047,7444,15000,2024-05-06,24,44,71861.70839091412,329,Contractor,1,2024-05,Bad
8048,492,10000,2024-03-10,12,18,63303.21545751295,690,Employed,0,2024-03,Bad
8049,6442,15000,2024-08-10,24,53,105092.54638667326,713,Employed,0,2024-08,Good
8050,7977,25000,2024-09-16,24,45,65262.19956684689,405,Self-Employed,0,2024-09,Bad
8051,4154,15000,2024-10-03,12,46,74882.68131623327,630,Employed,0,2024-10,Bad
8052,9675,10000,2024-10-24,12,20,22948.317907555363,651,Self-Employed,0,2024-10,Bad
8053,1950,10000,2024-03-24,36,28,46231.759824860026,409,Employed,1,2024-03,Bad
8054,5494,5000,2024-05-13,24,44,79383.91811300314,523,Employed,0,2024-05,Bad
8055,3134,25000,2024-09-11,36,51,98621.35077951736,543,Employed,1,2024-09,Bad
8056,2135,10000,2024-01-11,12,35,64122.58833038514,776,Employed,0,2024-01,Bad
8057,611,25000,2024-07-28,24,65,55531.004084922664,393,Employed,1,2024-07,Good
8058,7567,5000,2024-03-13,12,25,72998.19654611933,545,Employed,0,2024-03,Bad
8059,9340,25000,2024-05-19,24,22,88048.4150321339,700,Employed,0,2024-05,Bad
8060,6118,15000,2024-10-13,36,48,57880.11108381417,420,Employed,1,2024-10,Bad
8061,4742,25000,2024-06-07,24,38,87296.94086425686,776,Employed,0,2024-06,Bad
8062,2562,10000,2024-06-19,12,20,84705.10351992966,727,Employed,1,2024-06,Bad
8063,7046,10000,2024-07-04,24,36,72531.06200228476,810,Self-Employed,0,2024-07,Good
8064,829,15000,2024-02-19,36,34,67175.41200980966,483,Employed,1,2024-02,Good
8065,1696,10000,2024-09-03,36,46,39803.302169446746,802,Self-Employed,1,2024-09,Bad
8066,5775,5000,2024-12-19,36,56,100850.02509326153,526,Employed,0,2024-12,Bad
8067,3466,10000,2024-07-26,12,61,72901.69674324879,835,Self-Employed,0,2024-07,Good
8068,266,5000,2024-02-10,24,43,59715.394254550774,638,Employed,0,2024-02,Good
8069,1290,25000,2024-04-21,24,40,68312.42858739114,660,Employed,0,2024-04,Good
8070,5412,25000,2024-07-22,12,43,60643.32413832686,322,Self-Employed,0,2024-07,Good
8071,473,10000,2024-07-23,36,52,51510.21948157171,506,Self-Employed,1,2024-07,Good
8072,6543,10000,2024-06-20,12,67,36162.936727783905,678,Employed,0,2024-06,Bad
8073,5193,15000,2024-05-06,24,63,87944.20494487844,791,Employed,0,2024-05,Bad
8074,1897,25000,2024-03-06,24,54,85602.57242139264,478,Employed,1,2024-03,Bad
8075,3155,5000,2024-09-27,24,47,26174.11805400448,448,Employed,0,2024-09,Bad
8076,6318,15000,2024-02-03,24,58,63941.702608494685,666,Employed,1,2024-02,Good
8077,9082,15000,2024-07-16,24,65,67028.59579624051,687,Self-Employed,0,2024-07,Good
8078,1612,25000,2024-02-13,36,42,81588.64046246087,329,Employed,1,2024-02,Good
8079,6435,15000,2024-09-09,12,53,87669.60666688574,556,Self-Employed,1,2024-09,Bad
8080,4477,5000,2024-06-09,36,44,55123.828695760814,634,Employed,0,2024-06,Bad
8081,8378,15000,2024-11-30,24,33,78491.36935862676,305,Employed,1,2024-11,Good
8082,3334,5000,2024-12-20,36,64,70996.81880711812,470,Employed,1,2024-12,Bad
8083,2227,5000,2024-12-13,12,40,20000.0,366,Employed,1,2024-12,Bad
8084,3214,10000,2024-12-27,24,56,130916.72854863972,379,Employed,0,2024-12,Bad
8085,4016,25000,2024-04-27,36,61,72612.30504200362,630,Self-Employed,0,2024-04,Good
8086,1292,25000,2024-10-22,12,63,31987.66391487421,595,Employed,0,2024-10,Bad
8087,2518,25000,2024-09-18,36,44,99138.16156315664,758,Self-Employed,1,2024-09,Bad
8088,8050,25000,2024-03-15,36,47,49372.31448265868,424,Employed,0,2024-03,Bad
8089,2155,5000,2024-01-14,12,38,25714.500041542487,714,Contractor,0,2024-01,Bad
8090,7605,25000,2024-01-05,24,26,72328.93063307421,686,Employed,0,2024-01,Bad
8091,3103,25000,2024-10-27,36,64,70954.2826534907,701,Employed,0,2024-10,Bad
8092,3619,5000,2024-07-05,24,28,127636.22263392234,738,Self-Employed,0,2024-07,Good
8093,3844,10000,2024-07-19,12,55,55564.41497174176,833,Employed,0,2024-07,Good
8094,521,25000,2024-10-25,24,69,78359.12246590959,632,Employed,0,2024-10,Bad
8095,1645,15000,2024-09-07,36,69,56517.220321546025,712,Employed,1,2024-09,Bad
8096,655,10000,2024-06-03,36,42,38609.01275503509,793,Employed,0,2024-06,Bad
8097,42,10000,2024-07-15,12,54,100354.68220827726,331,Contractor,0,2024-07,Good
8098,3785,10000,2024-03-09,36,66,40449.512569727376,475,Employed,1,2024-03,Bad
8099,3952,25000,2024-02-17,36,59,88589.94440682365,681,Employed,0,2024-02,Good
8100,5421,5000,2024-09-05,12,66,112190.62801565012,488,Employed,0,2024-09,Bad
8101,1514,25000,2024-08-19,24,39,85231.61745604964,562,Employed,1,2024-08,Good
8102,4767,25000,2024-04-20,24,66,72874.29678888331,350,Contractor,1,2024-04,Good
8103,3737,10000,2024-11-24,24,63,82342.65281340462,807,Employed,0,2024-11,Good
8104,9473,5000,2024-10-07,24,40,49617.15294815731,519,Employed,1,2024-10,Bad
8105,4925,25000,2024-05-15,36,44,68933.66419182695,666,Contractor,0,2024-05,Bad
8106,7893,25000,2024-03-18,24,67,61154.780552974116,613,Self-Employed,0,2024-03,Bad
8107,8412,25000,2024-08-18,12,43,83139.75438705804,657,Contractor,0,2024-08,Good
8108,4010,25000,2024-09-11,12,23,78271.67905167872,599,Contractor,0,2024-09,Bad
8109,4960,5000,2024-06-08,24,20,98362.65333344595,510,Contractor,0,2024-06,Bad
8110,1630,5000,2024-03-01,36,39,87057.16231498039,305,Employed,1,2024-03,Bad
8111,7227,5000,2024-03-27,12,64,67780.58337102145,802,Employed,0,2024-03,Bad
8112,3250,15000,2024-01-01,12,61,79625.53330719496,688,Employed,0,2024-01,Bad
8113,461,5000,2024-04-20,36,25,22452.444249541615,739,Contractor,1,2024-04,Good
8114,290,5000,2024-06-07,12,33,33160.36128508502,427,Employed,1,2024-06,Bad
8115,9328,10000,2024-08-21,24,55,79862.72506578674,705,Employed,0,2024-08,Good
8116,224,25000,2024-03-10,24,66,70041.32262823137,620,Employed,0,2024-03,Bad
8117,2446,25000,2024-12-29,24,42,75203.39781945891,696,Employed,0,2024-12,Bad
8118,7328,10000,2024-03-21,36,21,37813.0457971908,596,Self-Employed,1,2024-03,Bad
8119,454,5000,2024-07-20,12,69,52550.95382955395,645,Employed,0,2024-07,Good
8120,2047,25000,2024-04-02,12,58,63318.063377161634,350,Employed,1,2024-04,Good
8121,5912,15000,2024-12-27,36,31,76035.49399732376,710,Self-Employed,0,2024-12,Bad
8122,8883,15000,2024-03-12,24,40,65997.66736299403,412,Employed,1,2024-03,Bad
8123,5480,10000,2024-02-26,24,28,46729.67185978117,402,Employed,1,2024-02,Good
8124,9041,15000,2024-01-11,36,43,64466.69045922281,669,Contractor,0,2024-01,Bad
8125,3387,10000,2024-05-25,12,41,46231.991637679675,441,Employed,1,2024-05,Bad
8126,4702,15000,2024-05-27,24,48,71732.65473905846,413,Employed,1,2024-05,Bad
8127,4825,15000,2024-07-26,24,36,103947.63580795893,790,Contractor,0,2024-07,Good
8128,6166,15000,2024-03-31,12,52,50299.53702407583,357,Employed,1,2024-03,Bad
8129,2469,10000,2024-03-27,24,59,42113.074272742684,626,Employed,1,2024-03,Bad
8130,6091,25000,2024-04-18,12,28,110768.59562078155,711,Contractor,0,2024-04,Good
8131,9621,10000,2024-10-09,12,20,84917.10400229049,453,Self-Employed,1,2024-10,Bad
8132,5775,5000,2024-07-23,24,56,100850.02509326153,526,Employed,0,2024-07,Good
8133,2316,5000,2024-04-06,24,64,62391.03876404784,821,Self-Employed,0,2024-04,Good
8134,3926,15000,2024-09-21,12,23,64257.78024285054,336,Employed,1,2024-09,Bad
8135,739,15000,2024-09-25,36,62,56990.373514080144,543,Self-Employed,1,2024-09,Bad
8136,5226,25000,2024-09-20,36,31,62313.87795514376,599,Employed,0,2024-09,Bad
8137,4752,25000,2024-04-23,24,26,47698.37003338271,825,Contractor,0,2024-04,Good
8138,7797,25000,2024-11-07,12,32,90968.17648605458,846,Employed,0,2024-11,Good
8139,2219,15000,2024-08-06,12,52,59499.54930850815,388,Employed,0,2024-08,Good
8140,7916,10000,2024-08-20,12,66,49159.003352235566,794,Employed,0,2024-08,Good
8141,6544,15000,2024-04-06,36,60,55749.084685795075,760,Self-Employed,0,2024-04,Good
8142,7107,5000,2024-01-07,24,35,128651.3633985698,555,Self-Employed,1,2024-01,Bad
8143,875,15000,2024-03-17,24,54,79260.52933401988,334,Contractor,0,2024-03,Bad
8144,8527,25000,2024-05-07,36,34,116352.38957309109,547,Employed,1,2024-05,Bad
8145,5988,5000,2024-07-02,12,57,79878.27964784422,610,Contractor,0,2024-07,Good
8146,1179,15000,2024-04-13,36,42,66233.2041448711,669,Employed,0,2024-04,Good
8147,630,25000,2024-03-24,36,66,83212.9660878634,828,Employed,1,2024-03,Bad
8148,6520,15000,2024-10-19,24,64,47090.142657481345,404,Employed,1,2024-10,Bad
8149,6015,15000,2024-03-04,36,57,27236.348740762594,825,Self-Employed,0,2024-03,Bad
8150,81,25000,2024-08-20,12,31,61916.39839884724,562,Employed,0,2024-08,Good
8151,910,5000,2024-01-17,36,41,20000.0,667,Employed,1,2024-01,Bad
8152,8642,5000,2024-04-02,12,34,55680.60513838117,313,Employed,1,2024-04,Good
8153,3071,10000,2024-10-03,36,60,58240.71502160522,580,Employed,0,2024-10,Bad
8154,5430,5000,2024-03-18,12,62,51939.63179056227,686,Employed,0,2024-03,Bad
8155,4079,15000,2024-12-26,24,41,76510.3912460706,504,Employed,1,2024-12,Bad
8156,1980,25000,2024-04-20,24,42,111159.8980149812,326,Employed,0,2024-04,Good
8157,4776,5000,2024-12-07,36,57,20000.0,371,Employed,0,2024-12,Bad
8158,6829,15000,2024-11-03,24,69,115048.06148120904,439,Self-Employed,1,2024-11,Good
8159,730,15000,2024-03-17,36,45,109162.79500819085,559,Employed,0,2024-03,Bad
8160,7906,5000,2024-08-21,12,35,20000.0,474,Employed,1,2024-08,Good
8161,3021,25000,2024-04-04,12,42,74720.47275659283,325,Employed,1,2024-04,Good
8162,9206,25000,2024-09-24,24,49,33281.22480996791,392,Contractor,1,2024-09,Bad
8163,4776,10000,2024-12-17,36,57,20000.0,371,Employed,1,2024-12,Bad
8164,1321,25000,2024-02-15,12,51,122297.78167046714,702,Self-Employed,0,2024-02,Good
8165,6333,25000,2024-11-21,36,65,77664.6917924319,439,Employed,0,2024-11,Good
8166,3265,5000,2024-08-02,24,32,80692.01044686187,760,Employed,1,2024-08,Good
8167,4609,5000,2024-11-22,36,31,70233.72143336722,306,Employed,1,2024-11,Good
8168,2909,15000,2024-10-02,24,62,67849.26670319431,442,Employed,0,2024-10,Bad
8169,3044,5000,2024-03-08,36,50,80018.3253786398,390,Employed,1,2024-03,Bad
8170,2191,10000,2024-12-06,24,43,30698.020318259645,823,Contractor,1,2024-12,Bad
8171,5947,15000,2024-10-26,36,41,51180.2270613705,329,Contractor,1,2024-10,Bad
8172,3505,25000,2024-10-12,36,44,105753.24912186025,791,Employed,0,2024-10,Bad
8173,7307,5000,2024-10-13,36,42,29298.320597363876,669,Employed,1,2024-10,Bad
8174,9495,10000,2024-05-06,24,59,50491.12492868172,540,Employed,0,2024-05,Bad
8175,8982,15000,2024-08-20,36,48,67781.71297918724,777,Employed,0,2024-08,Good
8176,8115,10000,2024-06-30,24,36,63047.274747180265,710,Employed,1,2024-06,Bad
8177,7965,10000,2024-01-14,12,53,110356.32069250687,824,Employed,0,2024-01,Bad
8178,1965,25000,2024-04-11,36,38,67301.3784327998,654,Contractor,0,2024-04,Good
8179,8609,15000,2024-05-30,36,19,44355.32186863733,843,Employed,0,2024-05,Bad
8180,1345,5000,2024-11-20,24,37,29349.5470719887,559,Employed,1,2024-11,Good
8181,2738,25000,2024-06-28,36,33,74849.38064661007,638,Self-Employed,0,2024-06,Bad
8182,2646,10000,2024-06-26,36,68,54915.50635078293,331,Employed,1,2024-06,Bad
8183,805,15000,2024-07-31,12,22,96378.6447093726,849,Employed,0,2024-07,Good
8184,8022,25000,2024-02-02,36,40,77719.08327623262,473,Employed,1,2024-02,Good
8185,6022,5000,2024-01-09,36,44,78717.51190987251,703,Contractor,1,2024-01,Bad
8186,4919,10000,2024-12-16,12,22,88345.26065187491,558,Employed,0,2024-12,Bad
8187,4406,15000,2024-09-20,24,39,74795.71769290254,694,Employed,1,2024-09,Bad
8188,4799,25000,2024-07-21,12,65,55061.28258635555,659,Employed,1,2024-07,Good
8189,2576,25000,2024-09-19,12,49,83987.50093790305,571,Self-Employed,0,2024-09,Bad
8190,6784,10000,2024-05-28,36,68,46157.308878456344,548,Employed,0,2024-05,Bad
8191,4793,25000,2024-04-01,36,37,80639.782562664,558,Contractor,0,2024-04,Good
8192,3714,5000,2024-02-22,24,37,60048.50591952734,566,Employed,0,2024-02,Good
8193,8797,5000,2024-01-15,24,20,100235.86060127275,824,Self-Employed,0,2024-01,Bad
8194,9843,5000,2024-02-21,24,48,56470.00668266761,480,Self-Employed,1,2024-02,Good
8195,4417,15000,2024-07-18,12,32,68249.95564503988,543,Employed,0,2024-07,Good
8196,304,25000,2024-02-06,12,52,20000.0,427,Employed,1,2024-02,Good
8197,519,5000,2024-12-12,12,47,35305.86900206182,628,Employed,0,2024-12,Bad
8198,4031,5000,2024-03-19,24,67,59424.357968339944,682,Employed,0,2024-03,Bad
8199,9133,15000,2024-11-12,24,37,56469.21947441447,687,Self-Employed,0,2024-11,Good
8200,6336,25000,2024-05-29,36,27,61821.03507812789,683,Employed,1,2024-05,Bad
8201,6166,5000,2024-02-05,12,52,50299.53702407583,357,Employed,0,2024-02,Good
8202,80,5000,2024-04-03,36,53,39254.70378645387,357,Employed,0,2024-04,Good
8203,8295,5000,2024-12-18,24,24,59993.654329680605,730,Employed,0,2024-12,Bad
8204,8921,15000,2024-07-09,36,52,126044.71463324426,750,Employed,0,2024-07,Good
8205,2451,25000,2024-06-14,12,21,124232.18252028743,750,Employed,0,2024-06,Bad
8206,9148,5000,2024-02-09,24,61,102130.41460367793,328,Employed,0,2024-02,Good
8207,4915,10000,2024-03-04,12,23,63712.270156151804,825,Employed,1,2024-03,Bad
8208,8932,15000,2024-07-02,24,62,58320.21085861779,676,Employed,0,2024-07,Good
8209,5710,10000,2024-09-26,12,35,55726.722409808295,459,Self-Employed,1,2024-09,Bad
8210,8786,25000,2024-05-09,36,27,103659.96717974573,823,Contractor,0,2024-05,Bad
8211,3550,15000,2024-08-26,24,63,63030.2899979925,409,Employed,0,2024-08,Good
8212,563,15000,2024-10-01,12,68,83891.64596860786,747,Contractor,0,2024-10,Bad
8213,5011,15000,2024-03-18,24,65,55920.6110316796,319,Employed,1,2024-03,Bad
8214,1700,25000,2024-11-22,24,64,71125.96660788514,488,Employed,0,2024-11,Good
8215,6395,10000,2024-05-04,12,34,112232.06135625631,649,Employed,0,2024-05,Bad
8216,8917,5000,2024-01-09,36,40,102081.47212141477,808,Self-Employed,1,2024-01,Bad
8217,9626,25000,2024-10-15,24,63,50290.96089233054,731,Employed,0,2024-10,Bad
8218,1343,5000,2024-05-06,12,24,78018.90300896778,309,Contractor,1,2024-05,Bad
8219,1896,5000,2024-08-03,24,47,73100.91106766333,416,Employed,0,2024-08,Good
8220,6229,5000,2024-04-25,36,43,43709.5689953323,509,Employed,1,2024-04,Good
8221,4101,15000,2024-11-12,36,54,62531.97763860818,640,Self-Employed,0,2024-11,Good
8222,2283,15000,2024-04-15,12,59,46440.34073923163,354,Self-Employed,1,2024-04,Good
8223,375,10000,2024-07-31,36,61,54688.02470280159,705,Employed,0,2024-07,Good
8224,2323,25000,2024-02-13,24,27,21408.184940086598,619,Self-Employed,1,2024-02,Good
8225,9587,5000,2024-03-05,36,19,20000.0,698,Self-Employed,0,2024-03,Bad
8226,9748,25000,2024-03-25,36,35,103456.64102280088,724,Employed,0,2024-03,Bad
8227,9116,25000,2024-02-26,36,59,55361.025500937874,551,Employed,0,2024-02,Good
8228,9033,25000,2024-08-19,24,48,67309.53647497424,735,Employed,0,2024-08,Good
8229,9923,15000,2024-10-06,36,20,77841.88039483265,591,Employed,0,2024-10,Bad
8230,4724,5000,2024-04-11,24,58,103115.96491206891,661,Employed,0,2024-04,Good
8231,2052,5000,2024-06-20,12,32,64758.38946716632,520,Employed,1,2024-06,Bad
8232,1548,25000,2024-04-14,24,52,53335.64821993058,766,Employed,0,2024-04,Good
8233,2454,10000,2024-01-06,24,39,72535.17674452794,502,Employed,1,2024-01,Bad
8234,9629,15000,2024-02-03,12,47,45234.40021817619,351,Employed,1,2024-02,Good
8235,2365,25000,2024-01-27,36,51,62058.6267099459,596,Contractor,0,2024-01,Bad
8236,7599,25000,2024-01-18,36,37,59078.69877194554,721,Employed,0,2024-01,Bad
8237,6484,5000,2024-01-05,12,26,81228.6930267605,430,Employed,0,2024-01,Bad
8238,7822,10000,2024-04-27,36,20,45770.94203394624,506,Employed,0,2024-04,Good
8239,4615,25000,2024-04-05,36,37,96070.67233317069,450,Employed,1,2024-04,Good
8240,6031,10000,2024-07-31,12,64,29091.188574020984,815,Employed,0,2024-07,Good
8241,924,5000,2024-09-11,36,48,68418.66618498077,618,Employed,0,2024-09,Bad
8242,9643,5000,2024-02-13,12,47,95589.49149398184,772,Self-Employed,0,2024-02,Good
8243,9738,25000,2024-12-19,36,35,80350.9065989302,502,Self-Employed,0,2024-12,Bad
8244,4787,10000,2024-04-02,36,58,41876.85460701815,743,Employed,0,2024-04,Good
8245,6759,25000,2024-09-03,36,39,74179.9949693847,479,Employed,0,2024-09,Bad
8246,7468,25000,2024-09-17,36,68,31111.453470896842,585,Employed,1,2024-09,Bad
8247,7222,25000,2024-11-12,12,62,92807.3112472932,518,Employed,0,2024-11,Good
8248,2259,25000,2024-09-07,24,45,20000.0,334,Employed,1,2024-09,Bad
8249,4543,10000,2024-08-29,24,30,86719.95845763873,465,Employed,0,2024-08,Good
8250,70,25000,2024-12-13,12,19,96328.32061920609,762,Employed,0,2024-12,Bad
8251,9517,5000,2024-05-13,12,65,71540.63158951927,701,Employed,1,2024-05,Bad
8252,5914,5000,2024-03-15,36,25,58047.00339084165,347,Self-Employed,1,2024-03,Bad
8253,8126,10000,2024-10-21,36,26,56253.43342308907,530,Contractor,0,2024-10,Bad
8254,7392,25000,2024-08-27,24,34,35290.38323149823,716,Employed,0,2024-08,Good
8255,368,25000,2024-05-15,24,22,75597.23706109964,518,Employed,0,2024-05,Bad
8256,1884,15000,2024-08-14,12,52,75340.40643929201,610,Employed,0,2024-08,Good
8257,5309,25000,2024-03-24,12,47,44095.12873239573,329,Employed,1,2024-03,Bad
8258,6530,10000,2024-09-02,36,64,20000.0,808,Employed,0,2024-09,Bad
8259,8877,10000,2024-08-30,36,24,82958.28857985616,386,Contractor,0,2024-08,Good
8260,5077,15000,2024-03-26,36,68,81266.69071980215,387,Employed,0,2024-03,Bad
8261,9966,5000,2024-04-21,24,20,73253.74873479846,529,Employed,1,2024-04,Good
8262,6926,10000,2024-03-09,24,34,70375.7985735864,616,Self-Employed,0,2024-03,Bad
8263,6821,25000,2024-12-27,12,60,23469.889870401938,459,Self-Employed,1,2024-12,Bad
8264,3714,25000,2024-10-12,24,37,60048.50591952734,566,Employed,1,2024-10,Bad
8265,3202,5000,2024-05-30,36,22,84439.90154480681,428,Employed,0,2024-05,Bad
8266,1921,15000,2024-06-24,12,53,20000.0,632,Employed,1,2024-06,Bad
8267,8880,10000,2024-07-16,24,62,73521.61498120554,692,Employed,1,2024-07,Good
8268,153,25000,2024-02-11,36,32,82893.356029271,559,Employed,1,2024-02,Good
8269,4654,5000,2024-01-29,12,57,53306.53290353545,619,Self-Employed,0,2024-01,Bad
8270,7518,5000,2024-03-25,24,69,52470.57157617412,568,Employed,0,2024-03,Bad
8271,7177,5000,2024-11-22,12,43,64693.0866624456,524,Employed,1,2024-11,Good
8272,9263,25000,2024-08-16,12,56,32020.123680805016,384,Employed,1,2024-08,Good
8273,6474,5000,2024-06-21,24,40,100560.57388214555,833,Employed,0,2024-06,Bad
8274,3791,5000,2024-02-10,36,56,63313.83603612045,451,Employed,0,2024-02,Good
8275,6897,5000,2024-07-19,24,21,56312.49250735224,439,Employed,1,2024-07,Good
8276,4099,10000,2024-11-14,36,18,57318.844358456714,679,Employed,0,2024-11,Good
8277,7577,25000,2024-04-09,12,38,20171.162438646235,404,Employed,0,2024-04,Good
8278,1060,10000,2024-12-16,36,68,84285.04487259417,691,Employed,0,2024-12,Bad
8279,2859,15000,2024-08-07,36,57,82735.27451466513,847,Employed,0,2024-08,Good
8280,7602,5000,2024-05-26,12,58,91426.47528391443,673,Employed,1,2024-05,Bad
8281,5951,25000,2024-03-05,24,19,50973.7286994433,637,Contractor,0,2024-03,Bad
8282,8149,15000,2024-04-02,12,56,77752.46828018183,440,Contractor,0,2024-04,Good
8283,9634,10000,2024-07-20,36,22,75056.55861660943,437,Employed,1,2024-07,Good
8284,2267,15000,2024-10-18,24,19,99159.73529636096,518,Employed,1,2024-10,Bad
8285,2249,10000,2024-07-28,24,45,63141.36675603689,332,Employed,1,2024-07,Good
8286,4490,25000,2024-08-07,12,63,63752.24417397095,481,Employed,0,2024-08,Good
8287,7707,10000,2024-10-26,12,68,24834.93161604985,716,Employed,1,2024-10,Bad
8288,8793,15000,2024-09-19,36,55,59636.97624160228,815,Self-Employed,0,2024-09,Bad
8289,7987,10000,2024-02-07,24,43,77363.06230121931,806,Self-Employed,0,2024-02,Good
8290,836,10000,2024-04-14,24,54,58456.04274447264,823,Employed,0,2024-04,Good
8291,8592,15000,2024-09-07,12,68,90120.72873708094,518,Employed,1,2024-09,Bad
8292,1008,15000,2024-09-10,12,56,56230.54485996115,771,Employed,0,2024-09,Bad
8293,8959,5000,2024-10-04,36,20,103021.28080159449,772,Self-Employed,0,2024-10,Bad
8294,433,15000,2024-08-24,36,37,48582.76635931467,535,Employed,0,2024-08,Good
8295,8592,10000,2024-07-21,24,68,90120.72873708094,518,Employed,0,2024-07,Good
8296,5122,25000,2024-02-23,12,55,67760.45117365298,444,Employed,0,2024-02,Good
8297,329,25000,2024-07-29,36,35,67679.24788148991,726,Self-Employed,0,2024-07,Good
8298,4731,5000,2024-01-06,24,42,52518.80963763362,308,Employed,1,2024-01,Bad
8299,9964,10000,2024-07-19,36,39,41048.01550896598,798,Employed,0,2024-07,Good
8300,1613,15000,2024-12-29,24,35,39347.978895109394,445,Employed,1,2024-12,Bad
8301,4246,10000,2024-10-11,36,43,44639.92947517024,480,Employed,0,2024-10,Bad
8302,2005,15000,2024-02-12,12,37,28093.436399955513,361,Employed,1,2024-02,Good
8303,6704,15000,2024-07-13,24,62,92081.5444073576,379,Contractor,0,2024-07,Good
8304,6770,15000,2024-09-04,12,59,57486.600370530796,763,Self-Employed,0,2024-09,Bad
8305,5625,5000,2024-12-30,12,25,55208.23476239919,508,Employed,1,2024-12,Bad
8306,6720,15000,2024-11-13,24,43,77157.18261852236,376,Employed,1,2024-11,Good
8307,3011,10000,2024-09-25,36,57,35145.3337147039,373,Self-Employed,0,2024-09,Bad
8308,4246,5000,2024-07-10,36,43,44639.92947517024,480,Employed,1,2024-07,Good
8309,9801,5000,2024-02-16,24,52,88460.2855968323,570,Employed,1,2024-02,Good
8310,3119,25000,2024-07-06,24,21,64174.36840701099,720,Employed,0,2024-07,Good
8311,362,5000,2024-09-27,12,38,81360.77567764053,636,Employed,0,2024-09,Bad
8312,1717,10000,2024-09-17,24,54,20865.310324250648,595,Employed,0,2024-09,Bad
8313,2422,25000,2024-03-09,24,29,73474.8378452355,447,Employed,1,2024-03,Bad
8314,4191,15000,2024-09-14,24,25,25059.50677078859,535,Employed,0,2024-09,Bad
8315,7269,25000,2024-04-23,12,52,20000.0,301,Employed,1,2024-04,Good
8316,3462,5000,2024-10-20,12,55,31744.34360896655,356,Employed,1,2024-10,Bad
8317,3982,15000,2024-08-29,12,41,23571.410371692386,319,Employed,1,2024-08,Good
8318,4729,15000,2024-04-03,12,47,68198.18005936449,342,Self-Employed,0,2024-04,Good
8319,2051,10000,2024-06-30,24,49,71187.01369100262,522,Self-Employed,1,2024-06,Bad
8320,4260,5000,2024-10-21,12,41,60570.797122130956,426,Employed,1,2024-10,Bad
8321,4713,10000,2024-09-09,24,20,67577.94814293012,537,Employed,1,2024-09,Bad
8322,9561,5000,2024-01-20,12,30,93110.35374927222,826,Employed,0,2024-01,Bad
8323,8028,5000,2024-09-06,24,19,66056.57662412449,537,Employed,1,2024-09,Bad
8324,4262,15000,2024-10-11,36,28,55221.09069367894,644,Employed,0,2024-10,Bad
8325,6204,15000,2024-01-17,12,61,64173.299965955805,778,Employed,0,2024-01,Bad
8326,5865,25000,2024-02-20,24,19,60456.661559602355,337,Employed,1,2024-02,Good
8327,6526,5000,2024-05-15,24,28,103016.0024004261,402,Employed,0,2024-05,Bad
8328,8853,5000,2024-05-28,12,43,90536.45260038441,366,Employed,0,2024-05,Bad
8329,5243,15000,2024-05-30,12,64,58009.68200238308,647,Employed,1,2024-05,Bad
8330,4563,5000,2024-04-24,24,54,100854.42591300816,502,Self-Employed,1,2024-04,Good
8331,7457,5000,2024-12-12,36,63,77230.85033875088,764,Employed,0,2024-12,Bad
8332,8708,5000,2024-09-18,12,29,70121.43250544227,795,Self-Employed,0,2024-09,Bad
8333,6381,10000,2024-06-28,36,19,63800.35512873547,739,Employed,1,2024-06,Bad
8334,8912,25000,2024-05-15,24,32,70265.88613037646,713,Employed,0,2024-05,Bad
8335,8364,25000,2024-04-08,24,27,45054.44696393051,315,Self-Employed,1,2024-04,Good
8336,1470,5000,2024-11-20,36,34,39050.21612526925,795,Employed,0,2024-11,Good
8337,1174,5000,2024-10-15,12,55,102506.8652250247,801,Employed,0,2024-10,Bad
8338,4667,15000,2024-07-08,24,25,49311.49993139818,396,Employed,1,2024-07,Good
8339,4901,25000,2024-07-09,12,36,37256.246802793146,598,Contractor,0,2024-07,Good
8340,1175,25000,2024-08-03,12,50,66862.73984566932,357,Employed,1,2024-08,Good
8341,3745,15000,2024-06-08,36,61,56511.746083350336,708,Employed,0,2024-06,Bad
8342,4209,25000,2024-11-06,24,49,82430.95115975782,326,Contractor,1,2024-11,Good
8343,4032,10000,2024-10-15,12,34,72050.90526155551,668,Employed,1,2024-10,Bad
8344,6632,15000,2024-06-14,12,31,30136.789053363085,592,Employed,0,2024-06,Bad
8345,7102,5000,2024-09-14,12,35,57476.617675746675,822,Employed,0,2024-09,Bad
8346,9590,10000,2024-08-23,24,19,55873.62417987573,353,Self-Employed,1,2024-08,Good
8347,4022,25000,2024-07-27,36,55,69006.72143543942,364,Employed,1,2024-07,Good
8348,8890,5000,2024-08-16,36,37,20000.0,601,Employed,0,2024-08,Good
8349,1775,25000,2024-03-06,24,55,33267.72236892239,820,Employed,0,2024-03,Bad
8350,5367,25000,2024-08-09,36,49,84976.70182855749,823,Self-Employed,0,2024-08,Good
8351,3474,5000,2024-01-15,36,41,88892.59927784668,773,Employed,0,2024-01,Bad
8352,4064,5000,2024-11-12,36,33,61320.18123079971,759,Employed,0,2024-11,Good
8353,8124,10000,2024-06-07,36,28,42833.37413289063,827,Employed,0,2024-06,Bad
8354,6269,25000,2024-09-01,36,61,63150.380461593275,565,Employed,0,2024-09,Bad
8355,4609,15000,2024-09-07,12,31,70233.72143336722,306,Employed,1,2024-09,Bad
8356,2681,15000,2024-06-14,24,28,89311.09994795025,317,Employed,0,2024-06,Bad
8357,6745,15000,2024-06-05,12,37,46531.53186737681,480,Self-Employed,1,2024-06,Bad
8358,3604,25000,2024-07-24,12,21,83929.42052755057,707,Employed,0,2024-07,Good
8359,3345,25000,2024-04-30,24,43,54184.06209166179,449,Employed,0,2024-04,Good
8360,9622,5000,2024-06-19,12,29,82951.55109593006,568,Self-Employed,1,2024-06,Bad
8361,5914,10000,2024-05-01,36,25,58047.00339084165,347,Self-Employed,0,2024-05,Bad
8362,8219,25000,2024-10-05,12,25,71597.21235875055,841,Self-Employed,0,2024-10,Bad
8363,3772,15000,2024-01-25,24,35,61556.473490301825,381,Self-Employed,0,2024-01,Bad
8364,9634,25000,2024-06-04,12,22,75056.55861660943,437,Employed,1,2024-06,Bad
8365,6743,10000,2024-04-08,36,61,119433.00952605554,835,Self-Employed,0,2024-04,Good
8366,8759,25000,2024-12-15,24,54,57664.214942167186,724,Employed,0,2024-12,Bad
8367,8439,10000,2024-08-06,12,64,46393.91582611072,448,Employed,0,2024-08,Good
8368,1524,5000,2024-07-18,36,24,98424.226838899,675,Employed,0,2024-07,Good
8369,2365,10000,2024-03-23,24,51,62058.6267099459,596,Contractor,0,2024-03,Bad
8370,7602,15000,2024-12-30,24,58,91426.47528391443,673,Employed,1,2024-12,Bad
8371,5353,25000,2024-12-29,36,26,27743.81191752383,557,Self-Employed,0,2024-12,Bad
8372,5055,25000,2024-10-02,24,67,72801.55329316846,842,Contractor,0,2024-10,Bad
8373,6926,15000,2024-08-09,24,34,70375.7985735864,616,Self-Employed,0,2024-08,Good
8374,3966,10000,2024-01-29,12,68,68036.52660498864,543,Employed,0,2024-01,Bad
8375,3693,25000,2024-05-15,36,36,61378.33112134764,732,Employed,0,2024-05,Bad
8376,5082,25000,2024-03-02,12,23,59137.311621352725,588,Employed,0,2024-03,Bad
8377,1774,10000,2024-06-14,12,52,110418.89073937762,636,Employed,0,2024-06,Bad
8378,2938,10000,2024-05-10,12,64,70856.48161141913,426,Contractor,0,2024-05,Bad
8379,3891,10000,2024-09-15,36,65,45298.809419174795,352,Employed,1,2024-09,Bad
8380,7537,25000,2024-11-06,24,53,97102.00691355718,837,Self-Employed,0,2024-11,Good
8381,7336,15000,2024-07-24,36,33,63191.313121233215,319,Self-Employed,1,2024-07,Good
8382,1092,15000,2024-06-11,24,37,20000.0,408,Self-Employed,1,2024-06,Bad
8383,8120,5000,2024-10-26,36,51,78185.96629649992,649,Employed,0,2024-10,Bad
8384,6107,10000,2024-06-20,24,45,80620.44557634689,617,Employed,0,2024-06,Bad
8385,8939,15000,2024-06-17,12,43,72192.05109189305,341,Self-Employed,1,2024-06,Bad
8386,9767,10000,2024-06-03,12,30,125458.89383931128,747,Employed,0,2024-06,Bad
8387,4441,25000,2024-04-01,24,42,67418.87296097001,734,Employed,0,2024-04,Good
8388,3602,15000,2024-06-04,12,58,31878.8554766815,644,Employed,0,2024-06,Bad
8389,3517,25000,2024-01-05,36,23,81908.92619187271,639,Contractor,0,2024-01,Bad
8390,2853,5000,2024-06-19,36,43,67942.68546152396,475,Employed,1,2024-06,Bad
8391,592,15000,2024-07-09,36,68,52495.05457260011,341,Employed,1,2024-07,Good
8392,693,15000,2024-02-08,24,55,40501.86063044389,669,Contractor,0,2024-02,Good
8393,1164,5000,2024-01-10,24,59,54589.03916879936,300,Employed,1,2024-01,Bad
8394,8601,10000,2024-03-03,36,24,101002.75300172935,746,Employed,0,2024-03,Bad
8395,2383,15000,2024-09-21,24,42,61321.51237964733,539,Employed,0,2024-09,Bad
8396,5401,5000,2024-03-24,36,62,91054.76442457543,762,Employed,0,2024-03,Bad
8397,8597,25000,2024-01-29,12,34,73741.24392868683,586,Employed,0,2024-01,Bad
8398,5843,5000,2024-07-31,12,18,80973.92035531864,616,Employed,0,2024-07,Good
8399,5976,25000,2024-12-20,12,58,32114.04335281845,801,Contractor,0,2024-12,Bad
8400,4743,5000,2024-08-08,36,38,34324.648067786606,368,Self-Employed,1,2024-08,Good
8401,1484,15000,2024-09-27,24,62,109683.66036074563,834,Employed,0,2024-09,Bad
8402,5159,10000,2024-07-27,36,63,68088.23004602733,744,Self-Employed,0,2024-07,Good
8403,9057,15000,2024-05-31,36,63,95208.08214868081,459,Employed,0,2024-05,Bad
8404,1585,15000,2024-02-04,36,61,43756.97696305759,571,Self-Employed,0,2024-02,Good
8405,8409,25000,2024-03-01,12,18,107688.72223304401,365,Employed,1,2024-03,Bad
8406,7414,15000,2024-10-02,12,21,96763.23060367857,410,Employed,0,2024-10,Bad
8407,743,5000,2024-11-09,12,38,107897.69077831737,547,Employed,0,2024-11,Good
8408,4514,10000,2024-04-09,36,58,82545.5760135836,318,Employed,1,2024-04,Good
8409,9056,15000,2024-07-21,24,25,45385.825184936926,402,Employed,1,2024-07,Good
8410,3983,10000,2024-09-03,24,36,76784.78156912477,503,Self-Employed,0,2024-09,Bad
8411,2856,25000,2024-08-09,24,69,77996.7754525478,545,Self-Employed,1,2024-08,Good
8412,4047,15000,2024-07-06,24,25,39891.554342652336,622,Employed,0,2024-07,Good
8413,3685,10000,2024-03-26,24,42,95761.50119399939,362,Employed,0,2024-03,Bad
8414,8642,5000,2024-03-28,24,34,55680.60513838117,313,Employed,1,2024-03,Bad
8415,1116,10000,2024-05-21,36,19,34564.9051625762,667,Employed,0,2024-05,Bad
8416,2838,5000,2024-06-12,12,43,34107.42444876478,632,Employed,1,2024-06,Bad
8417,3429,5000,2024-05-20,24,36,42433.6410003045,767,Contractor,0,2024-05,Bad
8418,7045,25000,2024-09-13,12,46,125996.86167463753,776,Employed,0,2024-09,Bad
8419,2194,10000,2024-03-31,36,65,96362.96755952974,313,Employed,1,2024-03,Bad
8420,3339,15000,2024-09-25,24,68,23693.933066162754,500,Employed,0,2024-09,Bad
8421,2167,15000,2024-06-11,12,68,33211.2869776929,332,Employed,0,2024-06,Bad
8422,1527,15000,2024-01-18,36,34,54056.56693989188,400,Employed,0,2024-01,Bad
8423,8456,15000,2024-06-10,36,61,49994.894385359294,695,Employed,0,2024-06,Bad
8424,9492,10000,2024-02-21,24,63,114834.58751456035,631,Employed,1,2024-02,Good
8425,3419,25000,2024-11-21,12,25,101346.00592804712,734,Employed,0,2024-11,Good
8426,2713,15000,2024-02-27,24,24,101173.6036596745,596,Self-Employed,0,2024-02,Good
8427,787,15000,2024-10-09,24,30,21743.431737891377,559,Self-Employed,0,2024-10,Bad
8428,4989,5000,2024-05-25,24,42,66465.22293429481,446,Employed,1,2024-05,Bad
8429,236,10000,2024-02-26,24,18,50263.69000153204,679,Employed,0,2024-02,Good
8430,3335,5000,2024-01-09,36,57,102136.93423181374,442,Employed,1,2024-01,Bad
8431,1075,5000,2024-07-10,36,66,61921.58911619331,446,Employed,1,2024-07,Good
8432,744,25000,2024-03-19,36,28,62561.865406359415,582,Employed,1,2024-03,Bad
8433,1006,15000,2024-05-30,12,45,44145.378781684405,365,Employed,1,2024-05,Bad
8434,8205,15000,2024-11-10,24,38,95206.86851630348,354,Employed,1,2024-11,Good
8435,7025,10000,2024-07-13,36,59,78581.42412435684,550,Employed,0,2024-07,Good
8436,1851,5000,2024-07-19,36,60,68682.4500097271,309,Employed,0,2024-07,Good
8437,4902,15000,2024-10-04,36,46,73081.17968833906,638,Employed,0,2024-10,Bad
8438,3604,25000,2024-03-24,36,21,83929.42052755057,707,Employed,0,2024-03,Bad
8439,2261,5000,2024-09-19,36,32,65856.79535500555,496,Employed,0,2024-09,Bad
8440,9176,25000,2024-05-24,12,52,46852.04785015553,593,Self-Employed,1,2024-05,Bad
8441,7815,25000,2024-08-20,12,46,100581.62302664152,738,Employed,0,2024-08,Good
8442,9955,25000,2024-05-30,12,50,71631.42558951005,687,Employed,0,2024-05,Bad
8443,1289,15000,2024-02-06,24,28,42900.028581338986,605,Self-Employed,0,2024-02,Good
8444,9209,25000,2024-11-19,12,18,64607.80083107655,493,Self-Employed,0,2024-11,Good
8445,2154,25000,2024-07-19,12,47,95598.40860594725,724,Employed,0,2024-07,Good
8446,4583,15000,2024-12-27,24,20,78420.18673062259,792,Employed,0,2024-12,Bad
8447,4500,15000,2024-07-10,12,62,38314.151675987516,531,Self-Employed,0,2024-07,Good
8448,4486,15000,2024-01-18,12,39,98389.2613884189,517,Employed,0,2024-01,Bad
8449,608,10000,2024-06-11,12,52,55388.57802557271,357,Self-Employed,1,2024-06,Bad
8450,4045,5000,2024-10-05,36,65,31217.739932539138,428,Self-Employed,0,2024-10,Bad
8451,7144,5000,2024-12-16,36,64,77281.85051815707,836,Employed,0,2024-12,Bad
8452,2837,10000,2024-07-30,24,38,57512.124061313065,779,Employed,0,2024-07,Good
8453,8902,10000,2024-05-14,24,64,63707.55151561921,371,Employed,1,2024-05,Bad
8454,767,10000,2024-07-07,24,55,101194.91046144665,822,Employed,0,2024-07,Good
8455,3599,15000,2024-11-27,24,58,56956.18240024479,837,Employed,0,2024-11,Good
8456,92,25000,2024-08-30,24,35,20000.0,827,Employed,0,2024-08,Good
8457,100,15000,2024-07-03,36,32,87176.99441115718,644,Employed,0,2024-07,Good
8458,8878,25000,2024-07-14,36,56,62470.05931706171,752,Employed,0,2024-07,Good
8459,7623,5000,2024-09-01,12,50,61537.47445150116,702,Employed,1,2024-09,Bad
8460,1751,25000,2024-01-15,12,51,55165.442556383576,621,Employed,0,2024-01,Bad
8461,3670,10000,2024-06-23,36,62,46441.79967808571,760,Contractor,0,2024-06,Bad
8462,394,5000,2024-11-07,36,40,84583.96776310078,715,Employed,0,2024-11,Good
8463,8786,25000,2024-04-06,12,27,103659.96717974573,823,Contractor,0,2024-04,Good
8464,9078,10000,2024-01-14,12,46,65994.9863529004,421,Contractor,0,2024-01,Bad
8465,8140,25000,2024-06-03,24,31,90323.57211674453,686,Employed,0,2024-06,Bad
8466,3053,25000,2024-06-14,12,42,60257.662663689815,398,Employed,0,2024-06,Bad
8467,8697,25000,2024-04-13,36,52,20000.0,486,Employed,0,2024-04,Good
8468,5237,5000,2024-07-30,24,50,46172.0667344855,398,Employed,1,2024-07,Good
8469,3751,25000,2024-05-09,24,29,102885.34538370522,572,Employed,1,2024-05,Bad
8470,1778,10000,2024-01-04,24,42,72477.14335052765,383,Employed,0,2024-01,Bad
8471,6934,25000,2024-08-28,24,21,82599.11691985583,756,Employed,1,2024-08,Good
8472,8326,10000,2024-05-31,36,57,65714.14406943966,791,Contractor,0,2024-05,Bad
8473,2926,15000,2024-05-16,36,24,108076.86794115623,641,Employed,1,2024-05,Bad
8474,7348,5000,2024-05-26,12,30,46923.17237719639,602,Employed,1,2024-05,Bad
8475,6821,15000,2024-07-08,12,60,23469.889870401938,459,Self-Employed,1,2024-07,Good
8476,585,15000,2024-06-17,36,43,72338.43824921601,465,Employed,1,2024-06,Bad
8477,9629,5000,2024-05-07,36,47,45234.40021817619,351,Employed,0,2024-05,Bad
8478,8549,15000,2024-04-01,12,18,48552.53778563147,495,Contractor,0,2024-04,Good
8479,7603,10000,2024-03-17,36,54,38443.99206641789,829,Employed,0,2024-03,Bad
8480,5197,10000,2024-03-18,36,40,73972.9395935165,568,Employed,0,2024-03,Bad
8481,9943,10000,2024-04-23,24,30,98918.21226780303,602,Self-Employed,0,2024-04,Good
8482,1701,10000,2024-03-14,36,27,58251.202579370896,403,Self-Employed,0,2024-03,Bad
8483,9902,15000,2024-05-04,24,55,77670.28494157623,581,Employed,0,2024-05,Bad
8484,3682,5000,2024-07-30,36,55,70212.29926438951,770,Employed,0,2024-07,Good
8485,8729,15000,2024-07-11,12,67,66725.08751842653,409,Self-Employed,1,2024-07,Good
8486,2469,5000,2024-03-16,36,59,42113.074272742684,626,Employed,0,2024-03,Bad
8487,8343,5000,2024-08-14,36,52,91109.65129691447,714,Employed,0,2024-08,Good
8488,9948,15000,2024-12-05,12,25,43962.31352721172,827,Employed,0,2024-12,Bad
8489,2551,15000,2024-11-27,12,28,76531.80210794578,807,Employed,1,2024-11,Good
8490,888,10000,2024-05-19,12,47,24415.436751468915,325,Employed,1,2024-05,Bad
8491,4839,5000,2024-06-15,36,52,56884.50814005147,536,Self-Employed,0,2024-06,Bad
8492,2563,5000,2024-07-04,12,59,20484.358177312773,749,Employed,1,2024-07,Good
8493,9801,25000,2024-11-18,36,52,88460.2855968323,570,Employed,1,2024-11,Good
8494,7791,5000,2024-11-22,12,24,57234.269004077985,834,Employed,0,2024-11,Good
8495,6728,10000,2024-08-02,36,18,46279.70822441057,670,Self-Employed,1,2024-08,Good
8496,5532,5000,2024-03-17,12,36,51808.65559554157,504,Employed,1,2024-03,Bad
8497,9434,25000,2024-03-15,12,36,61289.26497339536,455,Employed,0,2024-03,Bad
8498,208,25000,2024-04-25,24,59,47160.38325232061,725,Employed,0,2024-04,Good
8499,3833,5000,2024-12-05,36,40,92693.02739956122,414,Self-Employed,1,2024-12,Bad
8500,3362,10000,2024-02-18,12,43,98464.80345739017,381,Contractor,1,2024-02,Good
8501,2900,25000,2024-11-14,36,18,90380.52229535763,384,Self-Employed,0,2024-11,Good
8502,8152,25000,2024-08-26,12,40,95905.1244564899,715,Employed,0,2024-08,Good
8503,5751,25000,2024-10-09,36,32,56705.53070569695,691,Employed,1,2024-10,Bad
8504,4035,15000,2024-07-16,36,44,109074.49131343498,508,Employed,0,2024-07,Good
8505,2280,10000,2024-12-26,36,68,63568.23972944744,601,Employed,1,2024-12,Bad
8506,5762,10000,2024-02-27,24,35,59794.86855025085,469,Employed,0,2024-02,Good
8507,9181,15000,2024-05-01,36,51,43226.918253249736,471,Contractor,0,2024-05,Bad
8508,6748,5000,2024-05-01,12,26,110171.47210366279,842,Employed,0,2024-05,Bad
8509,6476,25000,2024-09-21,24,54,80702.57424584262,666,Contractor,0,2024-09,Bad
8510,7805,25000,2024-07-31,36,40,20000.0,798,Self-Employed,0,2024-07,Good
8511,1650,15000,2024-08-29,12,56,76501.05809651165,764,Self-Employed,0,2024-08,Good
8512,2409,5000,2024-08-29,36,63,20000.0,456,Employed,1,2024-08,Good
8513,9317,10000,2024-03-16,24,20,67519.07057253997,816,Contractor,0,2024-03,Bad
8514,8721,5000,2024-07-11,12,42,110419.83091655932,730,Employed,0,2024-07,Good
8515,5597,10000,2024-12-13,12,50,112516.22604305217,502,Employed,1,2024-12,Bad
8516,9464,25000,2024-01-19,12,66,58854.52183222356,490,Employed,1,2024-01,Bad
8517,7543,5000,2024-05-01,24,58,56984.38809232971,473,Employed,0,2024-05,Bad
8518,1420,10000,2024-05-21,12,41,28975.459136877034,551,Employed,0,2024-05,Bad
8519,5696,5000,2024-08-05,36,47,53016.15143359789,750,Employed,0,2024-08,Good
8520,8127,5000,2024-12-01,36,19,81239.53329115432,658,Contractor,0,2024-12,Bad
8521,4174,5000,2024-12-09,12,25,47743.09416906988,760,Employed,0,2024-12,Bad
8522,1736,15000,2024-06-08,24,28,124135.19429999933,807,Employed,1,2024-06,Bad
8523,4386,10000,2024-09-18,12,69,20000.0,493,Self-Employed,1,2024-09,Bad
8524,1149,10000,2024-04-22,12,28,24151.926023517823,620,Employed,0,2024-04,Good
8525,8024,25000,2024-12-15,12,30,20762.244091188193,367,Employed,0,2024-12,Bad
8526,5588,10000,2024-09-09,36,64,88732.41245938289,628,Self-Employed,0,2024-09,Bad
8527,9716,25000,2024-10-05,36,49,86559.7643979422,510,Employed,0,2024-10,Bad
8528,6696,15000,2024-01-19,24,22,76713.0900704709,361,Employed,0,2024-01,Bad
8529,8903,25000,2024-08-04,24,22,47816.13914104266,477,Employed,0,2024-08,Good
8530,9153,25000,2024-08-04,24,41,51954.236462796296,544,Employed,1,2024-08,Good
8531,7859,15000,2024-05-09,36,19,26269.93887130404,386,Employed,1,2024-05,Bad
8532,5,15000,2024-07-20,36,60,45705.701065178124,439,Employed,1,2024-07,Good
8533,4920,15000,2024-06-29,36,35,77580.8096133124,559,Employed,0,2024-06,Bad
8534,8310,5000,2024-04-17,36,54,45793.616990205745,731,Employed,1,2024-04,Good
8535,2792,10000,2024-04-14,24,45,57750.466139084005,475,Self-Employed,0,2024-04,Good
8536,9759,5000,2024-02-12,36,60,116123.46995077566,468,Employed,0,2024-02,Good
8537,6893,25000,2024-10-15,24,61,97573.21054864528,351,Employed,1,2024-10,Bad
8538,6574,15000,2024-07-29,36,39,80237.747405311,421,Employed,0,2024-07,Good
8539,5830,15000,2024-04-28,12,39,117900.30142077488,504,Employed,0,2024-04,Good
8540,6825,5000,2024-10-16,24,41,46033.3699614307,564,Employed,1,2024-10,Bad
8541,3373,25000,2024-11-29,24,23,67873.5442939783,583,Employed,1,2024-11,Good
8542,5540,10000,2024-12-21,36,36,74938.19391432885,762,Employed,0,2024-12,Bad
8543,5182,25000,2024-01-20,24,33,109542.11966167128,702,Employed,0,2024-01,Bad
8544,9378,15000,2024-11-13,12,35,68138.96306183944,657,Employed,0,2024-11,Good
8545,7254,25000,2024-01-02,24,58,75851.71217957942,344,Self-Employed,0,2024-01,Bad
8546,5133,5000,2024-08-03,24,24,85574.71480008303,735,Employed,0,2024-08,Good
8547,4513,25000,2024-03-28,12,23,69249.36349373174,773,Employed,1,2024-03,Bad
8548,1148,5000,2024-09-09,36,25,50322.11823449631,711,Employed,0,2024-09,Bad
8549,3067,25000,2024-08-10,36,52,89395.58343221409,339,Contractor,0,2024-08,Good
8550,8808,25000,2024-07-26,12,21,85099.66239726257,320,Employed,0,2024-07,Good
8551,3121,5000,2024-04-27,24,37,60690.62606365845,304,Employed,1,2024-04,Good
8552,1027,5000,2024-03-08,36,64,106783.68938593692,586,Contractor,0,2024-03,Bad
8553,3071,10000,2024-08-13,36,60,58240.71502160522,580,Employed,0,2024-08,Good
8554,8954,10000,2024-03-19,36,26,105871.57127900867,484,Contractor,0,2024-03,Bad
8555,5843,25000,2024-12-04,12,18,80973.92035531864,616,Employed,1,2024-12,Bad
8556,5670,15000,2024-05-26,12,67,29738.314589680624,478,Employed,0,2024-05,Bad
8557,7321,15000,2024-02-04,24,69,32256.7006408092,333,Employed,0,2024-02,Good
8558,7485,10000,2024-05-27,12,25,58691.162950227736,398,Employed,1,2024-05,Bad
8559,4823,10000,2024-12-24,12,41,78560.59923830254,365,Employed,1,2024-12,Bad
8560,8626,25000,2024-10-23,12,47,60987.84449178593,517,Contractor,0,2024-10,Bad
8561,1223,5000,2024-05-01,36,64,42616.14065852,378,Employed,1,2024-05,Bad
8562,9726,5000,2024-02-01,12,30,41663.221039373966,736,Self-Employed,0,2024-02,Good
8563,6184,5000,2024-05-20,12,34,56823.16422840534,752,Employed,0,2024-05,Bad
8564,4794,15000,2024-11-05,36,69,102116.0465469127,364,Contractor,1,2024-11,Good
8565,5609,15000,2024-01-16,12,30,39797.3373309893,412,Employed,1,2024-01,Bad
8566,8984,15000,2024-09-22,12,56,102908.68664497993,538,Employed,0,2024-09,Bad
8567,7749,15000,2024-09-05,36,27,113231.74991553207,368,Contractor,1,2024-09,Bad
8568,6548,5000,2024-07-02,24,29,79091.8413567539,682,Employed,1,2024-07,Good
8569,9245,25000,2024-07-12,12,43,68674.80710721388,445,Employed,1,2024-07,Good
8570,2085,25000,2024-06-14,24,66,50538.506778091716,719,Employed,0,2024-06,Bad
8571,2555,15000,2024-02-22,24,30,45686.4472039441,820,Employed,1,2024-02,Good
8572,1682,15000,2024-03-22,24,59,101789.62706424735,827,Employed,0,2024-03,Bad
8573,3723,5000,2024-02-03,36,26,80331.6386165286,502,Employed,0,2024-02,Good
8574,2037,5000,2024-12-06,24,62,108773.14854817858,486,Contractor,1,2024-12,Bad
8575,7104,25000,2024-03-25,36,60,83015.98078393168,760,Self-Employed,0,2024-03,Bad
8576,3158,10000,2024-07-25,12,35,121350.95272302798,662,Employed,1,2024-07,Good
8577,7556,25000,2024-07-20,24,61,59682.00207672702,458,Self-Employed,1,2024-07,Good
8578,7568,25000,2024-02-28,24,44,62240.881017703505,463,Self-Employed,0,2024-02,Good
8579,8614,25000,2024-12-20,24,56,71632.2086195952,538,Employed,0,2024-12,Bad
8580,959,5000,2024-01-25,12,62,73958.61277690009,715,Employed,0,2024-01,Bad
8581,5453,15000,2024-01-31,12,50,70000.8446828082,457,Employed,0,2024-01,Bad
8582,8787,5000,2024-03-14,36,26,65820.89522753267,558,Employed,0,2024-03,Bad
8583,2218,15000,2024-01-03,36,19,29822.82013039958,409,Employed,1,2024-01,Bad
8584,9541,10000,2024-12-07,36,66,58460.819419336614,653,Employed,0,2024-12,Bad
8585,2830,10000,2024-04-11,36,38,31671.299788069773,805,Employed,1,2024-04,Good
8586,228,10000,2024-07-12,36,66,67027.0635725206,711,Employed,0,2024-07,Good
8587,7494,15000,2024-08-02,36,44,66543.36691150742,833,Employed,0,2024-08,Good
8588,5,25000,2024-04-30,12,60,45705.701065178124,439,Employed,1,2024-04,Good
8589,152,15000,2024-12-25,24,32,78460.87393041131,423,Employed,0,2024-12,Bad
8590,3078,10000,2024-11-13,24,44,55488.60239584122,788,Employed,0,2024-11,Good
8591,6434,25000,2024-06-29,24,23,43338.80575119004,393,Employed,0,2024-06,Bad
8592,3972,10000,2024-12-09,12,64,20000.0,830,Employed,0,2024-12,Bad
8593,1005,15000,2024-02-02,12,54,46565.50241255104,325,Employed,1,2024-02,Good
8594,7302,25000,2024-08-28,36,33,30142.556244889558,650,Employed,0,2024-08,Good
8595,8003,15000,2024-03-31,36,66,68387.95006979488,438,Employed,1,2024-03,Bad
8596,3661,15000,2024-05-20,24,46,47903.7774875106,442,Employed,1,2024-05,Bad
8597,3519,15000,2024-02-08,24,37,70846.62752523118,456,Employed,0,2024-02,Good
8598,9187,25000,2024-01-29,12,24,40258.517812218284,354,Employed,0,2024-01,Bad
8599,6490,10000,2024-04-14,12,59,20100.431635399415,353,Employed,1,2024-04,Good
8600,9929,10000,2024-01-25,24,42,47232.70018832473,771,Employed,0,2024-01,Bad
8601,9815,25000,2024-10-01,12,23,71935.52778093358,648,Employed,0,2024-10,Bad
8602,2628,5000,2024-04-08,24,48,52525.3186005222,801,Self-Employed,0,2024-04,Good
8603,4709,25000,2024-01-16,24,56,86915.14699605448,325,Self-Employed,1,2024-01,Bad
8604,6088,5000,2024-03-12,24,69,76868.55262099727,685,Employed,0,2024-03,Bad
8605,6818,15000,2024-07-17,24,55,28598.83766633916,671,Employed,1,2024-07,Good
8606,6457,10000,2024-03-25,24,26,149444.20603223407,778,Employed,0,2024-03,Bad
8607,1926,15000,2024-08-05,24,46,82379.13120825352,758,Employed,1,2024-08,Good
8608,5703,5000,2024-07-03,24,49,43947.53275696529,497,Employed,1,2024-07,Good
8609,8365,25000,2024-06-21,36,60,130632.63950672279,317,Self-Employed,1,2024-06,Bad
8610,9385,15000,2024-09-18,12,60,78884.49140374422,670,Contractor,0,2024-09,Bad
8611,9319,25000,2024-10-19,12,67,30016.423805353123,387,Self-Employed,1,2024-10,Bad
8612,228,25000,2024-11-05,24,66,67027.0635725206,711,Employed,0,2024-11,Good
8613,7301,5000,2024-01-04,12,51,62386.21528578684,488,Employed,1,2024-01,Bad
8614,3644,25000,2024-06-23,36,57,38616.89603518851,828,Self-Employed,0,2024-06,Bad
8615,3729,5000,2024-12-06,12,41,53524.20817052749,576,Employed,0,2024-12,Bad
8616,9427,25000,2024-06-13,36,57,43395.698020650874,820,Employed,0,2024-06,Bad
8617,5229,25000,2024-08-22,36,36,47588.47275533279,682,Employed,0,2024-08,Good
8618,4617,25000,2024-06-18,24,35,66647.290215056,383,Employed,1,2024-06,Bad
8619,3716,10000,2024-06-24,12,43,91202.91898172887,318,Employed,1,2024-06,Bad
8620,4522,25000,2024-08-15,12,54,59817.09759979389,742,Self-Employed,0,2024-08,Good
8621,2122,15000,2024-07-07,36,30,59156.898553706866,409,Self-Employed,0,2024-07,Good
8622,7264,10000,2024-01-15,24,28,82524.30806759914,596,Employed,1,2024-01,Bad
8623,7297,5000,2024-09-10,24,18,26981.961759147,688,Self-Employed,0,2024-09,Bad
8624,343,25000,2024-02-28,36,24,138391.44755819446,356,Contractor,0,2024-02,Good
8625,6545,5000,2024-09-03,12,28,20000.0,355,Employed,1,2024-09,Bad
8626,4318,15000,2024-10-24,24,20,53544.42426858748,582,Employed,0,2024-10,Bad
8627,9551,15000,2024-06-07,36,28,101170.57100278835,553,Contractor,0,2024-06,Bad
8628,4833,15000,2024-09-18,24,44,76367.60991041936,391,Self-Employed,1,2024-09,Bad
8629,3175,15000,2024-10-01,36,64,66976.19505375698,404,Contractor,1,2024-10,Bad
8630,8930,25000,2024-06-14,24,45,66386.33337894248,363,Self-Employed,0,2024-06,Bad
8631,8055,5000,2024-05-01,24,65,89131.6096095112,804,Employed,1,2024-05,Bad
8632,1027,5000,2024-12-25,24,64,106783.68938593692,586,Contractor,1,2024-12,Bad
8633,5950,5000,2024-12-11,24,68,72114.16976186316,527,Self-Employed,0,2024-12,Bad
8634,4640,10000,2024-06-29,36,22,114561.7612542232,462,Employed,1,2024-06,Bad
8635,1104,10000,2024-09-10,24,53,50771.29503318665,437,Employed,1,2024-09,Bad
8636,2684,25000,2024-05-05,12,40,21973.06197598827,650,Employed,0,2024-05,Bad
8637,4945,10000,2024-11-26,12,64,22799.141870058047,659,Employed,0,2024-11,Good
8638,6965,15000,2024-04-19,12,50,90824.35587285078,448,Employed,0,2024-04,Good
8639,8588,25000,2024-05-21,24,38,76312.41140256706,545,Self-Employed,0,2024-05,Bad
8640,7504,25000,2024-05-01,12,67,63095.30971772456,721,Employed,0,2024-05,Bad
8641,7378,25000,2024-01-10,24,56,82825.64626082372,601,Employed,0,2024-01,Bad
8642,9727,5000,2024-09-11,24,49,58619.84663900938,677,Employed,0,2024-09,Bad
8643,8237,10000,2024-01-17,36,36,23637.24012718135,816,Employed,0,2024-01,Bad
8644,1980,15000,2024-07-21,12,42,111159.8980149812,326,Employed,0,2024-07,Good
8645,1865,25000,2024-01-15,36,19,41134.547451248494,813,Employed,1,2024-01,Bad
8646,10000,15000,2024-01-03,24,32,89911.56538532459,304,Employed,1,2024-01,Bad
8647,4445,25000,2024-08-29,24,28,45064.04707324752,311,Self-Employed,1,2024-08,Good
8648,3102,15000,2024-11-07,36,21,112231.9698875999,846,Employed,0,2024-11,Good
8649,3434,5000,2024-07-05,24,63,84228.39448275082,578,Employed,0,2024-07,Good
8650,8996,15000,2024-10-08,36,22,65514.754430866975,737,Employed,0,2024-10,Bad
8651,2070,10000,2024-04-12,12,30,94279.19081765367,592,Employed,0,2024-04,Good
8652,5141,15000,2024-08-22,24,22,99025.16761924434,642,Employed,1,2024-08,Good
8653,8683,25000,2024-06-26,24,35,47966.20983911975,636,Self-Employed,0,2024-06,Bad
8654,1480,25000,2024-03-27,36,31,93119.41799964532,661,Employed,0,2024-03,Bad
8655,1704,5000,2024-11-12,24,56,67588.45384872939,332,Contractor,1,2024-11,Good
8656,4317,5000,2024-09-09,12,35,20000.0,481,Employed,0,2024-09,Bad
8657,4687,25000,2024-11-06,12,53,118908.74079323247,542,Employed,0,2024-11,Good
8658,5618,25000,2024-07-10,12,28,68387.28430791905,672,Employed,0,2024-07,Good
8659,4909,15000,2024-01-03,24,25,85567.0606643536,473,Employed,0,2024-01,Bad
8660,3231,25000,2024-06-06,36,47,21078.282514962455,306,Employed,1,2024-06,Bad
8661,8335,5000,2024-07-04,12,65,76097.32097607217,707,Employed,0,2024-07,Good
8662,1850,5000,2024-05-20,12,22,42903.27762148177,355,Self-Employed,0,2024-05,Bad
8663,4021,10000,2024-11-20,24,53,40584.4921034111,462,Self-Employed,0,2024-11,Good
8664,8237,10000,2024-02-20,36,36,23637.24012718135,816,Employed,0,2024-02,Good
8665,451,25000,2024-11-05,36,39,71404.26514235695,779,Employed,0,2024-11,Good
8666,1260,15000,2024-06-27,12,29,63851.77928149598,386,Employed,1,2024-06,Bad
8667,9196,25000,2024-06-03,36,65,78991.53925810922,408,Employed,0,2024-06,Bad
8668,4778,5000,2024-09-24,12,49,68379.40603356673,517,Employed,0,2024-09,Bad
8669,7393,5000,2024-04-22,24,62,69844.9678441773,832,Employed,0,2024-04,Good
8670,7576,5000,2024-04-29,12,37,57296.30926367157,524,Self-Employed,1,2024-04,Good
8671,7987,25000,2024-03-29,24,43,77363.06230121931,806,Self-Employed,0,2024-03,Bad
8672,1997,25000,2024-04-15,12,67,57479.351099192536,551,Employed,1,2024-04,Good
8673,4889,10000,2024-07-25,24,47,20000.0,745,Employed,1,2024-07,Good
8674,7137,5000,2024-01-31,24,35,80954.60101820531,412,Employed,0,2024-01,Bad
8675,1495,10000,2024-09-23,36,51,73941.53416577724,764,Employed,0,2024-09,Bad
8676,9265,5000,2024-06-12,12,68,36775.918371670865,348,Employed,1,2024-06,Bad
8677,1579,10000,2024-04-30,24,56,55480.91490345489,786,Employed,0,2024-04,Good
8678,1236,25000,2024-05-13,12,62,44075.49113901032,704,Employed,1,2024-05,Bad
8679,9932,15000,2024-05-02,24,60,42427.249823801816,364,Self-Employed,1,2024-05,Bad
8680,9208,15000,2024-10-27,12,30,50958.48607686435,833,Employed,1,2024-10,Bad
8681,6994,5000,2024-03-30,36,28,26870.36408344505,465,Employed,0,2024-03,Bad
8682,1560,25000,2024-03-12,12,69,61793.41298790423,544,Employed,0,2024-03,Bad
8683,9761,5000,2024-12-24,12,31,20000.0,392,Self-Employed,1,2024-12,Bad
8684,7889,10000,2024-02-06,12,26,97448.50483837831,348,Employed,0,2024-02,Good
8685,9703,25000,2024-04-10,12,41,40413.755913050714,666,Employed,0,2024-04,Good
8686,4576,10000,2024-04-21,24,25,66309.31921818921,376,Self-Employed,0,2024-04,Good
8687,3857,10000,2024-01-30,36,28,101953.0306524871,618,Self-Employed,0,2024-01,Bad
8688,9904,5000,2024-02-07,24,43,87173.81518682929,728,Self-Employed,0,2024-02,Good
8689,4140,10000,2024-07-25,12,55,105201.68117931823,742,Employed,0,2024-07,Good
8690,7833,5000,2024-06-14,12,23,68984.82994440556,755,Employed,0,2024-06,Bad
8691,3528,10000,2024-01-09,24,32,63977.06162012328,523,Employed,1,2024-01,Bad
8692,6499,5000,2024-10-03,12,19,76971.18933044338,772,Employed,0,2024-10,Bad
8693,5820,10000,2024-06-17,36,48,80320.63304173303,717,Employed,0,2024-06,Bad
8694,3869,10000,2024-11-20,12,54,87026.55468451664,846,Employed,1,2024-11,Good
8695,4452,10000,2024-10-01,36,45,86792.56463997034,596,Employed,0,2024-10,Bad
8696,7305,5000,2024-09-05,12,35,75230.31446516367,447,Employed,0,2024-09,Bad
8697,8095,25000,2024-04-21,36,58,84650.43227035522,372,Employed,0,2024-04,Good
8698,5740,15000,2024-03-20,24,30,76198.26831932367,395,Employed,1,2024-03,Bad
8699,9694,15000,2024-01-18,24,64,69564.6951053584,470,Employed,0,2024-01,Bad
8700,815,5000,2024-03-20,12,42,55002.50024726709,362,Employed,0,2024-03,Bad
8701,7585,5000,2024-07-13,12,34,57749.239963345186,570,Employed,0,2024-07,Good
8702,4066,15000,2024-07-17,24,49,69620.67584054136,438,Employed,1,2024-07,Good
8703,1324,25000,2024-04-25,36,60,104552.91878258917,711,Employed,0,2024-04,Good
8704,8197,25000,2024-02-01,24,69,90498.21513569387,823,Contractor,0,2024-02,Good
8705,9451,15000,2024-08-10,12,50,32791.21451989896,606,Employed,0,2024-08,Good
8706,2035,10000,2024-03-28,24,49,37789.71910817886,501,Employed,1,2024-03,Bad
8707,6591,10000,2024-06-09,24,26,35932.239016805965,696,Employed,0,2024-06,Bad
8708,5967,5000,2024-11-23,12,39,57946.876421556626,786,Employed,0,2024-11,Good
8709,200,15000,2024-11-05,12,56,68398.1141804587,772,Self-Employed,0,2024-11,Good
8710,1706,15000,2024-04-12,12,22,58499.093745488884,477,Employed,0,2024-04,Good
8711,3932,5000,2024-10-24,24,30,82140.48435546207,485,Employed,1,2024-10,Bad
8712,2069,25000,2024-06-11,36,50,31688.79130263585,429,Employed,0,2024-06,Bad
8713,3759,25000,2024-04-11,24,25,105426.12311304206,833,Employed,0,2024-04,Good
8714,2844,15000,2024-07-07,36,62,29216.128823639323,679,Employed,0,2024-07,Good
8715,2197,10000,2024-11-11,36,59,78968.09592361213,364,Employed,1,2024-11,Good
8716,8817,15000,2024-09-06,36,66,40955.93948066996,840,Self-Employed,0,2024-09,Bad
8717,2134,15000,2024-08-13,12,61,75120.5852202067,518,Employed,1,2024-08,Good
8718,2579,10000,2024-05-03,12,63,49858.00000160505,577,Employed,0,2024-05,Bad
8719,6207,15000,2024-10-31,12,34,20000.0,331,Employed,1,2024-10,Bad
8720,8884,25000,2024-10-05,36,44,36430.23262508998,457,Employed,0,2024-10,Bad
8721,2598,25000,2024-11-19,36,44,56168.39661404605,786,Self-Employed,0,2024-11,Good
8722,814,10000,2024-10-17,36,43,78099.01280191838,675,Employed,0,2024-10,Bad
8723,6552,25000,2024-10-04,24,66,63579.078694826254,708,Employed,0,2024-10,Bad
8724,1628,10000,2024-06-06,36,43,100615.69330193108,656,Employed,0,2024-06,Bad
8725,4617,10000,2024-01-03,12,35,66647.290215056,383,Employed,1,2024-01,Bad
8726,3593,15000,2024-11-26,24,50,76953.51438889522,524,Self-Employed,0,2024-11,Good
8727,2581,10000,2024-01-10,36,57,35475.68790839036,531,Contractor,0,2024-01,Bad
8728,6239,25000,2024-03-07,12,60,75334.3007282599,744,Employed,0,2024-03,Bad
8729,3933,25000,2024-06-17,36,64,72821.64128727278,680,Employed,0,2024-06,Bad
8730,8488,5000,2024-02-19,12,35,61095.1524975701,693,Employed,0,2024-02,Good
8731,7114,25000,2024-05-06,12,57,35470.16151426255,746,Self-Employed,0,2024-05,Bad
8732,3252,15000,2024-07-15,12,62,110814.03100890032,431,Employed,0,2024-07,Good
8733,1155,10000,2024-01-15,36,38,86563.58711537925,311,Self-Employed,0,2024-01,Bad
8734,533,25000,2024-05-01,12,54,47264.2210667881,664,Employed,0,2024-05,Bad
8735,5128,5000,2024-02-17,36,66,85464.86545858033,468,Employed,0,2024-02,Good
8736,888,5000,2024-04-23,12,47,24415.436751468915,325,Employed,1,2024-04,Good
8737,3273,10000,2024-01-06,36,24,88156.4372771098,608,Employed,1,2024-01,Bad
8738,2926,25000,2024-01-04,24,24,108076.86794115623,641,Employed,0,2024-01,Bad
8739,2433,25000,2024-10-05,12,40,37051.80979908151,372,Employed,1,2024-10,Bad
8740,3598,5000,2024-06-21,36,52,31307.269242264912,479,Employed,1,2024-06,Bad
8741,8012,25000,2024-11-16,36,61,45725.02467953178,684,Employed,0,2024-11,Good
8742,5526,25000,2024-02-25,36,38,46249.43296085707,628,Employed,1,2024-02,Good
8743,4619,10000,2024-01-15,12,18,58305.86203187888,760,Employed,1,2024-01,Bad
8744,9027,25000,2024-03-31,24,18,48101.55837990432,311,Employed,1,2024-03,Bad
8745,9570,25000,2024-07-23,12,39,68749.87724769348,809,Employed,0,2024-07,Good
8746,3481,5000,2024-09-03,12,43,31908.760728945526,769,Employed,0,2024-09,Bad
8747,4607,15000,2024-08-26,24,44,52994.63914669001,510,Employed,1,2024-08,Good
8748,8404,25000,2024-12-25,24,29,66934.35706902084,673,Employed,0,2024-12,Bad
8749,9119,10000,2024-01-09,24,20,59393.97611129534,639,Self-Employed,0,2024-01,Bad
8750,2673,5000,2024-08-16,12,62,86380.03769370656,315,Self-Employed,1,2024-08,Good
8751,4033,5000,2024-08-04,24,68,61178.62520464436,410,Employed,1,2024-08,Good
8752,8537,10000,2024-07-03,24,50,69096.7850434114,718,Contractor,0,2024-07,Good
8753,5994,15000,2024-07-13,24,67,20000.0,421,Self-Employed,0,2024-07,Good
8754,6004,25000,2024-02-08,12,41,92032.92394421341,306,Employed,1,2024-02,Good
8755,9894,25000,2024-02-09,24,61,54917.13081695732,429,Self-Employed,1,2024-02,Good
8756,7426,10000,2024-01-16,12,36,91043.32131636492,349,Contractor,0,2024-01,Bad
8757,3847,5000,2024-03-21,24,51,75328.68689881556,681,Employed,0,2024-03,Bad
8758,4017,10000,2024-03-31,24,61,38562.13324266421,608,Employed,0,2024-03,Bad
8759,296,15000,2024-05-17,36,18,20000.0,490,Employed,0,2024-05,Bad
8760,7725,5000,2024-06-29,36,36,72282.0916422564,558,Employed,1,2024-06,Bad
8761,7385,15000,2024-03-05,12,22,49882.02833411305,492,Employed,0,2024-03,Bad
8762,4484,15000,2024-04-24,36,23,27479.94961844563,788,Contractor,0,2024-04,Good
8763,1497,5000,2024-02-19,36,54,87663.60392774909,801,Employed,0,2024-02,Good
8764,1568,15000,2024-10-11,36,19,73399.20433601442,570,Employed,1,2024-10,Bad
8765,6034,5000,2024-05-25,12,48,64551.80079375503,325,Employed,1,2024-05,Bad
8766,5451,15000,2024-06-28,24,37,112387.68364978388,782,Employed,0,2024-06,Bad
8767,1976,15000,2024-12-28,12,32,57682.86352561808,779,Self-Employed,0,2024-12,Bad
8768,4133,5000,2024-06-09,36,33,59651.838341220864,642,Employed,0,2024-06,Bad
8769,7399,15000,2024-12-28,12,59,116414.6455176899,402,Employed,1,2024-12,Bad
8770,4279,15000,2024-09-23,12,56,51463.174837320774,628,Employed,0,2024-09,Bad
8771,7926,25000,2024-04-10,12,30,56973.01426351883,823,Contractor,0,2024-04,Good
8772,4166,15000,2024-05-27,24,39,63478.761999926806,490,Employed,0,2024-05,Bad
8773,8429,10000,2024-05-29,24,21,50291.49856730785,735,Employed,0,2024-05,Bad
8774,464,15000,2024-08-11,36,22,106871.49182285162,668,Employed,0,2024-08,Good
8775,5238,10000,2024-07-18,24,50,36927.13306381073,572,Employed,1,2024-07,Good
8776,930,5000,2024-10-17,36,21,101048.56004881502,498,Employed,1,2024-10,Bad
8777,1887,5000,2024-03-20,24,36,106264.3240808212,303,Self-Employed,0,2024-03,Bad
8778,7674,25000,2024-04-17,36,67,27620.060317421114,572,Self-Employed,0,2024-04,Good
8779,7672,5000,2024-06-10,12,66,80138.59956463956,738,Self-Employed,0,2024-06,Bad
8780,7919,10000,2024-05-27,36,21,104869.0497260966,679,Employed,0,2024-05,Bad
8781,3912,5000,2024-07-23,24,44,58104.001002588586,849,Self-Employed,0,2024-07,Good
8782,6545,5000,2024-11-07,36,28,20000.0,355,Employed,1,2024-11,Good
8783,4413,15000,2024-11-02,24,51,113826.49238849741,563,Self-Employed,0,2024-11,Good
8784,718,10000,2024-12-16,12,62,76474.85004185728,421,Employed,1,2024-12,Bad
8785,6366,10000,2024-03-25,12,35,62590.38409212757,775,Self-Employed,0,2024-03,Bad
8786,658,10000,2024-02-19,24,53,88811.54926340423,498,Contractor,1,2024-02,Good
8787,1213,5000,2024-04-30,36,21,66803.83092054403,416,Employed,1,2024-04,Good
8788,6436,10000,2024-06-01,12,19,75146.25666732248,435,Employed,1,2024-06,Bad
8789,758,5000,2024-12-15,36,20,70790.1868542023,693,Employed,0,2024-12,Bad
8790,6903,5000,2024-07-17,12,47,36590.62083240357,806,Contractor,0,2024-07,Good
8791,5537,25000,2024-08-13,12,42,86372.59806591006,685,Employed,0,2024-08,Good
8792,3479,25000,2024-09-16,36,45,81380.84071284402,780,Self-Employed,0,2024-09,Bad
8793,5573,5000,2024-03-03,24,42,40278.19130911041,455,Employed,0,2024-03,Bad
8794,9423,5000,2024-10-04,24,64,56630.666882379315,641,Employed,1,2024-10,Bad
8795,6070,15000,2024-11-08,24,65,90652.1860240001,515,Employed,1,2024-11,Good
8796,5480,25000,2024-06-30,24,28,46729.67185978117,402,Employed,1,2024-06,Bad
8797,5126,10000,2024-01-04,36,46,45458.198191327814,847,Employed,0,2024-01,Bad
8798,5094,25000,2024-07-11,36,60,51455.66909970995,736,Employed,0,2024-07,Good
8799,5593,25000,2024-09-11,12,67,74074.89258581719,337,Employed,1,2024-09,Bad
8800,83,25000,2024-10-30,12,65,48607.80701346391,518,Employed,1,2024-10,Bad
8801,7967,10000,2024-05-30,12,41,25669.676510957324,631,Employed,0,2024-05,Bad
8802,3763,5000,2024-01-06,36,40,71304.87135585716,682,Employed,1,2024-01,Bad
8803,1401,25000,2024-08-02,12,24,87996.78789886076,658,Employed,0,2024-08,Good
8804,659,25000,2024-08-17,36,40,107229.72334129197,415,Self-Employed,0,2024-08,Good
8805,6246,5000,2024-11-22,36,24,37850.92073145734,339,Employed,0,2024-11,Good
8806,5151,5000,2024-05-12,36,41,77609.12664296024,524,Self-Employed,1,2024-05,Bad
8807,1338,15000,2024-03-25,12,43,99252.54634025927,723,Employed,0,2024-03,Bad
8808,7141,25000,2024-06-02,24,27,78664.74314221597,649,Employed,0,2024-06,Bad
8809,8886,5000,2024-07-20,36,23,20376.40077020356,542,Self-Employed,1,2024-07,Good
8810,4328,10000,2024-07-12,12,38,87164.48731894125,573,Employed,0,2024-07,Good
8811,9337,10000,2024-01-20,12,61,84161.39899624271,592,Employed,0,2024-01,Bad
8812,3257,15000,2024-09-26,24,60,24570.70274886139,536,Employed,0,2024-09,Bad
8813,864,25000,2024-09-02,36,29,74168.66019730642,333,Employed,1,2024-09,Bad
8814,1250,5000,2024-03-11,36,27,51314.811930828175,652,Employed,1,2024-03,Bad
8815,9411,10000,2024-07-20,12,53,43749.79363099035,608,Employed,0,2024-07,Good
8816,4905,15000,2024-12-16,36,41,69824.74104432324,441,Employed,1,2024-12,Bad
8817,9242,25000,2024-02-27,24,64,49705.80344518201,336,Self-Employed,0,2024-02,Good
8818,7362,10000,2024-09-13,36,52,88012.73937664197,482,Employed,0,2024-09,Bad
8819,2903,15000,2024-08-08,12,25,69835.15917974293,832,Employed,1,2024-08,Good
8820,4807,5000,2024-06-07,36,53,64546.64391229796,671,Self-Employed,0,2024-06,Bad
8821,5384,10000,2024-05-15,36,48,75018.43134229032,398,Employed,0,2024-05,Bad
8822,9687,25000,2024-07-26,36,29,48796.68915280556,450,Employed,1,2024-07,Good
8823,2337,10000,2024-08-25,36,63,37136.69212479846,828,Self-Employed,0,2024-08,Good
8824,368,5000,2024-12-04,12,22,75597.23706109964,518,Employed,0,2024-12,Bad
8825,412,5000,2024-08-05,12,59,42044.69583725521,431,Employed,1,2024-08,Good
8826,3094,15000,2024-07-06,36,37,73023.25154814144,655,Employed,0,2024-07,Good
8827,8035,5000,2024-07-08,12,19,67435.43357660781,585,Employed,0,2024-07,Good
8828,354,25000,2024-09-30,12,55,116705.65103764558,475,Employed,0,2024-09,Bad
8829,9758,25000,2024-09-10,12,40,50410.98630259816,379,Employed,0,2024-09,Bad
8830,5679,10000,2024-07-12,36,49,54039.31581961816,420,Self-Employed,1,2024-07,Good
8831,1339,10000,2024-12-14,36,45,94982.48932303964,653,Employed,0,2024-12,Bad
8832,4878,5000,2024-11-17,36,45,51222.09399898428,614,Self-Employed,0,2024-11,Good
8833,329,5000,2024-06-28,36,35,67679.24788148991,726,Self-Employed,0,2024-06,Bad
8834,9686,5000,2024-11-18,24,52,76020.49497264289,654,Self-Employed,0,2024-11,Good
8835,8156,5000,2024-03-28,36,43,49265.64471983861,774,Employed,0,2024-03,Bad
8836,7017,10000,2024-09-21,36,66,22245.622465205146,380,Employed,0,2024-09,Bad
8837,1487,25000,2024-12-28,36,26,44478.02693975783,672,Self-Employed,0,2024-12,Bad
8838,7608,15000,2024-10-30,24,19,88403.83985320527,300,Self-Employed,1,2024-10,Bad
8839,3736,10000,2024-11-11,36,28,83162.79055840151,622,Employed,0,2024-11,Good
8840,738,10000,2024-11-29,24,49,61152.36932563281,616,Employed,0,2024-11,Good
8841,5368,25000,2024-05-05,24,69,65153.28626088067,587,Contractor,0,2024-05,Bad
8842,3889,15000,2024-06-28,36,25,55622.27512641089,645,Employed,0,2024-06,Bad
8843,6893,25000,2024-02-12,36,61,97573.21054864528,351,Employed,1,2024-02,Good
8844,4844,5000,2024-07-21,24,27,57511.2647200202,845,Self-Employed,0,2024-07,Good
8845,9987,15000,2024-11-01,12,23,86373.61627640374,657,Self-Employed,1,2024-11,Good
8846,9495,10000,2024-04-16,24,59,50491.12492868172,540,Employed,1,2024-04,Good
8847,6292,5000,2024-03-28,24,21,56881.451622950655,691,Contractor,0,2024-03,Bad
8848,2669,5000,2024-01-14,36,53,73552.65099126045,370,Employed,1,2024-01,Bad
8849,4239,5000,2024-08-30,36,23,20000.0,315,Employed,1,2024-08,Good
8850,5072,5000,2024-01-18,12,55,40980.51104387775,550,Self-Employed,1,2024-01,Bad
8851,4167,5000,2024-08-15,24,48,60166.47625800943,738,Employed,1,2024-08,Good
8852,638,5000,2024-03-17,24,53,27428.234782940264,643,Employed,0,2024-03,Bad
8853,4563,15000,2024-10-16,12,54,100854.42591300816,502,Self-Employed,0,2024-10,Bad
8854,2642,5000,2024-12-04,12,47,76280.65040340247,808,Employed,0,2024-12,Bad
8855,8233,15000,2024-02-10,24,57,131990.7173475001,721,Employed,0,2024-02,Good
8856,8963,15000,2024-04-28,24,50,109550.60281753683,738,Employed,0,2024-04,Good
8857,5803,25000,2024-03-15,12,20,25569.290727012478,564,Employed,0,2024-03,Bad
8858,4375,25000,2024-06-25,36,47,44103.243609542355,619,Employed,0,2024-06,Bad
8859,7639,15000,2024-08-05,24,51,65079.94976538221,631,Employed,0,2024-08,Good
8860,3017,5000,2024-03-09,24,28,31496.877608630355,590,Self-Employed,1,2024-03,Bad
8861,3711,25000,2024-07-31,24,66,113396.52564201511,671,Employed,0,2024-07,Good
8862,58,5000,2024-10-30,24,64,29998.23192042477,334,Employed,1,2024-10,Bad
8863,9846,5000,2024-01-12,12,49,74195.48921109663,456,Employed,0,2024-01,Bad
8864,3238,25000,2024-04-22,12,24,65263.64279352564,392,Employed,0,2024-04,Good
8865,6517,25000,2024-09-26,12,21,64046.63577938399,727,Employed,0,2024-09,Bad
8866,82,25000,2024-11-15,12,48,72726.18607581635,542,Self-Employed,0,2024-11,Good
8867,5990,5000,2024-01-26,12,29,72047.95051877626,555,Self-Employed,0,2024-01,Bad
8868,6508,10000,2024-02-24,36,33,57992.93217307048,597,Employed,1,2024-02,Good
8869,1509,10000,2024-11-10,36,42,20000.0,565,Self-Employed,0,2024-11,Good
8870,5166,25000,2024-07-26,36,66,70242.1515893622,673,Employed,0,2024-07,Good
8871,8454,5000,2024-03-19,36,33,96638.07303546352,813,Employed,0,2024-03,Bad
8872,3707,10000,2024-11-19,12,30,47509.9797824409,809,Self-Employed,1,2024-11,Good
8873,6236,25000,2024-05-30,12,25,63124.32499007998,453,Employed,1,2024-05,Bad
8874,4115,5000,2024-11-23,36,63,94180.44333260933,403,Employed,0,2024-11,Good
8875,2318,5000,2024-07-16,12,64,28020.09954105583,399,Employed,1,2024-07,Good
8876,4673,5000,2024-08-07,12,63,54239.30752998211,510,Employed,0,2024-08,Good
8877,8861,5000,2024-10-30,24,25,46703.519753548404,828,Self-Employed,0,2024-10,Bad
8878,1271,5000,2024-09-17,24,61,45674.25725993242,467,Employed,1,2024-09,Bad
8879,9927,5000,2024-01-21,36,28,46760.67666949023,833,Self-Employed,0,2024-01,Bad
8880,3815,5000,2024-06-26,12,33,123640.604047411,369,Contractor,1,2024-06,Bad
8881,4020,25000,2024-12-28,24,23,70354.22352829375,605,Employed,0,2024-12,Bad
8882,4716,25000,2024-03-11,12,64,64060.91226584522,588,Employed,0,2024-03,Bad
8883,6647,15000,2024-12-15,24,33,79902.03735331217,512,Employed,0,2024-12,Bad
8884,6840,25000,2024-04-03,36,62,39917.454225612586,532,Employed,0,2024-04,Good
8885,2232,25000,2024-07-25,12,20,41281.2826183,498,Employed,1,2024-07,Good
8886,8633,15000,2024-03-13,12,68,68722.16509884426,611,Employed,0,2024-03,Bad
8887,581,25000,2024-06-03,24,67,92254.58677551117,541,Employed,0,2024-06,Bad
8888,3322,10000,2024-09-14,36,39,44962.90195422483,363,Self-Employed,1,2024-09,Bad
8889,376,10000,2024-08-15,24,45,46532.562541760926,592,Employed,1,2024-08,Good
8890,6082,25000,2024-12-12,36,40,72291.47332972616,509,Employed,0,2024-12,Bad
8891,5578,25000,2024-06-23,36,18,106940.63605390336,768,Employed,0,2024-06,Bad
8892,3802,25000,2024-10-22,36,35,85780.2775799939,332,Contractor,1,2024-10,Bad
8893,6490,25000,2024-08-04,12,59,20100.431635399415,353,Employed,0,2024-08,Good
8894,10000,15000,2024-02-05,24,32,89911.56538532459,304,Employed,1,2024-02,Good
8895,729,15000,2024-12-22,12,30,81488.28673972846,316,Employed,1,2024-12,Bad
8896,4276,25000,2024-07-30,12,34,79344.17774754752,824,Employed,0,2024-07,Good
8897,6781,25000,2024-05-29,12,36,103700.20552046731,423,Self-Employed,1,2024-05,Bad
8898,2424,15000,2024-09-30,36,51,20000.0,341,Employed,1,2024-09,Bad
8899,6327,10000,2024-04-24,36,40,77171.05172418727,406,Contractor,0,2024-04,Good
8900,2377,5000,2024-07-21,36,36,50389.97558509922,744,Employed,0,2024-07,Good
8901,6634,25000,2024-01-06,36,53,103325.31355622958,521,Employed,0,2024-01,Bad
8902,2248,10000,2024-11-18,36,37,97746.62923583835,626,Self-Employed,1,2024-11,Good
8903,6623,5000,2024-05-04,36,31,111571.72803500443,836,Employed,0,2024-05,Bad
8904,9952,5000,2024-11-03,12,54,76915.33767549536,754,Employed,0,2024-11,Good
8905,5575,10000,2024-07-16,36,27,51701.71229269769,335,Employed,1,2024-07,Good
8906,7161,25000,2024-07-25,24,18,62549.9758304165,465,Employed,1,2024-07,Good
8907,5994,5000,2024-01-03,36,67,20000.0,421,Self-Employed,0,2024-01,Bad
8908,5560,25000,2024-03-06,12,28,51459.48091727031,812,Employed,0,2024-03,Bad
8909,1913,25000,2024-07-26,24,39,59994.968642490756,450,Employed,1,2024-07,Good
8910,3809,10000,2024-10-04,12,23,77763.3844612809,663,Employed,0,2024-10,Bad
8911,2678,15000,2024-04-22,12,44,59660.168944873934,650,Employed,0,2024-04,Good
8912,5579,25000,2024-05-18,24,24,33334.20012233476,478,Self-Employed,0,2024-05,Bad
8913,9887,15000,2024-06-12,36,54,20000.0,336,Employed,1,2024-06,Bad
8914,4532,10000,2024-11-04,12,61,54884.03699897634,467,Employed,1,2024-11,Good
8915,1738,10000,2024-11-27,12,51,59368.43393771616,569,Employed,0,2024-11,Good
8916,5698,10000,2024-06-16,24,56,58284.459401548396,666,Employed,1,2024-06,Bad
8917,46,10000,2024-02-04,36,26,70963.87384434348,560,Employed,1,2024-02,Good
8918,7020,5000,2024-02-12,24,39,33928.210348421635,659,Employed,0,2024-02,Good
8919,5892,15000,2024-10-27,24,48,98717.3299661378,610,Self-Employed,0,2024-10,Bad
8920,1942,10000,2024-06-17,12,34,78928.44046008705,543,Employed,0,2024-06,Bad
8921,6061,10000,2024-11-15,36,32,82197.55207230995,831,Employed,0,2024-11,Good
8922,8348,25000,2024-09-27,12,30,80636.90000760127,427,Employed,0,2024-09,Bad
8923,962,15000,2024-10-26,36,43,20000.0,828,Employed,1,2024-10,Bad
8924,945,10000,2024-02-11,24,59,62274.41450091341,778,Employed,1,2024-02,Good
8925,7775,15000,2024-07-05,36,39,98617.12933076537,694,Contractor,0,2024-07,Good
8926,9471,15000,2024-03-25,12,50,78917.94941583546,772,Self-Employed,0,2024-03,Bad
8927,9578,10000,2024-01-04,36,48,48994.23761329965,451,Contractor,0,2024-01,Bad
8928,3920,5000,2024-11-22,36,54,36157.3419092409,788,Employed,0,2024-11,Good
8929,9929,10000,2024-10-11,12,42,47232.70018832473,771,Employed,0,2024-10,Bad
8930,6059,5000,2024-09-18,12,63,37076.477897440906,621,Employed,0,2024-09,Bad
8931,3839,10000,2024-07-27,12,35,57262.25285181927,520,Employed,1,2024-07,Good
8932,5560,5000,2024-09-11,24,28,51459.48091727031,812,Employed,0,2024-09,Bad
8933,2651,25000,2024-07-12,12,61,67199.33867822922,654,Contractor,0,2024-07,Good
8934,8432,15000,2024-03-21,24,19,37295.63258788134,543,Employed,0,2024-03,Bad
8935,3255,15000,2024-04-02,36,37,42287.43721219522,589,Employed,1,2024-04,Good
8936,6403,10000,2024-05-18,36,45,48877.60353389155,821,Self-Employed,0,2024-05,Bad
8937,7628,10000,2024-08-05,12,35,78803.11461824608,475,Employed,1,2024-08,Good
8938,8692,5000,2024-08-31,24,26,41222.298831438384,510,Employed,0,2024-08,Good
8939,6220,5000,2024-04-12,24,32,40216.64019414374,760,Employed,0,2024-04,Good
8940,4393,5000,2024-02-01,24,24,48713.93625340797,451,Employed,0,2024-02,Good
8941,7720,5000,2024-12-08,12,42,61925.77633414076,454,Employed,1,2024-12,Bad
8942,9622,5000,2024-02-20,12,29,82951.55109593006,568,Self-Employed,0,2024-02,Good
8943,8719,10000,2024-08-25,24,32,42732.59786844307,761,Employed,0,2024-08,Good
8944,5852,15000,2024-02-09,36,40,51544.07174813027,408,Employed,0,2024-02,Good
8945,1809,5000,2024-09-13,36,35,76828.63633169467,422,Employed,1,2024-09,Bad
8946,9403,15000,2024-08-10,12,53,55550.25635036956,826,Employed,0,2024-08,Good
8947,8176,15000,2024-01-06,12,41,37871.461420941676,498,Employed,0,2024-01,Bad
8948,9241,10000,2024-04-04,24,56,87527.7945265543,737,Employed,0,2024-04,Good
8949,4395,25000,2024-09-28,24,64,54385.04584944644,723,Employed,1,2024-09,Bad
8950,4669,5000,2024-05-25,24,65,74018.89386659587,821,Contractor,0,2024-05,Bad
8951,9347,5000,2024-11-23,36,50,55732.55211959545,539,Employed,1,2024-11,Good
8952,5881,5000,2024-08-16,24,38,57004.193396798015,519,Employed,1,2024-08,Good
8953,676,5000,2024-08-18,24,26,91221.60354688406,463,Self-Employed,0,2024-08,Good
8954,3279,10000,2024-02-18,12,54,61457.2819574544,476,Employed,0,2024-02,Good
8955,2240,25000,2024-12-28,12,58,43963.76214677479,656,Employed,0,2024-12,Bad
8956,9244,10000,2024-09-07,24,46,58585.12910526191,531,Self-Employed,1,2024-09,Bad
8957,429,5000,2024-10-21,12,30,58189.74958490782,643,Self-Employed,0,2024-10,Bad
8958,2132,5000,2024-02-27,24,49,83302.02378582556,399,Employed,1,2024-02,Good
8959,8690,15000,2024-07-17,24,35,37804.06130715951,780,Employed,0,2024-07,Good
8960,3867,15000,2024-06-18,24,24,20000.0,615,Employed,0,2024-06,Bad
8961,851,25000,2024-10-27,12,18,90571.0367887691,583,Employed,0,2024-10,Bad
8962,2892,5000,2024-08-14,24,34,76103.62927718143,517,Self-Employed,1,2024-08,Good
8963,9251,5000,2024-01-28,12,26,98982.28560841276,719,Employed,0,2024-01,Bad
8964,2145,25000,2024-03-29,36,27,72761.81885451879,329,Employed,0,2024-03,Bad
8965,8036,15000,2024-04-01,36,53,58507.828413973286,539,Employed,0,2024-04,Good
8966,6551,15000,2024-03-13,12,44,20000.0,644,Self-Employed,0,2024-03,Bad
8967,7104,5000,2024-09-17,36,60,83015.98078393168,760,Self-Employed,0,2024-09,Bad
8968,9974,15000,2024-11-08,36,40,67855.8161125589,766,Employed,0,2024-11,Good
8969,8681,25000,2024-03-20,36,66,20000.0,549,Employed,0,2024-03,Bad
8970,8596,10000,2024-01-29,24,26,40095.26886010008,725,Employed,1,2024-01,Bad
8971,5343,15000,2024-08-22,36,69,96866.32810095853,768,Employed,0,2024-08,Good
8972,8595,25000,2024-11-06,24,40,56198.758599192704,375,Employed,1,2024-11,Good
8973,3658,5000,2024-05-30,12,68,81153.24190060429,569,Employed,0,2024-05,Bad
8974,9994,10000,2024-02-26,12,54,56003.988480490305,726,Self-Employed,0,2024-02,Good
8975,184,25000,2024-05-25,36,45,59878.08340338207,811,Self-Employed,0,2024-05,Bad
8976,6421,10000,2024-05-12,24,64,46929.13012054376,414,Employed,1,2024-05,Bad
8977,1517,15000,2024-05-26,12,48,87001.64907393356,691,Self-Employed,0,2024-05,Bad
8978,7463,5000,2024-08-16,12,45,41987.78030651054,417,Contractor,0,2024-08,Good
8979,4157,15000,2024-07-14,24,18,84350.56935177631,328,Employed,0,2024-07,Good
8980,9901,15000,2024-03-24,36,67,63938.7867747061,396,Self-Employed,1,2024-03,Bad
8981,5086,25000,2024-02-19,12,66,64744.85999022668,847,Employed,0,2024-02,Good
8982,3694,25000,2024-12-07,36,59,75145.60216684536,607,Employed,1,2024-12,Bad
8983,9742,15000,2024-11-27,36,21,44780.14703958922,741,Employed,0,2024-11,Good
8984,4411,25000,2024-09-20,24,58,25826.015720816176,584,Employed,0,2024-09,Bad
8985,2792,25000,2024-07-31,36,45,57750.466139084005,475,Self-Employed,1,2024-07,Good
8986,996,10000,2024-04-18,12,60,74519.45178412629,493,Self-Employed,1,2024-04,Good
8987,2857,15000,2024-02-02,24,65,70250.20770056473,570,Self-Employed,1,2024-02,Good
8988,8844,15000,2024-04-11,36,30,83555.2490606625,702,Employed,0,2024-04,Good
8989,7074,25000,2024-06-22,24,66,52726.27625670334,327,Employed,1,2024-06,Bad
8990,9085,15000,2024-08-24,24,31,89898.87320566014,549,Employed,0,2024-08,Good
8991,6180,15000,2024-05-06,24,23,49434.65250101703,571,Self-Employed,0,2024-05,Bad
8992,2003,25000,2024-08-09,36,41,69507.37201258611,466,Employed,0,2024-08,Good
8993,9257,5000,2024-07-13,24,69,20000.0,765,Employed,0,2024-07,Good
8994,8361,25000,2024-07-09,36,25,35829.43076164834,802,Employed,0,2024-07,Good
8995,171,5000,2024-04-03,24,46,73541.50579881566,595,Employed,0,2024-04,Good
8996,3690,5000,2024-09-15,36,43,75283.94077878598,508,Employed,0,2024-09,Bad
8997,739,10000,2024-11-03,24,62,56990.373514080144,543,Self-Employed,0,2024-11,Good
8998,3563,5000,2024-02-13,36,41,69701.83392479432,466,Contractor,0,2024-02,Good
8999,1318,15000,2024-11-11,12,24,56043.8905523123,681,Employed,0,2024-11,Good
9000,7826,25000,2024-02-27,12,60,31669.573651225102,592,Employed,1,2024-02,Good
9001,1288,15000,2024-04-04,24,39,75960.31748741613,460,Employed,1,2024-04,Good
9002,6082,5000,2024-05-21,12,40,72291.47332972616,509,Employed,0,2024-05,Bad
9003,4037,25000,2024-10-01,36,45,22120.50073241449,847,Self-Employed,0,2024-10,Bad
9004,4537,25000,2024-01-05,12,60,67694.00138631357,323,Employed,1,2024-01,Bad
9005,8850,25000,2024-09-03,36,52,63702.04103059848,784,Employed,0,2024-09,Bad
9006,4204,25000,2024-05-02,36,48,54897.617204190006,474,Employed,1,2024-05,Bad
9007,8124,10000,2024-10-08,12,28,42833.37413289063,827,Employed,0,2024-10,Bad
9008,5335,10000,2024-04-23,12,59,87412.49175500416,560,Employed,1,2024-04,Good
9009,7925,10000,2024-09-03,36,26,59741.0599055772,331,Employed,1,2024-09,Bad
9010,3202,25000,2024-12-29,12,22,84439.90154480681,428,Employed,0,2024-12,Bad
9011,8768,15000,2024-01-18,12,20,80245.31299686882,475,Employed,0,2024-01,Bad
9012,8492,5000,2024-06-21,24,37,66653.52787872504,486,Employed,1,2024-06,Bad
9013,1893,10000,2024-08-15,36,51,37578.12301540034,662,Employed,0,2024-08,Good
9014,5482,15000,2024-08-10,24,55,33937.47907701532,621,Employed,0,2024-08,Good
9015,224,10000,2024-07-28,36,66,70041.32262823137,620,Employed,0,2024-07,Good
9016,6721,10000,2024-08-31,12,33,37341.396073072276,354,Contractor,0,2024-08,Good
9017,7655,5000,2024-01-09,36,35,82580.4563714186,479,Employed,1,2024-01,Bad
9018,3649,25000,2024-12-11,12,32,42950.98089332065,730,Self-Employed,0,2024-12,Bad
9019,2742,15000,2024-05-01,24,52,46703.567289602855,306,Employed,0,2024-05,Bad
9020,7153,10000,2024-10-24,36,56,97639.56789526308,483,Employed,1,2024-10,Bad
9021,5228,25000,2024-12-30,24,64,97836.82903313093,848,Self-Employed,0,2024-12,Bad
9022,5512,15000,2024-11-21,36,48,56017.86739233958,528,Employed,0,2024-11,Good
9023,6220,10000,2024-12-05,24,32,40216.64019414374,760,Employed,0,2024-12,Bad
9024,2298,25000,2024-11-23,12,61,46892.43664480833,308,Employed,1,2024-11,Good
9025,4337,5000,2024-04-18,36,63,42495.994303158426,603,Employed,0,2024-04,Good
9026,7394,10000,2024-11-19,24,19,90676.75751610348,750,Employed,0,2024-11,Good
9027,9892,25000,2024-12-10,12,60,43349.832275434346,479,Employed,0,2024-12,Bad
9028,3335,5000,2024-01-31,12,57,102136.93423181374,442,Employed,0,2024-01,Bad
9029,2063,25000,2024-05-01,36,19,20145.203336264094,308,Self-Employed,1,2024-05,Bad
9030,8857,10000,2024-10-01,36,59,62685.015118290175,309,Employed,0,2024-10,Bad
9031,8688,5000,2024-03-11,36,24,20000.0,762,Employed,0,2024-03,Bad
9032,1465,10000,2024-06-23,24,52,54192.62052231674,341,Employed,1,2024-06,Bad
9033,3706,25000,2024-10-19,12,66,20000.0,683,Employed,0,2024-10,Bad
9034,6913,25000,2024-12-15,12,60,98073.1540083883,381,Employed,0,2024-12,Bad
9035,436,10000,2024-07-27,36,63,59486.54427108657,834,Employed,0,2024-07,Good
9036,4397,10000,2024-08-11,12,26,53431.583800091554,812,Employed,0,2024-08,Good
9037,7097,15000,2024-01-19,12,23,73916.69018124617,749,Contractor,0,2024-01,Bad
9038,1698,15000,2024-08-04,36,33,20173.09005219026,317,Employed,1,2024-08,Good
9039,8130,10000,2024-04-02,12,53,40056.05543351613,343,Employed,1,2024-04,Good
9040,8095,25000,2024-02-22,12,58,84650.43227035522,372,Employed,0,2024-02,Good
9041,7123,25000,2024-03-15,36,20,65397.71645999078,511,Employed,0,2024-03,Bad
9042,9239,25000,2024-05-11,24,53,20000.0,447,Employed,0,2024-05,Bad
9043,9282,15000,2024-02-15,36,34,105876.19176548647,803,Employed,0,2024-02,Good
9044,1419,25000,2024-02-05,12,49,59460.00764037402,488,Self-Employed,0,2024-02,Good
9045,3049,15000,2024-05-11,36,47,80206.67915860473,615,Employed,1,2024-05,Bad
9046,8762,25000,2024-05-09,36,20,32386.277510397264,525,Self-Employed,0,2024-05,Bad
9047,7161,10000,2024-06-15,12,18,62549.9758304165,465,Employed,1,2024-06,Bad
9048,8221,25000,2024-08-30,12,61,67770.90946730557,825,Employed,1,2024-08,Good
9049,7644,10000,2024-08-12,24,66,81334.20959489714,710,Employed,0,2024-08,Good
9050,641,10000,2024-10-26,24,36,83835.48658756076,826,Employed,0,2024-10,Bad
9051,7202,25000,2024-03-31,12,18,63553.346019641474,845,Contractor,0,2024-03,Bad
9052,6419,15000,2024-12-11,24,32,70482.72282830135,420,Employed,0,2024-12,Bad
9053,6488,15000,2024-12-29,24,21,96343.36965549336,730,Employed,1,2024-12,Bad
9054,4776,15000,2024-10-23,36,57,20000.0,371,Employed,1,2024-10,Bad
9055,1986,25000,2024-05-01,36,33,44850.20672351461,567,Self-Employed,1,2024-05,Bad
9056,4817,10000,2024-12-24,24,57,95089.4513633365,820,Employed,0,2024-12,Bad
9057,4168,15000,2024-12-18,36,34,87419.93330083087,642,Contractor,0,2024-12,Bad
9058,2030,15000,2024-10-20,36,35,98483.16473699998,833,Contractor,0,2024-10,Bad
9059,7313,5000,2024-07-11,12,58,82691.95610068107,780,Employed,0,2024-07,Good
9060,7206,25000,2024-04-23,24,40,78012.81241570698,356,Employed,1,2024-04,Good
9061,8666,25000,2024-01-11,24,62,90959.65092899081,470,Self-Employed,0,2024-01,Bad
9062,5117,25000,2024-07-05,12,20,77394.13932538776,553,Self-Employed,1,2024-07,Good
9063,171,5000,2024-03-18,12,46,73541.50579881566,595,Employed,0,2024-03,Bad
9064,3245,10000,2024-03-10,12,48,86975.35386392518,466,Self-Employed,0,2024-03,Bad
9065,2472,10000,2024-10-25,36,35,94471.64842592347,407,Employed,0,2024-10,Bad
9066,7032,15000,2024-04-13,12,64,47059.02155973649,592,Contractor,0,2024-04,Good
9067,5976,5000,2024-12-10,12,58,32114.04335281845,801,Contractor,0,2024-12,Bad
9068,1246,5000,2024-08-02,12,44,102452.4408371946,444,Employed,0,2024-08,Good
9069,7770,10000,2024-04-27,12,67,30844.710227444346,327,Employed,1,2024-04,Good
9070,8990,15000,2024-01-05,36,20,69819.96981265672,744,Employed,0,2024-01,Bad
9071,6020,25000,2024-06-02,24,22,51661.409354422954,660,Employed,1,2024-06,Bad
9072,5568,25000,2024-07-28,12,38,59356.93420969663,687,Self-Employed,0,2024-07,Good
9073,322,25000,2024-10-14,12,65,84268.75524046968,698,Employed,0,2024-10,Bad
9074,3935,10000,2024-10-29,24,34,58290.78002156548,587,Employed,0,2024-10,Bad
9075,7320,25000,2024-03-30,24,47,106969.59518467137,793,Contractor,0,2024-03,Bad
9076,3896,15000,2024-02-19,12,48,93555.18482213895,350,Employed,0,2024-02,Good
9077,9261,5000,2024-12-20,12,50,84098.63409288666,373,Employed,1,2024-12,Bad
9078,7164,15000,2024-07-20,24,39,71287.34174854979,402,Employed,1,2024-07,Good
9079,8516,5000,2024-06-04,12,25,46890.37087194576,452,Employed,0,2024-06,Bad
9080,6556,25000,2024-04-04,36,19,96906.59969683886,658,Employed,0,2024-04,Good
9081,3333,5000,2024-03-19,12,41,52334.12915530202,348,Employed,1,2024-03,Bad
9082,5339,25000,2024-07-01,12,20,97904.40203825056,499,Self-Employed,0,2024-07,Good
9083,2668,5000,2024-11-09,36,31,106993.68455553823,532,Employed,0,2024-11,Good
9084,8837,10000,2024-06-16,24,37,65136.44610703285,689,Contractor,0,2024-06,Bad
9085,3845,10000,2024-07-04,24,47,143944.28207610745,714,Employed,0,2024-07,Good
9086,9904,10000,2024-11-23,24,43,87173.81518682929,728,Self-Employed,0,2024-11,Good
9087,9033,15000,2024-11-25,12,48,67309.53647497424,735,Employed,1,2024-11,Good
9088,8495,10000,2024-06-21,24,62,54254.17942130366,446,Employed,0,2024-06,Bad
9089,3262,5000,2024-05-17,36,44,53373.10134497485,825,Contractor,0,2024-05,Bad
9090,3761,25000,2024-12-23,36,44,93584.0382551457,376,Employed,1,2024-12,Bad
9091,5080,10000,2024-07-28,12,34,45391.97574249361,837,Employed,0,2024-07,Good
9092,7003,25000,2024-10-30,24,19,66013.07355792525,315,Self-Employed,0,2024-10,Bad
9093,336,5000,2024-08-07,24,21,52324.7835182486,586,Self-Employed,0,2024-08,Good
9094,1879,10000,2024-07-08,36,57,85493.49293145238,575,Self-Employed,0,2024-07,Good
9095,1853,15000,2024-10-10,24,68,80373.61597578446,663,Contractor,1,2024-10,Bad
9096,4756,15000,2024-04-23,36,27,102422.0068462714,572,Self-Employed,0,2024-04,Good
9097,2001,5000,2024-01-20,12,46,46776.018749170944,553,Employed,0,2024-01,Bad
9098,5239,10000,2024-03-28,36,36,127579.29477264277,698,Employed,0,2024-03,Bad
9099,7789,10000,2024-11-21,24,43,62166.130147317504,775,Employed,0,2024-11,Good
9100,2130,5000,2024-10-23,36,25,65804.62717592099,555,Employed,1,2024-10,Bad
9101,5133,15000,2024-12-17,24,24,85574.71480008303,735,Employed,1,2024-12,Bad
9102,969,10000,2024-09-18,12,34,71078.36637846223,668,Employed,0,2024-09,Bad
9103,2526,10000,2024-01-30,36,27,82486.60617239255,498,Self-Employed,0,2024-01,Bad
9104,2347,10000,2024-02-23,12,58,69016.2485088279,456,Self-Employed,0,2024-02,Good
9105,750,25000,2024-06-23,12,35,86620.61096227528,362,Employed,0,2024-06,Bad
9106,9492,25000,2024-09-06,36,63,114834.58751456035,631,Employed,0,2024-09,Bad
9107,8496,15000,2024-01-10,36,61,52835.35825748367,581,Contractor,0,2024-01,Bad
9108,2916,10000,2024-10-01,36,37,57004.34305278109,596,Employed,0,2024-10,Bad
9109,5957,15000,2024-09-21,12,23,51271.83797526057,808,Self-Employed,0,2024-09,Bad
9110,3345,25000,2024-05-14,36,43,54184.06209166179,449,Employed,0,2024-05,Bad
9111,7580,25000,2024-03-01,24,54,119605.76504387255,671,Self-Employed,0,2024-03,Bad
9112,8228,10000,2024-01-14,24,43,40303.548159193975,608,Employed,0,2024-01,Bad
9113,3550,15000,2024-09-14,24,63,63030.2899979925,409,Employed,0,2024-09,Bad
9114,5622,5000,2024-10-27,24,60,66867.14606592213,627,Employed,0,2024-10,Bad
9115,6726,15000,2024-10-02,12,18,70644.70085213803,619,Employed,0,2024-10,Bad
9116,1434,5000,2024-01-26,12,24,82908.50201351027,749,Self-Employed,0,2024-01,Bad
9117,81,10000,2024-02-08,12,31,61916.39839884724,562,Employed,1,2024-02,Good
9118,9695,25000,2024-09-02,24,20,59688.531874143264,705,Employed,0,2024-09,Bad
9119,5506,10000,2024-05-30,12,28,54701.91914035117,664,Employed,0,2024-05,Bad
9120,3512,25000,2024-07-26,12,52,56352.3179833293,527,Employed,0,2024-07,Good
9121,6179,10000,2024-06-01,24,23,35469.970671278,647,Employed,1,2024-06,Bad
9122,2943,5000,2024-04-25,36,48,89062.56479883246,637,Employed,0,2024-04,Good
9123,8987,10000,2024-07-19,12,60,81663.56329956577,398,Employed,1,2024-07,Good
9124,9923,15000,2024-06-29,12,20,77841.88039483265,591,Employed,0,2024-06,Bad
9125,8376,15000,2024-10-07,36,48,74455.65713578775,828,Contractor,0,2024-10,Bad
9126,4654,5000,2024-06-22,12,57,53306.53290353545,619,Self-Employed,1,2024-06,Bad
9127,9364,15000,2024-06-03,24,30,73494.57555348075,696,Self-Employed,0,2024-06,Bad
9128,2043,5000,2024-12-21,36,28,20000.0,464,Employed,0,2024-12,Bad
9129,1288,5000,2024-11-14,12,39,75960.31748741613,460,Employed,1,2024-11,Good
9130,3561,25000,2024-04-24,12,42,59086.56541578662,573,Employed,0,2024-04,Good
9131,7794,25000,2024-10-29,12,44,73911.9276167373,838,Employed,0,2024-10,Bad
9132,282,10000,2024-05-21,12,42,65400.63205737901,458,Employed,0,2024-05,Bad
9133,4711,25000,2024-10-05,24,38,96308.6590574502,391,Employed,1,2024-10,Bad
9134,7774,5000,2024-01-16,36,23,105369.58135618319,840,Employed,0,2024-01,Bad
9135,8609,25000,2024-05-27,24,19,44355.32186863733,843,Employed,1,2024-05,Bad
9136,317,15000,2024-09-18,24,53,43839.14246352554,402,Employed,1,2024-09,Bad
9137,2964,15000,2024-01-29,12,44,101630.26258703452,372,Employed,0,2024-01,Bad
9138,1092,10000,2024-09-16,12,37,20000.0,408,Self-Employed,1,2024-09,Bad
9139,5079,5000,2024-04-23,12,59,38233.339845245544,635,Employed,0,2024-04,Good
9140,3886,10000,2024-01-08,36,66,69686.48455222277,576,Employed,1,2024-01,Bad
9141,5600,10000,2024-10-30,24,29,58853.792063900415,697,Employed,0,2024-10,Bad
9142,677,25000,2024-09-11,24,27,64269.58985365037,676,Self-Employed,0,2024-09,Bad
9143,1125,10000,2024-03-24,24,26,56971.02403235744,768,Self-Employed,0,2024-03,Bad
9144,1114,25000,2024-01-16,36,27,69286.73293975978,437,Employed,0,2024-01,Bad
9145,1973,25000,2024-10-29,12,20,65558.4809829652,661,Employed,0,2024-10,Bad
9146,7768,10000,2024-10-13,12,19,99639.38084853702,456,Contractor,0,2024-10,Bad
9147,4223,10000,2024-04-05,36,28,40234.419415568555,827,Employed,0,2024-04,Good
9148,4715,5000,2024-05-01,36,39,40679.30268542607,573,Employed,0,2024-05,Bad
9149,4930,25000,2024-08-13,12,27,47451.06754262195,711,Contractor,0,2024-08,Good
9150,9615,15000,2024-01-29,24,53,48685.052266712795,324,Employed,1,2024-01,Bad
9151,7662,5000,2024-03-16,12,24,58336.31739298132,315,Self-Employed,0,2024-03,Bad
9152,7144,25000,2024-11-19,36,64,77281.85051815707,836,Employed,0,2024-11,Good
9153,8948,25000,2024-04-28,36,32,32043.092699251458,447,Contractor,0,2024-04,Good
9154,4872,25000,2024-06-19,12,44,73414.57613647587,845,Employed,0,2024-06,Bad
9155,3837,25000,2024-02-03,24,38,78083.09456821471,627,Contractor,1,2024-02,Good
9156,7310,25000,2024-09-18,36,38,91827.95066998438,766,Employed,0,2024-09,Bad
9157,7382,5000,2024-10-31,36,31,51212.10674742549,315,Employed,1,2024-10,Bad
9158,4475,25000,2024-07-06,36,67,81508.57636406703,699,Employed,1,2024-07,Good
9159,8684,10000,2024-02-20,12,61,48523.507737136475,441,Employed,0,2024-02,Good
9160,684,15000,2024-01-09,12,57,82251.84190841531,655,Employed,0,2024-01,Bad
9161,1976,5000,2024-05-12,36,32,57682.86352561808,779,Self-Employed,0,2024-05,Bad
9162,304,5000,2024-07-10,12,52,20000.0,427,Employed,1,2024-07,Good
9163,1953,15000,2024-01-16,24,19,74649.2523142219,334,Employed,0,2024-01,Bad
9164,3570,5000,2024-07-05,12,36,76347.63073603368,643,Contractor,0,2024-07,Good
9165,7910,25000,2024-07-02,36,54,108703.38931310711,581,Contractor,1,2024-07,Good
9166,4005,25000,2024-07-11,24,34,73468.95405700915,410,Employed,1,2024-07,Good
9167,6066,15000,2024-03-24,12,22,84831.56239887577,833,Employed,0,2024-03,Bad
9168,9453,5000,2024-06-23,36,33,41622.92908931132,420,Employed,0,2024-06,Bad
9169,7398,10000,2024-04-01,36,45,34891.754320525986,366,Contractor,1,2024-04,Good
9170,1031,15000,2024-10-17,24,25,96440.476408984,765,Employed,0,2024-10,Bad
9171,5827,5000,2024-03-02,12,38,60435.378039688956,587,Employed,0,2024-03,Bad
9172,4352,5000,2024-02-02,12,55,61684.89804398758,658,Self-Employed,0,2024-02,Good
9173,9387,15000,2024-05-22,12,51,74490.25141036202,327,Employed,1,2024-05,Bad
9174,7720,25000,2024-12-06,12,42,61925.77633414076,454,Employed,1,2024-12,Bad
9175,8426,15000,2024-12-27,24,21,24092.455372513512,789,Employed,0,2024-12,Bad
9176,1719,15000,2024-05-02,36,65,32762.985319757812,357,Employed,1,2024-05,Bad
9177,493,15000,2024-04-24,36,64,75790.79074093993,596,Employed,0,2024-04,Good
9178,2015,15000,2024-12-22,36,53,46994.69947483025,712,Employed,1,2024-12,Bad
9179,8030,15000,2024-03-20,12,37,47331.420458941175,375,Employed,1,2024-03,Bad
9180,7535,25000,2024-08-29,12,32,51514.25515553953,488,Employed,1,2024-08,Good
9181,8537,10000,2024-05-15,12,50,69096.7850434114,718,Contractor,0,2024-05,Bad
9182,5887,25000,2024-12-30,12,32,84868.96306179835,471,Employed,0,2024-12,Bad
9183,7628,10000,2024-04-04,36,35,78803.11461824608,475,Employed,1,2024-04,Good
9184,8457,25000,2024-09-20,36,47,45479.876210525166,632,Employed,0,2024-09,Bad
9185,1673,15000,2024-05-20,24,30,57987.44866470956,759,Self-Employed,0,2024-05,Bad
9186,3648,5000,2024-03-28,24,64,53856.06350507878,324,Employed,1,2024-03,Bad
9187,6389,10000,2024-08-24,12,63,111753.46732053263,783,Employed,0,2024-08,Good
9188,8621,10000,2024-02-28,24,62,84176.56723724256,638,Employed,1,2024-02,Good
9189,3163,5000,2024-12-02,36,28,88829.40635823384,411,Employed,0,2024-12,Bad
9190,2911,10000,2024-06-23,36,41,41872.88448803412,334,Employed,0,2024-06,Bad
9191,8646,25000,2024-02-29,36,52,80627.76365622369,584,Employed,0,2024-02,Good
9192,8541,10000,2024-06-17,36,46,49403.99378281849,610,Employed,0,2024-06,Bad
9193,8614,25000,2024-02-21,12,56,71632.2086195952,538,Employed,0,2024-02,Good
9194,6634,15000,2024-08-15,12,53,103325.31355622958,521,Employed,0,2024-08,Good
9195,582,10000,2024-09-04,24,52,46297.59838445882,340,Employed,0,2024-09,Bad
9196,2663,10000,2024-11-27,12,33,91454.25234560254,795,Employed,0,2024-11,Good
9197,5353,10000,2024-02-05,24,26,27743.81191752383,557,Self-Employed,0,2024-02,Good
9198,4259,25000,2024-11-28,36,50,64959.457075915496,611,Employed,1,2024-11,Good
9199,6924,15000,2024-04-08,24,21,50945.94145163182,812,Contractor,0,2024-04,Good
9200,6829,5000,2024-03-09,12,69,115048.06148120904,439,Self-Employed,1,2024-03,Bad
9201,9222,5000,2024-05-20,12,60,54414.08542051806,561,Self-Employed,0,2024-05,Bad
9202,1325,5000,2024-07-18,36,61,55013.36273817868,645,Employed,0,2024-07,Good
9203,101,25000,2024-09-23,12,62,72169.35280956466,783,Self-Employed,0,2024-09,Bad
9204,416,5000,2024-01-08,36,57,83970.61040409023,727,Employed,0,2024-01,Bad
9205,5060,10000,2024-03-02,12,35,110038.21019580466,743,Employed,0,2024-03,Bad
9206,9576,15000,2024-05-19,36,65,89695.86053269984,664,Contractor,0,2024-05,Bad
9207,1044,15000,2024-11-28,24,23,43481.77091511654,365,Employed,1,2024-11,Good
9208,1747,25000,2024-12-26,24,62,50224.538606664195,592,Employed,0,2024-12,Bad
9209,4492,10000,2024-12-07,36,48,73275.97257043034,532,Contractor,0,2024-12,Bad
9210,7658,5000,2024-04-19,24,47,46665.21572714705,655,Employed,0,2024-04,Good
9211,4444,15000,2024-06-20,12,36,74047.85676826317,715,Employed,1,2024-06,Bad
9212,9481,10000,2024-02-27,36,30,45266.19085243557,620,Employed,1,2024-02,Good
9213,4861,10000,2024-12-09,24,36,28492.439119769435,432,Self-Employed,0,2024-12,Bad
9214,4171,25000,2024-01-08,24,27,63227.36593681578,802,Employed,0,2024-01,Bad
9215,4149,25000,2024-12-28,12,20,64699.3992771703,353,Self-Employed,0,2024-12,Bad
9216,7454,10000,2024-03-04,24,46,32142.872554796995,649,Employed,1,2024-03,Bad
9217,6210,25000,2024-11-03,24,67,73245.57652171275,302,Employed,0,2024-11,Good
9218,38,10000,2024-11-22,36,68,97318.63223795517,765,Employed,0,2024-11,Good
9219,8958,25000,2024-10-04,12,21,77015.28038121486,640,Employed,0,2024-10,Bad
9220,4807,15000,2024-07-09,24,53,64546.64391229796,671,Self-Employed,0,2024-07,Good
9221,4844,25000,2024-08-09,36,27,57511.2647200202,845,Self-Employed,0,2024-08,Good
9222,116,10000,2024-03-19,24,52,142822.755026096,831,Employed,0,2024-03,Bad
9223,7765,15000,2024-02-06,36,24,94937.21350095436,671,Self-Employed,0,2024-02,Good
9224,279,10000,2024-07-06,12,18,71825.26793735965,726,Contractor,0,2024-07,Good
9225,454,10000,2024-05-27,12,69,52550.95382955395,645,Employed,0,2024-05,Bad
9226,3214,25000,2024-04-04,12,56,130916.72854863972,379,Employed,0,2024-04,Good
9227,4704,15000,2024-04-24,24,23,25641.45705670093,798,Employed,0,2024-04,Good
9228,4465,10000,2024-06-21,24,67,73271.67571015879,568,Contractor,1,2024-06,Bad
9229,301,5000,2024-05-01,36,49,59984.0175293642,766,Employed,0,2024-05,Bad
9230,8909,25000,2024-11-09,12,68,44479.026028742715,574,Employed,0,2024-11,Good
9231,6043,15000,2024-07-22,12,18,65884.28542721597,817,Self-Employed,0,2024-07,Good
9232,5067,15000,2024-06-13,36,53,60048.159246266,733,Employed,0,2024-06,Bad
9233,9568,10000,2024-08-09,36,41,93302.42202086723,322,Contractor,1,2024-08,Good
9234,195,15000,2024-09-15,24,44,66032.18638968599,459,Employed,1,2024-09,Bad
9235,1329,15000,2024-03-17,12,24,89596.30859015367,760,Contractor,0,2024-03,Bad
9236,6394,5000,2024-03-15,24,34,84391.88249039224,534,Employed,1,2024-03,Bad
9237,4354,15000,2024-08-09,36,29,32188.31741378625,356,Self-Employed,0,2024-08,Good
9238,7134,5000,2024-07-19,12,22,51968.629828596764,532,Employed,0,2024-07,Good
9239,7389,25000,2024-08-09,36,67,20000.0,533,Employed,0,2024-08,Good
9240,1558,25000,2024-04-02,36,36,78195.98374788968,569,Self-Employed,1,2024-04,Good
9241,5977,25000,2024-02-07,12,53,89871.71734469847,758,Employed,0,2024-02,Good
9242,7530,15000,2024-08-21,24,67,46996.15057446083,711,Employed,0,2024-08,Good
9243,3125,25000,2024-04-30,36,46,67543.08021179425,830,Employed,0,2024-04,Good
9244,4883,5000,2024-02-18,36,65,68713.69758981597,615,Employed,1,2024-02,Good
9245,7120,15000,2024-02-03,36,63,20000.0,660,Employed,1,2024-02,Good
9246,8721,15000,2024-06-02,24,42,110419.83091655932,730,Employed,0,2024-06,Bad
9247,8690,5000,2024-05-09,24,35,37804.06130715951,780,Employed,0,2024-05,Bad
9248,6783,5000,2024-02-25,24,56,67535.57410599144,648,Employed,1,2024-02,Good
9249,6299,5000,2024-04-09,12,39,20000.0,705,Employed,0,2024-04,Good
9250,7147,25000,2024-05-14,24,30,29909.594723204747,743,Employed,1,2024-05,Bad
9251,1811,15000,2024-02-05,36,54,59054.82406435151,354,Employed,1,2024-02,Good
9252,7915,10000,2024-06-16,36,31,40933.286639774364,447,Employed,1,2024-06,Bad
9253,2846,10000,2024-07-24,12,53,24603.838225829197,476,Employed,1,2024-07,Good
9254,2126,15000,2024-10-08,24,36,98836.34119053007,383,Self-Employed,1,2024-10,Bad
9255,7342,15000,2024-03-24,12,37,76148.69442813259,710,Employed,1,2024-03,Bad
9256,320,5000,2024-03-15,36,37,52245.97965874457,716,Employed,0,2024-03,Bad
9257,8087,25000,2024-03-30,24,31,71595.47714198353,778,Employed,0,2024-03,Bad
9258,3364,5000,2024-04-30,12,19,31259.868607201803,720,Employed,0,2024-04,Good
9259,3387,5000,2024-04-08,24,41,46231.991637679675,441,Employed,0,2024-04,Good
9260,3339,10000,2024-11-20,24,68,23693.933066162754,500,Employed,0,2024-11,Good
9261,8178,25000,2024-09-28,36,35,75433.232541511,778,Employed,0,2024-09,Bad
9262,8437,15000,2024-03-15,36,64,61468.95447328671,834,Self-Employed,0,2024-03,Bad
9263,6735,15000,2024-12-18,36,46,56264.376234107316,795,Self-Employed,0,2024-12,Bad
9264,7259,10000,2024-05-16,12,23,36096.8158212242,343,Self-Employed,0,2024-05,Bad
9265,870,5000,2024-09-17,12,34,34172.46737462862,669,Employed,0,2024-09,Bad
9266,1460,25000,2024-07-30,12,55,62158.33277296412,754,Contractor,0,2024-07,Good
9267,6785,5000,2024-02-12,24,29,86069.35075247567,570,Employed,1,2024-02,Good
9268,4110,25000,2024-04-07,24,19,87296.01448987031,432,Employed,0,2024-04,Good
9269,7043,5000,2024-10-12,36,55,52578.096816461795,549,Self-Employed,1,2024-10,Bad
9270,6430,25000,2024-03-14,24,69,38172.71679093462,627,Employed,0,2024-03,Bad
9271,8863,5000,2024-05-07,24,28,53066.378538904144,600,Employed,0,2024-05,Bad
9272,686,10000,2024-02-01,36,26,82290.46437803471,563,Employed,0,2024-02,Good
9273,5028,25000,2024-08-03,12,44,100350.72838904968,796,Employed,0,2024-08,Good
9274,1975,5000,2024-09-29,36,55,68785.18476561944,786,Employed,1,2024-09,Bad
9275,7595,25000,2024-12-29,24,56,59480.27125519865,776,Contractor,0,2024-12,Bad
9276,9204,5000,2024-03-07,36,67,52155.00618229913,764,Self-Employed,0,2024-03,Bad
9277,9577,10000,2024-08-18,24,32,76159.35611896339,728,Employed,0,2024-08,Good
9278,4139,25000,2024-08-22,36,33,69715.7770391995,625,Contractor,0,2024-08,Good
9279,9103,5000,2024-06-02,24,24,75674.59209655249,758,Self-Employed,0,2024-06,Bad
9280,1318,10000,2024-01-12,24,24,56043.8905523123,681,Employed,1,2024-01,Bad
9281,5465,5000,2024-02-06,36,63,87195.09838947121,798,Employed,0,2024-02,Good
9282,5116,15000,2024-06-18,24,18,47367.08190210379,549,Employed,0,2024-06,Bad
9283,7410,5000,2024-11-08,24,64,32399.920554084052,745,Employed,0,2024-11,Good
9284,567,15000,2024-01-12,24,20,72999.12977862908,419,Employed,1,2024-01,Bad
9285,7896,10000,2024-06-22,36,57,96720.19140792392,694,Contractor,1,2024-06,Bad
9286,9658,5000,2024-08-12,12,54,33403.21098165709,456,Self-Employed,1,2024-08,Good
9287,9400,25000,2024-06-03,12,59,100607.08535684644,597,Employed,1,2024-06,Bad
9288,7298,25000,2024-11-29,36,59,74604.00444918693,768,Employed,0,2024-11,Good
9289,2466,25000,2024-01-07,36,52,32809.86790867347,646,Self-Employed,0,2024-01,Bad
9290,4145,25000,2024-08-23,12,64,54087.12841836141,481,Employed,1,2024-08,Good
9291,4349,5000,2024-02-07,36,42,63681.12229998086,716,Employed,0,2024-02,Good
9292,3927,5000,2024-10-24,24,21,77180.45486576068,798,Contractor,0,2024-10,Bad
9293,7560,15000,2024-08-31,36,35,48829.09239580941,378,Employed,0,2024-08,Good
9294,4011,5000,2024-05-02,12,34,41604.21925523586,672,Self-Employed,0,2024-05,Bad
9295,2878,10000,2024-06-03,24,46,32547.402407821057,631,Employed,1,2024-06,Bad
9296,1401,25000,2024-10-24,12,24,87996.78789886076,658,Employed,1,2024-10,Bad
9297,6708,5000,2024-09-02,12,25,40806.1915113225,784,Employed,0,2024-09,Bad
9298,9761,10000,2024-12-28,24,31,20000.0,392,Self-Employed,0,2024-12,Bad
9299,741,15000,2024-02-10,12,38,41500.80427124834,602,Employed,0,2024-02,Good
9300,6331,10000,2024-09-21,12,51,81887.27118163674,322,Self-Employed,1,2024-09,Bad
9301,8892,15000,2024-04-17,12,32,79085.24877055331,331,Employed,1,2024-04,Good
9302,703,25000,2024-08-13,12,42,94187.74557466115,836,Self-Employed,0,2024-08,Good
9303,6256,15000,2024-06-22,36,35,35450.11195255438,516,Employed,0,2024-06,Bad
9304,4389,15000,2024-04-14,12,33,102389.29341206065,579,Employed,1,2024-04,Good
9305,9148,10000,2024-12-14,36,61,102130.41460367793,328,Employed,1,2024-12,Bad
9306,9066,25000,2024-12-03,12,27,82379.1504404564,785,Employed,0,2024-12,Bad
9307,7128,10000,2024-06-30,12,41,54810.26638350761,547,Employed,1,2024-06,Bad
9308,1821,25000,2024-04-02,36,49,20000.0,320,Employed,1,2024-04,Good
9309,7907,10000,2024-04-28,24,59,40589.36150671004,670,Employed,0,2024-04,Good
9310,4745,5000,2024-04-30,24,66,69624.06468355216,600,Employed,1,2024-04,Good
9311,4392,10000,2024-07-05,24,30,90829.74660907869,771,Employed,1,2024-07,Good
9312,1380,15000,2024-09-25,12,67,84330.99966664398,469,Employed,1,2024-09,Bad
9313,8471,10000,2024-12-07,24,48,87732.18491734235,456,Employed,1,2024-12,Bad
9314,8039,15000,2024-01-16,12,36,36610.06836186189,515,Employed,0,2024-01,Bad
9315,4348,10000,2024-02-01,12,52,65488.646119954545,669,Employed,0,2024-02,Good
9316,9224,10000,2024-12-11,24,69,121942.22315077326,311,Employed,1,2024-12,Bad
9317,1344,15000,2024-04-04,36,34,56804.838503086925,802,Employed,0,2024-04,Good
9318,5271,25000,2024-04-15,36,66,53575.20415436922,381,Contractor,0,2024-04,Good
9319,605,10000,2024-06-23,36,54,68354.16039989609,493,Self-Employed,0,2024-06,Bad
9320,6520,5000,2024-11-21,36,64,47090.142657481345,404,Employed,0,2024-11,Good
9321,7533,5000,2024-10-17,24,23,102801.69872853633,600,Employed,0,2024-10,Bad
9322,6584,15000,2024-11-26,24,42,61471.25819142986,536,Employed,0,2024-11,Good
9323,592,15000,2024-02-06,24,68,52495.05457260011,341,Employed,0,2024-02,Good
9324,8039,15000,2024-01-22,24,36,36610.06836186189,515,Employed,1,2024-01,Bad
9325,6164,5000,2024-08-05,36,66,86485.35636898632,518,Self-Employed,0,2024-08,Good
9326,3955,15000,2024-03-26,12,62,51350.9518221268,329,Employed,1,2024-03,Bad
9327,8204,15000,2024-11-11,24,50,54449.85258227299,538,Employed,0,2024-11,Good
9328,6780,25000,2024-02-11,24,37,50219.609518940655,739,Employed,1,2024-02,Good
9329,122,5000,2024-05-20,36,45,56747.74520746407,387,Employed,1,2024-05,Bad
9330,2277,25000,2024-08-02,36,22,43637.663431548644,474,Employed,1,2024-08,Good
9331,8096,25000,2024-06-08,24,27,36270.509944580495,603,Employed,1,2024-06,Bad
9332,7077,15000,2024-10-05,12,18,44171.46191677584,624,Employed,0,2024-10,Bad
9333,878,25000,2024-06-19,24,19,86330.03862628886,609,Employed,0,2024-06,Bad
9334,786,10000,2024-06-08,36,37,82914.73349399128,624,Employed,0,2024-06,Bad
9335,2077,10000,2024-08-27,36,56,131672.63055800024,389,Self-Employed,0,2024-08,Good
9336,5672,10000,2024-12-23,36,61,28447.23862011463,538,Employed,1,2024-12,Bad
9337,101,25000,2024-06-04,36,62,72169.35280956466,783,Self-Employed,0,2024-06,Bad
9338,8568,10000,2024-08-19,36,36,44671.89765384034,688,Employed,1,2024-08,Good
9339,8838,5000,2024-08-09,36,56,26810.476466106025,370,Employed,1,2024-08,Good
9340,3383,10000,2024-12-02,24,28,20000.0,696,Employed,0,2024-12,Bad
9341,5961,10000,2024-06-18,12,19,44266.990640965756,346,Contractor,1,2024-06,Bad
9342,6344,25000,2024-10-11,12,52,20000.0,800,Employed,0,2024-10,Bad
9343,4817,5000,2024-08-30,36,57,95089.4513633365,820,Employed,0,2024-08,Good
9344,2024,25000,2024-12-23,24,30,72189.0976291832,361,Self-Employed,0,2024-12,Bad
9345,7293,5000,2024-06-10,24,42,20000.0,542,Self-Employed,1,2024-06,Bad
9346,1046,5000,2024-04-23,36,50,69166.3954339961,801,Self-Employed,0,2024-04,Good
9347,2098,25000,2024-09-24,36,29,20000.0,610,Contractor,0,2024-09,Bad
9348,3823,10000,2024-03-31,36,60,108607.77786857777,676,Contractor,0,2024-03,Bad
9349,4822,15000,2024-10-22,24,21,65163.71644511348,587,Self-Employed,0,2024-10,Bad
9350,3867,15000,2024-12-22,24,24,20000.0,615,Employed,0,2024-12,Bad
9351,6210,10000,2024-11-03,12,67,73245.57652171275,302,Employed,1,2024-11,Good
9352,8077,15000,2024-11-13,12,43,90688.81784187893,646,Employed,0,2024-11,Good
9353,2350,15000,2024-11-20,12,19,107188.70138091984,662,Employed,0,2024-11,Good
9354,384,5000,2024-11-12,12,41,44534.87433349804,367,Employed,1,2024-11,Good
9355,2586,25000,2024-12-05,12,26,55819.07498001785,628,Employed,0,2024-12,Bad
9356,703,25000,2024-10-28,36,42,94187.74557466115,836,Self-Employed,0,2024-10,Bad
9357,2097,10000,2024-08-20,24,67,104006.38823827327,398,Employed,1,2024-08,Good
9358,319,10000,2024-03-12,12,57,56730.62759942368,482,Employed,0,2024-03,Bad
9359,8213,25000,2024-04-16,36,52,95887.09423757673,403,Employed,1,2024-04,Good
9360,592,15000,2024-02-19,24,68,52495.05457260011,341,Employed,1,2024-02,Good
9361,4105,10000,2024-12-26,12,22,48041.634266612666,480,Employed,0,2024-12,Bad
9362,1461,5000,2024-01-02,36,47,61408.51175257205,700,Employed,0,2024-01,Bad
9363,1912,25000,2024-03-06,12,18,49818.46464784789,842,Employed,0,2024-03,Bad
9364,3127,15000,2024-12-23,12,20,57179.08817371195,332,Employed,1,2024-12,Bad
9365,6913,5000,2024-06-19,24,60,98073.1540083883,381,Employed,0,2024-06,Bad
9366,6848,25000,2024-08-02,36,46,78300.56080681965,603,Employed,0,2024-08,Good
9367,7045,25000,2024-05-17,24,46,125996.86167463753,776,Employed,0,2024-05,Bad
9368,5349,15000,2024-12-30,12,47,88884.71427949627,789,Self-Employed,0,2024-12,Bad
9369,1271,10000,2024-06-29,12,61,45674.25725993242,467,Employed,0,2024-06,Bad
9370,7167,5000,2024-12-13,12,35,90438.28559826566,647,Employed,0,2024-12,Bad
9371,282,5000,2024-07-29,24,42,65400.63205737901,458,Employed,0,2024-07,Good
9372,5213,5000,2024-10-10,12,49,62158.578937524,345,Employed,0,2024-10,Bad
9373,1830,25000,2024-01-02,36,62,100719.00405091926,507,Employed,1,2024-01,Bad
9374,8745,15000,2024-06-05,12,68,49179.810019445446,808,Employed,0,2024-06,Bad
9375,3740,15000,2024-11-03,24,30,82320.38025752307,336,Employed,0,2024-11,Good
9376,6277,25000,2024-05-21,12,32,81388.85895721131,627,Employed,0,2024-05,Bad
9377,2965,5000,2024-01-28,36,57,42711.412753637385,705,Employed,0,2024-01,Bad
9378,5617,5000,2024-09-13,36,43,96182.59126661695,434,Employed,1,2024-09,Bad
9379,7764,15000,2024-10-26,24,33,105307.7881975887,485,Self-Employed,0,2024-10,Bad
9380,2808,10000,2024-09-04,12,69,60097.66973307655,537,Employed,0,2024-09,Bad
9381,2920,25000,2024-12-01,24,63,48002.78650659534,804,Self-Employed,0,2024-12,Bad
9382,1571,10000,2024-03-25,36,57,37539.76955093618,747,Employed,0,2024-03,Bad
9383,5757,5000,2024-08-30,24,57,53490.191683583624,656,Employed,1,2024-08,Good
9384,6708,25000,2024-07-24,12,25,40806.1915113225,784,Employed,0,2024-07,Good
9385,7950,25000,2024-09-29,12,61,48219.72312165278,366,Employed,0,2024-09,Bad
9386,6877,10000,2024-09-27,36,24,75343.8550736847,679,Employed,0,2024-09,Bad
9387,8253,25000,2024-02-17,36,47,61181.7513754961,316,Self-Employed,1,2024-02,Good
9388,3576,15000,2024-02-15,36,26,65584.63036646269,408,Employed,1,2024-02,Good
9389,2829,10000,2024-06-25,36,32,73317.9832396297,598,Employed,0,2024-06,Bad
9390,2575,15000,2024-09-26,36,59,42257.75528979164,604,Employed,0,2024-09,Bad
9391,3383,5000,2024-08-15,12,28,20000.0,696,Employed,0,2024-08,Good
9392,3765,10000,2024-12-21,12,62,20000.0,676,Self-Employed,0,2024-12,Bad
9393,3425,25000,2024-09-10,12,21,29395.809995310025,655,Employed,0,2024-09,Bad
9394,1099,10000,2024-09-02,24,43,40038.97867808204,816,Employed,1,2024-09,Bad
9395,198,15000,2024-01-22,24,58,101951.79745891111,575,Employed,1,2024-01,Bad
9396,2689,15000,2024-01-22,36,52,37856.307230461265,329,Employed,1,2024-01,Bad
9397,7099,5000,2024-08-11,12,22,31766.0235266484,385,Employed,1,2024-08,Good
9398,6130,25000,2024-12-12,36,64,61767.5635741123,671,Employed,1,2024-12,Bad
9399,9761,25000,2024-07-17,12,31,20000.0,392,Self-Employed,1,2024-07,Good
9400,9063,5000,2024-08-18,12,32,43335.73613936259,628,Employed,0,2024-08,Good
9401,510,15000,2024-11-27,12,68,69042.46316761883,561,Employed,1,2024-11,Good
9402,2464,25000,2024-12-01,12,64,39552.21273807102,650,Employed,0,2024-12,Bad
9403,7098,25000,2024-08-17,12,64,120924.27692654074,803,Employed,0,2024-08,Good
9404,1889,15000,2024-07-15,12,24,64198.812645907165,668,Employed,0,2024-07,Good
9405,2251,5000,2024-08-21,12,54,79808.23867533359,543,Contractor,0,2024-08,Good
9406,4672,15000,2024-10-17,24,56,59336.81319042905,405,Contractor,0,2024-10,Bad
9407,5011,25000,2024-09-21,24,65,55920.6110316796,319,Employed,1,2024-09,Bad
9408,985,10000,2024-06-05,36,41,48571.62594304855,729,Employed,0,2024-06,Bad
9409,796,5000,2024-01-27,12,68,98628.69051131036,643,Employed,0,2024-01,Bad
9410,6090,10000,2024-08-11,36,25,60448.9892228586,467,Employed,1,2024-08,Good
9411,848,15000,2024-07-20,24,62,63687.37328653369,679,Employed,0,2024-07,Good
9412,1392,5000,2024-03-29,12,27,37952.14078217167,372,Employed,1,2024-03,Bad
9413,7594,5000,2024-11-10,24,34,99405.7992658893,530,Self-Employed,0,2024-11,Good
9414,5718,5000,2024-06-18,24,45,73971.20181697297,547,Employed,0,2024-06,Bad
9415,2994,15000,2024-10-20,36,63,56144.84028728029,698,Employed,0,2024-10,Bad
9416,7628,5000,2024-12-10,12,35,78803.11461824608,475,Employed,0,2024-12,Bad
9417,4458,5000,2024-12-28,36,69,65530.56627085646,526,Contractor,1,2024-12,Bad
9418,4572,25000,2024-06-28,12,41,70748.10863544844,730,Employed,0,2024-06,Bad
9419,9630,5000,2024-10-26,12,22,57942.19895187676,638,Self-Employed,1,2024-10,Bad
9420,8594,25000,2024-01-23,12,66,75038.46589298012,700,Employed,0,2024-01,Bad
9421,878,5000,2024-07-20,24,19,86330.03862628886,609,Employed,0,2024-07,Good
9422,3155,15000,2024-11-21,24,47,26174.11805400448,448,Employed,1,2024-11,Good
9423,5710,5000,2024-03-17,36,35,55726.722409808295,459,Self-Employed,1,2024-03,Bad
9424,9099,5000,2024-08-10,36,40,97876.20148810504,478,Employed,0,2024-08,Good
9425,4442,15000,2024-11-20,36,27,24631.253442716727,304,Employed,0,2024-11,Good
9426,1096,5000,2024-07-06,24,29,80577.18369722737,638,Employed,1,2024-07,Good
9427,1807,10000,2024-09-07,24,65,21114.052567232255,762,Employed,0,2024-09,Bad
9428,5997,5000,2024-05-10,12,61,31531.907346610664,391,Employed,1,2024-05,Bad
9429,1677,5000,2024-01-23,12,62,82132.2521177742,392,Contractor,0,2024-01,Bad
9430,8400,25000,2024-02-06,36,32,66999.89638108955,432,Employed,1,2024-02,Good
9431,9558,25000,2024-01-18,12,46,36614.192274235786,815,Employed,0,2024-01,Bad
9432,5502,10000,2024-12-20,12,69,67499.7040941388,531,Employed,0,2024-12,Bad
9433,9602,15000,2024-09-17,24,20,73800.96532395302,750,Employed,0,2024-09,Bad
9434,7277,5000,2024-02-10,24,62,48512.614079039304,560,Self-Employed,1,2024-02,Good
9435,7182,25000,2024-12-13,24,33,70480.10469083971,767,Employed,0,2024-12,Bad
9436,8438,10000,2024-12-03,36,48,43587.45107201443,386,Self-Employed,1,2024-12,Bad
9437,8069,15000,2024-03-12,24,40,81347.3152567756,319,Self-Employed,1,2024-03,Bad
9438,2603,25000,2024-05-19,36,25,56554.62264521493,553,Employed,0,2024-05,Bad
9439,5168,15000,2024-08-01,12,26,75843.69023371338,340,Employed,1,2024-08,Good
9440,3482,10000,2024-01-06,12,65,54102.46327273917,679,Employed,0,2024-01,Bad
9441,1478,15000,2024-04-28,12,68,27520.469951057545,402,Employed,1,2024-04,Good
9442,6286,15000,2024-03-09,12,20,89080.66334734848,417,Employed,0,2024-03,Bad
9443,2498,10000,2024-03-17,24,62,74926.16674706,813,Self-Employed,0,2024-03,Bad
9444,5851,15000,2024-10-02,12,62,52046.64858332857,300,Employed,1,2024-10,Bad
9445,1481,10000,2024-12-16,24,26,52185.28007553728,555,Self-Employed,0,2024-12,Bad
9446,1788,15000,2024-04-01,12,46,82566.49996248265,706,Employed,0,2024-04,Good
9447,1813,25000,2024-06-01,12,30,78017.23741056671,755,Employed,1,2024-06,Bad
9448,2924,25000,2024-01-18,24,32,51117.84743497409,795,Self-Employed,0,2024-01,Bad
9449,2562,25000,2024-11-18,36,20,84705.10351992966,727,Employed,0,2024-11,Good
9450,2947,25000,2024-02-04,24,26,69778.1058459098,570,Employed,1,2024-02,Good
9451,916,10000,2024-04-11,36,60,58545.62154921414,680,Self-Employed,0,2024-04,Good
9452,9085,15000,2024-09-27,24,31,89898.87320566014,549,Employed,1,2024-09,Bad
9453,6372,10000,2024-11-02,36,60,81984.32926435303,823,Employed,0,2024-11,Good
9454,7314,5000,2024-10-03,36,65,77663.35978464794,433,Employed,0,2024-10,Bad
9455,2816,15000,2024-09-15,24,24,29777.022432736885,604,Employed,1,2024-09,Bad
9456,5286,10000,2024-02-04,36,45,67916.54377923759,834,Self-Employed,0,2024-02,Good
9457,4594,15000,2024-01-08,24,49,65790.5493477562,653,Employed,0,2024-01,Bad
9458,977,15000,2024-09-15,36,32,57475.492190169454,386,Employed,0,2024-09,Bad
9459,750,5000,2024-11-05,12,35,86620.61096227528,362,Employed,0,2024-11,Good
9460,3556,25000,2024-07-18,12,36,69873.87731030468,805,Employed,0,2024-07,Good
9461,7581,15000,2024-05-19,12,33,40858.302153819226,506,Employed,0,2024-05,Bad
9462,4800,15000,2024-01-19,24,64,30387.04951437508,568,Employed,0,2024-01,Bad
9463,7456,5000,2024-03-25,36,34,79304.32827593658,754,Employed,0,2024-03,Bad
9464,3016,10000,2024-01-22,12,49,61985.32028816326,452,Contractor,1,2024-01,Bad
9465,8461,25000,2024-08-22,24,66,50991.171098503924,702,Employed,0,2024-08,Good
9466,3029,10000,2024-10-12,24,38,73376.35879780428,566,Contractor,0,2024-10,Bad
9467,6449,10000,2024-12-03,36,60,73734.08883705949,372,Employed,1,2024-12,Bad
9468,9204,10000,2024-05-08,24,67,52155.00618229913,764,Self-Employed,0,2024-05,Bad
9469,5240,25000,2024-02-21,24,20,52900.39150998618,816,Employed,0,2024-02,Good
9470,1249,10000,2024-01-29,36,28,72549.02250429412,744,Employed,1,2024-01,Bad
9471,8955,10000,2024-11-13,12,46,87544.1171985071,582,Employed,0,2024-11,Good
9472,8915,25000,2024-01-29,36,61,54948.76749313025,606,Employed,0,2024-01,Bad
9473,1406,25000,2024-05-12,12,41,82470.39175701191,761,Self-Employed,0,2024-05,Bad
9474,6155,5000,2024-07-29,12,23,62154.380692313076,389,Self-Employed,0,2024-07,Good
9475,439,10000,2024-01-22,12,29,70582.02283138427,657,Employed,1,2024-01,Bad
9476,315,5000,2024-06-25,12,66,90736.01389817601,358,Employed,0,2024-06,Bad
9477,2113,15000,2024-04-28,24,20,49228.86123022859,696,Employed,0,2024-04,Good
9478,4997,5000,2024-05-15,12,66,37263.611113844505,824,Employed,0,2024-05,Bad
9479,592,5000,2024-03-22,24,68,52495.05457260011,341,Employed,1,2024-03,Bad
9480,5534,5000,2024-12-29,36,19,60133.407624383,409,Employed,1,2024-12,Bad
9481,3671,5000,2024-03-08,12,20,78174.53478409383,351,Employed,1,2024-03,Bad
9482,8049,10000,2024-02-09,12,69,47013.190391551565,484,Employed,1,2024-02,Good
9483,1910,15000,2024-03-31,12,34,53652.71459617179,656,Employed,0,2024-03,Bad
9484,8028,15000,2024-05-31,12,19,66056.57662412449,537,Employed,1,2024-05,Bad
9485,4464,25000,2024-08-09,12,63,60955.817970858276,503,Employed,1,2024-08,Good
9486,6775,15000,2024-03-16,36,40,101645.89946507408,452,Employed,1,2024-03,Bad
9487,2424,5000,2024-08-22,12,51,20000.0,341,Employed,1,2024-08,Good
9488,3271,25000,2024-05-20,36,32,52389.43291757077,558,Employed,1,2024-05,Bad
9489,9446,5000,2024-03-30,36,58,20000.0,351,Employed,1,2024-03,Bad
9490,1454,10000,2024-03-05,36,20,67102.35970625491,429,Self-Employed,1,2024-03,Bad
9491,196,10000,2024-06-03,24,69,90928.97246645608,424,Employed,0,2024-06,Bad
9492,5587,15000,2024-08-02,24,67,95594.84056282914,815,Contractor,0,2024-08,Good
9493,8982,5000,2024-12-27,12,48,67781.71297918724,777,Employed,0,2024-12,Bad
9494,3554,5000,2024-12-23,36,25,68761.86246934753,814,Employed,0,2024-12,Bad
9495,9005,5000,2024-05-18,36,53,86365.68276376757,469,Employed,0,2024-05,Bad
9496,4931,25000,2024-08-18,12,51,74630.31630648386,614,Self-Employed,0,2024-08,Good
9497,2581,25000,2024-02-11,12,57,35475.68790839036,531,Contractor,1,2024-02,Good
9498,9724,25000,2024-08-23,36,40,117493.81369989974,369,Employed,1,2024-08,Good
9499,8166,15000,2024-03-26,24,67,75803.00609959423,771,Self-Employed,0,2024-03,Bad
9500,405,15000,2024-12-13,36,67,34577.582241495824,504,Self-Employed,0,2024-12,Bad
9501,8145,5000,2024-06-14,12,38,85130.99644761017,512,Employed,0,2024-06,Bad
9502,2845,5000,2024-07-16,36,49,32860.0221486807,320,Employed,1,2024-07,Good
9503,2337,15000,2024-12-10,12,63,37136.69212479846,828,Self-Employed,0,2024-12,Bad
9504,7847,25000,2024-03-02,24,59,66239.79569153965,759,Self-Employed,0,2024-03,Bad
9505,90,25000,2024-02-03,36,33,62973.85088195641,483,Employed,1,2024-02,Good
9506,9598,25000,2024-10-08,12,31,83916.06162767344,357,Self-Employed,0,2024-10,Bad
9507,5063,25000,2024-08-18,36,27,60175.46580598276,786,Contractor,0,2024-08,Good
9508,6729,25000,2024-11-05,24,34,81581.83453161195,515,Employed,1,2024-11,Good
9509,9810,15000,2024-06-15,36,53,68889.48673076597,667,Employed,0,2024-06,Bad
9510,3595,10000,2024-07-31,12,42,68813.14707244042,757,Self-Employed,1,2024-07,Good
9511,9718,10000,2024-10-03,12,65,76242.8151874127,465,Employed,1,2024-10,Bad
9512,9888,10000,2024-02-23,36,54,44617.22213029731,517,Employed,1,2024-02,Good
9513,4042,5000,2024-07-02,36,24,61902.690919119974,669,Contractor,0,2024-07,Good
9514,8945,5000,2024-08-08,12,40,93829.24246137112,562,Employed,0,2024-08,Good
9515,716,25000,2024-04-07,12,56,58083.20570702136,549,Employed,1,2024-04,Good
9516,2442,5000,2024-03-03,36,60,71123.9273293001,382,Employed,0,2024-03,Bad
9517,8140,15000,2024-02-11,24,31,90323.57211674453,686,Employed,0,2024-02,Good
9518,3430,10000,2024-09-05,12,49,132458.2208984272,779,Self-Employed,0,2024-09,Bad
9519,5269,15000,2024-04-19,24,20,65855.11711345188,772,Employed,0,2024-04,Good
9520,8667,15000,2024-06-02,24,18,117646.40860908317,367,Self-Employed,0,2024-06,Bad
9521,2822,15000,2024-07-15,24,54,89863.95589354054,482,Contractor,0,2024-07,Good
9522,8061,25000,2024-05-27,12,54,43377.59718928943,479,Employed,0,2024-05,Bad
9523,9844,25000,2024-07-28,24,46,122602.24458872975,339,Employed,1,2024-07,Good
9524,6152,25000,2024-08-30,36,65,89764.17068606973,379,Employed,1,2024-08,Good
9525,7397,5000,2024-04-16,36,56,71832.78123962911,445,Employed,0,2024-04,Good
9526,2902,25000,2024-01-05,36,54,130171.47907874425,592,Employed,0,2024-01,Bad
9527,3101,5000,2024-05-23,12,54,63178.55777897362,640,Self-Employed,0,2024-05,Bad
9528,3593,15000,2024-05-16,24,50,76953.51438889522,524,Self-Employed,0,2024-05,Bad
9529,8375,10000,2024-10-07,36,21,111377.96432588366,761,Employed,0,2024-10,Bad
9530,6666,25000,2024-06-14,24,49,27900.52351331456,671,Employed,1,2024-06,Bad
9531,6833,5000,2024-05-15,12,66,79638.03832142169,810,Self-Employed,0,2024-05,Bad
9532,9815,5000,2024-05-07,36,23,71935.52778093358,648,Employed,0,2024-05,Bad
9533,84,25000,2024-03-05,12,32,59107.218878583284,308,Employed,1,2024-03,Bad
9534,86,25000,2024-10-15,24,31,92981.1229391024,312,Employed,0,2024-10,Bad
9535,7465,15000,2024-05-07,24,28,70196.33095344115,816,Self-Employed,0,2024-05,Bad
9536,9935,5000,2024-07-15,12,65,20000.0,457,Self-Employed,1,2024-07,Good
9537,1311,10000,2024-03-22,24,52,48155.247358513094,848,Employed,0,2024-03,Bad
9538,9133,15000,2024-10-18,24,37,56469.21947441447,687,Self-Employed,1,2024-10,Bad
9539,1037,5000,2024-03-24,24,58,81147.2605068973,326,Employed,0,2024-03,Bad
9540,1401,15000,2024-05-31,24,24,87996.78789886076,658,Employed,0,2024-05,Bad
9541,3481,15000,2024-07-07,12,43,31908.760728945526,769,Employed,0,2024-07,Good
9542,4821,25000,2024-07-29,12,51,79676.4383648634,544,Employed,0,2024-07,Good
9543,5750,10000,2024-01-28,24,32,67644.25958810309,451,Employed,0,2024-01,Bad
9544,4714,10000,2024-02-29,24,68,53713.86524187666,317,Contractor,1,2024-02,Good
9545,6159,5000,2024-04-03,12,64,52347.767720202784,331,Employed,0,2024-04,Good
9546,725,15000,2024-11-30,36,58,33226.20697269293,458,Employed,1,2024-11,Good
9547,188,25000,2024-04-23,36,47,72229.59182796814,835,Self-Employed,1,2024-04,Good
9548,6378,5000,2024-11-24,24,30,38418.53283671805,732,Self-Employed,0,2024-11,Good
9549,4831,5000,2024-05-03,24,18,32881.80583956332,734,Self-Employed,0,2024-05,Bad
9550,6602,5000,2024-02-08,36,41,52995.760394819146,416,Employed,0,2024-02,Good
9551,2773,10000,2024-09-13,36,48,92089.5775777499,586,Employed,0,2024-09,Bad
9552,4613,15000,2024-01-13,12,69,41845.9184129198,374,Employed,1,2024-01,Bad
9553,2581,15000,2024-08-15,24,57,35475.68790839036,531,Contractor,0,2024-08,Good
9554,3701,25000,2024-07-12,12,31,24520.67358710338,428,Employed,0,2024-07,Good
9555,2940,10000,2024-02-11,24,65,86333.72443350367,818,Employed,0,2024-02,Good
9556,1139,10000,2024-07-03,24,26,71236.27364825181,432,Employed,1,2024-07,Good
9557,7212,5000,2024-02-04,12,30,57207.310188319636,564,Self-Employed,0,2024-02,Good
9558,8396,25000,2024-02-06,24,46,58967.127406381784,595,Self-Employed,1,2024-02,Good
9559,7641,5000,2024-03-15,36,67,41250.10741200762,698,Self-Employed,0,2024-03,Bad
9560,3381,25000,2024-09-06,36,22,60270.245468123,664,Employed,1,2024-09,Bad
9561,1346,25000,2024-05-06,12,58,74846.83045411858,823,Employed,0,2024-05,Bad
9562,8553,10000,2024-01-20,36,45,33336.5292763757,594,Employed,1,2024-01,Bad
9563,1144,10000,2024-08-03,24,18,67914.4628003116,695,Employed,0,2024-08,Good
9564,214,15000,2024-09-03,12,41,56352.01677382073,635,Employed,1,2024-09,Bad
9565,1849,15000,2024-07-26,36,24,107037.31143545039,666,Self-Employed,0,2024-07,Good
9566,642,15000,2024-05-30,12,29,49636.530407722625,826,Employed,0,2024-05,Bad
9567,606,10000,2024-11-08,12,26,75708.55126651813,326,Self-Employed,1,2024-11,Good
9568,366,5000,2024-06-14,24,64,26030.325124403964,416,Employed,0,2024-06,Bad
9569,1229,25000,2024-10-29,24,46,91023.85434494473,687,Employed,0,2024-10,Bad
9570,899,25000,2024-04-17,12,59,34186.492219493,464,Employed,0,2024-04,Good
9571,2751,15000,2024-12-14,36,21,89133.16667902816,520,Employed,0,2024-12,Bad
9572,5381,25000,2024-05-07,36,34,79777.26328313054,607,Employed,0,2024-05,Bad
9573,90,25000,2024-06-06,12,33,62973.85088195641,483,Employed,0,2024-06,Bad
9574,989,10000,2024-12-14,12,31,49111.472529611085,420,Contractor,1,2024-12,Bad
9575,7058,10000,2024-08-23,36,40,106471.74236138325,626,Self-Employed,0,2024-08,Good
9576,2441,25000,2024-05-01,24,40,53613.32359375649,818,Employed,0,2024-05,Bad
9577,5564,5000,2024-10-25,12,44,69932.83530725667,331,Employed,1,2024-10,Bad
9578,293,15000,2024-08-20,24,69,78742.07965725649,712,Contractor,0,2024-08,Good
9579,9682,25000,2024-03-22,24,29,58658.988652687454,712,Employed,0,2024-03,Bad
9580,4727,25000,2024-03-04,24,40,29333.769729741318,336,Employed,1,2024-03,Bad
9581,4266,15000,2024-01-06,12,42,53000.79634628184,772,Employed,0,2024-01,Bad
9582,5430,10000,2024-12-17,36,62,51939.63179056227,686,Employed,0,2024-12,Bad
9583,9642,15000,2024-10-13,24,56,94676.27876665955,378,Employed,1,2024-10,Bad
9584,4986,5000,2024-07-22,24,53,67912.70131189677,752,Contractor,0,2024-07,Good
9585,9283,25000,2024-03-27,36,59,38930.62358108952,666,Contractor,0,2024-03,Bad
9586,6200,25000,2024-06-05,36,53,108262.94879569896,454,Self-Employed,0,2024-06,Bad
9587,2616,25000,2024-04-06,24,52,118113.90574572535,805,Employed,0,2024-04,Good
9588,8343,15000,2024-12-24,24,52,91109.65129691447,714,Employed,0,2024-12,Bad
9589,5435,5000,2024-08-07,12,30,95567.79482079827,815,Employed,0,2024-08,Good
9590,984,25000,2024-07-28,12,31,50004.46515207346,667,Employed,0,2024-07,Good
9591,1820,10000,2024-04-17,36,62,61328.66196861748,807,Self-Employed,0,2024-04,Good
9592,977,5000,2024-08-01,24,32,57475.492190169454,386,Employed,1,2024-08,Good
9593,6150,5000,2024-05-27,36,55,79338.97092193563,565,Employed,0,2024-05,Bad
9594,8381,5000,2024-07-26,36,42,56981.34071302885,715,Employed,0,2024-07,Good
9595,6461,5000,2024-02-27,12,55,52995.94292017389,837,Employed,0,2024-02,Good
9596,2779,10000,2024-08-31,36,42,99306.78291519979,561,Employed,1,2024-08,Good
9597,2572,5000,2024-02-26,12,21,90540.6191099987,670,Contractor,0,2024-02,Good
9598,9379,10000,2024-03-11,12,30,47538.15604467134,456,Self-Employed,0,2024-03,Bad
9599,3902,15000,2024-09-16,36,47,35883.416287190135,584,Employed,1,2024-09,Bad
9600,3440,15000,2024-02-11,12,30,31901.22289451093,593,Employed,0,2024-02,Good
9601,7234,15000,2024-12-23,24,37,82983.19004573596,449,Employed,1,2024-12,Bad
9602,9540,15000,2024-02-03,24,65,42444.04493213083,792,Employed,0,2024-02,Good
9603,5485,10000,2024-09-30,12,37,39608.41922800435,755,Employed,1,2024-09,Bad
9604,7538,25000,2024-12-18,24,25,60745.6867149804,686,Employed,0,2024-12,Bad
9605,3408,10000,2024-07-11,36,20,20000.0,327,Employed,1,2024-07,Good
9606,8859,15000,2024-05-21,12,51,63192.68350713785,452,Employed,0,2024-05,Bad
9607,773,25000,2024-09-23,24,53,43103.939837622245,737,Employed,0,2024-09,Bad
9608,9357,25000,2024-04-30,12,43,89850.05098765696,418,Employed,1,2024-04,Good
9609,4954,25000,2024-09-10,36,52,91365.51571218295,332,Employed,0,2024-09,Bad
9610,4595,25000,2024-09-09,12,42,71792.08961250077,570,Employed,1,2024-09,Bad
9611,8841,5000,2024-09-20,24,58,53666.1637474853,620,Employed,1,2024-09,Bad
9612,4947,15000,2024-11-11,36,37,78063.01916105975,355,Employed,1,2024-11,Good
9613,9252,15000,2024-10-24,36,48,39500.78203080778,619,Employed,1,2024-10,Bad
9614,988,15000,2024-05-23,36,43,55336.459602556,811,Employed,1,2024-05,Bad
9615,2191,10000,2024-09-07,36,43,30698.020318259645,823,Contractor,0,2024-09,Bad
9616,4624,15000,2024-06-15,36,37,89767.77116560213,770,Employed,0,2024-06,Bad
9617,1786,15000,2024-04-10,36,20,59626.129048026225,571,Contractor,1,2024-04,Good
9618,9720,15000,2024-12-16,36,61,112196.47469896596,828,Employed,0,2024-12,Bad
9619,6150,10000,2024-02-11,24,55,79338.97092193563,565,Employed,1,2024-02,Good
9620,6817,15000,2024-04-05,12,43,75720.27951082514,646,Employed,0,2024-04,Good
9621,1902,15000,2024-10-12,12,49,58360.184168439715,592,Self-Employed,0,2024-10,Bad
9622,2404,5000,2024-06-26,12,25,38587.573234368494,400,Employed,1,2024-06,Bad
9623,2986,15000,2024-08-29,36,39,85256.50110938335,706,Employed,0,2024-08,Good
9624,1851,25000,2024-08-14,12,60,68682.4500097271,309,Employed,0,2024-08,Good
9625,9200,10000,2024-10-27,12,24,110802.99018943253,459,Employed,0,2024-10,Bad
9626,5156,25000,2024-10-13,12,49,57176.77582024965,528,Employed,1,2024-10,Bad
9627,8738,5000,2024-02-15,36,47,44523.68392202986,538,Self-Employed,0,2024-02,Good
9628,6018,15000,2024-02-15,36,20,55640.24916982715,845,Employed,1,2024-02,Good
9629,8717,10000,2024-08-12,12,55,99168.66841735994,477,Employed,0,2024-08,Good
9630,9930,5000,2024-01-05,24,38,82090.45779840832,649,Employed,0,2024-01,Bad
9631,1081,10000,2024-09-22,24,28,65872.19867723521,558,Employed,0,2024-09,Bad
9632,2022,25000,2024-04-19,12,25,53345.284701344426,533,Self-Employed,1,2024-04,Good
9633,7175,5000,2024-08-30,12,66,30728.94887927486,811,Employed,0,2024-08,Good
9634,5563,10000,2024-05-30,24,35,77168.5375539515,845,Employed,0,2024-05,Bad
9635,9531,25000,2024-01-07,12,30,43538.10272068395,454,Self-Employed,0,2024-01,Bad
9636,9523,5000,2024-11-09,12,38,48110.78678521959,727,Employed,0,2024-11,Good
9637,771,15000,2024-10-29,36,25,61726.85487184684,846,Employed,0,2024-10,Bad
9638,8181,15000,2024-12-13,36,49,76611.686743089,826,Employed,0,2024-12,Bad
9639,5787,25000,2024-10-03,24,30,66644.61723686874,587,Employed,1,2024-10,Bad
9640,9934,15000,2024-06-07,12,36,89018.50029560088,370,Employed,0,2024-06,Bad
9641,7360,15000,2024-06-03,36,47,67570.35607887672,534,Self-Employed,1,2024-06,Bad
9642,6946,5000,2024-03-12,12,24,64943.844956071975,418,Contractor,0,2024-03,Bad
9643,7447,5000,2024-05-16,36,53,55855.481367449844,658,Employed,0,2024-05,Bad
9644,9551,5000,2024-05-18,24,28,101170.57100278835,553,Contractor,0,2024-05,Bad
9645,6781,5000,2024-05-29,12,36,103700.20552046731,423,Self-Employed,0,2024-05,Bad
9646,1597,5000,2024-12-25,24,66,58899.29119572164,678,Employed,0,2024-12,Bad
9647,8748,5000,2024-12-11,36,23,20273.87114384195,590,Employed,0,2024-12,Bad
9648,5447,15000,2024-02-19,36,23,77904.07557316174,650,Employed,0,2024-02,Good
9649,4355,5000,2024-04-10,36,69,78409.73047118941,375,Employed,0,2024-04,Good
9650,835,10000,2024-06-16,36,40,76262.39309445088,813,Employed,0,2024-06,Bad
9651,9840,10000,2024-03-06,12,63,89757.4886774881,658,Employed,0,2024-03,Bad
9652,9059,25000,2024-08-29,36,67,80303.9201738888,495,Employed,1,2024-08,Good
9653,904,10000,2024-05-26,12,21,79778.40294809832,713,Employed,0,2024-05,Bad
9654,143,5000,2024-08-29,24,31,121927.16245133261,435,Employed,1,2024-08,Good
9655,6021,15000,2024-04-25,36,20,27139.648440046985,467,Employed,1,2024-04,Good
9656,7887,10000,2024-09-28,12,49,58914.838130122014,799,Contractor,0,2024-09,Bad
9657,3724,5000,2024-05-11,12,41,93444.41951671656,709,Employed,0,2024-05,Bad
9658,2787,5000,2024-10-31,12,36,64898.17907196412,808,Self-Employed,1,2024-10,Bad
9659,3391,15000,2024-02-07,36,54,51696.40274567245,567,Self-Employed,1,2024-02,Good
9660,6946,5000,2024-05-14,12,24,64943.844956071975,418,Contractor,0,2024-05,Bad
9661,2760,5000,2024-07-01,24,30,67234.88197329034,720,Employed,0,2024-07,Good
9662,7820,10000,2024-01-14,24,40,77638.4719225802,786,Employed,0,2024-01,Bad
9663,9914,10000,2024-07-22,24,67,69527.80722223574,351,Employed,0,2024-07,Good
9664,3154,25000,2024-03-25,24,53,114634.50988150734,442,Employed,1,2024-03,Bad
9665,2832,25000,2024-08-31,24,40,73330.76337475055,605,Employed,1,2024-08,Good
9666,6513,10000,2024-10-16,12,41,44141.54533543343,779,Employed,0,2024-10,Bad
9667,9897,10000,2024-05-28,36,32,61917.210023345986,382,Employed,1,2024-05,Bad
9668,8650,25000,2024-05-06,24,32,86751.5054226871,797,Employed,0,2024-05,Bad
9669,9469,25000,2024-11-14,36,30,94898.54768588267,618,Employed,0,2024-11,Good
9670,7532,10000,2024-10-24,36,32,80097.92603708437,843,Employed,0,2024-10,Bad
9671,5313,5000,2024-03-11,12,65,56634.90363674261,427,Contractor,0,2024-03,Bad
9672,7446,5000,2024-03-25,36,51,20000.0,588,Employed,0,2024-03,Bad
9673,7203,15000,2024-05-17,24,23,44881.20465702155,739,Employed,0,2024-05,Bad
9674,1609,10000,2024-10-03,36,33,67700.35302448753,488,Employed,0,2024-10,Bad
9675,3895,10000,2024-04-22,12,18,56416.62060368877,532,Employed,0,2024-04,Good
9676,6789,10000,2024-03-03,36,28,24665.79409487651,397,Employed,0,2024-03,Bad
9677,1097,10000,2024-03-29,36,64,70996.44364623242,468,Self-Employed,0,2024-03,Bad
9678,627,10000,2024-03-17,36,58,59322.34980547685,831,Employed,0,2024-03,Bad
9679,1291,25000,2024-04-28,24,18,55462.76462939768,577,Employed,0,2024-04,Good
9680,4718,25000,2024-11-01,24,45,56895.57847398397,733,Employed,0,2024-11,Good
9681,3412,5000,2024-10-09,36,67,119760.42502971058,510,Self-Employed,0,2024-10,Bad
9682,2145,5000,2024-08-16,36,27,72761.81885451879,329,Employed,0,2024-08,Good
9683,900,10000,2024-05-15,12,68,47887.706734680076,849,Employed,0,2024-05,Bad
9684,698,25000,2024-05-02,36,18,65392.05591179061,496,Self-Employed,1,2024-05,Bad
9685,6081,5000,2024-07-17,12,57,46297.72542878344,775,Contractor,0,2024-07,Good
9686,4056,10000,2024-01-30,12,36,121023.16390514481,433,Employed,0,2024-01,Bad
9687,7232,15000,2024-01-18,36,67,77564.36935928592,796,Employed,1,2024-01,Bad
9688,3441,10000,2024-01-23,24,51,110190.77014176713,794,Employed,0,2024-01,Bad
9689,3417,15000,2024-02-07,12,45,60319.316962328,365,Employed,1,2024-02,Good
9690,2490,15000,2024-08-24,24,59,66455.3181771264,493,Self-Employed,0,2024-08,Good
9691,6595,10000,2024-09-04,24,65,94277.97661843926,473,Contractor,0,2024-09,Bad
9692,6378,10000,2024-12-26,24,30,38418.53283671805,732,Self-Employed,0,2024-12,Bad
9693,6120,10000,2024-01-30,12,64,75821.26006299935,439,Self-Employed,1,2024-01,Bad
9694,793,10000,2024-04-28,12,52,32025.787542437232,459,Employed,0,2024-04,Good
9695,7749,5000,2024-10-12,36,27,113231.74991553207,368,Contractor,0,2024-10,Bad
9696,923,5000,2024-03-14,12,33,94429.62407960847,582,Employed,0,2024-03,Bad
9697,1482,15000,2024-03-11,36,57,82080.31010002672,546,Employed,1,2024-03,Bad
9698,6988,10000,2024-09-29,12,61,76306.85944121447,524,Self-Employed,0,2024-09,Bad
9699,7506,5000,2024-11-20,24,54,29829.736384878204,542,Employed,0,2024-11,Good
9700,8934,5000,2024-12-27,12,41,38952.82668806579,817,Employed,0,2024-12,Bad
9701,2034,25000,2024-07-31,24,55,32850.00733708766,754,Contractor,1,2024-07,Good
9702,1446,25000,2024-11-30,12,19,80475.82366471332,731,Employed,1,2024-11,Good
9703,8567,5000,2024-05-20,24,46,68589.74563698731,768,Employed,0,2024-05,Bad
9704,2910,15000,2024-08-25,36,68,45163.50675291322,583,Employed,1,2024-08,Good
9705,5769,5000,2024-01-07,24,36,59514.69197569824,350,Employed,0,2024-01,Bad
9706,8816,10000,2024-08-03,24,57,87793.75309930663,751,Employed,0,2024-08,Good
9707,6443,5000,2024-03-08,12,47,76490.9329518704,668,Self-Employed,0,2024-03,Bad
9708,9241,25000,2024-11-11,36,56,87527.7945265543,737,Employed,1,2024-11,Good
9709,606,25000,2024-04-14,12,26,75708.55126651813,326,Self-Employed,0,2024-04,Good
9710,2114,10000,2024-02-04,24,58,57553.32987607847,835,Employed,1,2024-02,Good
9711,2577,5000,2024-01-29,24,56,49580.61596200731,789,Employed,0,2024-01,Bad
9712,5741,10000,2024-12-21,24,42,76430.62029873359,326,Employed,0,2024-12,Bad
9713,5511,15000,2024-04-28,24,55,92240.73807272903,775,Employed,0,2024-04,Good
9714,278,25000,2024-02-03,12,57,36745.531762882914,594,Employed,1,2024-02,Good
9715,2058,5000,2024-09-16,12,27,32472.268340216368,364,Contractor,1,2024-09,Bad
9716,1165,5000,2024-11-17,12,42,65049.42111889527,581,Self-Employed,0,2024-11,Good
9717,3172,15000,2024-12-15,36,44,52771.0956203946,801,Employed,0,2024-12,Bad
9718,5307,15000,2024-11-08,24,28,70839.8770315394,806,Employed,0,2024-11,Good
9719,6537,25000,2024-12-14,36,21,57441.26084170624,594,Self-Employed,0,2024-12,Bad
9720,261,15000,2024-05-11,24,46,90847.02637310521,315,Employed,1,2024-05,Bad
9721,5186,25000,2024-12-06,12,26,75843.74214902405,546,Contractor,0,2024-12,Bad
9722,3566,25000,2024-07-19,24,55,120240.13940105944,593,Employed,1,2024-07,Good
9723,3819,10000,2024-04-22,24,34,104800.62246440208,650,Employed,1,2024-04,Good
9724,4563,10000,2024-04-06,36,54,100854.42591300816,502,Self-Employed,0,2024-04,Good
9725,6208,25000,2024-11-06,12,24,105118.37530737133,785,Employed,0,2024-11,Good
9726,2795,5000,2024-01-06,24,24,59636.55838705091,303,Self-Employed,1,2024-01,Bad
9727,9396,10000,2024-01-29,12,41,38079.5756593236,388,Employed,1,2024-01,Bad
9728,6989,5000,2024-12-01,36,55,106890.90734613905,586,Employed,0,2024-12,Bad
9729,2013,15000,2024-12-21,24,61,47311.19286764735,552,Employed,0,2024-12,Bad
9730,6243,5000,2024-06-13,24,62,91520.0017951487,709,Self-Employed,1,2024-06,Bad
9731,8496,15000,2024-02-06,24,61,52835.35825748367,581,Contractor,1,2024-02,Good
9732,1097,25000,2024-03-03,24,64,70996.44364623242,468,Self-Employed,1,2024-03,Bad
9733,1167,25000,2024-08-26,12,57,31374.63790173328,418,Employed,0,2024-08,Good
9734,4310,25000,2024-09-06,36,62,20000.0,570,Contractor,0,2024-09,Bad
9735,7885,15000,2024-07-03,36,54,65359.549906106644,530,Employed,0,2024-07,Good
9736,2353,5000,2024-09-03,24,26,49296.26500610894,704,Employed,0,2024-09,Bad
9737,5534,10000,2024-02-09,36,19,60133.407624383,409,Employed,0,2024-02,Good
9738,8085,10000,2024-03-04,36,41,76975.06560229971,534,Self-Employed,1,2024-03,Bad
9739,5849,5000,2024-08-10,12,67,25741.85464367459,594,Contractor,0,2024-08,Good
9740,8537,10000,2024-05-01,12,50,69096.7850434114,718,Contractor,0,2024-05,Bad
9741,744,15000,2024-05-10,12,28,62561.865406359415,582,Employed,0,2024-05,Bad
9742,9814,15000,2024-10-25,12,58,20000.0,341,Employed,1,2024-10,Bad
9743,2542,10000,2024-05-04,24,34,90729.51090319917,515,Employed,0,2024-05,Bad
9744,5801,10000,2024-01-25,12,20,60509.24068186212,606,Employed,0,2024-01,Bad
9745,1149,15000,2024-11-06,24,28,24151.926023517823,620,Employed,1,2024-11,Good
9746,8849,5000,2024-12-27,36,62,71798.51477351351,518,Employed,0,2024-12,Bad
9747,4713,10000,2024-02-05,36,20,67577.94814293012,537,Employed,1,2024-02,Good
9748,776,10000,2024-04-17,12,67,63890.96361221096,826,Employed,0,2024-04,Good
9749,9862,25000,2024-07-04,24,43,80800.58059042554,747,Employed,0,2024-07,Good
9750,6208,25000,2024-04-12,24,24,105118.37530737133,785,Employed,0,2024-04,Good
9751,9852,5000,2024-01-19,24,41,97037.38498133532,609,Employed,0,2024-01,Bad
9752,7179,15000,2024-07-05,36,51,50574.889006819925,406,Contractor,0,2024-07,Good
9753,8799,5000,2024-08-21,12,54,22624.555175617308,483,Self-Employed,1,2024-08,Good
9754,430,5000,2024-04-03,36,24,95843.10695840482,390,Employed,0,2024-04,Good
9755,9197,5000,2024-08-18,24,32,51029.59270658012,402,Employed,1,2024-08,Good
9756,1613,10000,2024-12-20,36,35,39347.978895109394,445,Employed,0,2024-12,Bad
9757,9813,15000,2024-05-07,12,49,79007.02234197385,353,Self-Employed,1,2024-05,Bad
9758,4312,15000,2024-11-10,12,26,73663.17545782501,695,Employed,1,2024-11,Good
9759,4466,10000,2024-10-30,12,43,83744.16571222963,612,Employed,0,2024-10,Bad
9760,9164,5000,2024-09-15,24,32,45436.46784183888,749,Employed,0,2024-09,Bad
9761,2289,25000,2024-12-13,36,42,52908.53406406079,431,Employed,1,2024-12,Bad
9762,9751,10000,2024-08-29,24,31,59787.33922615624,547,Self-Employed,1,2024-08,Good
9763,2369,5000,2024-04-24,12,55,73406.94723118906,611,Employed,0,2024-04,Good
9764,2093,5000,2024-05-31,24,56,98729.47622221764,616,Self-Employed,0,2024-05,Bad
9765,7754,5000,2024-04-25,12,61,99673.99725683202,650,Contractor,1,2024-04,Good
9766,8112,5000,2024-09-18,36,21,20000.0,307,Self-Employed,1,2024-09,Bad
9767,284,25000,2024-09-05,12,40,89340.55623569617,672,Employed,0,2024-09,Bad
9768,8864,25000,2024-07-08,36,62,50084.40765041377,445,Employed,0,2024-07,Good
9769,2135,10000,2024-08-08,36,35,64122.58833038514,776,Employed,0,2024-08,Good
9770,7175,5000,2024-09-12,12,66,30728.94887927486,811,Employed,0,2024-09,Bad
9771,1483,10000,2024-10-18,36,19,99756.38318779974,491,Employed,0,2024-10,Bad
9772,6327,5000,2024-10-11,36,40,77171.05172418727,406,Contractor,1,2024-10,Bad
9773,2347,25000,2024-05-20,12,58,69016.2485088279,456,Self-Employed,0,2024-05,Bad
9774,6542,10000,2024-05-22,12,57,56449.566354880626,376,Self-Employed,1,2024-05,Bad
9775,14,15000,2024-10-15,12,53,64753.87978374043,333,Employed,0,2024-10,Bad
9776,6244,10000,2024-09-07,24,19,87489.0344184577,717,Employed,1,2024-09,Bad
9777,756,15000,2024-12-10,12,48,39802.20761429485,478,Employed,0,2024-12,Bad
9778,8361,10000,2024-05-23,12,25,35829.43076164834,802,Employed,0,2024-05,Bad
9779,2280,25000,2024-03-25,36,68,63568.23972944744,601,Employed,0,2024-03,Bad
9780,1135,15000,2024-06-28,36,61,119464.05434979155,662,Employed,0,2024-06,Bad
9781,2662,25000,2024-04-10,36,50,98728.37762783574,352,Employed,1,2024-04,Good
9782,4825,10000,2024-08-24,24,36,103947.63580795893,790,Contractor,0,2024-08,Good
9783,240,25000,2024-12-02,24,43,54096.11396231288,435,Employed,1,2024-12,Bad
9784,2288,5000,2024-07-23,12,51,65963.87921960794,654,Employed,1,2024-07,Good
9785,4366,15000,2024-10-16,36,33,40222.72161670966,521,Employed,0,2024-10,Bad
9786,2588,5000,2024-05-06,36,50,80533.66849922756,687,Employed,0,2024-05,Bad
9787,1310,15000,2024-12-26,36,58,38090.47031494854,739,Employed,0,2024-12,Bad
9788,6479,25000,2024-10-04,24,46,98238.35609926311,640,Self-Employed,0,2024-10,Bad
9789,443,25000,2024-11-02,12,45,69959.83792943717,824,Employed,0,2024-11,Good
9790,8917,5000,2024-09-16,24,40,102081.47212141477,808,Self-Employed,0,2024-09,Bad
9791,908,5000,2024-09-09,36,34,67365.52611673395,315,Employed,1,2024-09,Bad
9792,1527,10000,2024-06-25,24,34,54056.56693989188,400,Employed,0,2024-06,Bad
9793,9336,5000,2024-08-26,12,25,55964.14509124219,804,Employed,0,2024-08,Good
9794,8267,15000,2024-06-15,12,54,50521.7790748281,395,Employed,1,2024-06,Bad
9795,2471,15000,2024-08-02,36,47,52428.281158226106,608,Self-Employed,0,2024-08,Good
9796,70,15000,2024-07-23,24,19,96328.32061920609,762,Employed,0,2024-07,Good
9797,4841,10000,2024-07-18,36,29,67576.9555382712,807,Self-Employed,0,2024-07,Good
9798,6415,10000,2024-01-01,36,69,44906.90847763287,570,Employed,1,2024-01,Bad
9799,8324,15000,2024-06-17,12,47,31969.769203596778,658,Employed,0,2024-06,Bad
9800,9314,5000,2024-09-29,36,33,59366.29665717481,745,Employed,1,2024-09,Bad
9801,7596,25000,2024-09-20,36,42,54862.415836147804,388,Employed,1,2024-09,Bad
9802,9383,10000,2024-03-07,12,61,73348.62619997599,612,Self-Employed,0,2024-03,Bad
9803,1129,5000,2024-12-14,24,55,63531.98932238428,737,Contractor,0,2024-12,Bad
9804,598,10000,2024-04-27,24,28,92474.58393604912,691,Self-Employed,0,2024-04,Good
9805,9765,10000,2024-03-26,24,36,90717.4678972475,563,Employed,0,2024-03,Bad
9806,5562,25000,2024-08-22,12,28,50421.929216892546,431,Employed,1,2024-08,Good
9807,8864,10000,2024-11-17,36,62,50084.40765041377,445,Employed,0,2024-11,Good
9808,4731,10000,2024-09-14,24,42,52518.80963763362,308,Employed,1,2024-09,Bad
9809,5020,25000,2024-01-17,12,38,74248.14032510977,671,Employed,0,2024-01,Bad
9810,6106,15000,2024-03-13,24,28,60532.32788591261,524,Employed,0,2024-03,Bad
9811,3716,10000,2024-06-09,24,43,91202.91898172887,318,Employed,1,2024-06,Bad
9812,3338,10000,2024-08-08,24,52,31683.038974369905,808,Self-Employed,1,2024-08,Good
9813,2900,15000,2024-06-30,36,18,90380.52229535763,384,Self-Employed,1,2024-06,Bad
9814,6564,15000,2024-12-29,12,59,79826.35125707553,394,Employed,0,2024-12,Bad
9815,2309,15000,2024-09-05,24,38,68952.34746441965,533,Contractor,1,2024-09,Bad
9816,2464,15000,2024-04-16,24,64,39552.21273807102,650,Employed,0,2024-04,Good
9817,5475,5000,2024-04-10,12,30,77495.54089934523,765,Employed,0,2024-04,Good
9818,3991,15000,2024-10-27,12,54,20796.077206169204,609,Employed,0,2024-10,Bad
9819,2749,15000,2024-09-13,12,38,91823.24036268366,501,Employed,0,2024-09,Bad
9820,5505,15000,2024-12-01,12,68,34262.6210572978,597,Employed,1,2024-12,Bad
9821,7074,5000,2024-11-02,12,66,52726.27625670334,327,Employed,1,2024-11,Good
9822,9904,25000,2024-10-04,36,43,87173.81518682929,728,Self-Employed,0,2024-10,Bad
9823,8364,15000,2024-06-10,12,27,45054.44696393051,315,Self-Employed,0,2024-06,Bad
9824,5944,5000,2024-11-28,24,52,58042.24360308559,326,Employed,1,2024-11,Good
9825,3402,10000,2024-02-18,36,37,20000.0,650,Employed,0,2024-02,Good
9826,4102,25000,2024-10-31,24,30,85660.55810479415,829,Contractor,0,2024-10,Bad
9827,7756,5000,2024-06-18,36,61,86360.9437785139,617,Employed,0,2024-06,Bad
9828,1228,15000,2024-04-01,12,32,46831.45237794952,847,Employed,0,2024-04,Good
9829,2417,25000,2024-09-25,36,23,47112.17536286928,566,Employed,0,2024-09,Bad
9830,722,5000,2024-08-17,24,37,89257.90504470703,611,Employed,0,2024-08,Good
9831,931,5000,2024-12-15,36,42,70474.09789639938,591,Employed,0,2024-12,Bad
9832,9271,5000,2024-09-06,36,54,94179.89958397737,355,Self-Employed,0,2024-09,Bad
9833,5289,5000,2024-08-15,12,46,109247.82669138983,307,Employed,0,2024-08,Good
9834,2476,5000,2024-07-14,24,21,59223.51157897754,717,Employed,0,2024-07,Good
9835,9728,5000,2024-05-21,36,67,102791.83535463578,393,Employed,1,2024-05,Bad
9836,8605,5000,2024-07-02,24,26,79143.46261134878,395,Employed,0,2024-07,Good
9837,839,5000,2024-08-02,36,27,54153.16342552027,468,Employed,0,2024-08,Good
9838,3688,10000,2024-03-09,24,29,21943.576651062023,497,Employed,1,2024-03,Bad
9839,1027,10000,2024-02-15,24,64,106783.68938593692,586,Contractor,1,2024-02,Good
9840,2836,15000,2024-01-15,24,30,94460.482939093,606,Self-Employed,0,2024-01,Bad
9841,6473,15000,2024-12-08,12,37,83360.64632024168,709,Employed,0,2024-12,Bad
9842,6377,15000,2024-05-15,12,29,53509.86753106299,621,Employed,0,2024-05,Bad
9843,5796,15000,2024-05-01,24,49,69445.74499263585,733,Employed,0,2024-05,Bad
9844,8252,15000,2024-07-02,24,43,64962.13742629885,625,Employed,0,2024-07,Good
9845,590,15000,2024-09-23,12,43,74543.35422406273,363,Employed,0,2024-09,Bad
9846,3169,10000,2024-07-17,36,37,37989.81676803746,447,Employed,1,2024-07,Good
9847,2035,10000,2024-06-21,24,49,37789.71910817886,501,Employed,1,2024-06,Bad
9848,5186,10000,2024-04-19,24,26,75843.74214902405,546,Contractor,1,2024-04,Good
9849,5151,5000,2024-04-14,12,41,77609.12664296024,524,Self-Employed,1,2024-04,Good
9850,5078,5000,2024-10-13,36,63,75647.77417753529,791,Employed,0,2024-10,Bad
9851,777,15000,2024-06-23,24,45,99461.6838863452,476,Self-Employed,0,2024-06,Bad
9852,8340,25000,2024-12-25,24,22,100902.2336545504,823,Self-Employed,0,2024-12,Bad
9853,8239,10000,2024-11-17,24,54,72869.06403637909,735,Employed,0,2024-11,Good
9854,9460,25000,2024-12-29,24,22,94618.59746766702,461,Self-Employed,0,2024-12,Bad
9855,1502,15000,2024-03-01,12,59,61837.027576151246,446,Employed,0,2024-03,Bad
9856,9811,10000,2024-09-20,36,65,38231.140591537434,386,Employed,1,2024-09,Bad
9857,6500,25000,2024-11-16,36,69,64319.64669055358,302,Employed,1,2024-11,Good
9858,1665,10000,2024-09-29,24,61,25514.09253206003,577,Employed,1,2024-09,Bad
9859,6597,25000,2024-06-06,36,56,33031.60362951859,449,Employed,0,2024-06,Bad
9860,6666,15000,2024-08-10,36,49,27900.52351331456,671,Employed,1,2024-08,Good
9861,6321,15000,2024-04-24,36,27,48382.47737122465,721,Employed,1,2024-04,Good
9862,2023,5000,2024-09-10,24,28,55819.90164470629,843,Employed,1,2024-09,Bad
9863,8402,25000,2024-11-03,36,59,41106.14105443389,595,Employed,0,2024-11,Good
9864,7210,10000,2024-03-03,36,49,32233.855392390684,418,Self-Employed,1,2024-03,Bad
9865,7292,25000,2024-03-01,24,36,51430.025707075874,683,Employed,0,2024-03,Bad
9866,9380,5000,2024-09-12,12,63,62968.01129966036,330,Employed,1,2024-09,Bad
9867,8031,5000,2024-03-17,12,63,108534.59138216765,450,Employed,0,2024-03,Bad
9868,3054,5000,2024-03-30,12,54,86239.61327616543,413,Employed,1,2024-03,Bad
9869,35,5000,2024-10-14,12,33,91566.43226968816,794,Employed,0,2024-10,Bad
9870,2044,10000,2024-12-30,36,39,31961.105337223722,387,Employed,1,2024-12,Bad
9871,9469,10000,2024-10-17,24,30,94898.54768588267,618,Employed,1,2024-10,Bad
9872,4855,5000,2024-09-28,12,25,75462.86397892637,404,Self-Employed,1,2024-09,Bad
9873,2955,10000,2024-05-16,24,31,82587.30370562561,721,Employed,0,2024-05,Bad
9874,8456,5000,2024-10-01,12,61,49994.894385359294,695,Employed,0,2024-10,Bad
9875,9321,15000,2024-02-09,36,55,31791.205212178313,784,Contractor,0,2024-02,Good
9876,3292,5000,2024-06-22,24,38,45395.90354100418,445,Employed,1,2024-06,Bad
9877,8599,15000,2024-04-18,12,36,117758.56630240944,598,Employed,1,2024-04,Good
9878,9422,5000,2024-05-10,36,51,28831.07234178837,420,Employed,1,2024-05,Bad
9879,6780,5000,2024-06-02,36,37,50219.609518940655,739,Employed,1,2024-06,Bad
9880,2112,10000,2024-12-22,36,43,91840.54859768928,442,Employed,1,2024-12,Bad
9881,3017,15000,2024-03-12,12,28,31496.877608630355,590,Self-Employed,0,2024-03,Bad
9882,6958,10000,2024-11-21,24,36,67612.85090189552,578,Self-Employed,0,2024-11,Good
9883,9064,5000,2024-01-05,12,47,73725.30671570198,457,Contractor,1,2024-01,Bad
9884,4134,15000,2024-07-31,36,19,40576.35651545295,645,Employed,0,2024-07,Good
9885,4856,5000,2024-10-09,36,24,52583.72369679384,612,Self-Employed,0,2024-10,Bad
9886,4761,15000,2024-06-20,12,69,71612.04212378435,572,Employed,0,2024-06,Bad
9887,4866,25000,2024-10-20,24,25,36075.0886083909,662,Employed,0,2024-10,Bad
9888,473,15000,2024-08-01,12,52,51510.21948157171,506,Self-Employed,1,2024-08,Good
9889,7704,25000,2024-03-29,24,28,66499.07144239267,833,Employed,0,2024-03,Bad
9890,4675,5000,2024-03-11,24,63,28191.148462230558,732,Contractor,1,2024-03,Bad
9891,3833,5000,2024-11-29,12,40,92693.02739956122,414,Self-Employed,1,2024-11,Good
9892,4331,10000,2024-06-17,24,30,95329.47970978974,831,Employed,0,2024-06,Bad
9893,2142,25000,2024-11-09,24,58,65815.97091727178,720,Self-Employed,1,2024-11,Good
9894,2909,10000,2024-07-16,36,62,67849.26670319431,442,Employed,0,2024-07,Good
9895,6333,25000,2024-04-05,36,65,77664.6917924319,439,Employed,0,2024-04,Good
9896,4112,5000,2024-11-14,36,40,20000.0,646,Employed,0,2024-11,Good
9897,1399,10000,2024-01-19,36,49,67836.4010014138,623,Self-Employed,0,2024-01,Bad
9898,8556,25000,2024-06-03,24,40,85851.38629623422,756,Employed,0,2024-06,Bad
9899,8936,10000,2024-04-03,24,47,45268.83512784507,612,Self-Employed,0,2024-04,Good
9900,3470,5000,2024-02-22,36,61,51082.052553570924,660,Contractor,0,2024-02,Good
9901,2458,25000,2024-12-18,12,21,95266.86381355493,317,Employed,0,2024-12,Bad
9902,6318,15000,2024-01-11,36,58,63941.702608494685,666,Employed,1,2024-01,Bad
9903,3685,25000,2024-04-14,12,42,95761.50119399939,362,Employed,1,2024-04,Good
9904,2234,5000,2024-01-10,12,33,54165.26083284617,331,Employed,0,2024-01,Bad
9905,470,25000,2024-08-08,36,69,74386.39644068132,844,Employed,0,2024-08,Good
9906,5500,10000,2024-12-07,12,66,88747.2267062323,774,Employed,0,2024-12,Bad
9907,8504,5000,2024-01-20,12,49,70103.84679990068,533,Employed,0,2024-01,Bad
9908,8030,5000,2024-05-26,36,37,47331.420458941175,375,Employed,1,2024-05,Bad
9909,6673,15000,2024-12-09,24,51,75753.57435788428,320,Self-Employed,0,2024-12,Bad
9910,4324,15000,2024-09-11,12,45,22380.60639429889,578,Self-Employed,0,2024-09,Bad
9911,989,10000,2024-05-09,36,31,49111.472529611085,420,Contractor,1,2024-05,Bad
9912,1432,10000,2024-09-03,24,65,80196.00846837522,678,Self-Employed,0,2024-09,Bad
9913,6697,25000,2024-05-25,24,26,95400.16347278691,792,Employed,0,2024-05,Bad
9914,214,10000,2024-03-22,24,41,56352.01677382073,635,Employed,0,2024-03,Bad
9915,5026,10000,2024-01-02,24,46,123065.23063156915,485,Employed,0,2024-01,Bad
9916,7484,10000,2024-10-29,24,46,22828.076215673675,757,Self-Employed,1,2024-10,Bad
9917,9505,25000,2024-09-04,12,23,43790.83658942273,388,Self-Employed,1,2024-09,Bad
9918,3221,5000,2024-02-16,24,23,52985.63966993814,536,Employed,0,2024-02,Good
9919,4628,5000,2024-03-19,12,28,85728.72587648855,341,Employed,1,2024-03,Bad
9920,3441,25000,2024-05-03,36,51,110190.77014176713,794,Employed,0,2024-05,Bad
9921,5733,10000,2024-12-10,36,48,69544.530814679,435,Employed,1,2024-12,Bad
9922,2405,15000,2024-03-22,36,63,91880.53852954789,658,Employed,0,2024-03,Bad
9923,8892,25000,2024-10-03,24,32,79085.24877055331,331,Employed,0,2024-10,Bad
9924,7598,15000,2024-02-01,36,22,20544.931810853814,833,Employed,0,2024-02,Good
9925,5153,10000,2024-10-01,12,62,20000.0,436,Employed,0,2024-10,Bad
9926,9759,5000,2024-05-25,12,60,116123.46995077566,468,Employed,1,2024-05,Bad
9927,7958,15000,2024-10-06,24,52,73957.49537331921,388,Self-Employed,1,2024-10,Bad
9928,7018,15000,2024-04-15,24,26,90929.2868133001,317,Employed,0,2024-04,Good
9929,9502,15000,2024-06-06,36,27,78493.09199345768,492,Self-Employed,0,2024-06,Bad
9930,4613,15000,2024-04-02,24,69,41845.9184129198,374,Employed,0,2024-04,Good
9931,681,5000,2024-09-02,24,24,49387.23862278557,336,Employed,1,2024-09,Bad
9932,9901,5000,2024-12-06,36,67,63938.7867747061,396,Self-Employed,1,2024-12,Bad
9933,4823,15000,2024-05-28,24,41,78560.59923830254,365,Employed,1,2024-05,Bad
9934,3901,25000,2024-10-30,12,22,94588.72756454011,650,Employed,0,2024-10,Bad
9935,4365,5000,2024-05-08,24,45,74586.3753713554,792,Employed,0,2024-05,Bad
9936,1788,5000,2024-01-22,36,46,82566.49996248265,706,Employed,0,2024-01,Bad
9937,718,10000,2024-02-25,12,62,76474.85004185728,421,Employed,1,2024-02,Good
9938,8913,10000,2024-02-07,36,59,44969.49100467792,788,Self-Employed,0,2024-02,Good
9939,3858,25000,2024-01-19,36,65,27940.08032510578,492,Self-Employed,0,2024-01,Bad
9940,8063,25000,2024-07-12,24,24,35353.69176902826,775,Employed,0,2024-07,Good
9941,2188,10000,2024-04-02,36,32,20000.0,592,Employed,0,2024-04,Good
9942,3753,10000,2024-08-02,12,50,37191.81325823548,325,Contractor,1,2024-08,Good
9943,781,15000,2024-06-23,12,53,65184.06703558918,397,Employed,0,2024-06,Bad
9944,630,10000,2024-11-09,12,66,83212.9660878634,828,Employed,0,2024-11,Good
9945,5730,25000,2024-09-12,12,40,93055.08333233422,681,Employed,0,2024-09,Bad
9946,4531,25000,2024-09-10,24,21,78967.38207304548,779,Employed,0,2024-09,Bad
9947,5665,10000,2024-02-14,36,46,73857.73453797151,350,Employed,0,2024-02,Good
9948,7622,25000,2024-08-02,24,18,40514.60654462114,802,Employed,1,2024-08,Good
9949,3922,5000,2024-08-07,12,59,80877.50028994813,471,Employed,1,2024-08,Good
9950,7235,25000,2024-01-28,24,44,69242.32894928209,537,Employed,0,2024-01,Bad
9951,3313,15000,2024-11-11,36,23,67692.48622766546,519,Self-Employed,0,2024-11,Good
9952,2431,5000,2024-09-17,36,60,70598.17184866517,432,Employed,1,2024-09,Bad
9953,6578,5000,2024-07-26,24,44,55455.720083148924,458,Employed,1,2024-07,Good
9954,9822,5000,2024-10-07,36,45,84073.95641784929,466,Employed,0,2024-10,Bad
9955,1474,10000,2024-05-08,12,40,59118.152250689025,675,Employed,1,2024-05,Bad
9956,8672,15000,2024-06-16,24,39,84029.80931753771,557,Self-Employed,1,2024-06,Bad
9957,2070,10000,2024-08-18,36,30,94279.19081765367,592,Employed,0,2024-08,Good
9958,561,15000,2024-12-16,12,50,43734.668676201305,461,Employed,1,2024-12,Bad
9959,2696,25000,2024-06-15,24,59,64230.33743966462,562,Self-Employed,1,2024-06,Bad
9960,7911,25000,2024-04-04,36,62,107066.18985033243,715,Employed,0,2024-04,Good
9961,7461,25000,2024-03-16,36,68,46791.76828945648,624,Contractor,0,2024-03,Bad
9962,2004,5000,2024-09-03,12,20,44628.296277266396,630,Employed,1,2024-09,Bad
9963,3993,25000,2024-06-19,36,36,76582.53775585577,809,Employed,0,2024-06,Bad
9964,1462,15000,2024-10-30,24,26,60872.98587492385,754,Employed,0,2024-10,Bad
9965,895,5000,2024-08-07,12,50,76301.69595649178,446,Contractor,1,2024-08,Good
9966,9199,10000,2024-10-20,24,58,47036.432330523996,652,Employed,1,2024-10,Bad
9967,5279,5000,2024-12-11,12,32,27670.25469477672,585,Self-Employed,0,2024-12,Bad
9968,518,10000,2024-10-06,36,66,72787.27146994475,714,Self-Employed,1,2024-10,Bad
9969,6826,10000,2024-09-10,12,33,80559.47796182797,587,Self-Employed,0,2024-09,Bad
9970,8055,10000,2024-05-12,12,65,89131.6096095112,804,Employed,0,2024-05,Bad
9971,5300,5000,2024-08-23,24,36,70599.87422252622,675,Employed,0,2024-08,Good
9972,7380,25000,2024-06-13,36,40,62766.603363223854,804,Employed,0,2024-06,Bad
9973,1001,10000,2024-09-27,24,52,81807.33520101005,450,Employed,0,2024-09,Bad
9974,3748,15000,2024-07-12,24,25,47888.98994784543,632,Employed,1,2024-07,Good
9975,8832,15000,2024-10-02,36,20,50326.93486387263,611,Employed,0,2024-10,Bad
9976,730,15000,2024-06-06,12,45,109162.79500819085,559,Employed,1,2024-06,Bad
9977,8625,15000,2024-02-13,24,22,87090.6137242743,836,Self-Employed,0,2024-02,Good
9978,6788,10000,2024-07-05,12,31,22915.446673929364,780,Contractor,0,2024-07,Good
9979,3938,15000,2024-05-11,36,65,71686.88472245153,457,Employed,1,2024-05,Bad
9980,2811,5000,2024-06-07,12,56,102325.07761108008,698,Employed,0,2024-06,Bad
9981,2938,15000,2024-09-03,36,64,70856.48161141913,426,Contractor,0,2024-09,Bad
9982,4197,15000,2024-10-23,36,35,38357.93255451084,554,Employed,0,2024-10,Bad
9983,6464,25000,2024-03-16,12,64,53582.52138266218,714,Contractor,0,2024-03,Bad
9984,1122,5000,2024-01-08,36,54,51300.10453147156,719,Employed,0,2024-01,Bad
9985,2327,5000,2024-03-18,24,34,33240.94884187284,435,Self-Employed,1,2024-03,Bad
9986,3417,25000,2024-04-16,24,45,60319.316962328,365,Employed,0,2024-04,Good
9987,5981,15000,2024-02-09,12,63,64690.85154394089,674,Employed,0,2024-02,Good
9988,9807,10000,2024-04-14,24,38,95080.31955730714,745,Employed,0,2024-04,Good
9989,7523,5000,2024-06-01,36,34,20000.0,473,Employed,0,2024-06,Bad
9990,1063,10000,2024-11-13,24,54,77322.09929629674,352,Self-Employed,1,2024-11,Good
9991,7471,10000,2024-02-27,24,38,20000.0,513,Employed,1,2024-02,Good
9992,5468,15000,2024-11-22,12,23,59615.292778498086,796,Self-Employed,0,2024-11,Good
9993,4551,10000,2024-03-27,36,18,57953.8787650725,618,Contractor,1,2024-03,Bad
9994,5444,10000,2024-06-22,24,21,32145.01175942227,842,Employed,0,2024-06,Bad
9995,8711,10000,2024-12-24,36,31,25744.083647953885,691,Employed,0,2024-12,Bad
9996,3425,25000,2024-06-02,12,21,29395.809995310025,655,Employed,0,2024-06,Bad
9997,5935,25000,2024-10-24,24,39,67400.23169992625,752,Employed,0,2024-10,Bad
9998,5423,15000,2024-01-07,36,64,70968.44813228391,488,Self-Employed,0,2024-01,Bad
9999,210,5000,2024-02-25,24,41,47355.66292261587,702,Self-Employed,0,2024-02,Good
10000,9059,15000,2024-03-08,12,67,80303.9201738888,495,Employed,0,2024-03,Bad
10001,3941,5000,2024-10-26,12,22,71629.09806866468,519,Employed,0,2024-10,Bad
10002,7301,10000,2024-11-03,36,51,62386.21528578684,488,Employed,1,2024-11,Good
10003,176,5000,2024-05-25,24,68,65486.45638797208,422,Employed,0,2024-05,Bad
10004,7255,5000,2024-10-04,24,19,63928.59380849155,471,Employed,1,2024-10,Bad
10005,4857,5000,2024-09-16,36,31,88076.12068066905,354,Self-Employed,1,2024-09,Bad
10006,3530,5000,2024-06-05,12,52,90160.27600066387,307,Contractor,1,2024-06,Bad
10007,8409,25000,2024-08-03,12,18,107688.72223304401,365,Employed,1,2024-08,Good
10008,5526,10000,2024-06-16,24,38,46249.43296085707,628,Employed,0,2024-06,Bad
10009,2911,5000,2024-11-11,36,41,41872.88448803412,334,Employed,0,2024-11,Good
10010,604,5000,2024-06-17,24,27,83628.77160712043,823,Self-Employed,0,2024-06,Bad
10011,9935,10000,2024-03-13,12,65,20000.0,457,Self-Employed,0,2024-03,Bad
10012,820,5000,2024-09-27,12,50,59571.02982157859,818,Self-Employed,0,2024-09,Bad
10013,7598,15000,2024-03-17,12,22,20544.931810853814,833,Employed,0,2024-03,Bad
10014,1062,5000,2024-02-26,24,57,26389.153793793892,716,Employed,0,2024-02,Good
10015,3013,15000,2024-12-15,36,24,20000.0,849,Self-Employed,1,2024-12,Bad
10016,2956,15000,2024-04-08,24,58,63054.46409658817,606,Employed,0,2024-04,Good
10017,185,15000,2024-06-11,36,61,65784.8966383194,834,Employed,0,2024-06,Bad
10018,3449,25000,2024-12-11,24,20,59620.09191099549,524,Employed,0,2024-12,Bad
10019,6419,25000,2024-10-01,36,32,70482.72282830135,420,Employed,1,2024-10,Bad
10020,8794,10000,2024-10-03,36,21,86646.81471460858,808,Employed,0,2024-10,Bad
10021,1310,15000,2024-12-09,12,58,38090.47031494854,739,Employed,0,2024-12,Bad
10022,1372,25000,2024-01-26,12,18,72546.8345180253,808,Self-Employed,0,2024-01,Bad
10023,1013,15000,2024-02-25,24,61,76274.06586941192,483,Employed,0,2024-02,Good
10024,7,25000,2024-01-31,36,38,70687.39689330134,575,Employed,0,2024-01,Bad
10025,8380,10000,2024-01-30,12,53,62927.825403128365,549,Self-Employed,1,2024-01,Bad
10026,4046,10000,2024-01-24,24,26,57496.780329295,615,Employed,0,2024-01,Bad
10027,1624,25000,2024-04-05,12,33,58548.86210972096,828,Employed,0,2024-04,Good
10028,9332,25000,2024-06-06,36,50,61172.98738796493,418,Employed,1,2024-06,Bad
10029,8255,15000,2024-04-30,12,36,54661.718529766746,548,Employed,1,2024-04,Good
10030,8633,10000,2024-06-02,24,68,68722.16509884426,611,Employed,0,2024-06,Bad
10031,1368,5000,2024-12-23,24,33,90165.1635258157,681,Employed,0,2024-12,Bad
10032,587,15000,2024-03-22,24,46,56833.1688122739,377,Employed,0,2024-03,Bad
10033,379,25000,2024-12-26,24,63,96313.51827573076,654,Employed,0,2024-12,Bad
10034,9448,15000,2024-11-05,12,36,47157.18840335995,457,Self-Employed,0,2024-11,Good
10035,2488,5000,2024-11-27,24,24,52362.756113887226,527,Employed,0,2024-11,Good
10036,3947,10000,2024-10-03,24,62,77909.91669466447,844,Employed,0,2024-10,Bad
10037,737,5000,2024-05-05,12,62,74759.1548598844,442,Employed,1,2024-05,Bad
10038,3348,25000,2024-10-10,12,69,83378.30282635227,456,Self-Employed,0,2024-10,Bad
10039,9066,25000,2024-05-03,36,27,82379.1504404564,785,Employed,1,2024-05,Bad
10040,3239,25000,2024-03-21,24,52,93506.26381678012,791,Employed,0,2024-03,Bad
10041,8150,25000,2024-11-30,12,37,50685.34879683682,539,Self-Employed,1,2024-11,Good
10042,8291,25000,2024-10-05,24,63,50351.2307821547,367,Self-Employed,0,2024-10,Bad
10043,8606,5000,2024-06-29,12,34,65896.08237145124,738,Self-Employed,0,2024-06,Bad
10044,314,10000,2024-11-04,12,28,54283.636827086666,347,Employed,1,2024-11,Good
10045,6273,10000,2024-06-10,24,23,39036.478574106106,594,Employed,0,2024-06,Bad
10046,9978,15000,2024-11-19,36,24,64605.557777508235,591,Self-Employed,1,2024-11,Good
10047,7620,15000,2024-12-26,24,35,39551.26384662124,798,Employed,0,2024-12,Bad
10048,1433,15000,2024-01-12,36,35,92533.25412223875,301,Employed,0,2024-01,Bad
10049,9787,25000,2024-05-09,36,21,54054.446928458696,694,Employed,0,2024-05,Bad
10050,338,10000,2024-10-07,24,31,35026.2150501531,822,Employed,0,2024-10,Bad
10051,4342,25000,2024-12-09,36,19,26755.64799726659,739,Employed,0,2024-12,Bad
10052,7817,15000,2024-12-16,24,50,30337.76448271892,699,Employed,0,2024-12,Bad
10053,558,25000,2024-05-04,12,29,63499.06145778589,761,Self-Employed,0,2024-05,Bad
10054,4300,5000,2024-06-20,36,26,55288.002330712974,373,Employed,1,2024-06,Bad
10055,7049,15000,2024-05-13,24,25,52705.834683594934,637,Employed,1,2024-05,Bad
10056,1217,10000,2024-12-16,36,22,70826.0737882371,591,Self-Employed,0,2024-12,Bad
10057,3431,10000,2024-02-08,24,26,71051.76675719919,410,Employed,0,2024-02,Good
10058,5674,15000,2024-06-26,24,37,27135.662273536087,371,Employed,1,2024-06,Bad
10059,8928,10000,2024-10-06,36,33,88898.45150445777,568,Self-Employed,1,2024-10,Bad
10060,2266,10000,2024-01-05,12,31,20000.0,343,Self-Employed,1,2024-01,Bad
10061,4669,15000,2024-02-23,12,65,74018.89386659587,821,Contractor,0,2024-02,Good
10062,8374,15000,2024-11-05,36,29,59152.30036387764,700,Contractor,0,2024-11,Good
10063,5691,25000,2024-09-22,24,57,34787.944893273096,469,Self-Employed,1,2024-09,Bad
10064,5070,25000,2024-03-22,12,20,70685.12697479052,698,Self-Employed,1,2024-03,Bad
10065,208,5000,2024-08-08,24,59,47160.38325232061,725,Employed,0,2024-08,Good
10066,1194,10000,2024-11-26,36,68,45729.52993178276,484,Employed,1,2024-11,Good
10067,4235,15000,2024-08-28,24,68,105324.45426482636,619,Employed,1,2024-08,Good
10068,1190,5000,2024-04-03,12,23,27286.10079467859,780,Employed,0,2024-04,Good
10069,4665,10000,2024-12-28,12,62,81781.75341763384,499,Self-Employed,0,2024-12,Bad
10070,1659,10000,2024-03-09,36,20,72001.13356743511,439,Employed,1,2024-03,Bad
10071,7564,5000,2024-01-06,36,42,114051.7090474632,751,Self-Employed,0,2024-01,Bad
10072,426,10000,2024-07-24,36,67,43708.445641640166,379,Self-Employed,0,2024-07,Good
10073,9622,15000,2024-01-16,24,29,82951.55109593006,568,Self-Employed,0,2024-01,Bad
10074,5030,5000,2024-02-29,12,36,89198.29871912475,301,Employed,1,2024-02,Good
10075,5065,5000,2024-05-21,36,55,20000.0,618,Employed,0,2024-05,Bad
10076,4858,25000,2024-10-15,12,20,75152.35047121668,406,Self-Employed,1,2024-10,Bad
10077,569,15000,2024-12-22,12,50,53953.7768189794,716,Employed,0,2024-12,Bad
10078,231,25000,2024-07-24,12,45,64002.6404062072,778,Employed,0,2024-07,Good
10079,995,5000,2024-02-09,12,63,24554.98465461657,576,Employed,0,2024-02,Good
10080,9849,15000,2024-01-09,36,57,20000.0,401,Employed,1,2024-01,Bad
10081,4040,15000,2024-03-31,36,64,74819.20907627812,439,Self-Employed,1,2024-03,Bad
10082,5920,25000,2024-07-13,24,59,77813.59070998504,560,Self-Employed,0,2024-07,Good
10083,8982,10000,2024-07-20,36,48,67781.71297918724,777,Employed,0,2024-07,Good
10084,2626,10000,2024-02-17,12,30,45609.834884940225,440,Employed,1,2024-02,Good
10085,9229,10000,2024-09-22,24,53,45311.21398428234,323,Employed,1,2024-09,Bad
10086,4439,25000,2024-09-01,24,59,53777.29031717484,461,Employed,0,2024-09,Bad
10087,1613,10000,2024-09-18,36,35,39347.978895109394,445,Employed,0,2024-09,Bad
10088,8531,25000,2024-11-13,36,57,79183.26192466574,350,Employed,1,2024-11,Good
10089,7203,25000,2024-01-31,12,23,44881.20465702155,739,Employed,1,2024-01,Bad
10090,6042,10000,2024-09-18,36,65,58506.97072308669,762,Contractor,0,2024-09,Bad
10091,586,25000,2024-12-16,24,25,71235.44219212604,803,Employed,0,2024-12,Bad
10092,5606,25000,2024-02-03,12,45,89055.26446452746,526,Self-Employed,0,2024-02,Good
10093,422,15000,2024-09-01,12,46,78839.23827669483,591,Employed,0,2024-09,Bad
10094,9506,5000,2024-12-14,24,31,50416.4266780378,422,Employed,0,2024-12,Bad
10095,1314,25000,2024-11-18,24,43,61263.60767087528,512,Employed,0,2024-11,Good
10096,3843,5000,2024-09-24,24,26,61541.61794959055,674,Employed,0,2024-09,Bad
10097,7460,10000,2024-10-20,24,43,56809.16406725098,597,Employed,1,2024-10,Bad
10098,7940,15000,2024-07-29,36,45,46930.49361388765,516,Employed,0,2024-07,Good
10099,6522,15000,2024-05-14,24,29,37993.32350548268,305,Employed,1,2024-05,Bad
10100,1178,25000,2024-03-04,36,50,79952.47887618665,725,Self-Employed,0,2024-03,Bad
10101,9931,15000,2024-09-03,24,27,46626.203079115556,343,Self-Employed,1,2024-09,Bad
10102,1667,5000,2024-11-28,24,32,74780.23318093485,511,Employed,0,2024-11,Good
10103,4529,25000,2024-10-03,24,43,64126.462488534184,792,Employed,0,2024-10,Bad
10104,6958,15000,2024-03-18,36,36,67612.85090189552,578,Self-Employed,0,2024-03,Bad
10105,8707,10000,2024-06-12,24,45,47390.991894477964,612,Employed,0,2024-06,Bad
10106,3330,25000,2024-03-17,36,56,81038.5411234003,388,Employed,0,2024-03,Bad
10107,5462,15000,2024-06-25,12,52,40796.785053691834,640,Self-Employed,0,2024-06,Bad
10108,4598,25000,2024-04-06,12,66,91100.62823605949,771,Self-Employed,0,2024-04,Good
10109,9181,10000,2024-05-18,24,51,43226.918253249736,471,Contractor,0,2024-05,Bad
10110,9610,25000,2024-08-30,24,38,62239.970902460285,843,Employed,1,2024-08,Good
10111,4975,5000,2024-12-24,24,18,43556.67058487452,668,Employed,1,2024-12,Bad
10112,5173,5000,2024-12-10,24,56,37388.7043036251,332,Self-Employed,1,2024-12,Bad
10113,6572,15000,2024-12-24,12,33,39186.66809476474,550,Employed,1,2024-12,Bad
10114,2015,5000,2024-09-07,36,53,46994.69947483025,712,Employed,0,2024-09,Bad
10115,6819,5000,2024-10-06,24,63,80093.32540475554,422,Employed,1,2024-10,Bad
10116,8643,25000,2024-10-04,12,47,46877.14615586258,800,Self-Employed,0,2024-10,Bad
10117,8726,25000,2024-06-19,36,59,93968.87086274676,482,Employed,0,2024-06,Bad
10118,6676,15000,2024-06-27,24,44,20000.0,557,Employed,0,2024-06,Bad
10119,4819,5000,2024-06-25,12,50,58850.116541107476,525,Employed,0,2024-06,Bad
10120,1544,10000,2024-10-04,24,53,77742.2307806164,533,Employed,0,2024-10,Bad
10121,9011,15000,2024-11-30,24,66,62549.2232180053,601,Employed,0,2024-11,Good
10122,1690,10000,2024-01-18,12,52,31977.69293734597,751,Self-Employed,0,2024-01,Bad
10123,5683,5000,2024-10-26,24,37,122499.22810966184,496,Employed,1,2024-10,Bad
10124,2294,15000,2024-04-18,24,64,73992.02119215802,478,Employed,1,2024-04,Good
10125,9665,10000,2024-02-01,12,37,78004.4105400068,433,Employed,0,2024-02,Good
10126,8438,15000,2024-02-25,24,48,43587.45107201443,386,Self-Employed,0,2024-02,Good
10127,9007,25000,2024-08-15,36,66,50443.323437280575,377,Employed,1,2024-08,Good
10128,3115,25000,2024-03-14,24,38,73174.86283175244,640,Employed,0,2024-03,Bad
10129,8585,10000,2024-01-09,12,61,79341.42408191788,661,Self-Employed,1,2024-01,Bad
10130,4259,25000,2024-03-29,24,50,64959.457075915496,611,Employed,1,2024-03,Bad
10131,4608,25000,2024-05-11,24,43,71721.2696600248,525,Employed,1,2024-05,Bad
10132,9363,10000,2024-10-20,24,68,82210.91299686671,441,Employed,0,2024-10,Bad
10133,2194,15000,2024-08-25,36,65,96362.96755952974,313,Employed,1,2024-08,Good
10134,7579,10000,2024-12-21,24,52,26574.34997180177,632,Employed,0,2024-12,Bad
10135,7412,25000,2024-09-06,12,41,105049.81636533533,337,Employed,0,2024-09,Bad
10136,6951,15000,2024-02-11,12,62,75829.60168178857,675,Employed,0,2024-02,Good
10137,2617,25000,2024-08-18,12,51,20000.0,464,Employed,1,2024-08,Good
10138,9335,5000,2024-06-18,12,54,65848.9221291292,462,Employed,1,2024-06,Bad
10139,4570,10000,2024-11-11,24,60,75395.06814301113,590,Employed,1,2024-11,Good
10140,4824,10000,2024-03-30,36,46,44775.90267685499,452,Employed,0,2024-03,Bad
10141,588,10000,2024-07-09,12,43,68118.80249159836,495,Employed,0,2024-07,Good
10142,1190,10000,2024-10-03,24,23,27286.10079467859,780,Employed,0,2024-10,Bad
10143,8253,5000,2024-05-06,36,47,61181.7513754961,316,Self-Employed,1,2024-05,Bad
10144,9495,15000,2024-05-12,36,59,50491.12492868172,540,Employed,1,2024-05,Bad
10145,6916,15000,2024-10-12,12,31,45992.88903446015,433,Employed,1,2024-10,Bad
10146,37,15000,2024-03-03,24,64,98777.85224966788,315,Employed,0,2024-03,Bad
10147,9350,5000,2024-08-27,24,67,59951.34828117453,780,Self-Employed,0,2024-08,Good
10148,7919,5000,2024-02-07,24,21,104869.0497260966,679,Employed,0,2024-02,Good
10149,4831,15000,2024-06-12,24,18,32881.80583956332,734,Self-Employed,0,2024-06,Bad
10150,7316,15000,2024-02-07,12,56,69348.08779937882,327,Self-Employed,1,2024-02,Good
10151,2960,5000,2024-10-05,36,27,53803.05887670104,631,Contractor,0,2024-10,Bad
10152,9613,25000,2024-05-30,36,23,85980.62861671975,356,Employed,1,2024-05,Bad
10153,8699,5000,2024-02-27,12,22,66380.20022480833,520,Employed,1,2024-02,Good
10154,9807,10000,2024-06-24,36,38,95080.31955730714,745,Employed,0,2024-06,Bad
10155,9460,15000,2024-08-30,36,22,94618.59746766702,461,Self-Employed,0,2024-08,Good
10156,973,25000,2024-12-28,12,25,30460.207038410474,586,Employed,1,2024-12,Bad
10157,8642,15000,2024-06-22,12,34,55680.60513838117,313,Employed,1,2024-06,Bad
10158,212,25000,2024-12-08,36,49,107602.55195147794,599,Employed,0,2024-12,Bad
10159,2332,15000,2024-05-22,12,66,54825.64084066572,454,Employed,0,2024-05,Bad
10160,3602,15000,2024-09-13,24,58,31878.8554766815,644,Employed,0,2024-09,Bad
10161,6421,15000,2024-04-09,24,64,46929.13012054376,414,Employed,1,2024-04,Good
10162,9257,10000,2024-12-13,36,69,20000.0,765,Employed,0,2024-12,Bad
10163,1447,5000,2024-07-20,12,18,99800.96878967728,429,Employed,1,2024-07,Good
10164,3017,25000,2024-02-02,24,28,31496.877608630355,590,Self-Employed,0,2024-02,Good
10165,1533,10000,2024-05-31,12,60,74114.03693388643,438,Employed,1,2024-05,Bad
10166,2954,10000,2024-03-10,36,21,44383.741492732814,599,Employed,0,2024-03,Bad
10167,1834,15000,2024-05-21,36,36,76520.62163509663,803,Employed,0,2024-05,Bad
10168,6597,25000,2024-09-02,12,56,33031.60362951859,449,Employed,1,2024-09,Bad
10169,7483,25000,2024-04-05,12,18,83748.45982362097,718,Employed,1,2024-04,Good
10170,5750,25000,2024-12-04,12,32,67644.25958810309,451,Employed,0,2024-12,Bad
10171,2408,25000,2024-03-24,24,19,64610.92277824265,334,Employed,0,2024-03,Bad
10172,3306,25000,2024-05-04,36,60,80805.40785079625,640,Self-Employed,0,2024-05,Bad
10173,5163,10000,2024-12-05,36,56,44292.65599129003,566,Self-Employed,1,2024-12,Bad
10174,8066,25000,2024-06-14,24,32,40645.81429569445,758,Employed,1,2024-06,Bad
10175,1357,10000,2024-05-18,24,47,46101.232332701984,532,Employed,0,2024-05,Bad
10176,7660,25000,2024-06-08,24,21,46886.69327414378,614,Employed,1,2024-06,Bad
10177,2254,15000,2024-10-12,36,29,77903.60098965949,353,Self-Employed,0,2024-10,Bad
10178,9128,10000,2024-03-26,12,54,112547.82871656252,523,Employed,1,2024-03,Bad
10179,1123,10000,2024-05-18,12,26,59646.242232220284,638,Self-Employed,1,2024-05,Bad
10180,6518,25000,2024-04-14,36,24,59736.6264911752,820,Self-Employed,0,2024-04,Good
10181,7559,25000,2024-03-18,36,51,72364.420013508,601,Employed,0,2024-03,Bad
10182,1510,5000,2024-08-06,12,55,64904.89665823001,321,Employed,0,2024-08,Good
10183,8903,15000,2024-07-10,24,22,47816.13914104266,477,Employed,0,2024-07,Good
10184,994,15000,2024-07-06,24,40,40498.44245398465,617,Employed,0,2024-07,Good
10185,55,10000,2024-07-14,36,19,65078.69317265817,732,Employed,0,2024-07,Good
10186,9833,15000,2024-12-15,36,51,49510.000497407746,720,Employed,0,2024-12,Bad
10187,6730,5000,2024-03-14,36,19,130061.99687185783,348,Employed,1,2024-03,Bad
10188,3176,25000,2024-09-17,36,31,57796.09923722206,765,Employed,1,2024-09,Bad
10189,1757,25000,2024-10-29,12,22,55072.116710803675,534,Employed,0,2024-10,Bad
10190,6160,25000,2024-10-18,12,25,36673.941315563454,439,Employed,1,2024-10,Bad
10191,5529,10000,2024-05-22,36,42,65073.149166985946,643,Self-Employed,1,2024-05,Bad
10192,6173,5000,2024-10-21,12,51,85661.32777146906,362,Employed,1,2024-10,Bad
10193,8968,10000,2024-02-07,24,38,93426.47150113806,787,Employed,0,2024-02,Good
10194,6100,10000,2024-02-05,24,65,72491.79943344816,712,Contractor,1,2024-02,Good
10195,8548,15000,2024-04-24,36,23,64331.34247067687,628,Self-Employed,0,2024-04,Good
10196,564,15000,2024-01-02,24,60,59452.79321769328,754,Employed,0,2024-01,Bad
10197,2395,10000,2024-01-15,36,66,38632.38862585201,581,Employed,0,2024-01,Bad
10198,2893,5000,2024-03-24,12,40,85393.86216630174,753,Employed,0,2024-03,Bad
10199,1527,10000,2024-11-06,36,34,54056.56693989188,400,Employed,0,2024-11,Good
10200,4121,10000,2024-09-10,24,28,77467.24780338861,723,Employed,0,2024-09,Bad
10201,4188,10000,2024-08-13,36,21,83120.7343371458,427,Self-Employed,0,2024-08,Good
10202,6009,25000,2024-11-28,12,20,67071.6210467249,342,Employed,1,2024-11,Good
10203,9754,25000,2024-07-06,12,50,63715.12682018691,464,Contractor,0,2024-07,Good
10204,3020,5000,2024-01-25,36,60,36870.347456720956,331,Employed,1,2024-01,Bad
10205,4698,15000,2024-09-26,24,69,56533.273652906064,783,Employed,1,2024-09,Bad
10206,5807,15000,2024-08-27,36,39,95285.68759081076,478,Employed,0,2024-08,Good
10207,2945,5000,2024-09-02,36,57,63529.178646711945,416,Employed,0,2024-09,Bad
10208,6540,15000,2024-06-25,24,43,80248.78468329943,603,Contractor,1,2024-06,Bad
10209,3992,10000,2024-06-11,36,53,57483.14098890794,383,Employed,1,2024-06,Bad
10210,8734,25000,2024-08-01,12,35,68403.1158518961,484,Contractor,0,2024-08,Good
10211,7670,25000,2024-09-17,12,21,25228.853578532602,766,Contractor,1,2024-09,Bad
10212,1154,15000,2024-08-23,24,52,66733.4290428837,605,Employed,0,2024-08,Good
10213,9939,15000,2024-12-22,12,61,27737.678356577664,459,Employed,0,2024-12,Bad
10214,1173,5000,2024-05-24,12,68,73530.39606230083,817,Employed,0,2024-05,Bad
10215,9492,5000,2024-03-09,24,63,114834.58751456035,631,Employed,1,2024-03,Bad
10216,3733,10000,2024-09-07,36,58,64700.066384306905,630,Self-Employed,1,2024-09,Bad
10217,7720,10000,2024-02-23,36,42,61925.77633414076,454,Employed,1,2024-02,Good
10218,3268,15000,2024-06-23,24,28,51030.01069844148,707,Employed,0,2024-06,Bad
10219,4505,5000,2024-08-10,24,65,45107.05841198471,599,Contractor,1,2024-08,Good
10220,5756,25000,2024-06-25,36,26,35231.35498158321,431,Employed,0,2024-06,Bad
10221,71,5000,2024-11-25,12,23,84747.9930545213,341,Employed,0,2024-11,Good
10222,1223,10000,2024-03-02,36,64,42616.14065852,378,Employed,1,2024-03,Bad
10223,4641,15000,2024-12-14,12,28,88844.00639528384,755,Employed,1,2024-12,Bad
10224,4915,15000,2024-01-16,12,23,63712.270156151804,825,Employed,0,2024-01,Bad
10225,602,5000,2024-07-27,24,38,65919.57082935587,515,Employed,1,2024-07,Good
10226,1489,5000,2024-05-14,12,60,58526.53008554024,494,Self-Employed,0,2024-05,Bad
10227,4981,5000,2024-02-12,24,39,78270.03959181823,806,Employed,0,2024-02,Good
10228,1812,5000,2024-06-20,12,65,76660.78218530792,452,Self-Employed,1,2024-06,Bad
10229,5831,10000,2024-11-22,36,21,29220.2916691062,329,Employed,1,2024-11,Good
10230,5688,10000,2024-03-20,12,57,105732.9629360403,682,Employed,1,2024-03,Bad
10231,9965,5000,2024-07-06,36,31,81775.65028472123,454,Employed,0,2024-07,Good
10232,1,15000,2024-05-06,24,56,43690.33084814741,349,Employed,1,2024-05,Bad
10233,4645,25000,2024-11-02,24,29,35276.472048666285,797,Employed,0,2024-11,Good
10234,5906,25000,2024-01-07,12,26,62979.61067091106,641,Employed,0,2024-01,Bad
10235,5362,10000,2024-01-22,36,26,77891.51575208486,593,Employed,0,2024-01,Bad
10236,2182,5000,2024-01-24,12,29,67928.10540374629,605,Employed,0,2024-01,Bad
10237,4965,5000,2024-12-25,24,26,71710.33184236406,339,Employed,0,2024-12,Bad
10238,5192,25000,2024-10-24,36,49,76480.10453998823,538,Employed,0,2024-10,Bad
10239,4617,15000,2024-09-07,24,35,66647.290215056,383,Employed,0,2024-09,Bad
10240,9101,25000,2024-05-29,24,22,75066.42454117902,443,Self-Employed,1,2024-05,Bad
10241,1923,15000,2024-06-11,12,69,43400.50377309804,723,Self-Employed,0,2024-06,Bad
10242,1987,25000,2024-04-25,12,44,51836.12167158245,394,Employed,1,2024-04,Good
10243,7815,5000,2024-07-01,12,46,100581.62302664152,738,Employed,0,2024-07,Good
10244,4043,10000,2024-09-02,12,62,37036.912894709196,521,Employed,0,2024-09,Bad
10245,6940,10000,2024-05-10,24,61,29638.424715841982,474,Employed,0,2024-05,Bad
10246,501,15000,2024-12-27,24,33,42280.75822980067,646,Contractor,0,2024-12,Bad
10247,9524,10000,2024-10-01,36,58,82687.18018013405,478,Employed,0,2024-10,Bad
10248,9819,10000,2024-11-23,12,42,56088.0757842614,587,Employed,0,2024-11,Good
10249,1228,10000,2024-05-04,36,32,46831.45237794952,847,Employed,0,2024-05,Bad
10250,2056,25000,2024-08-02,12,37,53503.518442121494,843,Employed,0,2024-08,Good
10251,2156,5000,2024-10-15,36,48,41690.71892045032,811,Employed,0,2024-10,Bad
10252,2571,25000,2024-09-27,36,36,38416.13750424204,787,Employed,0,2024-09,Bad
10253,9589,5000,2024-03-09,12,40,88987.40191498603,369,Contractor,1,2024-03,Bad
10254,4482,10000,2024-12-11,12,63,68482.99076823899,426,Self-Employed,1,2024-12,Bad
10255,7477,25000,2024-09-12,24,65,51095.88576445001,626,Employed,0,2024-09,Bad
10256,2970,5000,2024-10-13,24,33,57310.71457210502,785,Employed,0,2024-10,Bad
10257,7886,25000,2024-09-18,12,19,69755.27398357105,750,Contractor,1,2024-09,Bad
10258,5111,15000,2024-05-26,12,60,81554.2188486875,665,Contractor,0,2024-05,Bad
10259,5724,25000,2024-01-15,12,57,20000.0,425,Self-Employed,1,2024-01,Bad
10260,3590,10000,2024-10-16,12,34,103438.78297585859,625,Employed,0,2024-10,Bad
10261,5132,25000,2024-12-04,36,67,53351.22554819873,708,Employed,0,2024-12,Bad
10262,1274,10000,2024-06-25,36,21,76212.136354911,849,Employed,0,2024-06,Bad
10263,7545,15000,2024-03-22,36,41,47100.81942040144,510,Employed,1,2024-03,Bad
10264,3711,10000,2024-06-22,36,66,113396.52564201511,671,Employed,1,2024-06,Bad
10265,8229,10000,2024-02-20,24,53,96771.1405268887,459,Contractor,1,2024-02,Good
10266,2941,10000,2024-09-23,12,45,52645.24942332718,521,Self-Employed,0,2024-09,Bad
10267,421,25000,2024-01-04,36,56,86447.47063228357,557,Employed,0,2024-01,Bad
10268,3080,15000,2024-12-03,36,58,105927.06019981856,575,Self-Employed,0,2024-12,Bad
10269,4840,25000,2024-10-23,12,36,70943.29319764965,482,Employed,1,2024-10,Bad
10270,2420,5000,2024-09-13,36,43,52126.53233916819,802,Employed,0,2024-09,Bad
10271,2281,25000,2024-01-09,36,31,78701.67311767927,597,Employed,0,2024-01,Bad
10272,2335,5000,2024-11-16,24,25,50215.131754048816,427,Employed,0,2024-11,Good
10273,8930,10000,2024-09-29,36,45,66386.33337894248,363,Self-Employed,1,2024-09,Bad
10274,1419,5000,2024-11-18,12,49,59460.00764037402,488,Self-Employed,0,2024-11,Good
10275,4548,10000,2024-12-08,36,53,115670.42790105981,808,Employed,0,2024-12,Bad
10276,6801,15000,2024-09-13,24,55,113798.22723793559,382,Employed,1,2024-09,Bad
10277,2042,15000,2024-05-27,24,25,47070.45248193821,605,Self-Employed,0,2024-05,Bad
10278,9978,10000,2024-07-10,12,24,64605.557777508235,591,Self-Employed,0,2024-07,Good
10279,9255,10000,2024-05-03,24,54,76057.04095825774,694,Self-Employed,0,2024-05,Bad
10280,3569,10000,2024-07-22,36,65,21112.36028238431,751,Employed,1,2024-07,Good
10281,372,5000,2024-12-02,12,52,27925.389200439546,565,Employed,0,2024-12,Bad
10282,9195,15000,2024-03-25,36,54,54162.20446991167,707,Employed,0,2024-03,Bad
10283,7578,10000,2024-06-06,12,39,63792.008031641395,364,Employed,1,2024-06,Bad
10284,5376,5000,2024-01-23,24,45,58444.160765428605,518,Employed,1,2024-01,Bad
10285,2524,10000,2024-04-29,24,53,106640.08034216319,607,Self-Employed,0,2024-04,Good
10286,6355,15000,2024-02-25,36,62,32161.80504115014,478,Employed,0,2024-02,Good
10287,4501,25000,2024-10-29,24,60,33523.37721379517,550,Employed,0,2024-10,Bad
10288,5651,15000,2024-01-02,36,64,54130.132665694575,440,Employed,0,2024-01,Bad
10289,1419,25000,2024-12-27,24,49,59460.00764037402,488,Self-Employed,0,2024-12,Bad
10290,3202,15000,2024-08-03,24,22,84439.90154480681,428,Employed,1,2024-08,Good
10291,6169,10000,2024-02-02,36,39,101108.58529949863,439,Employed,1,2024-02,Good
10292,8819,15000,2024-09-05,24,34,47861.13571291237,822,Self-Employed,1,2024-09,Bad
10293,1822,10000,2024-08-24,12,46,30007.962381682846,374,Employed,1,2024-08,Good
10294,4308,5000,2024-04-17,24,40,105257.32451207178,497,Employed,1,2024-04,Good
10295,2962,25000,2024-09-27,12,53,55117.91129959548,567,Employed,0,2024-09,Bad
10296,1647,25000,2024-10-14,12,52,65489.990414440705,683,Employed,0,2024-10,Bad
10297,7516,5000,2024-12-27,12,64,60864.39869545266,619,Employed,0,2024-12,Bad
10298,2636,25000,2024-06-10,12,33,58816.49032437108,835,Employed,0,2024-06,Bad
10299,2344,5000,2024-10-13,12,31,36980.80873259376,526,Employed,1,2024-10,Bad
10300,8185,10000,2024-09-27,24,44,124961.23213970174,413,Self-Employed,0,2024-09,Bad
10301,5510,15000,2024-05-27,24,39,95418.08731244867,660,Contractor,0,2024-05,Bad
10302,9202,25000,2024-04-15,36,21,49499.42627308221,623,Employed,0,2024-04,Good
10303,5009,15000,2024-01-31,36,49,96298.68636282893,495,Contractor,1,2024-01,Bad
10304,3219,10000,2024-09-14,36,41,20000.0,328,Employed,1,2024-09,Bad
10305,5999,25000,2024-09-25,36,26,43730.431284296166,422,Self-Employed,1,2024-09,Bad
10306,5724,5000,2024-12-17,12,57,20000.0,425,Self-Employed,1,2024-12,Bad
10307,3741,5000,2024-09-27,24,63,57907.331790881704,392,Employed,1,2024-09,Bad
10308,4977,25000,2024-01-25,12,43,78893.55445107231,759,Contractor,0,2024-01,Bad
10309,6070,10000,2024-11-27,36,65,90652.1860240001,515,Employed,1,2024-11,Good
10310,4039,15000,2024-01-28,12,64,107082.86439818825,845,Self-Employed,0,2024-01,Bad
10311,6099,15000,2024-04-14,36,26,20000.0,521,Employed,0,2024-04,Good
10312,3835,15000,2024-09-24,36,55,81107.76250270501,717,Self-Employed,0,2024-09,Bad
10313,9992,25000,2024-07-31,36,35,89614.24614892996,627,Employed,0,2024-07,Good
10314,7688,15000,2024-07-04,36,41,53182.693056910706,739,Employed,0,2024-07,Good
10315,2885,5000,2024-05-23,24,28,129970.57250186455,563,Contractor,0,2024-05,Bad
10316,1323,15000,2024-07-08,36,34,35948.354493592924,686,Employed,1,2024-07,Good
10317,2610,10000,2024-03-14,24,19,45644.904541177486,524,Employed,0,2024-03,Bad
10318,725,15000,2024-03-31,24,58,33226.20697269293,458,Employed,1,2024-03,Bad
10319,2412,5000,2024-02-21,36,38,40543.626548488064,506,Employed,0,2024-02,Good
10320,9508,15000,2024-10-12,24,23,49337.494598916834,346,Contractor,1,2024-10,Bad
10321,9605,15000,2024-04-06,36,26,65127.13490320585,669,Employed,1,2024-04,Good
10322,4849,25000,2024-01-16,36,61,33064.08490386643,491,Employed,0,2024-01,Bad
10323,9747,10000,2024-05-17,36,43,46468.61581226292,388,Employed,1,2024-05,Bad
10324,426,15000,2024-05-22,36,67,43708.445641640166,379,Self-Employed,0,2024-05,Bad
10325,7098,15000,2024-10-08,24,64,120924.27692654074,803,Employed,0,2024-10,Bad
10326,7950,25000,2024-07-07,12,61,48219.72312165278,366,Employed,1,2024-07,Good
10327,8496,10000,2024-01-15,12,61,52835.35825748367,581,Contractor,1,2024-01,Bad
10328,6984,10000,2024-05-13,36,20,36773.38945419245,515,Contractor,0,2024-05,Bad
10329,8296,25000,2024-04-18,36,57,114722.11596887134,329,Employed,0,2024-04,Good
10330,7499,10000,2024-05-08,36,40,63067.869063342616,591,Contractor,0,2024-05,Bad
10331,8556,10000,2024-04-23,12,40,85851.38629623422,756,Employed,1,2024-04,Good
10332,7534,5000,2024-03-27,12,44,61152.55565035912,608,Employed,0,2024-03,Bad
10333,4663,15000,2024-08-13,36,67,100215.48733614798,352,Contractor,1,2024-08,Good
10334,2848,15000,2024-06-11,24,52,69162.32817787811,321,Employed,0,2024-06,Bad
10335,5868,5000,2024-05-03,24,47,60999.03316051639,587,Employed,0,2024-05,Bad
10336,2724,10000,2024-04-16,12,35,46718.63577967608,629,Employed,1,2024-04,Good
10337,9301,15000,2024-12-10,24,42,60368.35212674105,435,Employed,1,2024-12,Bad
10338,5339,10000,2024-05-08,24,20,97904.40203825056,499,Self-Employed,1,2024-05,Bad
10339,1898,10000,2024-12-10,36,46,60896.264681955654,545,Contractor,0,2024-12,Bad
10340,4821,25000,2024-10-20,24,51,79676.4383648634,544,Employed,1,2024-10,Bad
10341,715,5000,2024-08-26,36,36,75235.96326605631,715,Employed,0,2024-08,Good
10342,2873,25000,2024-02-10,36,26,66351.29157115002,810,Self-Employed,0,2024-02,Good
10343,5932,5000,2024-05-19,36,57,70373.14911941765,530,Employed,1,2024-05,Bad
10344,1203,10000,2024-05-17,36,47,62622.20880748085,447,Employed,0,2024-05,Bad
10345,6085,15000,2024-06-03,24,67,80881.13841509892,375,Self-Employed,0,2024-06,Bad
10346,92,10000,2024-08-21,12,35,20000.0,827,Employed,1,2024-08,Good
10347,1524,15000,2024-11-21,24,24,98424.226838899,675,Employed,0,2024-11,Good
10348,5770,10000,2024-02-14,12,24,70873.20312720288,448,Employed,0,2024-02,Good
10349,3980,10000,2024-09-23,12,57,68385.72086799893,744,Employed,1,2024-09,Bad
10350,8361,15000,2024-09-10,36,25,35829.43076164834,802,Employed,1,2024-09,Bad
10351,6245,25000,2024-10-06,24,25,39543.652464556784,804,Employed,0,2024-10,Bad
10352,9512,5000,2024-11-08,12,52,68454.81869478301,829,Employed,0,2024-11,Good
10353,7153,5000,2024-02-09,12,56,97639.56789526308,483,Employed,0,2024-02,Good
10354,2241,10000,2024-12-10,24,18,53054.003732405225,305,Employed,1,2024-12,Bad
10355,9062,15000,2024-10-19,12,26,51922.39232788759,546,Contractor,0,2024-10,Bad
10356,7107,5000,2024-09-15,24,35,128651.3633985698,555,Self-Employed,0,2024-09,Bad
10357,975,15000,2024-03-08,36,52,20000.0,371,Contractor,0,2024-03,Bad
10358,6372,25000,2024-08-20,12,60,81984.32926435303,823,Employed,0,2024-08,Good
10359,4457,25000,2024-04-03,36,64,65819.34093889453,345,Contractor,1,2024-04,Good
10360,2229,5000,2024-07-25,12,48,40517.49424293412,528,Employed,1,2024-07,Good
10361,2559,15000,2024-10-27,36,24,109122.84513876928,414,Self-Employed,0,2024-10,Bad
10362,1321,10000,2024-10-13,12,51,122297.78167046714,702,Self-Employed,0,2024-10,Bad
10363,9772,25000,2024-10-19,24,56,29789.21274079098,601,Employed,1,2024-10,Bad
10364,7205,15000,2024-04-23,36,68,84759.77691338674,667,Employed,0,2024-04,Good
10365,9977,10000,2024-02-12,24,49,43365.26237386933,437,Employed,0,2024-02,Good
10366,7251,5000,2024-03-25,12,45,38926.79345478156,582,Employed,1,2024-03,Bad
10367,1916,15000,2024-04-08,36,67,104309.95525675817,309,Contractor,0,2024-04,Good
10368,8449,25000,2024-09-16,36,64,44289.91945629372,613,Employed,1,2024-09,Bad
10369,1241,5000,2024-07-17,12,68,45954.38320852879,344,Employed,0,2024-07,Good
10370,2570,5000,2024-05-01,12,63,76883.37313568729,756,Employed,0,2024-05,Bad
10371,8942,10000,2024-01-29,12,64,83918.1750713357,673,Employed,1,2024-01,Bad
10372,3323,25000,2024-12-21,24,65,55038.86812526583,474,Employed,0,2024-12,Bad
10373,4753,25000,2024-04-08,36,34,63294.936741683276,459,Employed,1,2024-04,Good
10374,6464,15000,2024-04-05,36,64,53582.52138266218,714,Contractor,0,2024-04,Good
10375,8926,10000,2024-12-27,24,30,41948.673820564334,637,Employed,0,2024-12,Bad
10376,6555,15000,2024-08-31,36,33,60320.86130340348,530,Employed,0,2024-08,Good
10377,7698,5000,2024-05-18,24,36,36450.34823268297,671,Employed,0,2024-05,Bad
10378,4324,5000,2024-10-15,24,45,22380.60639429889,578,Self-Employed,0,2024-10,Bad
10379,1260,15000,2024-08-20,12,29,63851.77928149598,386,Employed,0,2024-08,Good
10380,2414,25000,2024-04-30,24,25,54525.91386196914,835,Employed,0,2024-04,Good
10381,2906,25000,2024-01-17,36,40,49054.7826785016,784,Self-Employed,0,2024-01,Bad
10382,2555,5000,2024-05-19,36,30,45686.4472039441,820,Employed,0,2024-05,Bad
10383,7444,5000,2024-01-01,12,44,71861.70839091412,329,Contractor,0,2024-01,Bad
10384,3705,10000,2024-07-02,36,37,111601.21326029397,357,Employed,0,2024-07,Good
10385,3403,5000,2024-01-23,24,23,39898.00917612431,533,Employed,0,2024-01,Bad
10386,4283,5000,2024-01-07,36,64,88474.2367176198,478,Employed,0,2024-01,Bad
10387,5657,5000,2024-11-29,24,63,20000.0,535,Employed,0,2024-11,Good
10388,7036,15000,2024-02-22,36,45,86026.0319240405,806,Employed,0,2024-02,Good
10389,1529,5000,2024-08-19,36,38,75987.1512002128,489,Employed,1,2024-08,Good
10390,851,10000,2024-09-19,12,18,90571.0367887691,583,Employed,0,2024-09,Bad
10391,4675,10000,2024-04-07,24,63,28191.148462230558,732,Contractor,1,2024-04,Good
10392,4410,10000,2024-07-12,12,46,73412.49472052252,614,Self-Employed,0,2024-07,Good
10393,3296,10000,2024-09-09,12,67,103208.28908715614,530,Employed,0,2024-09,Bad
10394,4527,5000,2024-12-05,12,55,55264.910961865586,664,Employed,1,2024-12,Bad
10395,9572,10000,2024-07-27,12,28,85068.18931094244,603,Contractor,0,2024-07,Good
10396,1416,15000,2024-03-14,24,25,36649.49535162604,691,Employed,0,2024-03,Bad
10397,2270,15000,2024-01-05,24,37,83526.84451705715,676,Employed,0,2024-01,Bad
10398,7271,25000,2024-12-18,36,41,94452.18421405437,640,Contractor,0,2024-12,Bad
10399,2808,25000,2024-12-22,36,69,60097.66973307655,537,Employed,0,2024-12,Bad
10400,9992,5000,2024-06-12,12,35,89614.24614892996,627,Employed,0,2024-06,Bad
10401,3609,25000,2024-10-26,24,63,96666.5313299603,504,Self-Employed,0,2024-10,Bad
10402,7834,15000,2024-05-01,36,56,67281.79745418933,535,Self-Employed,1,2024-05,Bad
10403,7606,15000,2024-05-18,12,22,98836.28903690296,635,Employed,0,2024-05,Bad
10404,2814,5000,2024-05-28,12,69,101390.01198143244,352,Employed,0,2024-05,Bad
10405,6871,25000,2024-12-10,36,64,41844.02218528623,688,Self-Employed,0,2024-12,Bad
10406,7337,5000,2024-02-04,24,32,66300.5162609905,711,Self-Employed,0,2024-02,Good
10407,5712,10000,2024-10-17,36,41,85883.33588412088,371,Employed,1,2024-10,Bad
10408,2120,10000,2024-02-04,36,40,20557.975940744967,825,Employed,0,2024-02,Good
10409,5086,25000,2024-06-15,24,66,64744.85999022668,847,Employed,0,2024-06,Bad
10410,8648,5000,2024-10-15,36,34,79165.19582087723,344,Employed,0,2024-10,Bad
10411,5589,15000,2024-03-17,12,34,78099.9738896082,669,Employed,0,2024-03,Bad
10412,6741,5000,2024-11-19,36,22,60837.86039296135,559,Self-Employed,1,2024-11,Good
10413,2885,10000,2024-08-19,24,28,129970.57250186455,563,Contractor,0,2024-08,Good
10414,939,5000,2024-11-02,24,68,65842.97637252633,496,Contractor,0,2024-11,Good
10415,9877,5000,2024-09-04,36,65,45659.00387654675,418,Employed,0,2024-09,Bad
10416,5741,25000,2024-10-20,36,42,76430.62029873359,326,Employed,1,2024-10,Bad
10417,3410,15000,2024-02-11,36,20,120267.2431503941,741,Employed,0,2024-02,Good
10418,2086,5000,2024-06-21,12,57,63062.6425026753,371,Employed,0,2024-06,Bad
10419,2367,10000,2024-01-30,24,63,20000.0,638,Employed,0,2024-01,Bad
10420,6784,5000,2024-06-11,12,68,46157.308878456344,548,Employed,0,2024-06,Bad
10421,140,15000,2024-01-28,12,52,46622.0799818853,646,Contractor,0,2024-01,Bad
10422,7416,5000,2024-12-27,12,42,49093.57912534909,467,Employed,1,2024-12,Bad
10423,7062,15000,2024-06-21,24,65,76489.38720777663,319,Employed,0,2024-06,Bad
10424,5891,5000,2024-10-30,24,61,86966.37125450947,468,Self-Employed,0,2024-10,Bad
10425,427,25000,2024-11-06,12,42,46025.73252741638,604,Employed,0,2024-11,Good
10426,2903,15000,2024-06-02,24,25,69835.15917974293,832,Employed,0,2024-06,Bad
10427,2018,5000,2024-12-28,24,65,28137.432823794108,638,Self-Employed,1,2024-12,Bad
10428,1219,5000,2024-08-13,24,50,50303.592377299996,687,Contractor,1,2024-08,Good
10429,1913,5000,2024-05-04,36,39,59994.968642490756,450,Employed,1,2024-05,Bad
10430,6789,5000,2024-06-05,24,28,24665.79409487651,397,Employed,0,2024-06,Bad
10431,4637,5000,2024-11-06,24,58,59982.86954061675,639,Employed,0,2024-11,Good
10432,9645,10000,2024-07-12,24,54,66033.17079692509,561,Employed,0,2024-07,Good
10433,1718,25000,2024-11-21,12,42,108523.53716492477,699,Employed,0,2024-11,Good
10434,2200,10000,2024-10-30,36,31,96086.72820864909,395,Self-Employed,1,2024-10,Bad
10435,3175,5000,2024-09-19,36,64,66976.19505375698,404,Contractor,1,2024-09,Bad
10436,1429,15000,2024-03-15,12,38,60372.55876446953,536,Employed,1,2024-03,Bad
10437,1312,15000,2024-05-02,24,69,88938.42908199418,531,Employed,0,2024-05,Bad
10438,8939,10000,2024-03-20,24,43,72192.05109189305,341,Self-Employed,1,2024-03,Bad
10439,6277,10000,2024-05-13,36,32,81388.85895721131,627,Employed,0,2024-05,Bad
10440,7570,10000,2024-09-15,24,34,100226.14916030224,300,Employed,1,2024-09,Bad
10441,3107,25000,2024-04-02,36,41,73118.95598833854,627,Employed,0,2024-04,Good
10442,8038,25000,2024-04-26,12,33,37875.80031298807,306,Employed,1,2024-04,Good
10443,2915,15000,2024-06-16,36,22,31487.78396583908,687,Self-Employed,1,2024-06,Bad
10444,754,10000,2024-01-17,36,31,82675.80899026962,550,Employed,0,2024-01,Bad
10445,484,25000,2024-08-17,36,45,27563.833284856286,696,Employed,0,2024-08,Good
10446,7813,10000,2024-12-29,36,20,47915.474086996765,487,Employed,1,2024-12,Bad
10447,388,10000,2024-10-29,36,48,83103.41398286243,561,Employed,1,2024-10,Bad
10448,9981,25000,2024-01-11,12,31,56908.77388227097,687,Employed,0,2024-01,Bad
10449,8737,5000,2024-03-01,24,32,20000.0,545,Employed,0,2024-03,Bad
10450,2907,5000,2024-09-01,24,60,63554.08469056016,802,Employed,0,2024-09,Bad
10451,2966,10000,2024-03-10,36,19,66742.606735732,477,Employed,0,2024-03,Bad
10452,2747,15000,2024-11-02,24,51,24843.580289951045,521,Employed,1,2024-11,Good
10453,7179,25000,2024-08-28,36,51,50574.889006819925,406,Contractor,0,2024-08,Good
10454,4677,5000,2024-11-24,24,21,50634.95354541522,798,Employed,0,2024-11,Good
10455,1162,25000,2024-07-12,24,42,56097.69878452362,540,Self-Employed,0,2024-07,Good
10456,4227,25000,2024-11-19,24,26,103309.50956469055,382,Self-Employed,1,2024-11,Good
10457,9851,10000,2024-11-08,24,65,64052.679205132765,644,Employed,0,2024-11,Good
10458,4462,5000,2024-06-17,12,48,76124.2078844044,647,Employed,0,2024-06,Bad
10459,421,25000,2024-08-19,36,56,86447.47063228357,557,Employed,0,2024-08,Good
10460,4520,15000,2024-04-03,36,29,55166.22187942818,489,Contractor,0,2024-04,Good
10461,5875,10000,2024-05-11,12,47,61374.15771178944,619,Self-Employed,0,2024-05,Bad
10462,2210,10000,2024-01-07,12,42,106927.89675467178,615,Employed,1,2024-01,Bad
10463,1186,5000,2024-03-22,12,57,92430.50479016095,791,Employed,0,2024-03,Bad
10464,4931,10000,2024-05-15,12,51,74630.31630648386,614,Self-Employed,1,2024-05,Bad
10465,1820,5000,2024-12-15,12,62,61328.66196861748,807,Self-Employed,0,2024-12,Bad
10466,7397,25000,2024-03-19,36,56,71832.78123962911,445,Employed,0,2024-03,Bad
10467,931,15000,2024-01-10,12,42,70474.09789639938,591,Employed,1,2024-01,Bad
10468,1354,5000,2024-04-19,36,18,89234.23256020136,829,Employed,0,2024-04,Good
10469,657,25000,2024-09-07,36,38,34189.2190209,474,Employed,1,2024-09,Bad
10470,6430,25000,2024-07-12,24,69,38172.71679093462,627,Employed,1,2024-07,Good
10471,1206,25000,2024-04-15,24,53,26304.96109227422,837,Employed,0,2024-04,Good
10472,2868,10000,2024-07-25,24,59,99798.02219199797,835,Employed,0,2024-07,Good
10473,8648,15000,2024-05-29,12,34,79165.19582087723,344,Employed,1,2024-05,Bad
10474,5015,15000,2024-08-13,12,67,53914.264544124104,823,Self-Employed,1,2024-08,Good
10475,4371,15000,2024-11-18,24,29,54121.53130094914,623,Employed,0,2024-11,Good
10476,2491,5000,2024-09-16,12,59,55164.052593136235,788,Employed,0,2024-09,Bad
10477,875,15000,2024-03-29,24,54,79260.52933401988,334,Contractor,0,2024-03,Bad
10478,4164,25000,2024-03-09,36,36,27889.02329516434,472,Employed,0,2024-03,Bad
10479,9626,10000,2024-11-04,36,63,50290.96089233054,731,Employed,0,2024-11,Good
10480,3193,15000,2024-12-04,36,34,20000.0,705,Employed,0,2024-12,Bad
10481,3739,25000,2024-07-01,36,28,45249.572579619795,433,Employed,0,2024-07,Good
10482,5044,15000,2024-02-16,24,49,51977.67740240592,424,Employed,1,2024-02,Good
10483,7724,5000,2024-10-09,36,20,74129.52600756615,612,Employed,0,2024-10,Bad
10484,6626,25000,2024-05-25,36,39,56208.49540414462,503,Self-Employed,1,2024-05,Bad
10485,5998,5000,2024-11-02,12,44,42858.2953998396,660,Self-Employed,1,2024-11,Good
10486,6234,10000,2024-12-08,36,48,77230.29561660753,310,Employed,0,2024-12,Bad
10487,6356,10000,2024-04-30,36,24,65989.2431033412,379,Employed,1,2024-04,Good
10488,575,5000,2024-03-07,24,30,49283.64237313574,486,Employed,1,2024-03,Bad
10489,9288,15000,2024-01-02,12,22,117156.60252020202,794,Employed,0,2024-01,Bad
10490,2896,5000,2024-09-01,12,36,39528.251073331616,391,Employed,0,2024-09,Bad
10491,1989,25000,2024-04-10,12,63,75226.62345835143,663,Employed,0,2024-04,Good
10492,8482,5000,2024-05-20,12,67,43325.663589186195,601,Contractor,0,2024-05,Bad
10493,6171,5000,2024-06-16,24,40,74678.70790152266,677,Employed,0,2024-06,Bad
10494,2468,10000,2024-01-12,24,33,100486.39201994598,370,Self-Employed,1,2024-01,Bad
10495,1589,25000,2024-02-12,24,51,65939.37148339664,714,Self-Employed,0,2024-02,Good
10496,5874,10000,2024-03-12,36,63,64912.978785669955,701,Employed,1,2024-03,Bad
10497,9671,25000,2024-11-24,12,49,106229.78308336154,496,Contractor,0,2024-11,Good
10498,8997,10000,2024-01-04,12,26,72544.79826632181,625,Employed,0,2024-01,Bad
10499,8804,10000,2024-06-13,24,61,101785.00870416305,659,Employed,0,2024-06,Bad
10500,472,15000,2024-06-12,12,64,94056.48993764167,543,Employed,0,2024-06,Bad
10501,410,10000,2024-02-01,36,19,76417.20026825999,433,Employed,1,2024-02,Good
10502,9818,10000,2024-07-03,12,37,28865.00408048105,440,Self-Employed,0,2024-07,Good
10503,3960,15000,2024-05-19,36,61,82989.9874406223,552,Employed,0,2024-05,Bad
10504,3575,25000,2024-10-13,12,36,90182.60893683156,583,Employed,0,2024-10,Bad
10505,8353,15000,2024-06-16,12,31,97754.87140135751,404,Employed,0,2024-06,Bad
10506,7363,5000,2024-12-28,24,54,104056.62776637674,586,Employed,1,2024-12,Bad
10507,2726,15000,2024-03-03,36,37,49062.81412937471,756,Contractor,0,2024-03,Bad
10508,5854,15000,2024-08-08,12,25,20000.0,363,Self-Employed,1,2024-08,Good
10509,4109,10000,2024-08-27,12,52,105026.85765410982,544,Employed,0,2024-08,Good
10510,3479,10000,2024-11-06,24,45,81380.84071284402,780,Self-Employed,0,2024-11,Good
10511,1879,10000,2024-10-22,36,57,85493.49293145238,575,Self-Employed,0,2024-10,Bad
10512,6232,25000,2024-08-06,36,62,55430.53995726103,746,Employed,1,2024-08,Good
10513,4535,10000,2024-12-18,24,51,108351.04886056547,473,Self-Employed,0,2024-12,Bad
10514,421,15000,2024-08-28,12,56,86447.47063228357,557,Employed,0,2024-08,Good
10515,5772,25000,2024-10-21,36,65,23365.384043975013,667,Self-Employed,0,2024-10,Bad
10516,3894,10000,2024-07-28,24,55,30567.612768197505,389,Employed,1,2024-07,Good
10517,7424,25000,2024-06-20,24,24,47977.27927160764,480,Employed,1,2024-06,Bad
10518,500,10000,2024-01-20,24,18,49505.69679365306,825,Self-Employed,0,2024-01,Bad
10519,8438,5000,2024-04-05,24,48,43587.45107201443,386,Self-Employed,0,2024-04,Good
10520,4442,15000,2024-12-06,24,27,24631.253442716727,304,Employed,1,2024-12,Bad
10521,7372,15000,2024-12-22,12,69,86401.20236938781,490,Employed,1,2024-12,Bad
10522,7650,15000,2024-01-27,36,60,51067.96725963616,737,Employed,1,2024-01,Bad
10523,8672,5000,2024-10-20,24,39,84029.80931753771,557,Self-Employed,0,2024-10,Bad
10524,5214,15000,2024-12-08,12,59,104978.08102091835,383,Employed,0,2024-12,Bad
10525,9526,15000,2024-12-19,12,26,32984.69636597229,378,Employed,1,2024-12,Bad
10526,2568,25000,2024-03-16,24,56,58638.09808386646,397,Employed,1,2024-03,Bad
10527,6049,25000,2024-09-23,36,42,54824.60270483072,473,Employed,1,2024-09,Bad
10528,4215,10000,2024-06-12,24,67,33428.381156795556,373,Employed,0,2024-06,Bad
10529,8950,15000,2024-08-18,24,43,71861.50444034603,715,Self-Employed,0,2024-08,Good
10530,5854,10000,2024-12-28,36,25,20000.0,363,Self-Employed,1,2024-12,Bad
10531,7285,25000,2024-07-08,24,51,47741.20334684277,598,Self-Employed,0,2024-07,Good
10532,109,5000,2024-09-28,12,25,20000.0,681,Employed,0,2024-09,Bad
10533,746,25000,2024-02-11,12,53,88811.95392382014,331,Employed,1,2024-02,Good
10534,9709,10000,2024-08-20,36,29,31609.833333840987,657,Employed,0,2024-08,Good
10535,8156,5000,2024-11-21,36,43,49265.64471983861,774,Employed,0,2024-11,Good
10536,6861,5000,2024-01-13,24,47,62284.58362654144,554,Contractor,0,2024-01,Bad
10537,9816,5000,2024-02-05,12,41,45675.664145834475,529,Employed,0,2024-02,Good
10538,1349,10000,2024-03-15,12,39,72280.06887845081,474,Employed,0,2024-03,Bad
10539,7036,5000,2024-05-18,24,45,86026.0319240405,806,Employed,0,2024-05,Bad
10540,3312,25000,2024-05-03,36,51,67278.12168133442,428,Employed,1,2024-05,Bad
10541,8902,25000,2024-10-30,12,64,63707.55151561921,371,Employed,1,2024-10,Bad
10542,7787,10000,2024-09-06,12,40,77555.86800879934,550,Employed,0,2024-09,Bad
10543,7354,25000,2024-06-05,24,58,51206.55370419268,821,Employed,1,2024-06,Bad
10544,738,10000,2024-01-19,36,49,61152.36932563281,616,Employed,0,2024-01,Bad
10545,5533,10000,2024-05-04,24,60,65089.56504581958,356,Contractor,1,2024-05,Bad
10546,2202,5000,2024-11-07,12,54,48702.78543671548,559,Employed,0,2024-11,Good
10547,6368,10000,2024-07-27,24,43,58556.88596034262,688,Employed,0,2024-07,Good
10548,1442,25000,2024-05-06,24,36,97651.80509679072,346,Employed,0,2024-05,Bad
10549,684,10000,2024-04-09,36,57,82251.84190841531,655,Employed,0,2024-04,Good
10550,1921,5000,2024-09-08,24,53,20000.0,632,Employed,0,2024-09,Bad
10551,5171,10000,2024-08-22,12,62,48224.628858438664,440,Self-Employed,1,2024-08,Good
10552,5750,5000,2024-07-22,12,32,67644.25958810309,451,Employed,0,2024-07,Good
10553,5716,5000,2024-10-24,36,48,87111.06093454345,448,Employed,1,2024-10,Bad
10554,3985,5000,2024-02-29,24,56,71949.56100547305,427,Employed,1,2024-02,Good
10555,3416,10000,2024-09-12,36,50,74431.58148355567,703,Self-Employed,1,2024-09,Bad
10556,6110,10000,2024-02-25,24,56,84469.35769944456,323,Self-Employed,1,2024-02,Good
10557,271,15000,2024-09-15,36,24,77952.5425507494,374,Employed,0,2024-09,Bad
10558,6833,15000,2024-06-15,24,66,79638.03832142169,810,Self-Employed,0,2024-06,Bad
10559,5256,15000,2024-02-12,36,30,20000.0,346,Employed,1,2024-02,Good
10560,6403,5000,2024-05-16,24,45,48877.60353389155,821,Self-Employed,0,2024-05,Bad
10561,9472,25000,2024-12-05,12,60,80322.10179407959,316,Self-Employed,1,2024-12,Bad
10562,6475,15000,2024-09-30,24,28,66334.60681197555,664,Employed,0,2024-09,Bad
10563,3995,10000,2024-12-10,24,51,58102.606963995655,719,Employed,1,2024-12,Bad
10564,2831,5000,2024-09-06,24,27,58816.60090258955,439,Employed,1,2024-09,Bad
10565,1568,5000,2024-01-21,36,19,73399.20433601442,570,Employed,0,2024-01,Bad
10566,6411,10000,2024-06-02,12,31,94430.21968542287,788,Contractor,0,2024-06,Bad
10567,6019,15000,2024-01-23,36,41,41837.1686305063,785,Employed,0,2024-01,Bad
10568,8986,15000,2024-09-25,12,42,72272.8350398083,791,Employed,0,2024-09,Bad
10569,9223,25000,2024-06-29,36,62,46568.45809020098,318,Employed,1,2024-06,Bad
10570,860,10000,2024-09-02,24,43,40185.549831779426,697,Employed,1,2024-09,Bad
10571,8743,10000,2024-10-19,24,58,50216.265505043055,478,Employed,1,2024-10,Bad
10572,6148,15000,2024-07-02,36,30,71122.43254281823,400,Employed,1,2024-07,Good
10573,9758,25000,2024-05-19,24,40,50410.98630259816,379,Employed,1,2024-05,Bad
10574,678,25000,2024-01-03,36,61,84377.87803972715,796,Employed,0,2024-01,Bad
10575,6451,10000,2024-05-21,36,53,77690.29557358118,651,Employed,0,2024-05,Bad
10576,8654,15000,2024-06-11,12,45,87597.28501590004,466,Employed,0,2024-06,Bad
10577,9715,10000,2024-12-19,24,63,69052.14231616938,718,Employed,0,2024-12,Bad
10578,1235,15000,2024-08-19,24,29,85558.76177239385,350,Self-Employed,1,2024-08,Good
10579,9329,10000,2024-12-14,24,30,61300.28131192866,795,Employed,0,2024-12,Bad
10580,5436,5000,2024-06-06,36,44,23282.153441346753,487,Employed,1,2024-06,Bad
10581,7116,5000,2024-03-11,12,37,85950.35136340777,840,Self-Employed,0,2024-03,Bad
10582,7183,25000,2024-07-12,24,55,81835.72031884233,815,Employed,0,2024-07,Good
10583,2249,5000,2024-01-26,36,45,63141.36675603689,332,Employed,1,2024-01,Bad
10584,7515,10000,2024-06-22,24,69,109613.97222133965,343,Employed,1,2024-06,Bad
10585,8316,15000,2024-07-04,12,62,80461.55980970546,415,Contractor,1,2024-07,Good
10586,8020,15000,2024-11-08,36,59,62499.3035264666,479,Employed,0,2024-11,Good
10587,4505,15000,2024-04-22,36,65,45107.05841198471,599,Contractor,0,2024-04,Good
10588,7376,5000,2024-08-27,36,56,94408.60140428637,728,Employed,0,2024-08,Good
10589,4562,5000,2024-11-15,36,26,66989.48866391402,463,Employed,1,2024-11,Good
10590,3931,15000,2024-07-20,12,46,67121.6364590276,629,Employed,0,2024-07,Good
10591,3777,10000,2024-08-15,36,53,66708.05324849545,701,Employed,1,2024-08,Good
10592,2885,10000,2024-11-17,36,28,129970.57250186455,563,Contractor,0,2024-11,Good
10593,5100,25000,2024-05-21,36,54,52406.94157926366,781,Employed,0,2024-05,Bad
10594,4490,15000,2024-05-17,12,63,63752.24417397095,481,Employed,0,2024-05,Bad
10595,2098,15000,2024-04-13,24,29,20000.0,610,Contractor,1,2024-04,Good
10596,9994,10000,2024-11-15,24,54,56003.988480490305,726,Self-Employed,1,2024-11,Good
10597,3674,15000,2024-04-28,12,19,69531.34870862626,572,Employed,0,2024-04,Good
10598,8336,25000,2024-10-03,12,50,95529.14375010217,352,Employed,0,2024-10,Bad
10599,8358,10000,2024-07-15,36,50,71398.60942695866,431,Employed,0,2024-07,Good
10600,3139,10000,2024-09-21,12,36,20000.0,784,Contractor,0,2024-09,Bad
10601,5140,5000,2024-05-16,24,21,80102.43565888918,379,Employed,0,2024-05,Bad
10602,8261,25000,2024-04-29,24,19,62153.08480660648,309,Self-Employed,1,2024-04,Good
10603,2502,5000,2024-03-09,24,39,45100.27724978115,681,Self-Employed,0,2024-03,Bad
10604,8217,25000,2024-03-02,12,63,67478.144811904,313,Contractor,1,2024-03,Bad
10605,3929,5000,2024-05-23,12,26,68606.338057051,701,Employed,0,2024-05,Bad
10606,2358,15000,2024-08-13,36,30,40076.70933994683,676,Employed,1,2024-08,Good
10607,577,10000,2024-04-30,36,48,39092.26881565574,555,Employed,0,2024-04,Good
10608,7301,15000,2024-01-04,36,51,62386.21528578684,488,Employed,0,2024-01,Bad
10609,8783,15000,2024-04-28,36,36,76530.70653746996,390,Employed,1,2024-04,Good
10610,1668,25000,2024-04-10,36,66,79544.54426570906,515,Employed,0,2024-04,Good
10611,1299,25000,2024-08-19,12,18,89103.89710429947,709,Contractor,0,2024-08,Good
10612,6993,25000,2024-06-20,24,48,56089.32198687303,632,Employed,1,2024-06,Bad
10613,5832,15000,2024-07-24,36,30,20000.0,565,Employed,1,2024-07,Good
10614,2264,10000,2024-08-06,36,37,76893.7997957883,816,Self-Employed,0,2024-08,Good
10615,4755,5000,2024-04-22,24,49,63094.02456698506,821,Employed,0,2024-04,Good
10616,3864,25000,2024-11-27,24,51,47654.889552454435,763,Self-Employed,0,2024-11,Good
10617,4406,10000,2024-09-04,24,39,74795.71769290254,694,Employed,1,2024-09,Bad
10618,7401,10000,2024-06-10,24,20,81402.90504650677,416,Employed,1,2024-06,Bad
10619,6481,25000,2024-09-16,12,51,43463.91426339284,564,Employed,0,2024-09,Bad
10620,3528,15000,2024-11-02,24,32,63977.06162012328,523,Employed,0,2024-11,Good
10621,5599,15000,2024-08-21,36,32,92661.4288073661,399,Self-Employed,0,2024-08,Good
10622,6651,5000,2024-02-27,24,57,49244.19815883902,797,Employed,0,2024-02,Good
10623,3019,10000,2024-05-29,36,39,27803.457412734424,611,Employed,0,2024-05,Bad
10624,9397,5000,2024-01-19,12,23,83438.20158666345,633,Employed,1,2024-01,Bad
10625,7319,15000,2024-08-05,36,27,73271.5882766728,840,Employed,0,2024-08,Good
10626,5916,15000,2024-01-20,12,29,52928.05701772163,801,Self-Employed,0,2024-01,Bad
10627,4560,5000,2024-12-21,36,39,58722.054133938975,602,Employed,1,2024-12,Bad
10628,974,5000,2024-08-31,12,66,20044.631514772314,307,Self-Employed,1,2024-08,Good
10629,4245,10000,2024-01-14,24,40,79273.64236509682,616,Employed,0,2024-01,Bad
10630,9493,5000,2024-10-02,12,67,83789.08063505427,818,Employed,0,2024-10,Bad
10631,4009,5000,2024-10-27,24,29,57443.26519793684,511,Employed,0,2024-10,Bad
10632,8227,10000,2024-12-09,12,19,51329.038620130435,705,Employed,0,2024-12,Bad
10633,5998,15000,2024-10-29,24,44,42858.2953998396,660,Self-Employed,1,2024-10,Bad
10634,8193,10000,2024-08-26,12,42,65174.622906398465,426,Employed,0,2024-08,Good
10635,7886,15000,2024-11-08,36,19,69755.27398357105,750,Contractor,0,2024-11,Good
10636,2516,15000,2024-01-31,36,66,68559.44781276166,832,Employed,0,2024-01,Bad
10637,6748,5000,2024-04-09,36,26,110171.47210366279,842,Employed,1,2024-04,Good
10638,6214,25000,2024-02-15,24,53,80414.48380768178,656,Employed,0,2024-02,Good
10639,5764,5000,2024-10-31,36,33,70657.3066810859,368,Employed,0,2024-10,Bad
10640,6401,25000,2024-02-10,36,33,57294.60179597925,305,Self-Employed,1,2024-02,Good
10641,1941,25000,2024-04-04,12,21,43301.93843122116,376,Employed,0,2024-04,Good
10642,7011,5000,2024-03-22,36,31,42183.03098260332,529,Employed,0,2024-03,Bad
10643,9213,5000,2024-04-18,24,53,62511.23292037579,480,Employed,1,2024-04,Good
10644,8284,5000,2024-06-07,24,30,44605.306870785695,436,Employed,0,2024-06,Bad
10645,4690,25000,2024-02-16,12,41,50972.77172547507,310,Employed,1,2024-02,Good
10646,6516,15000,2024-12-21,24,38,44915.98918085765,365,Employed,1,2024-12,Bad
10647,7037,25000,2024-01-18,24,46,79359.6587783469,777,Self-Employed,1,2024-01,Bad
10648,3892,10000,2024-07-20,12,69,81423.2266585522,447,Self-Employed,0,2024-07,Good
10649,2147,5000,2024-09-19,36,52,36076.46506926321,801,Employed,0,2024-09,Bad
10650,4094,25000,2024-02-07,12,20,42163.53550919443,604,Employed,0,2024-02,Good
10651,9781,25000,2024-06-21,12,23,57751.971174374616,816,Employed,0,2024-06,Bad
10652,3664,15000,2024-01-28,36,24,113157.14637138482,767,Self-Employed,0,2024-01,Bad
10653,5082,5000,2024-01-18,12,23,59137.311621352725,588,Employed,0,2024-01,Bad
10654,7675,10000,2024-01-09,24,60,65201.668985278404,758,Employed,0,2024-01,Bad
10655,962,15000,2024-12-28,12,43,20000.0,828,Employed,1,2024-12,Bad
10656,6083,25000,2024-01-16,36,20,72233.47264107461,824,Contractor,0,2024-01,Bad
10657,4342,25000,2024-11-13,36,19,26755.64799726659,739,Employed,1,2024-11,Good
10658,4375,10000,2024-02-09,12,47,44103.243609542355,619,Employed,1,2024-02,Good
10659,9045,25000,2024-04-10,36,28,20000.0,635,Employed,1,2024-04,Good
10660,3582,25000,2024-04-03,12,26,37380.63315896208,326,Employed,1,2024-04,Good
10661,5381,5000,2024-02-27,24,34,79777.26328313054,607,Employed,0,2024-02,Good
10662,2313,15000,2024-07-15,24,49,83686.1242856764,656,Self-Employed,0,2024-07,Good
10663,6659,10000,2024-04-15,36,33,48964.60524941415,739,Employed,1,2024-04,Good
10664,2493,5000,2024-12-15,36,37,76762.07490322767,456,Self-Employed,1,2024-12,Bad
10665,2271,5000,2024-10-01,12,43,43082.57285951768,588,Self-Employed,1,2024-10,Bad
10666,6702,15000,2024-07-24,24,39,76608.01402066663,418,Employed,1,2024-07,Good
10667,7608,5000,2024-01-27,36,19,88403.83985320527,300,Self-Employed,1,2024-01,Bad
10668,8461,25000,2024-10-12,24,66,50991.171098503924,702,Employed,0,2024-10,Bad
10669,7209,10000,2024-02-14,12,40,79703.44878356649,326,Employed,1,2024-02,Good
10670,6185,5000,2024-02-05,24,31,57551.26587966942,800,Employed,0,2024-02,Good
10671,4078,10000,2024-11-01,12,58,57503.06313758469,790,Employed,1,2024-11,Good
10672,5295,10000,2024-12-15,36,68,63051.931608037106,749,Self-Employed,0,2024-12,Bad
10673,433,10000,2024-02-07,36,37,48582.76635931467,535,Employed,0,2024-02,Good
10674,7617,25000,2024-08-26,36,55,60384.72513907375,568,Self-Employed,1,2024-08,Good
10675,803,10000,2024-12-02,36,67,50895.095503487835,790,Self-Employed,0,2024-12,Bad
10676,6135,15000,2024-03-14,12,38,60638.901642867946,634,Employed,0,2024-03,Bad
10677,6467,10000,2024-09-28,12,26,99612.62406627586,845,Employed,0,2024-09,Bad
10678,4996,25000,2024-06-27,36,24,30979.12554247302,700,Employed,0,2024-06,Bad
10679,1304,25000,2024-06-15,36,64,46280.00509949865,832,Employed,1,2024-06,Bad
10680,5214,15000,2024-09-07,24,59,104978.08102091835,383,Employed,0,2024-09,Bad
10681,7008,15000,2024-12-13,12,38,47133.39707897519,583,Employed,0,2024-12,Bad
10682,8935,25000,2024-07-31,24,44,67100.25477310878,720,Contractor,0,2024-07,Good
10683,8875,25000,2024-08-07,12,42,107072.20972369579,305,Contractor,0,2024-08,Good
10684,3059,15000,2024-09-03,12,25,20000.0,524,Employed,0,2024-09,Bad
10685,1850,25000,2024-05-30,36,22,42903.27762148177,355,Self-Employed,0,2024-05,Bad
10686,7817,5000,2024-11-16,36,50,30337.76448271892,699,Employed,1,2024-11,Good
10687,1302,10000,2024-10-31,24,32,113822.93456223776,667,Employed,0,2024-10,Bad
10688,9988,25000,2024-06-30,36,68,78361.71337671278,755,Employed,1,2024-06,Bad
10689,9088,25000,2024-05-20,36,44,39735.23492103513,514,Employed,0,2024-05,Bad
10690,8673,25000,2024-03-23,36,35,27347.927239948294,318,Self-Employed,1,2024-03,Bad
10691,4038,5000,2024-05-31,12,68,85648.08957576632,324,Employed,1,2024-05,Bad
10692,291,10000,2024-04-13,36,43,54634.32748570342,569,Employed,0,2024-04,Good
10693,6945,15000,2024-06-25,36,43,107019.14283470475,334,Employed,1,2024-06,Bad
10694,8382,5000,2024-05-02,12,40,69170.40148795693,371,Employed,1,2024-05,Bad
10695,5315,5000,2024-06-13,24,49,71812.94975573983,614,Employed,0,2024-06,Bad
10696,5696,15000,2024-08-04,36,47,53016.15143359789,750,Employed,0,2024-08,Good
10697,8569,15000,2024-12-28,36,50,85552.77118207033,497,Contractor,1,2024-12,Bad
10698,6827,25000,2024-10-08,12,30,93159.83624305164,719,Self-Employed,0,2024-10,Bad
10699,259,15000,2024-08-23,36,23,50647.483117910044,836,Employed,0,2024-08,Good
10700,827,5000,2024-09-15,36,23,45663.60389916424,591,Employed,1,2024-09,Bad
10701,2420,25000,2024-04-14,12,43,52126.53233916819,802,Employed,0,2024-04,Good
10702,6976,15000,2024-06-19,24,50,90698.97505644495,798,Employed,0,2024-06,Bad
10703,7933,5000,2024-11-24,12,43,78853.57316281872,526,Employed,0,2024-11,Good
10704,6204,10000,2024-03-05,36,61,64173.299965955805,778,Employed,0,2024-03,Bad
10705,2153,15000,2024-03-07,24,66,105133.89905904516,664,Employed,0,2024-03,Bad
10706,9642,5000,2024-05-21,12,56,94676.27876665955,378,Employed,1,2024-05,Bad
10707,3333,25000,2024-10-14,36,41,52334.12915530202,348,Employed,1,2024-10,Bad
10708,5887,15000,2024-07-14,36,32,84868.96306179835,471,Employed,0,2024-07,Good
10709,3118,15000,2024-07-06,24,63,116944.43962996113,836,Contractor,0,2024-07,Good
10710,4740,25000,2024-04-10,24,33,52252.651178359185,594,Self-Employed,1,2024-04,Good
10711,3598,25000,2024-12-27,36,52,31307.269242264912,479,Employed,1,2024-12,Bad
10712,5597,5000,2024-06-03,24,50,112516.22604305217,502,Employed,0,2024-06,Bad
10713,2315,25000,2024-05-12,36,22,76253.8908486662,393,Self-Employed,0,2024-05,Bad
10714,1558,5000,2024-03-07,24,36,78195.98374788968,569,Self-Employed,0,2024-03,Bad
10715,1717,5000,2024-07-30,12,54,20865.310324250648,595,Employed,1,2024-07,Good
10716,9365,25000,2024-06-17,12,56,103016.60432452965,317,Employed,1,2024-06,Bad
10717,8015,15000,2024-04-17,24,45,63943.300039130176,506,Contractor,0,2024-04,Good
10718,2328,25000,2024-01-02,24,43,93867.344167918,595,Employed,0,2024-01,Bad
10719,5402,25000,2024-02-12,36,19,70832.1260271968,393,Employed,0,2024-02,Good
10720,9700,10000,2024-05-08,36,57,20000.0,573,Employed,0,2024-05,Bad
10721,4894,10000,2024-06-24,36,30,104685.01506038842,373,Employed,1,2024-06,Bad
10722,8009,25000,2024-10-07,12,31,89550.27465303976,709,Employed,1,2024-10,Bad
10723,7804,15000,2024-03-30,12,33,104672.49142582728,820,Contractor,0,2024-03,Bad
10724,9097,15000,2024-11-18,12,45,57118.045313696406,601,Employed,1,2024-11,Good
10725,4822,5000,2024-09-08,24,21,65163.71644511348,587,Self-Employed,0,2024-09,Bad
10726,5560,25000,2024-04-04,12,28,51459.48091727031,812,Employed,0,2024-04,Good
10727,3200,25000,2024-03-31,24,43,93453.75827419046,775,Employed,0,2024-03,Bad
10728,2342,10000,2024-07-23,24,48,142942.0282302012,401,Employed,1,2024-07,Good
10729,3399,10000,2024-12-10,24,57,57083.01135164376,610,Employed,0,2024-12,Bad
10730,5260,10000,2024-02-25,12,56,83822.27703734463,665,Employed,0,2024-02,Good
10731,2852,5000,2024-02-28,12,69,65044.87182195268,390,Employed,1,2024-02,Good
10732,1146,25000,2024-08-17,24,39,27336.64924524002,744,Employed,0,2024-08,Good
10733,384,10000,2024-03-30,12,41,44534.87433349804,367,Employed,0,2024-03,Bad
10734,9159,25000,2024-02-23,24,33,43442.32659590797,549,Employed,0,2024-02,Good
10735,8811,5000,2024-09-07,24,30,109993.45729317746,684,Employed,1,2024-09,Bad
10736,1020,15000,2024-02-16,12,27,20000.0,617,Employed,1,2024-02,Good
10737,8001,5000,2024-05-25,24,61,39332.237705368345,565,Employed,1,2024-05,Bad
10738,4045,25000,2024-07-27,12,65,31217.739932539138,428,Self-Employed,1,2024-07,Good
10739,206,25000,2024-02-15,12,50,77625.52720684417,815,Employed,0,2024-02,Good
10740,8831,25000,2024-04-27,24,60,84991.61288368938,560,Employed,0,2024-04,Good
10741,3618,15000,2024-08-04,36,52,91604.2675585261,686,Employed,0,2024-08,Good
10742,64,25000,2024-05-01,12,31,91001.5454975644,765,Self-Employed,0,2024-05,Bad
10743,3833,10000,2024-06-02,24,40,92693.02739956122,414,Self-Employed,0,2024-06,Bad
10744,3177,15000,2024-01-18,36,28,69575.32320778705,580,Self-Employed,0,2024-01,Bad
10745,7608,15000,2024-10-31,36,19,88403.83985320527,300,Self-Employed,0,2024-10,Bad
10746,3806,15000,2024-07-11,36,45,99503.47347171287,412,Self-Employed,0,2024-07,Good
10747,4324,5000,2024-06-06,24,45,22380.60639429889,578,Self-Employed,0,2024-06,Bad
10748,4798,5000,2024-04-06,24,29,64823.427386229254,619,Employed,0,2024-04,Good
10749,4024,5000,2024-06-01,36,50,45859.7210742453,325,Employed,0,2024-06,Bad
10750,395,15000,2024-10-07,24,50,28237.761219218737,584,Employed,1,2024-10,Bad
10751,9429,15000,2024-02-04,12,36,65679.42919181159,631,Self-Employed,0,2024-02,Good
10752,1860,25000,2024-04-16,36,47,55172.74498246346,622,Employed,0,2024-04,Good
10753,6442,15000,2024-12-03,36,53,105092.54638667326,713,Employed,0,2024-12,Bad
10754,5545,10000,2024-09-26,36,51,63994.88163659053,793,Employed,0,2024-09,Bad
10755,1021,5000,2024-06-11,36,20,61200.815442099025,542,Contractor,0,2024-06,Bad
10756,6905,25000,2024-02-03,24,26,48599.13104398362,474,Employed,1,2024-02,Good
10757,3473,10000,2024-01-07,36,38,119836.23875720965,833,Employed,0,2024-01,Bad
10758,7748,10000,2024-08-15,36,53,29160.901925863982,672,Contractor,0,2024-08,Good
10759,5518,10000,2024-07-06,36,53,20000.0,699,Employed,0,2024-07,Good
10760,6370,15000,2024-10-16,36,23,62410.30263382338,822,Employed,0,2024-10,Bad
10761,333,5000,2024-09-25,12,58,74009.834875452,502,Employed,1,2024-09,Bad
10762,4426,10000,2024-09-16,36,49,74321.05621639562,755,Employed,0,2024-09,Bad
10763,9481,25000,2024-02-17,24,30,45266.19085243557,620,Employed,0,2024-02,Good
10764,7060,5000,2024-04-17,12,30,84766.8079672682,574,Employed,1,2024-04,Good
10765,876,5000,2024-05-20,12,38,56714.21571796243,712,Employed,1,2024-05,Bad
10766,5841,15000,2024-08-02,36,53,65654.62872964496,513,Employed,1,2024-08,Good
10767,2289,10000,2024-12-14,24,42,52908.53406406079,431,Employed,1,2024-12,Bad
10768,4680,25000,2024-02-02,12,54,44914.14314571857,350,Self-Employed,1,2024-02,Good
10769,4697,15000,2024-01-23,12,40,37949.555373951596,739,Employed,0,2024-01,Bad
10770,6617,5000,2024-03-07,24,27,58973.41943835548,496,Employed,0,2024-03,Bad
10771,6101,10000,2024-06-08,12,19,54849.27113968212,649,Employed,0,2024-06,Bad
10772,4783,5000,2024-01-03,36,40,50203.098341422694,323,Employed,1,2024-01,Bad
10773,5726,5000,2024-05-03,12,41,62270.17263748618,368,Employed,1,2024-05,Bad
10774,5581,15000,2024-11-07,36,18,47834.88670379498,672,Self-Employed,0,2024-11,Good
10775,4487,25000,2024-07-14,24,35,89380.01354211915,788,Employed,0,2024-07,Good
10776,1079,10000,2024-02-02,24,19,44686.35574695036,562,Employed,0,2024-02,Good
10777,7219,15000,2024-02-01,12,56,24117.743248211184,369,Contractor,0,2024-02,Good
10778,4586,25000,2024-05-24,24,62,20000.0,791,Employed,0,2024-05,Bad
10779,1356,15000,2024-03-13,36,30,66313.15920538291,413,Employed,1,2024-03,Bad
10780,6018,25000,2024-09-17,36,20,55640.24916982715,845,Employed,0,2024-09,Bad
10781,8187,5000,2024-10-03,36,63,40183.52461371047,483,Self-Employed,1,2024-10,Bad
10782,8462,10000,2024-09-15,12,39,60616.04564012897,378,Employed,1,2024-09,Bad
10783,4241,10000,2024-08-18,36,29,82040.85559170973,472,Employed,1,2024-08,Good
10784,8781,10000,2024-07-13,36,69,103965.70042675216,624,Self-Employed,0,2024-07,Good
10785,9345,15000,2024-10-19,24,59,110110.27066746063,323,Employed,1,2024-10,Bad
10786,8567,15000,2024-08-23,12,46,68589.74563698731,768,Employed,0,2024-08,Good
10787,1647,25000,2024-10-17,24,52,65489.990414440705,683,Employed,0,2024-10,Bad
10788,3073,15000,2024-02-02,36,27,98800.98414935815,756,Employed,0,2024-02,Good
10789,3439,5000,2024-06-30,36,47,20000.0,805,Contractor,0,2024-06,Bad
10790,1652,25000,2024-09-15,24,31,96383.74450721187,394,Contractor,1,2024-09,Bad
10791,5294,15000,2024-06-24,24,61,59985.720483605786,478,Employed,1,2024-06,Bad
10792,4681,10000,2024-05-25,24,18,79280.60525590599,794,Employed,0,2024-05,Bad
10793,1751,5000,2024-05-10,36,51,55165.442556383576,621,Employed,0,2024-05,Bad
10794,2972,10000,2024-04-02,24,49,78533.03235020695,565,Employed,0,2024-04,Good
10795,4190,25000,2024-12-22,12,40,51984.23483594252,466,Employed,0,2024-12,Bad
10796,4743,25000,2024-05-12,12,38,34324.648067786606,368,Self-Employed,1,2024-05,Bad
10797,1742,15000,2024-01-09,24,21,64020.94711393101,747,Employed,1,2024-01,Bad
10798,9707,25000,2024-07-22,12,67,41379.63774395699,645,Self-Employed,0,2024-07,Good
10799,3825,25000,2024-01-16,12,62,70119.94693204793,780,Employed,0,2024-01,Bad
10800,3842,10000,2024-12-12,12,62,73004.69637304683,593,Employed,0,2024-12,Bad
10801,6198,25000,2024-03-13,24,36,104058.86273433073,742,Employed,0,2024-03,Bad
10802,7644,5000,2024-06-26,12,66,81334.20959489714,710,Employed,0,2024-06,Bad
10803,5068,15000,2024-09-02,12,30,97515.63502639897,538,Employed,1,2024-09,Bad
10804,2362,25000,2024-07-03,36,58,48920.41644932424,641,Employed,0,2024-07,Good
10805,1967,5000,2024-02-26,24,33,128248.19373129882,626,Employed,1,2024-02,Good
10806,8552,15000,2024-12-28,36,38,75152.12774686073,677,Employed,0,2024-12,Bad
10807,9174,5000,2024-03-26,36,60,88592.54085999604,705,Employed,0,2024-03,Bad
10808,4633,5000,2024-01-17,24,34,70188.55737221855,785,Employed,0,2024-01,Bad
10809,394,25000,2024-11-16,12,40,84583.96776310078,715,Employed,0,2024-11,Good
10810,9572,10000,2024-11-08,36,28,85068.18931094244,603,Contractor,0,2024-11,Good
10811,48,15000,2024-07-09,12,35,61418.52711589519,804,Employed,1,2024-07,Good
10812,9648,25000,2024-07-13,12,48,49407.09912709018,643,Employed,0,2024-07,Good
10813,2749,25000,2024-01-05,12,38,91823.24036268366,501,Employed,1,2024-01,Bad
10814,2289,15000,2024-06-23,24,42,52908.53406406079,431,Employed,0,2024-06,Bad
10815,7049,15000,2024-05-11,36,25,52705.834683594934,637,Employed,0,2024-05,Bad
10816,7563,25000,2024-03-28,36,48,43651.99256198204,575,Employed,1,2024-03,Bad
10817,1210,5000,2024-07-01,24,54,67338.08741096524,541,Employed,0,2024-07,Good
10818,1165,10000,2024-10-14,12,42,65049.42111889527,581,Self-Employed,1,2024-10,Bad
10819,8075,10000,2024-04-19,12,23,49525.27992880793,546,Employed,0,2024-04,Good
10820,9273,15000,2024-03-06,12,33,79423.01026710731,554,Employed,1,2024-03,Bad
10821,4546,15000,2024-04-09,24,47,49689.427727478294,810,Employed,0,2024-04,Good
10822,8046,5000,2024-11-22,36,39,74328.05992727523,568,Self-Employed,0,2024-11,Good
10823,3540,5000,2024-08-15,36,30,88592.88764390111,409,Employed,1,2024-08,Good
10824,9896,25000,2024-08-19,24,37,39183.932546948556,303,Employed,1,2024-08,Good
10825,3412,5000,2024-08-22,36,67,119760.42502971058,510,Self-Employed,0,2024-08,Good
10826,1538,10000,2024-09-20,36,43,59272.97422695726,665,Employed,0,2024-09,Bad
10827,6070,5000,2024-02-05,24,65,90652.1860240001,515,Employed,0,2024-02,Good
10828,7010,5000,2024-09-24,36,48,115778.96782683078,359,Employed,0,2024-09,Bad
10829,9518,5000,2024-06-04,12,24,71152.94265941459,787,Employed,0,2024-06,Bad
10830,183,15000,2024-01-02,12,45,83591.29438850434,336,Employed,1,2024-01,Bad
10831,1534,5000,2024-03-18,24,18,47995.66309130123,394,Employed,1,2024-03,Bad
10832,156,15000,2024-05-26,12,30,47832.11642491762,589,Employed,0,2024-05,Bad
10833,5812,10000,2024-12-06,12,23,62785.72331828025,445,Self-Employed,1,2024-12,Bad
10834,9585,10000,2024-10-31,12,49,109375.92552818664,756,Employed,0,2024-10,Bad
10835,4885,15000,2024-10-19,36,36,88326.66514302464,703,Employed,0,2024-10,Bad
10836,7978,15000,2024-06-28,36,23,29998.586570915504,559,Employed,0,2024-06,Bad
10837,6157,5000,2024-02-29,12,63,69098.10158983574,673,Employed,0,2024-02,Good
10838,5421,5000,2024-08-12,12,66,112190.62801565012,488,Employed,1,2024-08,Good
10839,858,10000,2024-10-24,24,25,67473.3446757221,421,Self-Employed,0,2024-10,Bad
10840,5275,10000,2024-09-19,12,34,37571.403255738405,657,Employed,0,2024-09,Bad
10841,4008,10000,2024-10-24,24,63,58414.4091220124,333,Employed,1,2024-10,Bad
10842,4859,10000,2024-07-03,12,67,44646.16858505992,606,Employed,0,2024-07,Good
10843,4679,25000,2024-09-28,36,52,57072.42918565086,609,Employed,0,2024-09,Bad
10844,6040,5000,2024-04-24,24,40,30958.124238409226,562,Employed,1,2024-04,Good
10845,4977,5000,2024-10-26,12,43,78893.55445107231,759,Contractor,0,2024-10,Bad
10846,1700,25000,2024-02-07,24,64,71125.96660788514,488,Employed,1,2024-02,Good
10847,6835,10000,2024-09-12,12,63,74276.34345538408,512,Employed,1,2024-09,Bad
10848,8906,5000,2024-08-21,36,55,51723.52074053311,565,Self-Employed,0,2024-08,Good
10849,2086,5000,2024-10-27,24,57,63062.6425026753,371,Employed,0,2024-10,Bad
10850,1452,15000,2024-08-30,24,59,57785.622071147474,519,Self-Employed,0,2024-08,Good
10851,7429,25000,2024-06-06,36,33,105875.17914328547,445,Employed,0,2024-06,Bad
10852,1398,15000,2024-12-15,12,45,66418.54208242049,737,Employed,1,2024-12,Bad
10853,6175,25000,2024-07-30,36,64,44009.7906989832,466,Employed,1,2024-07,Good
10854,8617,25000,2024-10-17,36,34,68029.55379751696,453,Employed,1,2024-10,Bad
10855,1029,25000,2024-03-01,24,51,77643.38581181997,823,Self-Employed,0,2024-03,Bad
10856,691,10000,2024-05-12,12,46,56398.40108239434,324,Employed,0,2024-05,Bad
10857,7899,25000,2024-04-18,24,38,93522.39942875685,660,Employed,0,2024-04,Good
10858,7964,10000,2024-11-29,24,63,65915.09141407697,638,Employed,1,2024-11,Good
10859,4011,25000,2024-10-23,24,34,41604.21925523586,672,Self-Employed,0,2024-10,Bad
10860,3580,10000,2024-12-25,24,24,20000.0,328,Employed,1,2024-12,Bad
10861,200,10000,2024-10-10,36,56,68398.1141804587,772,Self-Employed,0,2024-10,Bad
10862,5393,10000,2024-05-17,12,29,45984.983389371526,814,Employed,0,2024-05,Bad
10863,8968,5000,2024-04-27,36,38,93426.47150113806,787,Employed,0,2024-04,Good
10864,226,15000,2024-05-04,24,66,66151.98054082878,764,Self-Employed,0,2024-05,Bad
10865,4567,15000,2024-06-28,24,45,55459.22261466972,745,Employed,0,2024-06,Bad
10866,2066,15000,2024-08-09,24,58,87452.93310305869,671,Self-Employed,0,2024-08,Good
10867,9971,5000,2024-06-08,36,19,83392.01909399334,598,Employed,1,2024-06,Bad
10868,8821,5000,2024-07-22,36,19,41781.59211168038,658,Employed,1,2024-07,Good
10869,41,5000,2024-02-14,12,20,79684.79249515031,470,Employed,0,2024-02,Good
10870,2092,25000,2024-01-16,12,26,94101.50381464843,408,Employed,1,2024-01,Bad
10871,2245,25000,2024-03-30,24,60,65577.01647376052,370,Employed,1,2024-03,Bad
10872,8491,25000,2024-10-17,36,53,70435.97701814606,829,Employed,0,2024-10,Bad
10873,6063,25000,2024-04-14,36,42,87944.30376378751,810,Employed,0,2024-04,Good
10874,8651,25000,2024-05-24,24,49,107742.70071688796,444,Employed,0,2024-05,Bad
10875,879,15000,2024-04-21,24,28,65735.76479193881,578,Employed,0,2024-04,Good
10876,8981,15000,2024-08-02,24,52,43597.87819997722,508,Employed,0,2024-08,Good
10877,7404,15000,2024-06-26,24,28,80169.87562649086,734,Employed,0,2024-06,Bad
10878,3896,15000,2024-01-21,36,48,93555.18482213895,350,Employed,1,2024-01,Bad
10879,8575,15000,2024-08-13,24,52,43523.067090868586,800,Employed,0,2024-08,Good
10880,1451,5000,2024-02-15,12,28,53918.413379552425,831,Self-Employed,0,2024-02,Good
10881,5374,5000,2024-02-26,24,46,31207.311699383834,846,Employed,0,2024-02,Good
10882,2596,25000,2024-09-17,24,22,69885.08053208301,846,Self-Employed,0,2024-09,Bad
10883,3590,15000,2024-02-21,24,34,103438.78297585859,625,Employed,0,2024-02,Good
10884,8522,25000,2024-05-10,12,38,45702.740620351135,746,Employed,0,2024-05,Bad
10885,4910,5000,2024-02-22,36,43,73382.93140993269,431,Employed,0,2024-02,Good
10886,6626,25000,2024-03-23,12,39,56208.49540414462,503,Self-Employed,0,2024-03,Bad
10887,7700,15000,2024-01-18,12,52,55217.50275254056,322,Self-Employed,1,2024-01,Bad
10888,9212,15000,2024-05-22,36,47,55004.43291011331,310,Self-Employed,1,2024-05,Bad
10889,5542,15000,2024-11-01,12,41,64667.92277602451,656,Employed,0,2024-11,Good
10890,7971,5000,2024-01-28,36,27,45445.51365118415,339,Employed,0,2024-01,Bad
10891,5282,25000,2024-10-28,24,49,62448.5902342788,725,Self-Employed,0,2024-10,Bad
10892,3822,10000,2024-04-22,36,52,80954.67497121434,749,Self-Employed,0,2024-04,Good
10893,1828,10000,2024-04-25,12,44,57738.652094305275,300,Contractor,1,2024-04,Good
10894,4112,10000,2024-11-23,24,40,20000.0,646,Employed,1,2024-11,Good
10895,8812,10000,2024-09-07,12,44,51266.247719966734,737,Employed,1,2024-09,Bad
10896,689,10000,2024-04-22,24,19,64930.34723332747,741,Employed,0,2024-04,Good
10897,820,5000,2024-04-03,12,50,59571.02982157859,818,Self-Employed,0,2024-04,Good
10898,6217,15000,2024-01-01,24,31,79039.33676427761,572,Employed,0,2024-01,Bad
10899,2252,10000,2024-07-01,24,64,67482.84537378374,516,Employed,0,2024-07,Good
10900,2302,10000,2024-11-09,12,62,41724.957209188964,845,Employed,0,2024-11,Good
10901,2661,10000,2024-05-28,12,49,84873.07784688898,431,Contractor,1,2024-05,Bad
10902,5649,25000,2024-02-25,24,59,103518.8094129193,494,Contractor,0,2024-02,Good
10903,5663,15000,2024-03-10,12,59,58317.074420804776,465,Employed,1,2024-03,Bad
10904,955,10000,2024-05-24,12,51,20000.0,782,Self-Employed,0,2024-05,Bad
10905,6454,5000,2024-03-18,24,69,40638.686309742596,539,Self-Employed,1,2024-03,Bad
10906,3942,15000,2024-05-14,36,54,48775.03698817106,758,Self-Employed,0,2024-05,Bad
10907,4749,15000,2024-03-19,24,27,115110.58259187927,515,Contractor,0,2024-03,Bad
10908,7413,15000,2024-11-23,36,58,89450.07439996021,781,Contractor,0,2024-11,Good
10909,1248,25000,2024-09-04,12,37,28623.6348727362,435,Employed,1,2024-09,Bad
10910,5487,15000,2024-06-24,36,60,30763.40563359855,690,Employed,1,2024-06,Bad
10911,9466,10000,2024-01-10,12,22,20000.0,816,Self-Employed,0,2024-01,Bad
10912,6887,10000,2024-08-08,24,67,65183.76687299248,835,Self-Employed,0,2024-08,Good
10913,13,25000,2024-05-06,24,41,38394.49982956628,336,Contractor,1,2024-05,Bad
10914,7476,5000,2024-02-10,24,37,66173.4074603807,396,Employed,1,2024-02,Good
10915,4706,25000,2024-07-08,12,27,79524.9884990423,320,Employed,1,2024-07,Good
10916,2240,25000,2024-04-16,12,58,43963.76214677479,656,Employed,0,2024-04,Good
10917,698,10000,2024-06-12,12,18,65392.05591179061,496,Self-Employed,0,2024-06,Bad
10918,2067,15000,2024-06-26,24,30,55805.38683572362,474,Contractor,0,2024-06,Bad
10919,6915,25000,2024-03-22,12,49,20000.0,819,Employed,0,2024-03,Bad
10920,4675,5000,2024-01-05,36,63,28191.148462230558,732,Contractor,0,2024-01,Bad
10921,2074,10000,2024-06-22,24,56,21142.878679437526,808,Employed,0,2024-06,Bad
10922,3213,15000,2024-11-28,12,21,66047.39802885691,365,Self-Employed,1,2024-11,Good
10923,3814,5000,2024-10-22,12,20,87642.94001243413,654,Employed,0,2024-10,Bad
10924,1051,25000,2024-09-23,36,65,67572.93476308094,520,Employed,1,2024-09,Bad
10925,2153,5000,2024-04-27,24,66,105133.89905904516,664,Employed,0,2024-04,Good
10926,7690,25000,2024-07-18,36,55,71678.40741154327,734,Employed,0,2024-07,Good
10927,5788,25000,2024-01-17,12,43,49979.259022602135,774,Self-Employed,0,2024-01,Bad
10928,3090,25000,2024-03-15,12,34,81117.24508210583,811,Employed,0,2024-03,Bad
10929,3642,25000,2024-04-30,36,40,39600.114220799274,592,Employed,0,2024-04,Good
10930,174,25000,2024-10-08,24,49,36961.746314374315,540,Employed,0,2024-10,Bad
10931,9617,10000,2024-02-08,12,62,79585.12289495477,375,Employed,0,2024-02,Good
10932,7255,25000,2024-12-19,36,19,63928.59380849155,471,Employed,0,2024-12,Bad
10933,3904,15000,2024-07-13,24,20,70631.41704958999,849,Contractor,0,2024-07,Good
10934,7511,25000,2024-06-01,12,22,98386.84744626636,704,Self-Employed,0,2024-06,Bad
10935,449,10000,2024-12-09,36,68,51530.97906634761,810,Employed,1,2024-12,Bad
10936,9643,5000,2024-09-01,36,47,95589.49149398184,772,Self-Employed,0,2024-09,Bad
10937,5836,15000,2024-04-25,24,66,83723.40284514817,712,Employed,0,2024-04,Good
10938,782,5000,2024-02-10,12,44,28036.326575030027,710,Contractor,1,2024-02,Good
10939,3569,5000,2024-04-13,24,65,21112.36028238431,751,Employed,0,2024-04,Good
10940,8364,15000,2024-09-04,24,27,45054.44696393051,315,Self-Employed,1,2024-09,Bad
10941,2284,10000,2024-12-29,12,37,62100.07319196166,355,Employed,0,2024-12,Bad
10942,433,25000,2024-06-20,12,37,48582.76635931467,535,Employed,0,2024-06,Bad
10943,5136,25000,2024-09-22,24,64,76457.94847813604,362,Self-Employed,0,2024-09,Bad
10944,4946,25000,2024-11-24,24,55,49981.301734035806,540,Contractor,0,2024-11,Good
10945,5706,5000,2024-05-28,12,43,73041.31648978965,822,Self-Employed,0,2024-05,Bad
10946,1860,15000,2024-07-21,36,47,55172.74498246346,622,Employed,0,2024-07,Good
10947,9543,25000,2024-01-25,36,20,54304.14460705319,797,Contractor,0,2024-01,Bad
10948,3920,25000,2024-10-04,12,54,36157.3419092409,788,Employed,0,2024-10,Bad
10949,6391,10000,2024-01-11,36,29,47037.900370972086,618,Contractor,0,2024-01,Bad
10950,549,10000,2024-09-17,36,41,47848.7560741205,646,Employed,0,2024-09,Bad
10951,5061,5000,2024-01-06,24,47,115554.35250218445,319,Employed,0,2024-01,Bad
10952,3575,15000,2024-08-12,24,36,90182.60893683156,583,Employed,0,2024-08,Good
10953,167,10000,2024-09-28,24,56,93046.5376198563,834,Employed,0,2024-09,Bad
10954,3513,15000,2024-09-04,36,57,44065.480257938325,821,Employed,0,2024-09,Bad
10955,2401,10000,2024-02-15,24,43,114172.92406270634,632,Employed,0,2024-02,Good
10956,3171,15000,2024-01-14,36,64,54407.7320772331,812,Contractor,0,2024-01,Bad
10957,9840,15000,2024-01-24,36,63,89757.4886774881,658,Employed,0,2024-01,Bad
10958,3190,15000,2024-12-30,24,47,81867.3744452155,603,Employed,1,2024-12,Bad
10959,2622,5000,2024-09-10,12,39,67495.6578774942,382,Employed,0,2024-09,Bad
10960,5159,10000,2024-11-27,36,63,68088.23004602733,744,Self-Employed,0,2024-11,Good
10961,3402,10000,2024-09-18,36,37,20000.0,650,Employed,0,2024-09,Bad
10962,6467,25000,2024-09-03,12,26,99612.62406627586,845,Employed,0,2024-09,Bad
10963,6173,25000,2024-10-03,24,51,85661.32777146906,362,Employed,0,2024-10,Bad
10964,543,5000,2024-04-21,36,49,60560.100131031526,611,Employed,0,2024-04,Good
10965,9532,10000,2024-07-19,12,51,52115.15504711448,422,Employed,0,2024-07,Good
10966,8143,25000,2024-10-28,12,38,68344.01435135573,371,Employed,0,2024-10,Bad
10967,8760,10000,2024-04-14,12,67,55014.38047534958,441,Employed,1,2024-04,Good
10968,3539,25000,2024-08-15,24,52,72181.81285068567,627,Contractor,0,2024-08,Good
10969,7013,5000,2024-07-05,12,45,55312.78341825774,458,Employed,0,2024-07,Good
10970,1941,25000,2024-06-18,24,21,43301.93843122116,376,Employed,0,2024-06,Bad
10971,8118,5000,2024-07-05,12,34,34225.53757986851,414,Employed,0,2024-07,Good
10972,6343,5000,2024-02-10,36,31,86508.313985418,431,Employed,0,2024-02,Good
10973,1761,15000,2024-11-18,36,66,43662.61299846646,845,Self-Employed,0,2024-11,Good
10974,5774,5000,2024-12-04,12,33,101363.46152219395,385,Employed,1,2024-12,Bad
10975,3946,15000,2024-03-23,36,51,73396.18161800172,386,Employed,1,2024-03,Bad
10976,2702,10000,2024-11-16,24,35,99108.15610427166,775,Employed,1,2024-11,Good
10977,1029,5000,2024-12-07,12,51,77643.38581181997,823,Self-Employed,1,2024-12,Bad
10978,6311,5000,2024-05-26,36,26,57985.70733503619,827,Employed,0,2024-05,Bad
10979,4481,5000,2024-11-30,12,38,64270.682519335984,720,Employed,0,2024-11,Good
10980,3704,25000,2024-05-26,36,62,78921.86805920364,460,Employed,1,2024-05,Bad
10981,7260,5000,2024-10-07,24,28,37280.87761487512,527,Employed,0,2024-10,Bad
10982,742,10000,2024-06-15,12,33,76916.27602001393,630,Contractor,0,2024-06,Bad
10983,9968,15000,2024-09-12,36,53,66171.96358258279,457,Employed,1,2024-09,Bad
10984,2235,10000,2024-08-10,12,27,108829.87005163963,563,Employed,0,2024-08,Good
10985,1614,15000,2024-04-03,36,42,74535.64043835855,767,Employed,0,2024-04,Good
10986,3537,10000,2024-06-09,12,56,51251.87918839136,599,Employed,0,2024-06,Bad
10987,558,25000,2024-09-04,24,29,63499.06145778589,761,Self-Employed,0,2024-09,Bad
10988,7431,10000,2024-09-24,24,57,44035.48351296244,444,Employed,1,2024-09,Bad
10989,6063,10000,2024-12-13,36,42,87944.30376378751,810,Employed,1,2024-12,Bad
10990,9560,5000,2024-06-06,24,29,79364.04293841789,461,Contractor,0,2024-06,Bad
10991,858,25000,2024-03-10,24,25,67473.3446757221,421,Self-Employed,1,2024-03,Bad
10992,1811,25000,2024-06-18,24,54,59054.82406435151,354,Employed,1,2024-06,Bad
10993,2357,5000,2024-09-17,12,65,41672.348070322274,719,Employed,0,2024-09,Bad
10994,4066,15000,2024-08-02,12,49,69620.67584054136,438,Employed,1,2024-08,Good
10995,3507,10000,2024-11-11,36,50,50268.65673012331,768,Employed,1,2024-11,Good
10996,4388,5000,2024-03-18,24,33,54150.23844460108,698,Employed,0,2024-03,Bad
10997,7331,25000,2024-07-11,24,62,20000.0,694,Contractor,1,2024-07,Good
10998,8939,10000,2024-11-03,36,43,72192.05109189305,341,Self-Employed,0,2024-11,Good
10999,6936,10000,2024-05-16,36,47,75519.16406296466,373,Self-Employed,1,2024-05,Bad
11000,241,15000,2024-05-23,12,49,58559.48786222515,698,Employed,0,2024-05,Bad
11001,5021,15000,2024-02-04,24,42,37066.824776719135,385,Employed,0,2024-02,Good
11002,7913,10000,2024-11-25,24,34,127580.9451267372,381,Employed,1,2024-11,Good
11003,1153,10000,2024-09-28,24,47,29329.33558046644,515,Self-Employed,1,2024-09,Bad
11004,9145,10000,2024-06-09,12,28,56425.1443599442,603,Self-Employed,0,2024-06,Bad
11005,3940,15000,2024-11-02,12,21,98568.04653377965,762,Self-Employed,1,2024-11,Good
11006,2575,15000,2024-11-12,12,59,42257.75528979164,604,Employed,0,2024-11,Good
11007,3301,5000,2024-03-19,24,50,64954.28102889749,739,Employed,0,2024-03,Bad
11008,4838,15000,2024-11-10,36,65,49669.702688100086,647,Self-Employed,0,2024-11,Good
11009,8368,25000,2024-05-06,12,32,25772.524382669384,544,Self-Employed,0,2024-05,Bad
11010,6948,25000,2024-12-24,24,43,68075.4668381689,750,Employed,0,2024-12,Bad
11011,6902,10000,2024-01-04,12,24,53970.58273015599,833,Self-Employed,0,2024-01,Bad
11012,1077,10000,2024-11-22,36,55,53858.74242425014,550,Self-Employed,1,2024-11,Good
11013,335,15000,2024-07-04,24,50,72274.11825343607,595,Employed,0,2024-07,Good
11014,6437,25000,2024-12-23,12,39,63253.70329540892,824,Employed,1,2024-12,Bad
11015,1731,5000,2024-03-02,24,60,34345.516054682914,542,Employed,0,2024-03,Bad
11016,5256,15000,2024-12-19,36,30,20000.0,346,Employed,0,2024-12,Bad
11017,3854,15000,2024-10-07,36,58,49077.94027652606,753,Employed,0,2024-10,Bad
11018,1725,25000,2024-11-22,36,66,44756.879105817905,719,Employed,1,2024-11,Good
11019,803,10000,2024-10-07,36,67,50895.095503487835,790,Self-Employed,0,2024-10,Bad
11020,912,10000,2024-05-02,24,51,68487.44490368647,705,Employed,1,2024-05,Bad
11021,3068,25000,2024-11-17,12,49,65221.442591722385,713,Employed,0,2024-11,Good
11022,7022,25000,2024-10-08,36,22,40573.196346464974,696,Self-Employed,0,2024-10,Bad
11023,8528,5000,2024-08-15,24,22,76486.87647422522,748,Self-Employed,0,2024-08,Good
11024,8188,25000,2024-12-23,36,69,51279.874430570795,333,Employed,1,2024-12,Bad
11025,4333,10000,2024-12-27,36,27,49567.85732802782,824,Contractor,1,2024-12,Bad
11026,2016,25000,2024-07-01,24,26,36858.62580498538,755,Employed,1,2024-07,Good
11027,3660,25000,2024-05-10,24,37,30948.915728631066,320,Self-Employed,0,2024-05,Bad
11028,399,5000,2024-06-05,24,59,48972.96833654112,526,Contractor,0,2024-06,Bad
11029,4098,15000,2024-07-04,36,54,59418.21028916726,558,Self-Employed,0,2024-07,Good
11030,8070,5000,2024-08-22,36,54,26821.980116606108,359,Employed,0,2024-08,Good
11031,16,25000,2024-05-28,12,41,36998.81443825319,743,Employed,0,2024-05,Bad
11032,4375,15000,2024-02-12,36,47,44103.243609542355,619,Employed,1,2024-02,Good
11033,5471,25000,2024-01-04,12,57,61655.51568696901,778,Employed,0,2024-01,Bad
11034,6514,15000,2024-11-20,36,18,47723.6405651526,700,Self-Employed,0,2024-11,Good
11035,1577,25000,2024-07-16,12,59,47543.4537812152,832,Employed,0,2024-07,Good
11036,8570,10000,2024-10-04,12,18,68511.67439337142,501,Self-Employed,0,2024-10,Bad
11037,5175,15000,2024-12-24,12,58,59435.626819378675,418,Employed,1,2024-12,Bad
11038,5486,15000,2024-01-06,24,29,78455.29013730644,520,Employed,0,2024-01,Bad
11039,9572,5000,2024-05-29,24,28,85068.18931094244,603,Contractor,0,2024-05,Bad
11040,5916,10000,2024-09-28,12,29,52928.05701772163,801,Self-Employed,0,2024-09,Bad
11041,8946,10000,2024-06-12,24,45,57332.7946119875,834,Employed,0,2024-06,Bad
11042,1308,10000,2024-06-26,36,69,96964.37919848436,474,Employed,0,2024-06,Bad
11043,9851,25000,2024-02-27,24,65,64052.679205132765,644,Employed,0,2024-02,Good
11044,4533,25000,2024-07-17,24,68,34390.31816605114,390,Employed,0,2024-07,Good
11045,7107,15000,2024-03-27,36,35,128651.3633985698,555,Self-Employed,0,2024-03,Bad
11046,5914,25000,2024-06-27,36,25,58047.00339084165,347,Self-Employed,1,2024-06,Bad
11047,4775,25000,2024-03-18,12,19,80173.56520966595,528,Employed,0,2024-03,Bad
11048,6215,15000,2024-02-16,24,30,32322.541390021688,496,Employed,0,2024-02,Good
11049,54,5000,2024-05-13,36,43,78584.77069679524,674,Employed,0,2024-05,Bad
11050,5496,25000,2024-06-01,36,48,84787.43589932393,610,Contractor,0,2024-06,Bad
11051,3643,10000,2024-09-25,24,64,21380.990309867462,415,Employed,1,2024-09,Bad
11052,80,10000,2024-04-24,24,53,39254.70378645387,357,Employed,0,2024-04,Good
11053,5965,25000,2024-02-22,12,69,96752.20063137243,730,Self-Employed,0,2024-02,Good
11054,5610,25000,2024-08-29,24,30,67124.32406589568,672,Employed,0,2024-08,Good
11055,7204,15000,2024-11-18,36,40,103957.3739193112,536,Employed,0,2024-11,Good
11056,7424,25000,2024-10-13,24,24,47977.27927160764,480,Employed,1,2024-10,Bad
11057,286,5000,2024-03-07,12,47,61234.64963425168,597,Employed,0,2024-03,Bad
11058,9769,15000,2024-12-02,24,40,96158.24527687361,778,Employed,0,2024-12,Bad
11059,9136,10000,2024-07-01,24,34,76269.26042965664,383,Contractor,0,2024-07,Good
11060,7964,15000,2024-08-18,24,63,65915.09141407697,638,Employed,1,2024-08,Good
11061,7967,25000,2024-10-11,36,41,25669.676510957324,631,Employed,1,2024-10,Bad
11062,228,25000,2024-06-11,36,66,67027.0635725206,711,Employed,1,2024-06,Bad
11063,1977,5000,2024-04-13,36,51,49545.98878290931,303,Contractor,1,2024-04,Good
11064,2219,5000,2024-06-11,36,52,59499.54930850815,388,Employed,0,2024-06,Bad
11065,9713,15000,2024-11-01,12,56,20000.0,478,Employed,0,2024-11,Good
11066,3317,10000,2024-10-12,36,18,120161.72449711681,336,Employed,0,2024-10,Bad
11067,1985,15000,2024-09-27,36,61,92369.96255568313,781,Employed,0,2024-09,Bad
11068,3465,15000,2024-01-29,12,36,55589.43613529512,723,Employed,1,2024-01,Bad
11069,9943,5000,2024-03-15,36,30,98918.21226780303,602,Self-Employed,0,2024-03,Bad
11070,3724,15000,2024-11-08,36,41,93444.41951671656,709,Employed,0,2024-11,Good
11071,2346,5000,2024-04-21,36,22,63729.980284511665,363,Employed,0,2024-04,Good
11072,6601,5000,2024-09-04,24,53,55634.42951684863,327,Employed,0,2024-09,Bad
11073,1461,15000,2024-11-02,12,47,61408.51175257205,700,Employed,0,2024-11,Good
11074,7514,5000,2024-11-19,36,20,61016.785562266225,626,Contractor,0,2024-11,Good
11075,4574,25000,2024-09-02,12,57,46692.51125657279,766,Contractor,0,2024-09,Bad
11076,1209,25000,2024-02-27,36,50,83634.01810194689,432,Employed,1,2024-02,Good
11077,3796,15000,2024-05-19,24,19,76141.9476770481,346,Employed,0,2024-05,Bad
11078,2509,10000,2024-11-20,36,32,97069.87422097451,823,Self-Employed,0,2024-11,Good
11079,1668,10000,2024-12-27,36,66,79544.54426570906,515,Employed,0,2024-12,Bad
11080,9689,25000,2024-08-30,24,22,59485.93663977526,379,Self-Employed,1,2024-08,Good
11081,7740,5000,2024-11-19,24,38,64287.771887240175,529,Employed,0,2024-11,Good
11082,6540,10000,2024-10-18,12,43,80248.78468329943,603,Contractor,0,2024-10,Bad
11083,9624,10000,2024-09-06,12,29,56949.70073456488,639,Employed,1,2024-09,Bad
11084,7004,15000,2024-05-09,36,61,84029.35097629097,515,Self-Employed,0,2024-05,Bad
11085,9122,15000,2024-10-17,36,19,85232.77259828252,342,Employed,0,2024-10,Bad
11086,6678,10000,2024-05-04,24,40,37098.395598202624,760,Employed,0,2024-05,Bad
11087,3413,10000,2024-12-21,36,60,87059.9272447495,842,Employed,0,2024-12,Bad
11088,7707,25000,2024-09-20,12,68,24834.93161604985,716,Employed,0,2024-09,Bad
11089,4310,15000,2024-07-19,24,62,20000.0,570,Contractor,1,2024-07,Good
11090,6541,15000,2024-10-10,24,28,59203.28733435525,615,Employed,0,2024-10,Bad
11091,8784,10000,2024-07-06,24,22,52114.12838296538,593,Self-Employed,1,2024-07,Good
11092,366,25000,2024-12-25,36,64,26030.325124403964,416,Employed,0,2024-12,Bad
11093,5912,5000,2024-02-13,12,31,76035.49399732376,710,Self-Employed,0,2024-02,Good
11094,2222,15000,2024-01-10,24,18,57555.09609440099,660,Employed,1,2024-01,Bad
11095,273,15000,2024-01-05,12,58,43267.825325283906,845,Contractor,0,2024-01,Bad
11096,3622,10000,2024-12-22,24,38,58420.968198504335,772,Employed,0,2024-12,Bad
11097,3643,10000,2024-06-23,24,64,21380.990309867462,415,Employed,1,2024-06,Bad
11098,4586,5000,2024-06-07,12,62,20000.0,791,Employed,0,2024-06,Bad
11099,602,15000,2024-08-31,24,38,65919.57082935587,515,Employed,0,2024-08,Good
11100,8804,25000,2024-01-29,36,61,101785.00870416305,659,Employed,0,2024-01,Bad
11101,7479,25000,2024-06-02,12,39,103502.69559360079,555,Self-Employed,1,2024-06,Bad
11102,327,10000,2024-04-04,12,35,39353.297350763096,796,Employed,0,2024-04,Good
11103,9899,25000,2024-01-02,24,21,91400.75928914285,805,Employed,0,2024-01,Bad
11104,4262,25000,2024-11-30,12,28,55221.09069367894,644,Employed,0,2024-11,Good
11105,2928,10000,2024-04-01,36,45,20000.0,744,Employed,0,2024-04,Good
11106,2109,5000,2024-02-25,24,21,79701.91687919579,642,Employed,0,2024-02,Good
11107,1965,5000,2024-08-23,36,38,67301.3784327998,654,Contractor,0,2024-08,Good
11108,9402,15000,2024-11-27,36,66,55097.90084801828,317,Self-Employed,1,2024-11,Good
11109,4460,10000,2024-01-15,36,41,66939.63473715978,593,Contractor,0,2024-01,Bad
11110,9216,10000,2024-03-25,12,36,87985.21071884118,831,Self-Employed,0,2024-03,Bad
11111,5302,15000,2024-09-10,24,19,80471.50825361589,381,Employed,0,2024-09,Bad
11112,1755,25000,2024-08-08,24,20,74560.83289231338,722,Employed,0,2024-08,Good
11113,2082,5000,2024-09-05,36,51,56446.283721819025,570,Employed,0,2024-09,Bad
11114,6282,15000,2024-02-14,36,27,123990.35647750259,551,Employed,0,2024-02,Good
11115,7866,15000,2024-10-29,24,40,45092.74527519774,618,Employed,0,2024-10,Bad
11116,2076,15000,2024-01-20,24,55,110152.22794592404,799,Employed,0,2024-01,Bad
11117,4029,5000,2024-05-03,36,28,43008.90811121898,679,Employed,0,2024-05,Bad
11118,4202,25000,2024-05-25,24,66,72558.07250870687,577,Employed,0,2024-05,Bad
11119,1257,5000,2024-08-17,36,43,66095.71998651071,362,Employed,0,2024-08,Good
11120,8388,10000,2024-11-30,36,26,65846.7637358811,381,Self-Employed,1,2024-11,Good
11121,5971,10000,2024-03-01,36,53,59882.31916194281,314,Employed,1,2024-03,Bad
11122,4298,15000,2024-04-30,36,19,53546.57525395701,315,Employed,1,2024-04,Good
11123,2157,10000,2024-09-12,12,41,20000.0,684,Employed,0,2024-09,Bad
11124,5858,5000,2024-07-22,24,30,28627.695867767237,515,Self-Employed,0,2024-07,Good
11125,41,10000,2024-01-05,24,20,79684.79249515031,470,Employed,0,2024-01,Bad
11126,8874,10000,2024-11-09,24,33,43973.789240042635,320,Employed,1,2024-11,Good
11127,2860,25000,2024-12-02,36,52,61486.16286243921,467,Employed,1,2024-12,Bad
11128,2463,5000,2024-03-17,12,46,53717.428391408386,599,Employed,0,2024-03,Bad
11129,2038,10000,2024-11-11,24,42,64212.037166797396,667,Employed,0,2024-11,Good
11130,1675,5000,2024-05-20,36,50,62296.52524021458,318,Employed,1,2024-05,Bad
11131,364,10000,2024-04-09,36,50,64667.384115534114,589,Self-Employed,0,2024-04,Good
11132,2519,25000,2024-07-26,12,54,49246.42924644133,576,Employed,0,2024-07,Good
11133,8692,10000,2024-10-22,12,26,41222.298831438384,510,Employed,0,2024-10,Bad
11134,3054,15000,2024-07-13,36,54,86239.61327616543,413,Employed,1,2024-07,Good
11135,2471,25000,2024-06-28,24,47,52428.281158226106,608,Self-Employed,0,2024-06,Bad
11136,579,10000,2024-09-14,36,19,64085.25064142672,307,Employed,1,2024-09,Bad
11137,8028,15000,2024-07-13,12,19,66056.57662412449,537,Employed,0,2024-07,Good
11138,5843,10000,2024-05-18,36,18,80973.92035531864,616,Employed,0,2024-05,Bad
11139,1258,15000,2024-01-11,36,63,88895.06862781203,333,Employed,1,2024-01,Bad
11140,6636,25000,2024-09-22,12,49,84628.16463650136,768,Employed,0,2024-09,Bad
11141,2973,10000,2024-01-28,12,51,39984.26568791898,374,Contractor,1,2024-01,Bad
11142,5042,5000,2024-04-28,36,40,91173.86336070523,406,Employed,0,2024-04,Good
11143,6675,10000,2024-09-05,12,62,75565.71542981415,602,Self-Employed,0,2024-09,Bad
11144,3986,5000,2024-01-07,24,38,43813.15273587339,657,Self-Employed,0,2024-01,Bad
11145,2989,25000,2024-05-22,24,37,103170.31658943163,708,Employed,0,2024-05,Bad
11146,1525,5000,2024-01-07,24,27,62943.65750821367,336,Self-Employed,1,2024-01,Bad
11147,6488,15000,2024-02-24,12,21,96343.36965549336,730,Employed,0,2024-02,Good
11148,5840,5000,2024-01-20,36,34,20000.0,304,Employed,0,2024-01,Bad
11149,8444,25000,2024-01-03,36,51,102856.18999952218,306,Employed,1,2024-01,Bad
11150,5673,25000,2024-01-20,36,51,90239.64919727985,638,Employed,0,2024-01,Bad
11151,382,5000,2024-09-22,36,58,75436.62724553238,590,Employed,0,2024-09,Bad
11152,1805,15000,2024-08-14,24,25,52102.3671716915,555,Employed,0,2024-08,Good
11153,1988,25000,2024-12-11,36,25,31941.314132917614,694,Employed,0,2024-12,Bad
11154,5219,10000,2024-12-15,36,68,100141.18993769909,480,Employed,0,2024-12,Bad
11155,2643,25000,2024-08-05,12,62,63172.317449776536,744,Employed,0,2024-08,Good
11156,24,10000,2024-06-13,12,19,88206.14228360812,522,Employed,1,2024-06,Bad
11157,353,5000,2024-12-05,36,47,72695.80931284712,774,Employed,0,2024-12,Bad
11158,6217,15000,2024-02-20,24,31,79039.33676427761,572,Employed,0,2024-02,Good
11159,4089,10000,2024-06-18,24,66,55224.38332836059,684,Employed,1,2024-06,Bad
11160,771,15000,2024-12-18,24,25,61726.85487184684,846,Employed,1,2024-12,Bad
11161,4754,15000,2024-01-30,12,28,29832.014186011053,763,Employed,0,2024-01,Bad
11162,5570,5000,2024-08-31,24,22,45169.470069824136,443,Employed,1,2024-08,Good
11163,1748,25000,2024-02-14,12,63,76001.49822557863,449,Employed,1,2024-02,Good
11164,9243,25000,2024-08-02,24,56,118586.1204635912,405,Contractor,0,2024-08,Good
11165,5476,25000,2024-12-21,12,55,20000.0,640,Employed,0,2024-12,Bad
11166,622,15000,2024-01-23,12,66,30449.560782689055,621,Self-Employed,1,2024-01,Bad
11167,19,25000,2024-02-22,12,19,55203.08086532834,439,Employed,0,2024-02,Good
11168,8986,25000,2024-02-11,36,42,72272.8350398083,791,Employed,0,2024-02,Good
11169,3342,5000,2024-06-12,12,24,76235.83789868155,328,Employed,0,2024-06,Bad
11170,7727,25000,2024-04-13,12,51,20000.0,313,Employed,1,2024-04,Good
11171,1903,15000,2024-06-10,12,53,82111.2619409107,381,Employed,1,2024-06,Bad
11172,4638,5000,2024-12-06,24,46,54882.60357841684,790,Contractor,0,2024-12,Bad
11173,1941,25000,2024-06-02,12,21,43301.93843122116,376,Employed,0,2024-06,Bad
11174,1207,10000,2024-11-22,36,46,71606.36909018348,848,Employed,1,2024-11,Good
11175,7838,25000,2024-01-03,24,51,41461.65199330641,447,Employed,1,2024-01,Bad
11176,4081,15000,2024-02-12,24,47,71419.58143311807,706,Employed,0,2024-02,Good
11177,165,5000,2024-02-23,36,54,20000.0,475,Self-Employed,1,2024-02,Good
11178,6953,25000,2024-11-03,12,23,28901.776937694318,689,Employed,1,2024-11,Good
11179,1212,10000,2024-01-13,12,50,43220.174249809235,499,Employed,1,2024-01,Bad
11180,3160,25000,2024-04-21,24,66,60418.86891976795,484,Employed,0,2024-04,Good
11181,9674,5000,2024-02-25,36,58,31475.699100468002,788,Self-Employed,0,2024-02,Good
11182,1496,5000,2024-04-13,24,40,66612.6493215643,321,Employed,0,2024-04,Good
11183,9985,5000,2024-06-23,24,49,90592.55841475246,367,Contractor,0,2024-06,Bad
11184,2420,5000,2024-11-17,12,43,52126.53233916819,802,Employed,0,2024-11,Good
11185,7971,5000,2024-03-08,12,27,45445.51365118415,339,Employed,0,2024-03,Bad
11186,7685,15000,2024-01-13,36,68,78333.1257653587,666,Employed,0,2024-01,Bad
11187,8557,10000,2024-10-12,24,69,88357.79344176927,301,Self-Employed,1,2024-10,Bad
11188,7205,10000,2024-11-27,36,68,84759.77691338674,667,Employed,0,2024-11,Good
11189,4215,10000,2024-06-09,24,67,33428.381156795556,373,Employed,1,2024-06,Bad
11190,409,15000,2024-06-14,36,40,104343.35541387767,565,Employed,0,2024-06,Bad
11191,363,5000,2024-10-25,36,47,89301.42414349304,641,Contractor,0,2024-10,Bad
11192,3441,25000,2024-12-19,36,51,110190.77014176713,794,Employed,0,2024-12,Bad
11193,5273,15000,2024-09-15,36,18,66926.96528453733,562,Employed,0,2024-09,Bad
11194,4419,5000,2024-02-12,24,61,75531.1844672745,375,Self-Employed,1,2024-02,Good
11195,758,15000,2024-11-24,36,20,70790.1868542023,693,Employed,0,2024-11,Good
11196,7892,25000,2024-07-17,24,34,83076.75810338945,439,Employed,0,2024-07,Good
11197,7646,25000,2024-05-11,36,35,98330.2640345011,479,Employed,0,2024-05,Bad
11198,8640,10000,2024-04-01,12,29,43130.59439364081,326,Self-Employed,1,2024-04,Good
11199,2752,15000,2024-02-01,24,42,82608.40524635198,456,Employed,1,2024-02,Good
11200,1792,25000,2024-09-13,24,51,68107.14237127127,532,Employed,0,2024-09,Bad
11201,7123,5000,2024-02-05,24,20,65397.71645999078,511,Employed,0,2024-02,Good
11202,2390,10000,2024-10-08,36,38,70903.56024697753,607,Self-Employed,0,2024-10,Bad
11203,5387,25000,2024-07-23,24,43,61294.42777892198,530,Contractor,0,2024-07,Good
11204,8055,10000,2024-05-29,36,65,89131.6096095112,804,Employed,0,2024-05,Bad
11205,7506,5000,2024-12-09,36,54,29829.736384878204,542,Employed,1,2024-12,Bad
11206,7583,5000,2024-05-18,12,66,71455.06836752842,441,Employed,0,2024-05,Bad
11207,291,15000,2024-10-07,12,43,54634.32748570342,569,Employed,0,2024-10,Bad
11208,8364,5000,2024-11-30,12,27,45054.44696393051,315,Self-Employed,1,2024-11,Good
11209,301,5000,2024-06-21,36,49,59984.0175293642,766,Employed,0,2024-06,Bad
11210,8116,5000,2024-06-12,24,19,51815.91655699728,454,Self-Employed,1,2024-06,Bad
11211,7433,10000,2024-04-11,24,25,55315.45637463213,384,Employed,1,2024-04,Good
11212,3167,5000,2024-10-16,12,23,32671.94373987574,477,Employed,0,2024-10,Bad
11213,1747,10000,2024-10-14,24,62,50224.538606664195,592,Employed,0,2024-10,Bad
11214,8707,25000,2024-04-11,12,45,47390.991894477964,612,Employed,1,2024-04,Good
11215,8871,25000,2024-06-01,12,37,54475.3532996706,542,Contractor,1,2024-06,Bad
11216,5008,10000,2024-04-30,24,49,37018.743944483904,604,Employed,0,2024-04,Good
11217,344,10000,2024-02-26,24,20,38166.799194427615,719,Employed,0,2024-02,Good
11218,29,5000,2024-04-16,36,61,52043.68402846994,510,Contractor,1,2024-04,Good
11219,7237,5000,2024-08-26,24,44,46020.41134581239,474,Contractor,0,2024-08,Good
11220,107,10000,2024-01-21,24,18,69814.92296828263,591,Employed,1,2024-01,Bad
11221,5812,15000,2024-03-13,12,23,62785.72331828025,445,Self-Employed,0,2024-03,Bad
11222,5784,15000,2024-12-06,36,54,64808.14840788741,549,Employed,0,2024-12,Bad
11223,3361,15000,2024-01-21,24,45,60653.15449213534,405,Employed,1,2024-01,Bad
11224,490,25000,2024-10-24,36,29,36860.32214920077,717,Employed,0,2024-10,Bad
11225,3761,5000,2024-01-11,36,44,93584.0382551457,376,Employed,0,2024-01,Bad
11226,8149,10000,2024-02-27,12,56,77752.46828018183,440,Contractor,1,2024-02,Good
11227,8470,25000,2024-12-19,12,61,76651.6687069651,702,Employed,0,2024-12,Bad
11228,4077,25000,2024-08-27,24,19,88825.23745535125,750,Self-Employed,0,2024-08,Good
11229,5960,5000,2024-10-23,12,45,36894.99757632555,755,Employed,1,2024-10,Bad
11230,9566,10000,2024-03-26,36,33,43180.973230286545,407,Self-Employed,1,2024-03,Bad
11231,8820,15000,2024-05-23,12,58,27776.943598235586,691,Employed,0,2024-05,Bad
11232,2696,5000,2024-08-12,12,59,64230.33743966462,562,Self-Employed,0,2024-08,Good
11233,9363,25000,2024-07-12,36,68,82210.91299686671,441,Employed,0,2024-07,Good
11234,678,25000,2024-04-12,36,61,84377.87803972715,796,Employed,0,2024-04,Good
11235,5812,25000,2024-12-29,12,23,62785.72331828025,445,Self-Employed,1,2024-12,Bad
11236,3402,25000,2024-11-21,12,37,20000.0,650,Employed,1,2024-11,Good
11237,2443,15000,2024-06-10,12,33,76865.8371391698,327,Contractor,0,2024-06,Bad
11238,555,10000,2024-10-28,36,44,63573.97082867646,578,Employed,0,2024-10,Bad
11239,8995,15000,2024-02-17,36,27,20000.0,826,Contractor,1,2024-02,Good
11240,1163,25000,2024-08-21,12,62,67739.28950194645,751,Employed,0,2024-08,Good
11241,424,10000,2024-10-19,24,43,92052.80782482852,474,Employed,0,2024-10,Bad
11242,9469,5000,2024-01-22,36,30,94898.54768588267,618,Employed,0,2024-01,Bad
11243,8608,5000,2024-12-01,12,64,50075.32422386171,616,Employed,1,2024-12,Bad
11244,2006,15000,2024-05-14,36,63,110139.36081717038,473,Employed,1,2024-05,Bad
11245,2864,5000,2024-06-23,12,46,44752.747522764796,790,Employed,1,2024-06,Bad
11246,2013,25000,2024-11-28,12,61,47311.19286764735,552,Employed,0,2024-11,Good
11247,4310,10000,2024-08-29,12,62,20000.0,570,Contractor,0,2024-08,Good
11248,6582,10000,2024-01-17,24,49,27250.17073551983,790,Employed,1,2024-01,Bad
11249,7648,15000,2024-09-15,24,66,65512.54323419171,645,Employed,0,2024-09,Bad
11250,7016,10000,2024-07-16,36,68,71981.00253052499,473,Employed,0,2024-07,Good
11251,3872,5000,2024-03-16,36,64,55612.27548401251,406,Employed,1,2024-03,Bad
11252,6750,15000,2024-07-21,24,21,56733.53344059171,647,Employed,0,2024-07,Good
11253,6012,25000,2024-08-20,12,26,78114.61707619036,745,Contractor,0,2024-08,Good
11254,1618,15000,2024-10-01,24,58,56048.01384551703,644,Employed,0,2024-10,Bad
11255,1644,5000,2024-06-07,24,47,72076.32905646635,651,Self-Employed,1,2024-06,Bad
11256,5699,5000,2024-04-24,12,45,37784.12892352403,538,Employed,1,2024-04,Good
11257,9996,5000,2024-09-14,36,55,67287.00014943922,394,Employed,1,2024-09,Bad
11258,954,15000,2024-08-24,24,63,54499.306817645935,763,Employed,0,2024-08,Good
11259,5426,15000,2024-04-05,36,20,74654.16244995972,403,Contractor,1,2024-04,Good
11260,9375,10000,2024-05-07,24,64,86027.0384651604,382,Employed,0,2024-05,Bad
11261,4248,15000,2024-09-30,24,50,89860.36320518961,454,Self-Employed,1,2024-09,Bad
11262,7038,25000,2024-11-06,36,32,52565.76167149343,661,Employed,1,2024-11,Good
11263,909,15000,2024-09-16,36,37,24361.399160948473,411,Employed,1,2024-09,Bad
11264,6140,10000,2024-11-29,12,52,24402.053935750817,680,Contractor,1,2024-11,Good
11265,6600,25000,2024-03-18,12,68,73408.07423303202,419,Employed,1,2024-03,Bad
11266,4430,25000,2024-12-14,24,32,41173.98841587875,741,Self-Employed,0,2024-12,Bad
11267,8655,15000,2024-10-16,24,41,42851.626863372236,404,Employed,1,2024-10,Bad
11268,9685,10000,2024-06-24,12,68,46935.08046496306,677,Employed,1,2024-06,Bad
11269,5967,10000,2024-05-06,12,39,57946.876421556626,786,Employed,1,2024-05,Bad
11270,9242,25000,2024-07-16,24,64,49705.80344518201,336,Self-Employed,1,2024-07,Good
11271,4535,25000,2024-12-28,12,51,108351.04886056547,473,Self-Employed,1,2024-12,Bad
11272,6241,10000,2024-07-22,36,26,81433.02737798847,520,Employed,1,2024-07,Good
11273,4490,5000,2024-02-14,24,63,63752.24417397095,481,Employed,0,2024-02,Good
11274,3539,5000,2024-12-14,24,52,72181.81285068567,627,Contractor,0,2024-12,Bad
11275,8459,15000,2024-06-12,24,20,20000.0,462,Employed,0,2024-06,Bad
11276,6019,10000,2024-04-07,24,41,41837.1686305063,785,Employed,0,2024-04,Good
11277,9751,25000,2024-11-02,36,31,59787.33922615624,547,Self-Employed,0,2024-11,Good
11278,5318,5000,2024-08-30,12,23,72675.07650013405,550,Contractor,0,2024-08,Good
11279,7209,25000,2024-05-22,24,40,79703.44878356649,326,Employed,1,2024-05,Bad
11280,6569,25000,2024-05-16,24,59,50460.48091931955,776,Employed,0,2024-05,Bad
11281,7423,10000,2024-02-27,24,53,44033.55906198538,481,Employed,0,2024-02,Good
11282,3540,25000,2024-09-25,24,30,88592.88764390111,409,Employed,0,2024-09,Bad
11283,2867,10000,2024-06-17,36,38,83245.48405669077,681,Employed,0,2024-06,Bad
11284,4279,25000,2024-04-17,12,56,51463.174837320774,628,Employed,0,2024-04,Good
11285,2547,5000,2024-02-13,36,52,70059.58426496739,358,Employed,1,2024-02,Good
11286,2118,10000,2024-03-26,24,35,74969.09411062035,381,Self-Employed,1,2024-03,Bad
11287,1800,25000,2024-10-12,24,28,71701.26068974384,555,Self-Employed,0,2024-10,Bad
11288,8315,15000,2024-03-17,36,62,98646.87507944292,351,Employed,0,2024-03,Bad
11289,392,15000,2024-08-29,24,38,82472.99212701972,334,Employed,0,2024-08,Good
11290,3299,15000,2024-08-11,36,24,20000.0,694,Employed,0,2024-08,Good
11291,4554,15000,2024-11-09,36,34,29503.070893226773,545,Employed,0,2024-11,Good
11292,3144,5000,2024-12-04,12,41,61575.26055765144,429,Employed,1,2024-12,Bad
11293,2560,5000,2024-06-11,12,38,134805.22169774905,386,Employed,1,2024-06,Bad
11294,6073,15000,2024-05-01,12,40,48236.420964582925,772,Employed,1,2024-05,Bad
11295,1096,25000,2024-06-25,12,29,80577.18369722737,638,Employed,0,2024-06,Bad
11296,5895,5000,2024-07-05,36,47,25694.236398046756,799,Self-Employed,0,2024-07,Good
11297,4142,15000,2024-08-31,24,19,87026.47230143583,546,Contractor,0,2024-08,Good
11298,4689,5000,2024-08-08,36,46,55600.410516203345,630,Contractor,1,2024-08,Good
11299,8965,5000,2024-05-14,24,28,64262.310034523216,459,Employed,0,2024-05,Bad
11300,4578,25000,2024-02-04,12,44,59964.502498075664,695,Employed,0,2024-02,Good
11301,5529,25000,2024-06-15,24,42,65073.149166985946,643,Self-Employed,0,2024-06,Bad
11302,1199,10000,2024-09-18,24,64,103715.98237560091,837,Employed,0,2024-09,Bad
11303,9643,25000,2024-11-29,36,47,95589.49149398184,772,Self-Employed,0,2024-11,Good
11304,4751,15000,2024-08-07,12,51,57546.18684500249,759,Contractor,0,2024-08,Good
11305,7872,10000,2024-03-05,36,42,70503.2296871944,432,Employed,1,2024-03,Bad
11306,5791,15000,2024-04-19,24,21,43180.376161808934,623,Employed,1,2024-04,Good
11307,3039,25000,2024-12-06,24,61,97765.14782033658,702,Employed,1,2024-12,Bad
11308,6831,25000,2024-01-09,24,28,93519.64501131186,828,Employed,0,2024-01,Bad
11309,9356,5000,2024-06-30,36,26,58222.121290952266,363,Employed,1,2024-06,Bad
11310,8256,15000,2024-02-12,36,46,43685.685281337515,476,Employed,1,2024-02,Good
11311,50,10000,2024-04-29,36,42,20000.0,321,Employed,0,2024-04,Good
11312,6180,25000,2024-11-01,12,23,49434.65250101703,571,Self-Employed,1,2024-11,Good
11313,1675,10000,2024-04-22,24,50,62296.52524021458,318,Employed,1,2024-04,Good
11314,8697,25000,2024-11-14,36,52,20000.0,486,Employed,0,2024-11,Good
11315,1592,25000,2024-09-10,36,54,20000.0,386,Self-Employed,1,2024-09,Bad
11316,4345,5000,2024-08-18,36,53,52711.389654827384,813,Self-Employed,0,2024-08,Good
11317,734,10000,2024-05-15,36,55,20000.0,538,Employed,0,2024-05,Bad
11318,5957,25000,2024-06-16,36,23,51271.83797526057,808,Self-Employed,1,2024-06,Bad
11319,2853,25000,2024-06-27,36,43,67942.68546152396,475,Employed,0,2024-06,Bad
11320,468,5000,2024-09-10,36,62,65850.73965866702,817,Employed,0,2024-09,Bad
11321,2809,25000,2024-02-16,12,53,75242.13359366375,452,Self-Employed,0,2024-02,Good
11322,8702,5000,2024-05-21,36,47,98738.65784584358,601,Employed,0,2024-05,Bad
11323,7562,5000,2024-10-07,12,46,29007.367584549116,627,Employed,0,2024-10,Bad
11324,5560,5000,2024-03-25,12,28,51459.48091727031,812,Employed,0,2024-03,Bad
11325,2774,25000,2024-04-02,24,68,56663.482670455705,668,Contractor,0,2024-04,Good
11326,2858,5000,2024-06-07,24,35,80379.0996069645,343,Employed,1,2024-06,Bad
11327,3230,10000,2024-02-21,12,38,20000.0,770,Self-Employed,0,2024-02,Good
11328,3166,10000,2024-09-16,12,34,47332.33079067485,595,Employed,0,2024-09,Bad
11329,5910,10000,2024-04-27,36,50,52573.68782910794,698,Self-Employed,0,2024-04,Good
11330,1510,10000,2024-02-15,12,55,64904.89665823001,321,Employed,1,2024-02,Good
11331,3511,5000,2024-06-05,36,19,104353.66965081022,532,Employed,0,2024-06,Bad
11332,166,15000,2024-07-11,36,40,64449.12839989324,328,Employed,0,2024-07,Good
11333,3527,25000,2024-04-05,24,55,49322.6793806926,661,Self-Employed,1,2024-04,Good
11334,9594,25000,2024-09-13,12,57,77295.36002719906,619,Employed,0,2024-09,Bad
11335,4004,15000,2024-11-19,36,22,75724.19871371293,634,Employed,0,2024-11,Good
11336,5515,15000,2024-07-05,12,67,53243.60709334107,768,Employed,0,2024-07,Good
11337,1415,25000,2024-08-19,36,64,41771.59148725604,571,Employed,0,2024-08,Good
11338,9568,25000,2024-09-10,24,41,93302.42202086723,322,Contractor,0,2024-09,Bad
11339,3154,15000,2024-03-18,36,53,114634.50988150734,442,Employed,1,2024-03,Bad
11340,6690,10000,2024-06-28,24,40,58672.82897464723,691,Employed,0,2024-06,Bad
11341,8255,5000,2024-09-04,24,36,54661.718529766746,548,Employed,0,2024-09,Bad
11342,2750,25000,2024-11-29,24,51,43665.01314902221,575,Self-Employed,0,2024-11,Good
11343,3975,25000,2024-09-02,24,53,70196.51252667702,413,Employed,0,2024-09,Bad
11344,3858,25000,2024-05-09,24,65,27940.08032510578,492,Self-Employed,1,2024-05,Bad
11345,9735,10000,2024-01-21,12,58,49446.81299109028,602,Employed,0,2024-01,Bad
11346,4404,10000,2024-10-11,12,25,20000.0,827,Employed,0,2024-10,Bad
11347,7673,25000,2024-03-16,36,69,54131.62579689522,829,Employed,0,2024-03,Bad
11348,1829,10000,2024-12-03,24,30,91813.54498931897,610,Employed,0,2024-12,Bad
11349,8290,25000,2024-06-08,24,58,93695.06979399381,413,Self-Employed,1,2024-06,Bad
11350,9518,5000,2024-06-17,12,24,71152.94265941459,787,Employed,0,2024-06,Bad
11351,8039,10000,2024-10-04,12,36,36610.06836186189,515,Employed,0,2024-10,Bad
11352,3456,5000,2024-05-19,24,22,31178.35277589903,746,Employed,0,2024-05,Bad
11353,7504,15000,2024-11-08,12,67,63095.30971772456,721,Employed,1,2024-11,Good
11354,2638,25000,2024-01-08,12,25,81751.2417953881,630,Employed,1,2024-01,Bad
11355,2025,10000,2024-06-04,24,34,35898.73418985437,495,Employed,1,2024-06,Bad
11356,5152,5000,2024-11-08,24,42,51467.522625944,718,Contractor,1,2024-11,Good
11357,2982,10000,2024-06-29,24,57,48930.5904275013,365,Contractor,1,2024-06,Bad
11358,8871,15000,2024-08-01,36,37,54475.3532996706,542,Contractor,1,2024-08,Good
11359,1306,5000,2024-07-22,24,26,94178.01970008244,827,Employed,0,2024-07,Good
11360,3102,15000,2024-08-28,36,21,112231.9698875999,846,Employed,0,2024-08,Good
11361,9982,15000,2024-01-17,12,61,59332.66825253202,695,Contractor,0,2024-01,Bad
11362,7015,5000,2024-10-03,24,45,56719.017278040126,507,Employed,1,2024-10,Bad
11363,6840,10000,2024-02-20,12,62,39917.454225612586,532,Employed,1,2024-02,Good
11364,5685,5000,2024-07-30,12,54,97228.29588593612,390,Employed,1,2024-07,Good
11365,3975,15000,2024-02-23,36,53,70196.51252667702,413,Employed,0,2024-02,Good
11366,7116,25000,2024-11-11,24,37,85950.35136340777,840,Self-Employed,0,2024-11,Good
11367,2967,5000,2024-02-13,36,30,48733.58446659513,558,Employed,1,2024-02,Good
11368,5044,25000,2024-11-28,12,49,51977.67740240592,424,Employed,0,2024-11,Good
11369,3221,10000,2024-08-20,36,23,52985.63966993814,536,Employed,0,2024-08,Good
11370,1100,5000,2024-01-29,24,31,105581.41726320135,483,Employed,0,2024-01,Bad
11371,5078,25000,2024-06-19,24,63,75647.77417753529,791,Employed,0,2024-06,Bad
11372,3653,15000,2024-03-01,12,69,96658.25669890722,575,Employed,0,2024-03,Bad
11373,4645,10000,2024-03-01,24,29,35276.472048666285,797,Employed,0,2024-03,Bad
11374,9863,25000,2024-11-23,36,26,76826.13182095003,391,Contractor,1,2024-11,Good
11375,6205,10000,2024-01-20,36,57,70521.0442572588,348,Employed,1,2024-01,Bad
11376,3203,5000,2024-02-25,12,46,28531.040186732665,603,Employed,0,2024-02,Good
11377,8705,25000,2024-06-24,12,37,49816.92386322712,711,Employed,0,2024-06,Bad
11378,9276,5000,2024-11-25,36,46,83557.21268945759,628,Employed,0,2024-11,Good
11379,4998,5000,2024-09-05,12,26,107817.7852819068,839,Employed,0,2024-09,Bad
11380,6524,15000,2024-07-22,36,34,79277.5657147842,678,Employed,0,2024-07,Good
11381,1863,25000,2024-07-02,36,35,39967.133645050824,394,Self-Employed,1,2024-07,Good
11382,6491,25000,2024-02-15,36,47,70946.87890872169,323,Contractor,1,2024-02,Good
11383,7610,25000,2024-02-14,36,60,68086.43890422856,735,Employed,0,2024-02,Good
11384,9992,10000,2024-02-11,12,35,89614.24614892996,627,Employed,0,2024-02,Good
11385,3959,10000,2024-01-08,36,63,47333.27239817149,687,Employed,0,2024-01,Bad
11386,4009,10000,2024-12-05,24,29,57443.26519793684,511,Employed,0,2024-12,Bad
11387,1977,10000,2024-01-14,12,51,49545.98878290931,303,Contractor,0,2024-01,Bad
11388,9351,25000,2024-08-16,36,29,33749.35861030989,713,Self-Employed,0,2024-08,Good
11389,6471,25000,2024-10-08,12,35,103857.06104027564,741,Contractor,0,2024-10,Bad
11390,9650,10000,2024-04-11,24,40,65400.91657533696,306,Employed,0,2024-04,Good
11391,654,15000,2024-10-23,24,29,127522.51244835704,583,Employed,1,2024-10,Bad
11392,5494,25000,2024-08-24,36,44,79383.91811300314,523,Employed,0,2024-08,Good
11393,6287,10000,2024-01-29,24,59,62300.40784968474,616,Self-Employed,1,2024-01,Bad
11394,3794,5000,2024-07-09,36,58,87552.2827897067,396,Employed,1,2024-07,Good
11395,6538,15000,2024-09-25,36,61,86040.80639412688,559,Employed,0,2024-09,Bad
11396,8675,25000,2024-12-19,12,63,20723.579941570446,670,Employed,1,2024-12,Bad
11397,7131,15000,2024-10-29,36,47,48836.788013087134,703,Employed,1,2024-10,Bad
11398,1661,10000,2024-08-03,36,60,21225.6106398693,534,Employed,0,2024-08,Good
11399,951,5000,2024-09-04,36,58,37420.390469172664,461,Employed,1,2024-09,Bad
11400,8604,5000,2024-10-03,36,37,84981.16143793112,529,Employed,1,2024-10,Bad
11401,354,10000,2024-12-16,36,55,116705.65103764558,475,Employed,1,2024-12,Bad
11402,2480,15000,2024-01-12,36,28,81591.15867582103,737,Contractor,0,2024-01,Bad
11403,4099,25000,2024-04-15,36,18,57318.844358456714,679,Employed,0,2024-04,Good
11404,7100,10000,2024-01-24,12,60,57887.242391519445,550,Employed,0,2024-01,Bad
11405,4081,15000,2024-10-03,12,47,71419.58143311807,706,Employed,1,2024-10,Bad
11406,4227,10000,2024-01-04,36,26,103309.50956469055,382,Self-Employed,0,2024-01,Bad
11407,1099,5000,2024-10-07,12,43,40038.97867808204,816,Employed,1,2024-10,Bad
11408,1348,25000,2024-01-08,36,37,49208.711887158905,334,Employed,1,2024-01,Bad
11409,1974,10000,2024-06-12,36,18,107338.6783353418,502,Employed,0,2024-06,Bad
11410,1024,5000,2024-10-16,24,35,55300.8757773137,380,Employed,1,2024-10,Bad
11411,4256,10000,2024-04-23,12,60,91257.98880690888,374,Contractor,1,2024-04,Good
11412,6161,5000,2024-02-19,24,32,59383.00245925325,320,Employed,0,2024-02,Good
11413,9611,5000,2024-08-25,36,44,47249.372829622465,385,Employed,1,2024-08,Good
11414,4452,25000,2024-12-12,36,45,86792.56463997034,596,Employed,0,2024-12,Bad
11415,1056,5000,2024-10-10,36,48,25484.90147977078,817,Contractor,0,2024-10,Bad
11416,2531,25000,2024-03-02,12,27,59326.43834655189,461,Self-Employed,0,2024-03,Bad
11417,1648,25000,2024-12-14,12,35,44939.24900337908,335,Contractor,1,2024-12,Bad
11418,2821,5000,2024-05-06,12,24,48574.1190745669,616,Employed,0,2024-05,Bad
11419,9049,5000,2024-08-08,12,24,69581.04776146797,403,Employed,0,2024-08,Good
11420,7826,25000,2024-07-20,24,60,31669.573651225102,592,Employed,1,2024-07,Good
11421,7683,10000,2024-10-26,24,59,37430.59065449202,551,Employed,0,2024-10,Bad
11422,4892,10000,2024-06-08,12,21,59688.7074321736,437,Employed,0,2024-06,Bad
11423,3010,10000,2024-01-08,12,63,91498.75424405941,405,Employed,0,2024-01,Bad
11424,802,15000,2024-05-04,24,47,66195.63299461707,377,Contractor,1,2024-05,Bad
11425,342,5000,2024-03-30,12,25,41780.19796368854,530,Self-Employed,0,2024-03,Bad
11426,4502,25000,2024-08-31,36,61,39867.12185006912,384,Self-Employed,1,2024-08,Good
11427,9589,15000,2024-07-13,36,40,88987.40191498603,369,Contractor,1,2024-07,Good
11428,1310,5000,2024-04-15,12,58,38090.47031494854,739,Employed,0,2024-04,Good
11429,6704,25000,2024-07-24,12,62,92081.5444073576,379,Contractor,1,2024-07,Good
11430,577,5000,2024-03-11,36,48,39092.26881565574,555,Employed,0,2024-03,Bad
11431,4317,10000,2024-12-22,12,35,20000.0,481,Employed,1,2024-12,Bad
11432,4029,15000,2024-02-01,36,28,43008.90811121898,679,Employed,0,2024-02,Good
11433,2195,25000,2024-06-14,36,47,85017.54868863942,353,Employed,0,2024-06,Bad
11434,4051,5000,2024-07-30,12,34,65558.76387415914,410,Contractor,1,2024-07,Good
11435,9396,25000,2024-01-10,12,41,38079.5756593236,388,Employed,1,2024-01,Bad
11436,5630,25000,2024-11-30,36,34,65005.598699894705,436,Employed,1,2024-11,Good
11437,5417,25000,2024-07-16,12,43,92162.00307225954,632,Employed,0,2024-07,Good
11438,8683,10000,2024-09-03,12,35,47966.20983911975,636,Self-Employed,0,2024-09,Bad
11439,6497,25000,2024-08-04,24,48,79623.8373271611,683,Employed,0,2024-08,Good
11440,5107,15000,2024-05-08,24,30,40476.33182466576,600,Employed,0,2024-05,Bad
11441,4966,15000,2024-07-16,36,50,71273.77551780107,752,Employed,0,2024-07,Good
11442,2482,5000,2024-11-28,36,48,51117.987577366766,682,Self-Employed,0,2024-11,Good
11443,740,5000,2024-03-15,36,64,20515.026737319487,531,Employed,0,2024-03,Bad
11444,510,25000,2024-03-30,24,68,69042.46316761883,561,Employed,1,2024-03,Bad
11445,594,10000,2024-10-07,36,24,105918.49904576599,605,Contractor,0,2024-10,Bad
11446,8947,15000,2024-02-21,36,51,70741.07638919492,441,Self-Employed,0,2024-02,Good
11447,9655,25000,2024-11-03,24,52,71154.59860739918,580,Employed,1,2024-11,Good
11448,5294,15000,2024-01-12,36,61,59985.720483605786,478,Employed,0,2024-01,Bad
11449,3003,5000,2024-02-15,12,58,68539.89466849707,404,Employed,0,2024-02,Good
11450,8007,10000,2024-05-16,24,50,68019.26163878404,518,Contractor,0,2024-05,Bad
11451,105,15000,2024-10-27,36,26,59473.938411573734,331,Contractor,0,2024-10,Bad
11452,9785,5000,2024-10-18,36,37,67518.39520303362,435,Self-Employed,1,2024-10,Bad
11453,4884,15000,2024-05-16,12,58,57456.67365103411,389,Employed,0,2024-05,Bad
11454,3823,25000,2024-04-06,24,60,108607.77786857777,676,Contractor,0,2024-04,Good
11455,7755,15000,2024-06-10,12,24,90897.90523580085,306,Self-Employed,1,2024-06,Bad
11456,5414,15000,2024-03-28,12,67,58217.585921308986,533,Employed,1,2024-03,Bad
11457,2843,25000,2024-02-22,36,54,105930.29111757132,693,Employed,0,2024-02,Good
11458,393,10000,2024-04-18,36,49,54754.96890516167,343,Employed,1,2024-04,Good
11459,6566,10000,2024-02-14,36,50,85638.92687173912,799,Employed,0,2024-02,Good
11460,4977,25000,2024-12-18,12,43,78893.55445107231,759,Contractor,0,2024-12,Bad
11461,4314,10000,2024-06-09,24,25,26756.27612489771,834,Employed,0,2024-06,Bad
11462,2201,10000,2024-10-11,36,19,45515.616868497076,832,Employed,0,2024-10,Bad
11463,8882,25000,2024-10-30,12,23,58807.320039137565,545,Contractor,0,2024-10,Bad
11464,6091,15000,2024-03-22,36,28,110768.59562078155,711,Contractor,1,2024-03,Bad
11465,1661,10000,2024-11-10,12,60,21225.6106398693,534,Employed,1,2024-11,Good
11466,3963,5000,2024-11-13,24,28,75880.28820724005,586,Employed,0,2024-11,Good
11467,7522,5000,2024-09-11,12,48,82085.36683900077,484,Employed,1,2024-09,Bad
11468,6394,25000,2024-10-17,24,34,84391.88249039224,534,Employed,0,2024-10,Bad
11469,9595,5000,2024-11-10,12,43,84334.99540169028,744,Contractor,1,2024-11,Good
11470,5038,5000,2024-07-05,24,62,67386.55103395741,496,Employed,0,2024-07,Good
11471,6884,25000,2024-03-29,24,27,83135.47067894416,541,Employed,0,2024-03,Bad
11472,7313,5000,2024-01-25,24,58,82691.95610068107,780,Employed,0,2024-01,Bad
11473,8026,5000,2024-02-22,24,34,34681.484628129874,607,Contractor,1,2024-02,Good
11474,3253,15000,2024-03-18,36,53,26743.02160175531,811,Employed,0,2024-03,Bad
11475,3331,25000,2024-04-23,36,39,45324.09302666753,615,Employed,0,2024-04,Good
11476,6628,10000,2024-12-13,12,53,91537.72892939611,501,Employed,0,2024-12,Bad
11477,6978,25000,2024-11-07,36,32,65708.00659194411,490,Self-Employed,0,2024-11,Good
11478,7380,5000,2024-09-14,24,40,62766.603363223854,804,Employed,1,2024-09,Bad
11479,3826,5000,2024-05-24,36,32,75228.52306939985,413,Employed,1,2024-05,Bad
11480,8743,10000,2024-07-14,24,58,50216.265505043055,478,Employed,0,2024-07,Good
11481,1945,10000,2024-10-30,36,58,27611.4615875449,394,Contractor,1,2024-10,Bad
11482,5470,15000,2024-12-13,12,63,26875.37649639851,404,Self-Employed,1,2024-12,Bad
11483,8495,5000,2024-04-11,12,62,54254.17942130366,446,Employed,1,2024-04,Good
11484,8610,5000,2024-10-16,24,53,83986.05434556457,790,Employed,0,2024-10,Bad
11485,2116,5000,2024-12-17,24,31,51815.2734590095,539,Self-Employed,0,2024-12,Bad
11486,2105,15000,2024-06-17,36,24,29940.76791440438,401,Employed,1,2024-06,Bad
11487,5590,25000,2024-04-04,36,46,67318.57664448881,686,Employed,0,2024-04,Good
11488,2647,10000,2024-09-18,24,57,27870.345932501696,626,Employed,0,2024-09,Bad
11489,830,15000,2024-09-18,12,22,39096.41070062008,606,Self-Employed,0,2024-09,Bad
11490,3111,15000,2024-01-28,12,55,105974.01318999584,522,Employed,0,2024-01,Bad
11491,5368,5000,2024-05-15,24,69,65153.28626088067,587,Contractor,0,2024-05,Bad
11492,1138,10000,2024-05-08,12,28,89098.13557638928,719,Self-Employed,0,2024-05,Bad
11493,9932,25000,2024-12-01,24,60,42427.249823801816,364,Self-Employed,1,2024-12,Bad
11494,5046,5000,2024-09-30,36,64,59135.52425952031,303,Employed,1,2024-09,Bad
11495,5243,15000,2024-08-09,12,64,58009.68200238308,647,Employed,0,2024-08,Good
11496,2643,15000,2024-12-01,12,62,63172.317449776536,744,Employed,0,2024-12,Bad
11497,6357,10000,2024-05-02,24,34,69086.19366543693,653,Self-Employed,0,2024-05,Bad
11498,787,10000,2024-04-01,36,30,21743.431737891377,559,Self-Employed,0,2024-04,Good
11499,2550,10000,2024-01-11,12,49,29428.077304711143,793,Employed,1,2024-01,Bad
11500,3247,5000,2024-01-06,12,42,60445.985403551895,393,Contractor,0,2024-01,Bad
11501,5395,15000,2024-08-15,36,30,67958.75164137944,777,Employed,0,2024-08,Good
11502,5356,10000,2024-01-22,36,51,60378.08109386836,576,Employed,1,2024-01,Bad
11503,5666,25000,2024-08-02,24,36,87588.01709508753,565,Employed,0,2024-08,Good
11504,5773,10000,2024-10-10,12,35,43735.865262414154,375,Employed,1,2024-10,Bad
11505,3609,10000,2024-04-24,12,63,96666.5313299603,504,Self-Employed,1,2024-04,Good
11506,5217,5000,2024-08-01,36,27,54997.00846747172,471,Employed,0,2024-08,Good
11507,2069,5000,2024-05-20,36,50,31688.79130263585,429,Employed,0,2024-05,Bad
11508,2338,5000,2024-06-27,12,21,21519.871195679996,849,Employed,0,2024-06,Bad
11509,1817,5000,2024-01-01,36,34,36753.753569536006,477,Employed,1,2024-01,Bad
11510,5202,10000,2024-01-29,24,19,104171.36768034464,709,Contractor,0,2024-01,Bad
11511,1803,15000,2024-10-24,24,32,65403.11969751181,598,Employed,0,2024-10,Bad
11512,1811,25000,2024-10-11,36,54,59054.82406435151,354,Employed,1,2024-10,Bad
11513,6050,25000,2024-12-15,12,37,111269.52856089333,808,Employed,0,2024-12,Bad
11514,1922,15000,2024-11-11,36,52,106821.70504746324,316,Employed,1,2024-11,Good
11515,6430,25000,2024-04-14,12,69,38172.71679093462,627,Employed,0,2024-04,Good
11516,4717,10000,2024-06-10,24,21,79243.97299260448,326,Employed,1,2024-06,Bad
11517,728,15000,2024-02-09,24,20,65942.41432809808,705,Employed,0,2024-02,Good
11518,8413,5000,2024-12-14,24,34,100998.85103571576,701,Employed,1,2024-12,Bad
11519,4878,5000,2024-08-09,12,45,51222.09399898428,614,Self-Employed,0,2024-08,Good
11520,8050,5000,2024-02-21,36,47,49372.31448265868,424,Employed,1,2024-02,Good
11521,4173,10000,2024-03-04,12,53,21386.677784848645,693,Employed,1,2024-03,Bad
11522,7895,5000,2024-01-04,12,47,37870.65804160638,747,Employed,0,2024-01,Bad
11523,2653,5000,2024-01-18,24,47,51775.039644921824,595,Contractor,1,2024-01,Bad
11524,9559,5000,2024-12-07,36,35,96398.42600039241,796,Employed,0,2024-12,Bad
11525,8524,25000,2024-01-10,12,38,67626.89928020738,694,Self-Employed,0,2024-01,Bad
11526,7462,15000,2024-09-26,36,51,84204.85320264619,579,Employed,0,2024-09,Bad
11527,7263,25000,2024-12-16,12,62,56185.17257338982,766,Employed,0,2024-12,Bad
11528,1405,10000,2024-04-08,12,20,38995.03222611317,797,Employed,0,2024-04,Good
11529,9150,10000,2024-10-28,24,43,77546.30123399728,715,Self-Employed,0,2024-10,Bad
11530,3512,10000,2024-07-12,24,52,56352.3179833293,527,Employed,0,2024-07,Good
11531,5210,25000,2024-11-12,24,47,36523.462309591225,537,Employed,0,2024-11,Good
11532,529,15000,2024-02-03,36,56,51836.707822598924,677,Employed,0,2024-02,Good
11533,9060,5000,2024-12-14,12,46,42528.15472806676,690,Employed,0,2024-12,Bad
11534,1937,10000,2024-11-21,24,51,64940.7770966798,487,Employed,1,2024-11,Good
11535,741,10000,2024-03-05,36,38,41500.80427124834,602,Employed,0,2024-03,Bad
11536,9499,25000,2024-06-11,36,58,62361.87653072615,389,Contractor,1,2024-06,Bad
11537,3417,5000,2024-06-24,12,45,60319.316962328,365,Employed,1,2024-06,Bad
11538,1758,5000,2024-02-16,24,22,63963.20555002131,629,Employed,0,2024-02,Good
11539,1257,25000,2024-08-05,24,43,66095.71998651071,362,Employed,0,2024-08,Good
11540,1376,25000,2024-08-08,24,67,31369.758229784937,590,Employed,1,2024-08,Good
11541,8908,25000,2024-01-11,24,47,57647.64229028416,794,Employed,0,2024-01,Bad
11542,8625,15000,2024-07-08,36,22,87090.6137242743,836,Self-Employed,0,2024-07,Good
11543,8449,10000,2024-03-26,24,64,44289.91945629372,613,Employed,1,2024-03,Bad
11544,6541,10000,2024-02-02,24,28,59203.28733435525,615,Employed,1,2024-02,Good
11545,8117,10000,2024-04-04,36,29,103572.20263847796,505,Self-Employed,0,2024-04,Good
11546,2837,15000,2024-11-25,12,38,57512.124061313065,779,Employed,0,2024-11,Good
11547,2305,25000,2024-06-29,12,67,20000.0,417,Employed,1,2024-06,Bad
11548,7117,10000,2024-10-10,36,45,62482.60317957058,621,Employed,1,2024-10,Bad
11549,6973,10000,2024-01-23,36,38,50903.7917035035,514,Employed,0,2024-01,Bad
11550,3843,10000,2024-02-18,24,26,61541.61794959055,674,Employed,0,2024-02,Good
11551,7581,15000,2024-11-27,12,33,40858.302153819226,506,Employed,1,2024-11,Good
11552,4784,25000,2024-08-08,12,56,96856.80646835925,409,Employed,0,2024-08,Good
11553,9662,10000,2024-01-02,24,62,70284.51636614912,522,Contractor,0,2024-01,Bad
11554,1049,10000,2024-03-17,24,23,40832.45273243351,418,Employed,1,2024-03,Bad
11555,9153,15000,2024-12-21,24,41,51954.236462796296,544,Employed,0,2024-12,Bad
11556,5916,25000,2024-04-20,24,29,52928.05701772163,801,Self-Employed,0,2024-04,Good
11557,7284,25000,2024-06-02,36,60,81557.65355920755,652,Employed,0,2024-06,Bad
11558,7774,10000,2024-05-24,36,23,105369.58135618319,840,Employed,0,2024-05,Bad
11559,9364,5000,2024-10-25,24,30,73494.57555348075,696,Self-Employed,1,2024-10,Bad
11560,2985,15000,2024-04-06,12,67,86504.56595987892,612,Employed,0,2024-04,Good
11561,8928,5000,2024-11-10,12,33,88898.45150445777,568,Self-Employed,1,2024-11,Good
11562,8117,5000,2024-08-01,12,29,103572.20263847796,505,Self-Employed,0,2024-08,Good
11563,8825,10000,2024-11-17,12,69,28169.834253118337,828,Employed,0,2024-11,Good
11564,8479,10000,2024-03-14,12,38,60632.22405175064,435,Employed,1,2024-03,Bad
11565,1349,10000,2024-10-21,24,39,72280.06887845081,474,Employed,1,2024-10,Bad
11566,6344,15000,2024-01-26,12,52,20000.0,800,Employed,0,2024-01,Bad
11567,6095,15000,2024-08-09,36,62,83812.08442685546,639,Employed,1,2024-08,Good
11568,5933,15000,2024-07-21,36,40,53506.46512342402,751,Employed,0,2024-07,Good
11569,179,5000,2024-10-04,12,19,57370.278862981206,626,Employed,0,2024-10,Bad
11570,1912,15000,2024-12-09,36,18,49818.46464784789,842,Employed,0,2024-12,Bad
11571,1500,25000,2024-01-29,24,35,29039.720830136022,629,Self-Employed,1,2024-01,Bad
11572,4513,15000,2024-04-24,12,23,69249.36349373174,773,Employed,0,2024-04,Good
11573,2676,10000,2024-09-22,24,38,64613.20898183151,848,Employed,0,2024-09,Bad
11574,2171,5000,2024-04-19,36,51,91251.22603883567,355,Contractor,1,2024-04,Good
11575,2333,15000,2024-06-01,12,29,65350.12418428452,404,Self-Employed,0,2024-06,Bad
11576,3990,10000,2024-04-27,24,34,67046.10836323847,336,Employed,1,2024-04,Good
11577,2755,10000,2024-05-02,24,62,37559.72544310683,542,Employed,0,2024-05,Bad
11578,2051,25000,2024-07-23,24,49,71187.01369100262,522,Self-Employed,0,2024-07,Good
11579,8454,25000,2024-11-17,24,33,96638.07303546352,813,Employed,0,2024-11,Good
11580,9687,15000,2024-09-07,24,29,48796.68915280556,450,Employed,0,2024-09,Bad
11581,332,5000,2024-05-13,36,33,74982.94004297827,826,Employed,0,2024-05,Bad
11582,4357,5000,2024-09-08,12,46,44040.95299997981,384,Employed,0,2024-09,Bad
11583,2820,15000,2024-01-01,24,31,37167.62914713423,466,Self-Employed,1,2024-01,Bad
11584,4543,15000,2024-10-10,24,30,86719.95845763873,465,Employed,1,2024-10,Bad
11585,4869,15000,2024-08-01,36,29,52884.28588499797,817,Employed,1,2024-08,Good
11586,8125,5000,2024-05-03,12,29,44610.205719521255,744,Employed,0,2024-05,Bad
11587,6623,25000,2024-07-15,12,31,111571.72803500443,836,Employed,0,2024-07,Good
11588,6584,5000,2024-01-20,12,42,61471.25819142986,536,Employed,0,2024-01,Bad
11589,7078,10000,2024-11-27,12,27,91649.09299329565,459,Employed,1,2024-11,Good
11590,6423,25000,2024-12-12,12,69,40178.28236553255,819,Employed,0,2024-12,Bad
11591,1159,10000,2024-11-09,36,31,88852.12755391569,385,Employed,1,2024-11,Good
11592,294,5000,2024-06-17,24,66,110035.7524816622,508,Employed,0,2024-06,Bad
11593,6349,10000,2024-04-07,12,52,72574.29683968208,393,Employed,1,2024-04,Good
11594,5817,5000,2024-05-25,12,20,78030.39477971812,751,Employed,1,2024-05,Bad
11595,8485,25000,2024-06-10,24,36,56300.26126011042,764,Employed,0,2024-06,Bad
11596,1162,25000,2024-03-06,24,42,56097.69878452362,540,Self-Employed,0,2024-03,Bad
11597,8603,25000,2024-09-01,12,59,48474.452961432195,730,Employed,0,2024-09,Bad
11598,509,10000,2024-12-24,36,33,47514.63649691781,843,Self-Employed,0,2024-12,Bad
11599,5177,15000,2024-11-16,24,59,76950.94537980709,484,Contractor,0,2024-11,Good
11600,4880,25000,2024-05-05,24,22,43563.93926131958,767,Employed,0,2024-05,Bad
11601,1394,5000,2024-08-07,36,63,67113.1745946081,693,Employed,1,2024-08,Good
11602,5532,10000,2024-12-26,24,36,51808.65559554157,504,Employed,0,2024-12,Bad
11603,707,25000,2024-10-09,24,23,94653.63685105747,397,Employed,1,2024-10,Bad
11604,1299,15000,2024-01-30,12,18,89103.89710429947,709,Contractor,0,2024-01,Bad
11605,7614,25000,2024-03-26,24,39,51432.57815243466,807,Contractor,0,2024-03,Bad
11606,3859,10000,2024-11-27,24,49,46216.36325991574,479,Employed,1,2024-11,Good
11607,3108,10000,2024-09-12,36,52,79514.19217589038,386,Employed,1,2024-09,Bad
11608,4720,15000,2024-08-12,24,55,96717.84736441425,623,Self-Employed,0,2024-08,Good
11609,741,15000,2024-10-23,36,38,41500.80427124834,602,Employed,0,2024-10,Bad
11610,3900,5000,2024-08-27,36,67,88898.39555826905,638,Contractor,0,2024-08,Good
11611,5606,25000,2024-09-13,36,45,89055.26446452746,526,Self-Employed,0,2024-09,Bad
11612,1435,10000,2024-05-12,24,27,123117.47285808544,726,Employed,1,2024-05,Bad
11613,5543,15000,2024-05-12,36,28,41139.03434272592,392,Employed,1,2024-05,Bad
11614,1322,10000,2024-03-11,12,44,111686.55010403377,560,Employed,0,2024-03,Bad
11615,7210,15000,2024-12-05,24,49,32233.855392390684,418,Self-Employed,0,2024-12,Bad
11616,9203,5000,2024-10-08,24,37,50282.70751326815,444,Employed,1,2024-10,Bad
11617,176,25000,2024-10-31,36,68,65486.45638797208,422,Employed,1,2024-10,Bad
11618,7071,15000,2024-11-21,36,58,54942.24943118193,769,Employed,0,2024-11,Good
11619,9513,10000,2024-03-30,36,31,72403.33974714013,613,Employed,1,2024-03,Bad
11620,2472,10000,2024-11-12,36,35,94471.64842592347,407,Employed,0,2024-11,Good
11621,1440,5000,2024-09-15,12,36,64807.77510696576,573,Employed,0,2024-09,Bad
11622,5939,5000,2024-06-15,24,62,40231.577031467896,500,Employed,0,2024-06,Bad
11623,5148,15000,2024-03-18,36,42,62921.66185696265,417,Employed,0,2024-03,Bad
11624,209,25000,2024-06-25,12,61,20000.0,341,Employed,1,2024-06,Bad
11625,248,15000,2024-09-26,36,41,67445.67936769806,761,Employed,0,2024-09,Bad
11626,2895,10000,2024-01-20,12,62,91001.44726983472,592,Contractor,0,2024-01,Bad
11627,790,15000,2024-05-16,24,46,66150.15966840852,831,Employed,0,2024-05,Bad
11628,4081,5000,2024-07-09,12,47,71419.58143311807,706,Employed,0,2024-07,Good
11629,1747,15000,2024-09-18,36,62,50224.538606664195,592,Employed,0,2024-09,Bad
11630,2562,5000,2024-04-11,24,20,84705.10351992966,727,Employed,0,2024-04,Good
11631,1118,10000,2024-04-14,36,57,35742.982340080634,822,Employed,0,2024-04,Good
11632,9049,25000,2024-10-25,24,24,69581.04776146797,403,Employed,1,2024-10,Bad
11633,2970,15000,2024-11-15,36,33,57310.71457210502,785,Employed,0,2024-11,Good
11634,2855,5000,2024-04-06,12,51,132758.29110837233,503,Self-Employed,1,2024-04,Good
11635,9233,15000,2024-10-26,24,33,20000.0,422,Employed,1,2024-10,Bad
11636,5787,5000,2024-01-05,12,30,66644.61723686874,587,Employed,0,2024-01,Bad
11637,6321,5000,2024-05-20,12,27,48382.47737122465,721,Employed,0,2024-05,Bad
11638,3203,5000,2024-05-22,36,46,28531.040186732665,603,Employed,0,2024-05,Bad
11639,298,15000,2024-08-24,24,29,65392.44489894396,756,Employed,0,2024-08,Good
11640,9190,5000,2024-07-02,12,29,59746.10989522813,558,Self-Employed,0,2024-07,Good
11641,2664,15000,2024-07-19,36,29,76762.74618446392,528,Employed,0,2024-07,Good
11642,2316,5000,2024-12-11,36,64,62391.03876404784,821,Self-Employed,0,2024-12,Bad
11643,4596,25000,2024-01-30,12,46,104769.89355428131,691,Employed,0,2024-01,Bad
11644,7960,5000,2024-11-07,12,69,35819.76285964102,435,Employed,0,2024-11,Good
11645,7708,15000,2024-05-03,12,58,77634.72529330342,513,Employed,1,2024-05,Bad
11646,3559,15000,2024-11-19,36,37,45108.62165435481,410,Self-Employed,1,2024-11,Good
11647,9106,15000,2024-05-04,24,58,92695.58206042001,486,Contractor,0,2024-05,Bad
11648,3429,10000,2024-10-29,36,36,42433.6410003045,767,Contractor,0,2024-10,Bad
11649,4742,25000,2024-10-10,12,38,87296.94086425686,776,Employed,0,2024-10,Bad
11650,1005,25000,2024-10-19,36,54,46565.50241255104,325,Employed,1,2024-10,Bad
11651,9502,25000,2024-11-25,24,27,78493.09199345768,492,Self-Employed,1,2024-11,Good
11652,2594,10000,2024-03-13,36,66,108258.04537142921,616,Employed,0,2024-03,Bad
11653,2771,10000,2024-09-07,36,40,63415.25369912973,660,Employed,1,2024-09,Bad
11654,5818,25000,2024-05-06,36,29,20000.0,405,Employed,0,2024-05,Bad
11655,5064,5000,2024-10-18,36,35,20447.12295037928,388,Self-Employed,1,2024-10,Bad
11656,3403,5000,2024-08-09,36,23,39898.00917612431,533,Employed,1,2024-08,Good
11657,2741,25000,2024-11-26,12,20,44922.229151167136,448,Employed,0,2024-11,Good
11658,9114,5000,2024-06-01,24,40,80457.2325827677,772,Employed,0,2024-06,Bad
11659,9913,15000,2024-11-26,12,35,81683.88211136695,488,Employed,0,2024-11,Good
11660,8095,10000,2024-10-23,36,58,84650.43227035522,372,Employed,1,2024-10,Bad
11661,6171,25000,2024-07-01,36,40,74678.70790152266,677,Employed,0,2024-07,Good
11662,3184,5000,2024-03-09,36,27,67257.74498016087,623,Employed,1,2024-03,Bad
11663,9708,25000,2024-08-06,24,69,69125.6315609678,368,Contractor,0,2024-08,Good
11664,7985,25000,2024-02-26,12,60,73176.88045133269,454,Contractor,0,2024-02,Good
11665,7305,15000,2024-01-03,12,35,75230.31446516367,447,Employed,0,2024-01,Bad
11666,4743,10000,2024-10-30,36,38,34324.648067786606,368,Self-Employed,1,2024-10,Bad
11667,3853,10000,2024-02-28,12,32,25765.26011563291,447,Self-Employed,0,2024-02,Good
11668,6666,25000,2024-10-18,24,49,27900.52351331456,671,Employed,0,2024-10,Bad
11669,9326,15000,2024-07-01,12,65,61825.30466987549,479,Employed,0,2024-07,Good
11670,1503,5000,2024-03-19,36,53,75986.31726144976,683,Employed,0,2024-03,Bad
11671,1637,10000,2024-11-28,12,65,20000.0,526,Self-Employed,0,2024-11,Good
11672,1810,25000,2024-06-17,12,23,47427.214049010814,330,Employed,1,2024-06,Bad
11673,8459,5000,2024-03-14,12,20,20000.0,462,Employed,1,2024-03,Bad
11674,4874,25000,2024-02-28,12,34,91167.8178443941,800,Employed,0,2024-02,Good
11675,668,5000,2024-06-10,24,52,98201.42222467418,504,Employed,0,2024-06,Bad
11676,7381,5000,2024-01-30,36,46,92801.17105258016,362,Self-Employed,1,2024-01,Bad
11677,7477,5000,2024-03-29,12,65,51095.88576445001,626,Employed,1,2024-03,Bad
11678,8246,5000,2024-11-13,12,41,52637.550654625564,539,Employed,1,2024-11,Good
11679,2822,5000,2024-03-10,12,54,89863.95589354054,482,Contractor,1,2024-03,Bad
11680,3946,5000,2024-11-06,24,51,73396.18161800172,386,Employed,1,2024-11,Good
11681,4491,15000,2024-12-22,36,30,50252.11509375167,468,Self-Employed,0,2024-12,Bad
11682,4608,5000,2024-04-09,24,43,71721.2696600248,525,Employed,1,2024-04,Good
11683,8993,5000,2024-04-05,36,35,68236.1660636861,330,Employed,0,2024-04,Good
11684,4421,10000,2024-10-04,12,21,78358.68033634461,530,Self-Employed,1,2024-10,Bad
11685,2027,10000,2024-12-18,36,38,43509.66215303865,405,Employed,0,2024-12,Bad
11686,8366,5000,2024-01-22,36,32,60780.70151405226,708,Employed,0,2024-01,Bad
11687,6349,25000,2024-12-21,36,52,72574.29683968208,393,Employed,0,2024-12,Bad
11688,55,10000,2024-03-22,12,19,65078.69317265817,732,Employed,1,2024-03,Bad
11689,5867,15000,2024-08-07,24,34,20000.0,632,Employed,1,2024-08,Good
11690,8902,15000,2024-10-05,12,64,63707.55151561921,371,Employed,1,2024-10,Bad
11691,7475,15000,2024-03-14,24,68,52594.85310646232,775,Employed,1,2024-03,Bad
11692,7449,10000,2024-03-06,24,23,42901.926254291364,699,Employed,0,2024-03,Bad
11693,9833,15000,2024-09-26,24,51,49510.000497407746,720,Employed,1,2024-09,Bad
11694,1815,15000,2024-05-26,24,22,89926.48391134103,335,Employed,1,2024-05,Bad
11695,9906,25000,2024-11-20,24,28,54543.77711800422,425,Employed,1,2024-11,Good
11696,7148,25000,2024-09-06,12,67,88731.57935705772,507,Employed,1,2024-09,Bad
11697,4237,10000,2024-06-24,12,36,62920.70570163451,713,Self-Employed,1,2024-06,Bad
11698,7113,5000,2024-04-05,24,26,76283.68869661582,414,Employed,1,2024-04,Good
11699,4254,25000,2024-11-25,36,38,51714.714971539375,512,Employed,0,2024-11,Good
11700,105,5000,2024-05-12,12,26,59473.938411573734,331,Contractor,0,2024-05,Bad
11701,4385,25000,2024-07-24,24,24,58827.04181276364,454,Employed,1,2024-07,Good
11702,7862,25000,2024-08-21,24,24,57969.68844279279,366,Self-Employed,1,2024-08,Good
11703,1209,25000,2024-06-19,36,50,83634.01810194689,432,Employed,0,2024-06,Bad
11704,2996,25000,2024-11-26,36,38,73176.80937194613,770,Employed,1,2024-11,Good
11705,7643,5000,2024-06-15,24,41,45696.27590720144,508,Employed,1,2024-06,Bad
11706,4321,10000,2024-12-23,36,61,52734.694149333685,504,Self-Employed,1,2024-12,Bad
11707,1907,5000,2024-11-10,12,34,37527.09363179516,444,Self-Employed,1,2024-11,Good
11708,1711,15000,2024-08-24,24,62,101744.6064696874,303,Employed,0,2024-08,Good
11709,4180,5000,2024-08-25,12,67,65938.82691651407,560,Employed,0,2024-08,Good
11710,9784,15000,2024-04-03,24,51,85058.31944711164,440,Employed,1,2024-04,Good
11711,2140,5000,2024-06-28,12,54,24362.693245004186,638,Contractor,0,2024-06,Bad
11712,8,5000,2024-12-15,24,56,80899.19376779345,330,Employed,0,2024-12,Bad
11713,3646,25000,2024-08-26,12,29,70296.9794707221,587,Employed,1,2024-08,Good
11714,7222,5000,2024-07-21,36,62,92807.3112472932,518,Employed,0,2024-07,Good
11715,7331,25000,2024-08-01,24,62,20000.0,694,Contractor,0,2024-08,Good
11716,9847,10000,2024-09-22,24,34,73987.14849434645,467,Employed,0,2024-09,Bad
11717,8671,5000,2024-04-16,24,56,51883.28048586589,450,Self-Employed,1,2024-04,Good
11718,5391,25000,2024-12-04,24,39,114218.93273584897,758,Employed,0,2024-12,Bad
11719,2015,15000,2024-09-27,12,53,46994.69947483025,712,Employed,1,2024-09,Bad
11720,7429,25000,2024-11-11,24,33,105875.17914328547,445,Employed,1,2024-11,Good
11721,7126,15000,2024-02-04,36,23,64114.81402386623,623,Employed,0,2024-02,Good
11722,1628,5000,2024-02-04,12,43,100615.69330193108,656,Employed,0,2024-02,Good
11723,4725,10000,2024-01-01,24,22,20000.0,588,Employed,1,2024-01,Bad
11724,9603,5000,2024-02-16,24,43,72728.9429879366,622,Employed,0,2024-02,Good
11725,7526,5000,2024-04-18,12,40,44178.41812113662,580,Employed,1,2024-04,Good
11726,1243,25000,2024-04-20,12,53,103258.36410886027,610,Employed,0,2024-04,Good
11727,5585,15000,2024-09-01,24,39,44516.46018163566,663,Self-Employed,0,2024-09,Bad
11728,7589,10000,2024-09-30,12,38,101962.84696433856,368,Employed,1,2024-09,Bad
11729,9365,15000,2024-01-26,36,56,103016.60432452965,317,Employed,1,2024-01,Bad
11730,5477,10000,2024-11-11,24,35,55969.24517714068,358,Employed,0,2024-11,Good
11731,7219,5000,2024-05-25,24,56,24117.743248211184,369,Contractor,0,2024-05,Bad
11732,8129,25000,2024-11-14,12,28,91960.65486182366,811,Employed,0,2024-11,Good
11733,5790,15000,2024-02-10,36,48,63496.13751487181,711,Employed,0,2024-02,Good
11734,3185,5000,2024-07-28,36,67,94110.29351338177,661,Employed,0,2024-07,Good
11735,8619,5000,2024-02-12,24,53,75771.15012924367,714,Employed,0,2024-02,Good
11736,2546,25000,2024-08-11,36,32,35726.87765481366,393,Employed,1,2024-08,Good
11737,1316,15000,2024-10-20,36,55,53086.154964161884,566,Employed,1,2024-10,Bad
11738,6490,5000,2024-09-06,36,59,20100.431635399415,353,Employed,1,2024-09,Bad
11739,8703,25000,2024-06-03,24,21,83005.6004226352,486,Employed,0,2024-06,Bad
11740,8633,10000,2024-06-25,24,68,68722.16509884426,611,Employed,0,2024-06,Bad
11741,5866,5000,2024-11-07,36,35,41465.46284651837,456,Employed,1,2024-11,Good
11742,9848,10000,2024-06-25,36,31,75384.49056264975,381,Employed,0,2024-06,Bad
11743,6123,5000,2024-07-30,24,69,92111.93812143219,505,Employed,0,2024-07,Good
11744,2770,25000,2024-07-06,24,19,55387.77197396205,756,Employed,0,2024-07,Good
11745,6372,10000,2024-12-20,12,60,81984.32926435303,823,Employed,0,2024-12,Bad
11746,3045,25000,2024-03-27,12,20,42344.61669881972,611,Employed,0,2024-03,Bad
11747,5210,15000,2024-11-07,36,47,36523.462309591225,537,Employed,1,2024-11,Good
11748,8588,5000,2024-07-22,24,38,76312.41140256706,545,Self-Employed,1,2024-07,Good
11749,828,15000,2024-04-26,24,45,112468.37453388097,634,Employed,0,2024-04,Good
11750,7829,15000,2024-08-14,24,18,58324.90595582421,639,Employed,0,2024-08,Good
11751,7504,10000,2024-03-02,36,67,63095.30971772456,721,Employed,1,2024-03,Bad
11752,7332,5000,2024-04-09,12,26,95766.14510445029,656,Employed,1,2024-04,Good
11753,3005,15000,2024-06-18,24,35,94266.5407329415,601,Self-Employed,0,2024-06,Bad
11754,4661,5000,2024-06-04,24,37,84578.89140032938,750,Employed,0,2024-06,Bad
11755,792,25000,2024-02-06,12,63,135608.26477507615,837,Employed,0,2024-02,Good
11756,503,10000,2024-10-02,24,22,86057.43317534757,646,Self-Employed,0,2024-10,Bad
11757,4430,15000,2024-02-04,24,32,41173.98841587875,741,Self-Employed,0,2024-02,Good
11758,4587,25000,2024-11-22,12,27,47879.6972565276,308,Contractor,1,2024-11,Good
11759,5727,25000,2024-12-19,12,52,93365.99249552641,596,Employed,0,2024-12,Bad
11760,2049,10000,2024-09-18,24,29,45441.151937450166,497,Employed,0,2024-09,Bad
11761,5480,25000,2024-01-19,24,28,46729.67185978117,402,Employed,1,2024-01,Bad
11762,2675,25000,2024-12-27,24,58,97844.55441429518,561,Employed,0,2024-12,Bad
11763,7721,15000,2024-01-08,12,32,55832.05828559917,454,Contractor,1,2024-01,Bad
11764,3503,25000,2024-09-28,24,47,68085.72954259122,350,Employed,1,2024-09,Bad
11765,3611,10000,2024-01-24,12,58,62171.0376385979,407,Employed,1,2024-01,Bad
11766,2171,25000,2024-05-20,24,51,91251.22603883567,355,Contractor,1,2024-05,Bad
11767,1243,5000,2024-04-28,36,53,103258.36410886027,610,Employed,0,2024-04,Good
11768,1440,25000,2024-01-09,24,36,64807.77510696576,573,Employed,1,2024-01,Bad
11769,9402,25000,2024-06-16,24,66,55097.90084801828,317,Self-Employed,1,2024-06,Bad
11770,8107,25000,2024-09-19,24,30,53434.26808517773,686,Employed,1,2024-09,Bad
11771,3277,25000,2024-07-26,36,61,75898.69074288681,567,Self-Employed,1,2024-07,Good
11772,3874,15000,2024-10-14,12,36,96731.3917974655,339,Employed,1,2024-10,Bad
11773,8582,15000,2024-02-29,24,62,37320.41825295599,494,Employed,0,2024-02,Good
11774,6448,5000,2024-12-14,12,30,53540.040919680156,844,Contractor,0,2024-12,Bad
11775,8175,15000,2024-12-28,12,56,55673.53330840211,488,Contractor,1,2024-12,Bad
11776,1703,10000,2024-02-20,36,42,104854.4489051003,670,Employed,0,2024-02,Good
11777,1536,15000,2024-02-09,36,53,101896.97876259914,422,Employed,0,2024-02,Good
11778,7943,15000,2024-11-30,24,49,51359.646091781186,415,Employed,1,2024-11,Good
11779,9990,15000,2024-09-23,24,23,86633.96772625175,820,Employed,0,2024-09,Bad
11780,5068,10000,2024-11-24,36,30,97515.63502639897,538,Employed,1,2024-11,Good
11781,4322,5000,2024-01-16,36,61,57931.01680926579,343,Self-Employed,1,2024-01,Bad
11782,2561,25000,2024-10-07,24,35,67279.20366666098,394,Contractor,0,2024-10,Bad
11783,7154,10000,2024-07-20,24,43,47167.227492994716,331,Employed,1,2024-07,Good
11784,29,10000,2024-03-24,12,61,52043.68402846994,510,Contractor,1,2024-03,Bad
11785,9173,15000,2024-10-23,24,21,63052.29884171704,802,Employed,0,2024-10,Bad
11786,3584,15000,2024-03-05,36,64,55471.557583164526,312,Employed,1,2024-03,Bad
11787,5109,5000,2024-06-08,12,39,100840.62549552365,799,Self-Employed,0,2024-06,Bad
11788,9851,15000,2024-04-13,12,65,64052.679205132765,644,Employed,0,2024-04,Good
11789,7522,10000,2024-12-16,12,48,82085.36683900077,484,Employed,0,2024-12,Bad
11790,4821,15000,2024-06-24,12,51,79676.4383648634,544,Employed,0,2024-06,Bad
11791,6616,15000,2024-02-23,12,38,48404.17242935774,378,Employed,1,2024-02,Good
11792,6459,5000,2024-05-04,12,68,63041.728776746066,615,Self-Employed,1,2024-05,Bad
11793,5408,10000,2024-03-15,36,28,46220.81950940303,390,Employed,1,2024-03,Bad
11794,9032,10000,2024-05-01,36,64,20000.0,435,Employed,0,2024-05,Bad
11795,2415,25000,2024-02-10,24,65,44384.69975587445,761,Employed,1,2024-02,Good
11796,4427,25000,2024-12-04,36,37,70504.73285512831,811,Employed,0,2024-12,Bad
11797,8589,5000,2024-03-01,36,65,83840.02772899535,477,Employed,1,2024-03,Bad
11798,5941,10000,2024-05-14,24,25,25659.274447075382,693,Contractor,1,2024-05,Bad
11799,8577,10000,2024-04-11,12,57,83761.74654837737,767,Employed,0,2024-04,Good
11800,5698,15000,2024-02-22,36,56,58284.459401548396,666,Employed,0,2024-02,Good
11801,3583,5000,2024-08-15,36,36,89715.21983747937,766,Employed,0,2024-08,Good
11802,7198,5000,2024-12-18,12,57,83150.89998073335,817,Employed,0,2024-12,Bad
11803,6552,25000,2024-04-09,12,66,63579.078694826254,708,Employed,1,2024-04,Good
11804,9136,25000,2024-11-12,36,34,76269.26042965664,383,Contractor,0,2024-11,Good
11805,5086,15000,2024-12-14,12,66,64744.85999022668,847,Employed,0,2024-12,Bad
11806,5163,25000,2024-02-04,36,56,44292.65599129003,566,Self-Employed,0,2024-02,Good
11807,9978,5000,2024-09-15,12,24,64605.557777508235,591,Self-Employed,0,2024-09,Bad
11808,9039,5000,2024-11-15,24,44,87566.9535674812,782,Self-Employed,0,2024-11,Good
11809,9674,25000,2024-05-18,36,58,31475.699100468002,788,Self-Employed,1,2024-05,Bad
11810,5639,15000,2024-05-09,12,64,54718.489237912916,520,Employed,0,2024-05,Bad
11811,3116,15000,2024-10-22,12,27,44121.88740069412,760,Employed,0,2024-10,Bad
11812,5658,25000,2024-04-15,24,37,111713.17970182726,756,Employed,0,2024-04,Good
11813,1387,10000,2024-04-08,12,46,89179.45306097374,774,Self-Employed,0,2024-04,Good
11814,5241,10000,2024-09-18,12,27,82480.31096679966,729,Self-Employed,0,2024-09,Bad
11815,9473,25000,2024-12-19,12,40,49617.15294815731,519,Employed,0,2024-12,Bad
11816,1599,15000,2024-01-21,36,29,82330.4400414676,399,Self-Employed,1,2024-01,Bad
11817,1983,25000,2024-08-11,24,35,64712.122798083874,324,Employed,0,2024-08,Good
11818,7479,25000,2024-07-01,24,39,103502.69559360079,555,Self-Employed,0,2024-07,Good
11819,313,5000,2024-12-05,24,69,20000.0,401,Employed,1,2024-12,Bad
11820,5237,15000,2024-12-20,36,50,46172.0667344855,398,Employed,0,2024-12,Bad
11821,3860,15000,2024-07-09,12,53,103002.29352477753,817,Self-Employed,0,2024-07,Good
11822,6038,15000,2024-11-03,36,40,57857.83629769341,533,Employed,1,2024-11,Good
11823,5298,25000,2024-10-19,24,31,92958.4534198282,482,Employed,0,2024-10,Bad
11824,2165,10000,2024-07-16,24,67,65304.24205707263,739,Employed,0,2024-07,Good
11825,1700,25000,2024-09-01,24,64,71125.96660788514,488,Employed,0,2024-09,Bad
11826,1779,15000,2024-01-09,36,26,85828.94416573587,823,Contractor,0,2024-01,Bad
11827,4270,5000,2024-05-02,36,37,70804.86261605819,516,Contractor,1,2024-05,Bad
11828,749,15000,2024-02-01,12,37,46487.74734169604,680,Employed,1,2024-02,Good
11829,6299,15000,2024-12-23,36,39,20000.0,705,Employed,0,2024-12,Bad
11830,5779,15000,2024-04-21,12,57,100107.90704987381,420,Employed,0,2024-04,Good
11831,1808,25000,2024-07-30,12,43,47621.26604807819,649,Employed,1,2024-07,Good
11832,9726,10000,2024-09-15,12,30,41663.221039373966,736,Self-Employed,0,2024-09,Bad
11833,6454,5000,2024-10-03,24,69,40638.686309742596,539,Self-Employed,0,2024-10,Bad
11834,3797,5000,2024-11-23,12,68,75587.69685055094,356,Employed,1,2024-11,Good
11835,8179,10000,2024-04-25,36,45,78105.75449880076,523,Employed,0,2024-04,Good
11836,7905,10000,2024-08-25,36,34,69951.42314712875,599,Employed,0,2024-08,Good
11837,3423,10000,2024-06-23,24,60,85787.47167329155,400,Employed,1,2024-06,Bad
11838,2210,5000,2024-01-21,24,42,106927.89675467178,615,Employed,0,2024-01,Bad
11839,2739,5000,2024-10-24,24,63,44943.20415163699,541,Employed,0,2024-10,Bad
11840,8484,15000,2024-12-17,36,30,91686.69627676715,360,Contractor,1,2024-12,Bad
11841,2741,25000,2024-05-24,36,20,44922.229151167136,448,Employed,0,2024-05,Bad
11842,6746,25000,2024-02-09,12,62,49324.303704240134,324,Employed,1,2024-02,Good
11843,2436,25000,2024-02-27,36,67,96085.70695257312,736,Contractor,0,2024-02,Good
11844,2828,5000,2024-04-24,24,55,43059.56607842737,640,Contractor,0,2024-04,Good
11845,8373,10000,2024-02-11,12,27,59551.22734391153,386,Employed,0,2024-02,Good
11846,5181,5000,2024-12-08,12,40,87139.42704237612,307,Self-Employed,0,2024-12,Bad
11847,9363,5000,2024-11-08,24,68,82210.91299686671,441,Employed,0,2024-11,Good
11848,2744,5000,2024-02-05,12,23,86111.39680179165,376,Employed,1,2024-02,Good
11849,5897,5000,2024-09-09,24,69,74748.63998458591,559,Employed,1,2024-09,Bad
11850,1136,25000,2024-02-21,24,67,69858.33658345584,509,Employed,1,2024-02,Good
11851,1711,15000,2024-12-10,24,62,101744.6064696874,303,Employed,1,2024-12,Bad
11852,2345,10000,2024-01-10,36,65,63565.063405330155,322,Employed,0,2024-01,Bad
11853,4787,5000,2024-05-31,24,58,41876.85460701815,743,Employed,0,2024-05,Bad
11854,7285,10000,2024-11-29,24,51,47741.20334684277,598,Self-Employed,0,2024-11,Good
11855,3975,10000,2024-05-27,12,53,70196.51252667702,413,Employed,1,2024-05,Bad
11856,7195,5000,2024-02-21,12,39,64726.52370099785,839,Employed,0,2024-02,Good
11857,3504,15000,2024-09-03,24,32,28544.67215453124,553,Employed,1,2024-09,Bad
11858,2359,15000,2024-09-26,12,26,82205.13266132207,698,Employed,1,2024-09,Bad
11859,7871,25000,2024-03-13,36,27,35460.835522439695,786,Employed,0,2024-03,Bad
11860,7019,25000,2024-09-06,36,62,80814.56999105493,590,Employed,0,2024-09,Bad
11861,8582,15000,2024-06-10,12,62,37320.41825295599,494,Employed,0,2024-06,Bad
11862,8096,5000,2024-03-24,12,27,36270.509944580495,603,Employed,0,2024-03,Bad
11863,7630,25000,2024-11-18,12,60,67937.94047895241,318,Self-Employed,0,2024-11,Good
11864,6150,5000,2024-04-21,12,55,79338.97092193563,565,Employed,0,2024-04,Good
11865,6847,5000,2024-04-12,12,42,52496.182969631765,546,Employed,1,2024-04,Good
11866,3059,5000,2024-01-12,36,25,20000.0,524,Employed,0,2024-01,Bad
11867,4626,5000,2024-10-24,24,40,83179.28148834873,545,Employed,0,2024-10,Bad
11868,159,10000,2024-08-14,12,56,77477.39540344373,322,Employed,1,2024-08,Good
11869,9872,10000,2024-08-19,24,52,27373.203143654915,822,Self-Employed,0,2024-08,Good
11870,8422,5000,2024-05-16,12,66,85646.31674569275,696,Employed,0,2024-05,Bad
11871,5626,15000,2024-02-20,24,46,20000.0,566,Employed,1,2024-02,Good
11872,9918,10000,2024-02-06,12,26,56038.84526733313,709,Employed,0,2024-02,Good
11873,4788,5000,2024-05-29,12,46,71719.39472871604,766,Contractor,0,2024-05,Bad
11874,1681,5000,2024-05-16,36,52,60167.394338800754,309,Employed,1,2024-05,Bad
11875,6303,25000,2024-04-25,36,18,53344.3152070722,739,Self-Employed,0,2024-04,Good
11876,1296,25000,2024-03-03,36,63,34745.97641464605,431,Employed,0,2024-03,Bad
11877,6825,25000,2024-12-06,36,41,46033.3699614307,564,Employed,1,2024-12,Bad
11878,3877,10000,2024-11-24,12,35,69083.36701693846,503,Employed,1,2024-11,Good
11879,2985,10000,2024-10-09,36,67,86504.56595987892,612,Employed,0,2024-10,Bad
11880,4917,25000,2024-04-25,24,45,62120.29178058803,477,Employed,1,2024-04,Good
11881,1824,25000,2024-10-29,36,20,35923.933742884954,477,Employed,1,2024-10,Bad
11882,2329,5000,2024-11-24,24,25,124185.35910067803,824,Employed,0,2024-11,Good
11883,8551,15000,2024-10-10,24,44,73684.74604271389,324,Employed,1,2024-10,Bad
11884,9205,25000,2024-02-04,12,53,99318.74165622183,431,Self-Employed,1,2024-02,Good
11885,7782,5000,2024-12-28,36,36,56674.00560652703,679,Employed,0,2024-12,Bad
11886,7974,10000,2024-06-14,36,25,20000.0,589,Employed,0,2024-06,Bad
11887,5212,25000,2024-04-05,24,60,40480.878908436556,418,Employed,0,2024-04,Good
11888,2895,10000,2024-06-17,24,62,91001.44726983472,592,Contractor,0,2024-06,Bad
11889,2696,5000,2024-11-18,36,59,64230.33743966462,562,Self-Employed,1,2024-11,Good
11890,4097,25000,2024-07-02,24,42,80639.61484187501,810,Employed,0,2024-07,Good
11891,4042,10000,2024-05-16,12,24,61902.690919119974,669,Contractor,1,2024-05,Bad
11892,5411,5000,2024-02-20,36,34,43007.06596538609,683,Employed,0,2024-02,Good
11893,1270,25000,2024-08-15,12,29,42907.02148272343,742,Employed,0,2024-08,Good
11894,1264,15000,2024-03-17,12,35,59497.15671862929,621,Employed,1,2024-03,Bad
11895,6625,15000,2024-08-13,36,29,92486.59428489133,592,Employed,0,2024-08,Good
11896,6798,25000,2024-07-26,36,23,41051.804012618304,592,Employed,0,2024-07,Good
11897,5637,25000,2024-06-11,24,33,25995.729371751404,531,Contractor,1,2024-06,Bad
11898,848,5000,2024-01-16,12,62,63687.37328653369,679,Employed,1,2024-01,Bad
11899,4885,10000,2024-06-16,36,36,88326.66514302464,703,Employed,0,2024-06,Bad
11900,2362,10000,2024-11-20,36,58,48920.41644932424,641,Employed,0,2024-11,Good
11901,2187,25000,2024-01-08,12,38,105140.49581412795,687,Employed,0,2024-01,Bad
11902,498,15000,2024-06-09,24,57,51071.73568569422,723,Employed,0,2024-06,Bad
11903,2169,10000,2024-08-09,36,58,89194.86172508565,413,Contractor,0,2024-08,Good
11904,6609,25000,2024-06-14,12,32,44654.65895177677,632,Employed,0,2024-06,Bad
11905,7134,10000,2024-11-07,12,22,51968.629828596764,532,Employed,0,2024-11,Good
11906,7054,5000,2024-08-17,24,38,71529.61353199072,519,Employed,0,2024-08,Good
11907,2412,25000,2024-01-20,36,38,40543.626548488064,506,Employed,0,2024-01,Bad
11908,9714,15000,2024-02-21,12,42,20075.208818014973,555,Employed,1,2024-02,Good
11909,664,15000,2024-11-16,24,56,23220.755687648372,720,Employed,0,2024-11,Good
11910,967,5000,2024-03-06,36,60,41963.72441427696,352,Employed,1,2024-03,Bad
11911,8742,5000,2024-10-01,36,24,83464.15098005153,379,Employed,0,2024-10,Bad
11912,9266,15000,2024-08-20,36,37,124825.30736916966,725,Self-Employed,0,2024-08,Good
11913,4843,15000,2024-12-17,36,60,46234.329450581106,422,Self-Employed,1,2024-12,Bad
11914,893,5000,2024-10-02,36,69,72700.24755543353,553,Self-Employed,1,2024-10,Bad
11915,9441,15000,2024-12-28,24,36,109082.47000748923,340,Contractor,1,2024-12,Bad
11916,2434,15000,2024-11-03,12,23,103479.93000437268,735,Employed,0,2024-11,Good
11917,1191,10000,2024-05-21,24,23,69624.26437682891,528,Employed,0,2024-05,Bad
11918,1738,15000,2024-05-01,12,51,59368.43393771616,569,Employed,0,2024-05,Bad
11919,8846,5000,2024-07-23,24,50,74754.30482200213,585,Self-Employed,0,2024-07,Good
11920,6028,10000,2024-03-31,36,58,47576.463496547585,588,Employed,0,2024-03,Bad
11921,337,10000,2024-05-01,24,50,52152.48433377892,372,Self-Employed,1,2024-05,Bad
11922,435,15000,2024-07-05,12,25,27248.969700368696,776,Employed,0,2024-07,Good
11923,1272,10000,2024-03-20,36,53,43231.80570890647,530,Employed,0,2024-03,Bad
11924,4583,25000,2024-06-04,12,20,78420.18673062259,792,Employed,0,2024-06,Bad
11925,9693,5000,2024-09-15,36,30,52799.679920697854,429,Employed,0,2024-09,Bad
11926,6844,5000,2024-05-06,36,60,47607.98139583712,560,Self-Employed,1,2024-05,Bad
11927,5190,15000,2024-01-04,36,40,37088.72862039881,847,Contractor,0,2024-01,Bad
11928,1768,15000,2024-07-31,12,67,70017.46735722196,379,Employed,1,2024-07,Good
11929,805,5000,2024-03-09,12,22,96378.6447093726,849,Employed,0,2024-03,Bad
11930,7866,5000,2024-12-26,24,40,45092.74527519774,618,Employed,0,2024-12,Bad
11931,4779,15000,2024-08-18,12,56,63701.13072748055,751,Employed,0,2024-08,Good
11932,3181,5000,2024-10-05,24,33,27423.828516062982,580,Self-Employed,0,2024-10,Bad
11933,2312,15000,2024-02-29,12,46,89779.77782316666,331,Employed,1,2024-02,Good
11934,8721,10000,2024-10-09,36,42,110419.83091655932,730,Employed,0,2024-10,Bad
11935,2386,25000,2024-04-28,24,18,66960.98115209176,552,Employed,0,2024-04,Good
11936,9781,25000,2024-11-01,24,23,57751.971174374616,816,Employed,0,2024-11,Good
11937,7143,25000,2024-09-24,24,67,89153.6753102324,799,Self-Employed,0,2024-09,Bad
11938,1645,10000,2024-05-17,24,69,56517.220321546025,712,Employed,1,2024-05,Bad
11939,1593,15000,2024-02-18,12,61,20000.0,735,Employed,0,2024-02,Good
11940,78,15000,2024-08-17,24,51,77577.25921559367,464,Contractor,0,2024-08,Good
11941,5659,15000,2024-08-07,36,56,30154.558803144864,366,Self-Employed,1,2024-08,Good
11942,5551,5000,2024-12-28,12,29,72888.07352300633,791,Self-Employed,0,2024-12,Bad
11943,2694,25000,2024-02-04,36,54,30019.29351938422,578,Employed,0,2024-02,Good
11944,6953,15000,2024-06-30,12,23,28901.776937694318,689,Employed,1,2024-06,Bad
11945,1339,15000,2024-04-29,12,45,94982.48932303964,653,Employed,1,2024-04,Good
11946,3295,10000,2024-10-02,24,50,105002.44617051195,786,Contractor,0,2024-10,Bad
11947,5309,15000,2024-09-24,36,47,44095.12873239573,329,Employed,1,2024-09,Bad
11948,6449,25000,2024-09-15,36,60,73734.08883705949,372,Employed,1,2024-09,Bad
11949,4972,15000,2024-09-14,36,19,48954.46490139147,488,Employed,0,2024-09,Bad
11950,4875,10000,2024-10-04,12,23,84338.94265517034,540,Employed,0,2024-10,Bad
11951,3926,25000,2024-10-17,24,23,64257.78024285054,336,Employed,1,2024-10,Bad
11952,7915,5000,2024-08-24,12,31,40933.286639774364,447,Employed,1,2024-08,Good
11953,2088,15000,2024-08-31,24,20,85660.08293326311,802,Employed,0,2024-08,Good
11954,9330,15000,2024-01-09,36,21,107744.08129161433,566,Employed,0,2024-01,Bad
11955,8871,15000,2024-12-08,36,37,54475.3532996706,542,Contractor,0,2024-12,Bad
11956,7790,15000,2024-09-10,36,30,68288.79100443739,797,Employed,0,2024-09,Bad
11957,8422,10000,2024-09-29,36,66,85646.31674569275,696,Employed,0,2024-09,Bad
11958,2829,10000,2024-05-21,12,32,73317.9832396297,598,Employed,0,2024-05,Bad
11959,2313,25000,2024-08-31,24,49,83686.1242856764,656,Self-Employed,0,2024-08,Good
11960,6459,10000,2024-04-13,36,68,63041.728776746066,615,Self-Employed,0,2024-04,Good
11961,6772,15000,2024-07-04,24,65,106964.34910871893,723,Employed,0,2024-07,Good
11962,7683,25000,2024-02-05,24,59,37430.59065449202,551,Employed,0,2024-02,Good
11963,5643,5000,2024-06-09,12,41,70712.05444295479,504,Employed,1,2024-06,Bad
11964,8099,25000,2024-03-04,12,20,32964.62550554934,699,Contractor,0,2024-03,Bad
11965,9585,15000,2024-05-20,12,49,109375.92552818664,756,Employed,0,2024-05,Bad
11966,3736,15000,2024-06-10,12,28,83162.79055840151,622,Employed,1,2024-06,Bad
11967,2025,5000,2024-05-12,24,34,35898.73418985437,495,Employed,1,2024-05,Bad
11968,7878,15000,2024-04-20,36,62,58273.97270279794,453,Self-Employed,1,2024-04,Good
11969,1661,25000,2024-07-18,36,60,21225.6106398693,534,Employed,0,2024-07,Good
11970,230,10000,2024-09-30,24,19,128484.54056957155,737,Employed,0,2024-09,Bad
11971,9814,10000,2024-03-29,36,58,20000.0,341,Employed,1,2024-03,Bad
11972,6442,25000,2024-01-18,24,53,105092.54638667326,713,Employed,0,2024-01,Bad
11973,1579,25000,2024-12-05,24,56,55480.91490345489,786,Employed,1,2024-12,Bad
11974,6030,25000,2024-10-02,36,43,73589.9383794554,751,Employed,1,2024-10,Bad
11975,3788,5000,2024-12-24,12,68,84964.16682776475,573,Employed,0,2024-12,Bad
11976,281,10000,2024-12-25,12,45,62701.08043489335,414,Employed,1,2024-12,Bad
11977,2516,5000,2024-12-05,36,66,68559.44781276166,832,Employed,0,2024-12,Bad
11978,2456,5000,2024-12-30,12,51,21554.884603837512,771,Employed,0,2024-12,Bad
11979,5994,15000,2024-09-16,36,67,20000.0,421,Self-Employed,0,2024-09,Bad
11980,769,10000,2024-01-22,36,41,60597.18915100343,568,Employed,0,2024-01,Bad
11981,3087,5000,2024-08-04,36,59,54880.115514492674,696,Employed,1,2024-08,Good
11982,546,25000,2024-12-06,12,62,64497.53120575871,301,Employed,1,2024-12,Bad
11983,6052,25000,2024-07-19,24,69,67567.26291871468,369,Employed,1,2024-07,Good
11984,4247,25000,2024-09-21,24,46,79262.15215199227,431,Self-Employed,0,2024-09,Bad
11985,5934,15000,2024-07-05,12,23,56522.79263682933,641,Employed,0,2024-07,Good
11986,6762,5000,2024-10-15,12,64,20000.0,811,Employed,0,2024-10,Bad
11987,14,10000,2024-12-26,24,53,64753.87978374043,333,Employed,1,2024-12,Bad
11988,9594,10000,2024-09-19,24,57,77295.36002719906,619,Employed,0,2024-09,Bad
11989,2255,15000,2024-03-06,24,54,48686.79266958387,450,Employed,1,2024-03,Bad
11990,5507,25000,2024-04-06,24,47,110288.89432984783,385,Employed,1,2024-04,Good
11991,1099,25000,2024-10-17,36,43,40038.97867808204,816,Employed,0,2024-10,Bad
11992,8117,5000,2024-04-02,36,29,103572.20263847796,505,Self-Employed,0,2024-04,Good
11993,3205,10000,2024-06-08,24,37,20000.0,461,Employed,0,2024-06,Bad
11994,8623,10000,2024-09-13,36,55,82946.15572490667,334,Employed,1,2024-09,Bad
11995,795,25000,2024-04-26,24,35,69490.55681579809,555,Employed,0,2024-04,Good
11996,3967,25000,2024-12-16,12,18,52513.72017786966,520,Employed,1,2024-12,Bad
11997,8400,10000,2024-06-28,36,32,66999.89638108955,432,Employed,0,2024-06,Bad
11998,2512,10000,2024-02-04,36,59,56372.39757952025,504,Employed,0,2024-02,Good
11999,8016,10000,2024-10-22,12,65,60346.29452585877,432,Employed,0,2024-10,Bad
12000,580,5000,2024-10-21,24,68,81491.24995205927,477,Employed,0,2024-10,Bad
12001,7136,5000,2024-01-20,36,37,46813.651881922044,398,Employed,1,2024-01,Bad
12002,2831,25000,2024-12-18,36,27,58816.60090258955,439,Employed,0,2024-12,Bad
12003,6170,15000,2024-08-02,36,66,23189.886854691184,322,Employed,1,2024-08,Good
12004,7932,25000,2024-02-22,24,36,83171.76309362339,307,Employed,0,2024-02,Good
12005,9826,10000,2024-05-19,36,23,98992.9553250224,569,Employed,0,2024-05,Bad
12006,4095,15000,2024-05-15,12,18,72675.98093129555,544,Self-Employed,0,2024-05,Bad
12007,9713,5000,2024-06-17,36,56,20000.0,478,Employed,0,2024-06,Bad
12008,3482,25000,2024-05-01,12,65,54102.46327273917,679,Employed,0,2024-05,Bad
12009,96,5000,2024-05-18,12,42,67895.61468067365,829,Employed,0,2024-05,Bad
12010,3511,15000,2024-01-26,24,19,104353.66965081022,532,Employed,1,2024-01,Bad
12011,9724,5000,2024-08-02,24,40,117493.81369989974,369,Employed,1,2024-08,Good
12012,4876,10000,2024-02-07,36,50,52607.35133562751,469,Employed,0,2024-02,Good
12013,5808,10000,2024-05-12,12,49,52363.81975866182,767,Employed,0,2024-05,Bad
12014,615,5000,2024-10-14,12,56,61786.34266870108,815,Employed,0,2024-10,Bad
12015,7205,25000,2024-07-15,24,68,84759.77691338674,667,Employed,0,2024-07,Good
12016,7378,10000,2024-04-21,36,56,82825.64626082372,601,Employed,0,2024-04,Good
12017,7024,15000,2024-05-22,36,22,129507.29746726938,816,Employed,0,2024-05,Bad
12018,7935,25000,2024-12-28,12,43,67409.4280778509,380,Contractor,1,2024-12,Bad
12019,8005,5000,2024-11-03,36,43,74222.93007270616,548,Self-Employed,1,2024-11,Good
12020,5563,15000,2024-01-28,36,35,77168.5375539515,845,Employed,0,2024-01,Bad
12021,9252,5000,2024-05-26,12,48,39500.78203080778,619,Employed,0,2024-05,Bad
12022,9965,25000,2024-11-05,24,31,81775.65028472123,454,Employed,0,2024-11,Good
12023,5635,10000,2024-03-21,36,60,36791.460743355434,557,Self-Employed,0,2024-03,Bad
12024,9859,10000,2024-01-15,24,63,78562.60574161289,354,Contractor,0,2024-01,Bad
12025,5340,10000,2024-09-25,36,31,60035.77032797599,807,Employed,1,2024-09,Bad
12026,7099,10000,2024-08-02,24,22,31766.0235266484,385,Employed,1,2024-08,Good
12027,7049,15000,2024-01-23,36,25,52705.834683594934,637,Employed,0,2024-01,Bad
12028,5658,15000,2024-12-01,36,37,111713.17970182726,756,Employed,0,2024-12,Bad
12029,8714,25000,2024-07-08,36,40,52763.32511645023,840,Employed,0,2024-07,Good
12030,923,25000,2024-10-07,36,33,94429.62407960847,582,Employed,0,2024-10,Bad
12031,4205,25000,2024-06-08,36,66,115888.28641798988,384,Self-Employed,0,2024-06,Bad
12032,4926,5000,2024-05-28,12,66,89412.66472657911,358,Employed,1,2024-05,Bad
12033,9397,10000,2024-10-10,36,23,83438.20158666345,633,Employed,1,2024-10,Bad
12034,6486,10000,2024-03-31,12,48,107960.99039006785,524,Employed,0,2024-03,Bad
12035,7825,25000,2024-04-25,36,35,49460.1488707329,607,Employed,0,2024-04,Good
12036,9689,25000,2024-08-06,24,22,59485.93663977526,379,Self-Employed,0,2024-08,Good
12037,4762,15000,2024-05-19,24,64,66592.55899414427,675,Employed,0,2024-05,Bad
12038,8521,10000,2024-01-20,24,31,63710.46856961055,738,Employed,0,2024-01,Bad
12039,6700,10000,2024-12-29,12,42,76533.26782588554,767,Contractor,0,2024-12,Bad
12040,5356,10000,2024-12-04,12,51,60378.08109386836,576,Employed,0,2024-12,Bad
12041,1465,15000,2024-11-02,24,52,54192.62052231674,341,Employed,0,2024-11,Good
12042,2035,25000,2024-03-25,12,49,37789.71910817886,501,Employed,0,2024-03,Bad
12043,3591,15000,2024-04-10,24,47,48540.43205148887,766,Employed,0,2024-04,Good
12044,6840,25000,2024-07-20,36,62,39917.454225612586,532,Employed,0,2024-07,Good
12045,8695,25000,2024-11-28,36,25,106801.04432605802,496,Employed,1,2024-11,Good
12046,6508,25000,2024-01-25,36,33,57992.93217307048,597,Employed,0,2024-01,Bad
12047,8681,25000,2024-01-31,36,66,20000.0,549,Employed,1,2024-01,Bad
12048,7368,10000,2024-07-25,12,29,58344.67623983771,503,Employed,0,2024-07,Good
12049,3838,15000,2024-06-16,24,60,44985.24144129736,640,Employed,0,2024-06,Bad
12050,1427,10000,2024-12-08,12,69,63288.83768333961,777,Employed,0,2024-12,Bad
12051,1600,5000,2024-03-07,24,33,20000.0,564,Employed,0,2024-03,Bad
12052,1835,10000,2024-07-09,36,33,91209.99719533852,819,Employed,0,2024-07,Good
12053,9233,25000,2024-01-11,24,33,20000.0,422,Employed,0,2024-01,Bad
12054,39,25000,2024-06-13,12,61,106593.32080358683,701,Employed,0,2024-06,Bad
12055,2915,25000,2024-05-19,24,22,31487.78396583908,687,Self-Employed,0,2024-05,Bad
12056,6439,10000,2024-09-18,36,33,74513.00763290757,477,Employed,0,2024-09,Bad
12057,8231,25000,2024-11-21,12,64,86802.25488834459,555,Employed,0,2024-11,Good
12058,187,5000,2024-07-31,12,37,64485.98606623732,326,Employed,1,2024-07,Good
12059,8942,10000,2024-12-10,24,64,83918.1750713357,673,Employed,0,2024-12,Bad
12060,5058,10000,2024-02-16,36,28,20000.0,337,Employed,1,2024-02,Good
12061,2832,5000,2024-02-05,24,40,73330.76337475055,605,Employed,0,2024-02,Good
12062,4558,10000,2024-03-22,12,39,62399.76930688263,777,Employed,0,2024-03,Bad
12063,669,25000,2024-02-13,24,40,40680.88708099998,647,Employed,0,2024-02,Good
12064,5351,25000,2024-08-18,24,19,42654.58923545969,418,Employed,0,2024-08,Good
12065,2754,5000,2024-03-27,36,21,54555.42468715953,428,Employed,1,2024-03,Bad
12066,5370,5000,2024-02-04,24,52,89859.46827480115,593,Employed,0,2024-02,Good
12067,4874,10000,2024-12-14,36,34,91167.8178443941,800,Employed,0,2024-12,Bad
12068,3547,10000,2024-11-12,24,40,20514.026864414227,803,Employed,0,2024-11,Good
12069,4749,10000,2024-07-27,36,27,115110.58259187927,515,Contractor,0,2024-07,Good
12070,182,25000,2024-06-14,12,23,31473.382167460783,646,Employed,0,2024-06,Bad
12071,6146,5000,2024-06-28,36,34,29579.411801270253,663,Employed,0,2024-06,Bad
12072,3242,25000,2024-01-02,36,27,64650.669288098165,835,Employed,0,2024-01,Bad
12073,9169,5000,2024-07-13,24,18,72156.83341943607,502,Self-Employed,0,2024-07,Good
12074,2924,15000,2024-12-18,24,32,51117.84743497409,795,Self-Employed,1,2024-12,Bad
12075,1446,5000,2024-01-23,12,19,80475.82366471332,731,Employed,0,2024-01,Bad
12076,7140,15000,2024-01-26,36,19,78215.87038336397,822,Employed,1,2024-01,Bad
12077,1309,5000,2024-01-30,12,43,92074.9984629217,377,Self-Employed,1,2024-01,Bad
12078,8572,25000,2024-10-01,24,20,67028.11458546258,406,Employed,0,2024-10,Bad
12079,1856,10000,2024-06-15,36,59,73297.96119269718,742,Employed,0,2024-06,Bad
12080,8748,10000,2024-03-30,12,23,20273.87114384195,590,Employed,0,2024-03,Bad
12081,4668,10000,2024-08-11,24,58,20000.0,348,Employed,0,2024-08,Good
12082,9415,15000,2024-04-15,24,61,56325.663672372066,677,Employed,1,2024-04,Good
12083,109,10000,2024-01-28,12,25,20000.0,681,Employed,0,2024-01,Bad
12084,8257,25000,2024-05-06,36,20,80247.7280663661,656,Employed,0,2024-05,Bad
12085,6035,25000,2024-03-01,12,67,64114.49648271226,369,Employed,1,2024-03,Bad
12086,7853,5000,2024-06-24,24,32,54887.122883957614,694,Employed,0,2024-06,Bad
12087,9625,10000,2024-04-04,36,19,69301.47305915647,322,Contractor,1,2024-04,Good
12088,5721,25000,2024-04-05,36,22,43606.43550121232,309,Employed,1,2024-04,Good
12089,3928,10000,2024-05-20,12,35,84182.68406506217,564,Employed,1,2024-05,Bad
12090,2498,5000,2024-03-26,24,62,74926.16674706,813,Self-Employed,0,2024-03,Bad
12091,2977,15000,2024-05-02,12,34,20000.0,453,Employed,1,2024-05,Bad
12092,741,25000,2024-12-18,12,38,41500.80427124834,602,Employed,0,2024-12,Bad
12093,471,25000,2024-08-03,24,47,69189.25264502475,602,Self-Employed,1,2024-08,Good
12094,1666,10000,2024-04-17,36,56,44552.70394653737,815,Employed,1,2024-04,Good
12095,3991,15000,2024-06-27,36,54,20796.077206169204,609,Employed,0,2024-06,Bad
12096,8302,25000,2024-03-10,12,53,69037.83748096018,480,Employed,0,2024-03,Bad
12097,4390,15000,2024-05-06,36,60,96960.87394914287,309,Employed,0,2024-05,Bad
12098,2263,10000,2024-07-24,24,61,72743.16947840006,721,Self-Employed,1,2024-07,Good
12099,960,5000,2024-09-19,36,44,35086.051784582836,441,Employed,0,2024-09,Bad
12100,1560,25000,2024-03-07,24,69,61793.41298790423,544,Employed,0,2024-03,Bad
