credit_score,annual_income,loan_amount,age,income_to_loan,credit_score_norm,credit_score_band,actual,pd,decile,risk_band,decision,EAD,EL
473,110139.36081717038,15000,63,7.3426240544780255,0.3145454545454546,1,0,0.32436722436722437,5,Medium,Review,15000,1946.2033462033462
439,72001.13356743511,10000,20,7.200113356743511,0.25272727272727274,1,1,0.5464936760505916,7,High,Reject,10000,2185.974704202367
578,30403.524525103858,25000,35,1.2161409810041544,0.5054545454545455,2,1,0.4791734010621103,7,High,Reject,25000,4791.734010621103
362,86620.61096227528,25000,35,3.464824438491011,0.11272727272727273,1,0,0.6024319801418189,8,Very High,Reject,25000,6024.319801418189
496,106229.78308336154,25000,49,4.249191323334462,0.3563636363636364,1,0,0.4020003446554899,6,High,Reject,25000,4020.0034465548993
662,37578.12301540034,15000,51,2.5052082010266896,0.6581818181818182,3,0,0.2556481485052914,3,Low,Review,15000,1533.8888910317482
585,83303.78065136839,15000,59,5.553585376757892,0.5181818181818182,2,0,0.24938598382728516,3,Low,Review,15000,1496.315902963711
826,84582.60592721784,25000,58,3.3833042370887134,0.9563636363636364,4,0,0.1326682524780455,0,Very Low,Approve,25000,1326.682524780455
569,54634.32748570342,25000,43,2.1853730994281366,0.4890909090909091,2,1,0.3198320769749341,5,Medium,Review,25000,3198.320769749341
487,77732.3830910502,25000,45,3.1092953236420082,0.34,1,0,0.3175638790014262,5,Medium,Review,25000,3175.6387900142618
367,50351.2307821547,25000,63,2.014049231286188,0.12181818181818181,1,0,0.6100615176729962,8,Very High,Reject,25000,6100.6151767299625
683,61821.03507812789,15000,27,4.121402338541859,0.6963636363636364,3,0,0.288196081053224,4,Medium,Review,15000,1729.1764863193441
796,56621.42153054519,25000,28,2.2648568612218076,0.9018181818181819,4,0,0.12505997778374747,0,Very Low,Approve,25000,1250.599777837475
727,84705.10351992966,10000,20,8.470510351992965,0.7763636363636364,4,1,0.1413386992852031,1,Very Low,Approve,10000,565.3547971408124
592,94279.19081765367,25000,30,3.7711676327061467,0.5309090909090909,2,0,0.2464492494758839,3,Low,Review,25000,2464.4924947588393
795,56264.376234107316,15000,46,3.7509584156071543,0.9,4,0,0.21391949364814491,2,Low,Review,15000,1283.5169618888694
656,83686.1242856764,15000,49,5.579074952378427,0.6472727272727272,3,0,0.14246130495402481,1,Very Low,Approve,15000,854.7678297241489
418,95373.60267137423,10000,59,9.537360267137423,0.21454545454545454,1,0,0.4963755868544601,7,High,Reject,10000,1985.5023474178404
624,37524.01938670352,5000,64,7.504803877340704,0.5890909090909091,3,1,0.3131016829753151,4,Medium,Review,5000,626.2033659506302
322,67577.93956114093,25000,19,2.7031175824456373,0.04,1,1,0.6180137997826919,8,Very High,Reject,25000,6180.137997826919
618,99980.69875177898,15000,43,6.665379916785265,0.5781818181818181,3,0,0.20902993927494162,2,Low,Review,15000,1254.1796356496498
823,70009.86962190879,15000,56,4.667324641460586,0.9509090909090909,4,0,0.12076442357272753,0,Very Low,Approve,15000,724.5865414363652
601,62549.2232180053,15000,66,4.169948214533687,0.5472727272727272,3,0,0.2796307993536139,4,Medium,Review,15000,1677.7847961216835
400,54056.56693989188,5000,34,10.811313387978377,0.18181818181818182,1,1,0.5729883805791464,8,Very High,Reject,5000,1145.9767611582927
354,29775.981330199014,25000,37,1.1910392532079606,0.09818181818181818,1,1,0.6972952096670726,9,Very High,Reject,25000,6972.952096670726
693,54917.80520222653,25000,36,2.1967122080890613,0.7145454545454546,3,0,0.24335710352659504,2,Low,Review,25000,2433.5710352659507
824,76689.37281205393,15000,53,5.112624854136929,0.9527272727272728,4,0,0.12076442357272753,0,Very Low,Approve,15000,724.5865414363652
327,52726.27625670334,25000,66,2.1090510502681337,0.04909090909090909,1,1,0.6775673572181166,9,Very High,Reject,25000,6775.6735721811665
417,82449.35075325244,5000,47,16.48987015065049,0.21272727272727274,1,1,0.492201437487011,7,High,Reject,5000,984.4028749740221
520,99025.93402332018,5000,22,19.805186804664036,0.4,2,0,0.23542807537691182,2,Low,Review,5000,470.85615075382367
386,82958.28857985616,10000,24,8.295828857985617,0.15636363636363637,1,0,0.3719976269175354,6,High,Review,10000,1487.9905076701416
584,77286.13777236005,10000,68,7.728613777236005,0.5163636363636364,2,0,0.29859934145648437,4,Medium,Review,10000,1194.3973658259376
531,64294.55302656926,10000,55,6.429455302656926,0.42,2,1,0.37218468468468463,6,High,Review,10000,1488.7387387387384
496,58973.41943835548,5000,27,11.794683887671095,0.3563636363636364,1,0,0.36681982734614316,6,High,Review,5000,733.6396546922863
455,61289.26497339536,25000,36,2.4515705989358145,0.2818181818181818,1,0,0.6060510814766563,8,Very High,Reject,25000,6060.510814766563
405,20000.0,10000,29,2.0,0.19090909090909092,1,0,0.6516719427195202,9,Very High,Reject,10000,2606.687770878081
786,43104.629383842665,5000,50,8.620925876768533,0.8836363636363637,4,0,0.2015551179178068,2,Low,Review,5000,403.11023583561365
691,84285.04487259417,10000,68,8.428504487259417,0.7109090909090909,3,0,0.20244447320859282,2,Low,Review,10000,809.7778928343713
591,70474.09789639938,25000,42,2.818963915855975,0.5290909090909091,2,1,0.3132161130141155,4,Medium,Review,25000,3132.1611301411554
317,53713.86524187666,25000,68,2.1485546096750663,0.03090909090909091,1,1,0.6659618161985605,9,Very High,Reject,25000,6659.618161985606
354,27697.449571365905,25000,52,1.1078979828546363,0.09818181818181818,1,0,0.6998777241543488,9,Very High,Reject,25000,6998.777241543488
846,84187.72704543243,25000,21,3.3675090818172975,0.9927272727272727,4,0,0.09744282437735413,0,Very Low,Approve,25000,974.4282437735413
511,57443.26519793684,5000,29,11.488653039587367,0.3836363636363636,2,0,0.3400814698244319,5,Medium,Review,5000,680.1629396488638
549,55957.07530456838,25000,22,2.2382830121827353,0.4527272727272727,2,0,0.29859934145648437,4,Medium,Review,25000,2985.993414564844
778,96158.24527687361,25000,40,3.8463298110749444,0.8690909090909091,4,0,0.11296216813081827,0,Very Low,Approve,25000,1129.6216813081828
424,49372.31448265868,5000,47,9.874462896531735,0.22545454545454546,1,1,0.5825390465010976,8,Very High,Reject,5000,1165.0780930021951
657,47604.75973434586,15000,49,3.1736506489563907,0.649090909090909,3,0,0.2556481485052914,3,Low,Review,15000,1533.8888910317482
447,41461.65199330641,10000,51,4.146165199330641,0.2672727272727273,1,0,0.590765068818225,8,Very High,Reject,10000,2363.0602752729
665,83822.27703734463,10000,56,8.382227703734463,0.6636363636363637,3,0,0.15654777577029683,1,Very Low,Approve,10000,626.1911030811873
627,89614.24614892996,5000,35,17.922849229785992,0.5945454545454546,3,0,0.18845566356246604,1,Very Low,Approve,5000,376.91132712493214
310,47356.110944320055,5000,66,9.471222188864012,0.01818181818181818,1,1,0.6775673572181166,9,Very High,Reject,5000,1355.1347144362333
571,77228.26391623219,25000,57,3.0891305566492875,0.49272727272727274,2,0,0.2824477479743824,4,Medium,Review,25000,2824.477479743824
384,118303.66150359254,10000,22,11.830366150359254,0.15272727272727274,1,0,0.4322815234808332,6,High,Reject,10000,1729.126093923333
428,20000.0,5000,50,4.0,0.23272727272727273,1,1,0.6603985203970286,9,Very High,Reject,5000,1320.7970407940572
436,88949.84853700048,10000,25,8.894984853700048,0.24727272727272728,1,0,0.5165306077299175,7,High,Reject,10000,2066.12243091967
717,59223.51157897754,10000,21,5.9223511578977535,0.7581818181818182,4,0,0.20412644117216563,2,Low,Review,10000,816.5057646886626
794,57647.64229028416,25000,47,2.3059056916113665,0.8981818181818182,4,0,0.1180171000898297,0,Very Low,Approve,25000,1180.171000898297
330,60988.74891835915,15000,59,4.065916594557277,0.05454545454545454,1,1,0.7089829142019018,9,Very High,Reject,15000,4253.897485211412
644,64052.679205132765,25000,65,2.5621071682053107,0.6254545454545455,3,0,0.22690417526411433,2,Low,Review,25000,2269.0417526411434
721,48382.47737122465,5000,27,9.67649547424493,0.7654545454545455,4,0,0.1750081125701881,1,Very Low,Approve,5000,350.0162251403762
639,81908.92619187271,15000,23,5.460595079458181,0.6163636363636363,3,0,0.2521619508889665,3,Low,Review,15000,1512.971705333799
847,45458.198191327814,5000,46,9.091639638265562,0.9945454545454545,4,0,0.14838157697912085,1,Very Low,Approve,5000,296.76315395824173
764,77230.85033875088,5000,63,15.446170067750176,0.8436363636363636,4,0,0.06995141544264623,0,Very Low,Approve,5000,139.90283088529245
614,73412.49472052252,10000,46,7.341249472052252,0.5709090909090909,3,0,0.3005449024773878,4,Medium,Review,10000,1202.1796099095511
465,62549.9758304165,10000,18,6.25499758304165,0.3,1,1,0.42863421230561194,6,High,Reject,10000,1714.5368492224477
834,93046.5376198563,10000,56,9.30465376198563,0.9709090909090909,4,0,0.09160136791746969,0,Very Low,Approve,10000,366.40547166987875
457,66171.96358258279,5000,53,13.234392716516558,0.28545454545454546,1,0,0.5180294070032093,7,High,Reject,5000,1036.0588140064187
303,106264.3240808212,5000,36,21.25286481616424,0.005454545454545455,1,0,0.4933167633250483,7,High,Reject,5000,986.6335266500967
326,60887.13670509575,10000,48,6.088713670509575,0.04727272727272727,1,1,0.6603985203970286,9,Very High,Reject,10000,2641.5940815881145
703,88326.66514302464,15000,36,5.8884443428683095,0.7327272727272728,4,0,0.18240340368387442,1,Very Low,Approve,15000,1094.4204221032467
388,54862.415836147804,25000,42,2.194496633445912,0.16,1,1,0.6293228919474766,8,Very High,Reject,25000,6293.228919474766
336,83591.29438850434,10000,45,8.359129438850433,0.06545454545454546,1,1,0.6123366964258808,8,Very High,Reject,10000,2449.3467857035234
416,26030.325124403964,5000,64,5.206065024880793,0.2109090909090909,1,1,0.4632156424292406,6,High,Reject,5000,926.4312848584813
706,90123.25735169707,15000,65,6.008217156779805,0.7381818181818182,4,0,0.18240340368387442,1,Very Low,Approve,15000,1094.4204221032467
382,86725.78188827098,10000,31,8.672578188827098,0.14909090909090908,1,1,0.5006360169665819,7,High,Reject,10000,2002.5440678663276
480,71485.49978157898,25000,50,2.8594199912631595,0.32727272727272727,1,1,0.32560168297531505,5,Medium,Review,25000,3256.016829753151
720,64174.36840701099,15000,21,4.278291227134066,0.7636363636363637,4,0,0.2305245772741358,2,Low,Review,15000,1383.147463644815
632,45479.876210525166,25000,47,1.8191950484210067,0.6036363636363636,3,0,0.26454640397888934,3,Low,Review,25000,2645.4640397888934
410,94777.14636933693,10000,54,9.477714636933692,0.2,1,1,0.4963755868544601,7,High,Reject,10000,1985.5023474178404
466,68418.66256621158,25000,62,2.7367465026484634,0.3018181818181818,1,1,0.5121643835616438,7,High,Reject,25000,5121.643835616439
630,81751.2417953881,10000,25,8.175124179538809,0.6,3,0,0.30222096936770715,4,Medium,Review,10000,1208.8838774708286
300,88403.83985320527,15000,19,5.893589323547018,0.0,,1,0.46083147367551036,6,High,Reject,15000,2764.988842053062
772,68398.1141804587,15000,56,4.559874278697246,0.8581818181818182,4,0,0.14838157697912085,1,Very Low,Approve,15000,890.2894618747252
312,81681.12868573105,10000,59,8.168112868573104,0.02181818181818182,1,0,0.6662582650533319,9,Very High,Reject,10000,2665.0330602133276
335,51701.71229269769,10000,27,5.170171229269769,0.06363636363636363,1,1,0.6207668252486179,8,Very High,Reject,10000,2483.0673009944717
315,43522.39314874649,25000,51,1.7408957259498594,0.02727272727272727,1,1,0.7830095340888649,9,Very High,Reject,25000,7830.095340888649
331,69932.83530725667,5000,44,13.986567061451334,0.056363636363636366,1,1,0.5910615176729962,8,Very High,Reject,5000,1182.1230353459925
365,86679.68532069348,15000,68,5.778645688046232,0.11818181818181818,1,1,0.5554799697656839,7,High,Reject,15000,3332.8798185941037
730,48316.66546958799,10000,61,4.831666546958799,0.7818181818181819,4,0,0.23505612192763028,2,Low,Review,10000,940.2244877105212
459,95208.08214868081,15000,63,6.347205476578721,0.28909090909090907,1,0,0.36760588339535705,6,High,Review,15000,2205.6353003721424
823,110472.46330500812,10000,40,11.047246330500812,0.9509090909090909,4,0,0.12076442357272753,0,Very Low,Approve,10000,483.0576942909101
630,72612.30504200362,25000,61,2.9044922016801444,0.6,3,0,0.2801206069711788,4,Medium,Review,25000,2801.206069711788
686,77700.307276365,5000,49,15.540061455273,0.7018181818181818,3,0,0.23427984444933594,2,Low,Review,5000,468.55968889867194
399,28020.09954105583,5000,64,5.604019908211166,0.18,1,1,0.5789895636569314,8,Very High,Reject,5000,1157.9791273138628
693,25659.274447075382,10000,25,2.565927444707538,0.7145454545454546,3,1,0.25231736248685405,3,Low,Review,10000,1009.2694499474163
808,63780.85870392212,5000,49,12.756171740784424,0.9236363636363636,4,0,0.1750081125701881,1,Very Low,Approve,5000,350.0162251403762
453,84917.10400229049,15000,20,5.661140266819366,0.2781818181818182,1,0,0.45139174957086503,6,High,Reject,15000,2708.35049742519
590,75436.62724553238,5000,58,15.087325449106476,0.5272727272727272,2,0,0.3355463224321416,5,Medium,Review,5000,671.0926448642833
732,68170.61712837404,5000,69,13.634123425674808,0.7854545454545454,4,0,0.15443383685771253,1,Very Low,Approve,5000,308.8676737154251
449,20655.621694937035,25000,19,0.8262248677974814,0.27090909090909093,1,1,0.36441178020125387,5,Medium,Review,25000,3644.1178020125385
601,82825.64626082372,25000,56,3.3130258504329486,0.5472727272727272,3,0,0.26454640397888934,3,Low,Review,25000,2645.4640397888934
562,25592.275080718857,10000,56,2.559227508071886,0.4763636363636364,2,0,0.3620308278203015,5,Medium,Review,10000,1448.123311281206
613,72403.33974714013,10000,31,7.240333974714012,0.5690909090909091,3,1,0.3366945795517225,5,Medium,Review,10000,1346.7783182068902
834,61468.95447328671,10000,64,6.146895447328671,0.9709090909090909,4,0,0.1413386992852031,1,Very Low,Approve,10000,565.3547971408124
504,56372.39757952025,10000,59,5.637239757952025,0.3709090909090909,2,0,0.37972709551656925,6,High,Review,10000,1518.9083820662772
773,70098.59643789988,25000,46,2.803943857515995,0.86,4,1,0.16736488193789179,1,Very Low,Approve,25000,1673.648819378918
331,59473.938411573734,5000,26,11.894787682314746,0.056363636363636366,1,0,0.5008594326689866,7,High,Reject,5000,1001.7188653379733
482,88012.73937664197,10000,52,8.801273937664197,0.33090909090909093,1,0,0.47853095774455595,7,High,Reject,10000,1914.1238309782239
610,98717.3299661378,15000,48,6.581155331075853,0.5636363636363636,3,0,0.20902993927494162,2,Low,Review,15000,1254.1796356496498
734,71678.40741154327,25000,55,2.867136296461731,0.7890909090909091,4,0,0.14057932153721162,1,Very Low,Approve,25000,1405.7932153721163
395,48383.72256244844,10000,40,4.838372256244845,0.17272727272727273,1,1,0.6443688586545729,9,Very High,Reject,10000,2577.475434618292
360,61366.26444215287,10000,64,6.1366264442152865,0.10909090909090909,1,0,0.6601020715422573,9,Very High,Reject,10000,2640.4082861690295
484,56920.80835743788,25000,42,2.276832334297515,0.33454545454545453,1,1,0.3335217800971226,5,Medium,Review,25000,3335.217800971226
846,69885.08053208301,25000,22,2.7954032212833204,0.9927272727272727,4,0,0.15443383685771253,1,Very Low,Approve,25000,1544.3383685771253
708,99766.08989874893,25000,20,3.9906435959499573,0.7418181818181818,4,1,0.14305083064732457,1,Very Low,Approve,25000,1430.508306473246
378,87329.7086801813,15000,48,5.821980578678753,0.14181818181818182,1,1,0.5397917559219753,7,High,Reject,15000,3238.7505355318517
714,143944.28207610745,10000,47,14.394428207610746,0.7527272727272727,4,0,0.12486599703613625,0,Very Low,Approve,10000,499.46398814454506
687,56469.21947441447,15000,37,3.7646146316276314,0.7036363636363636,3,1,0.28128917414631704,4,Medium,Review,15000,1687.7350448779025
593,57786.67748295509,25000,62,2.311467099318204,0.5327272727272727,2,1,0.288196081053224,4,Medium,Review,25000,2881.96081053224
361,90549.07887650009,15000,61,6.036605258433339,0.11090909090909092,1,0,0.614760765793297,8,Very High,Reject,15000,3688.564594759782
392,57907.331790881704,25000,63,2.316293271635268,0.16727272727272727,1,0,0.6180137997826919,8,Very High,Reject,25000,6180.137997826919
376,77157.18261852236,15000,43,5.143812174568158,0.13818181818181818,1,1,0.5735628830258753,8,Very High,Reject,15000,3441.377298155252
484,47013.190391551565,5000,69,9.402638078310313,0.33454545454545453,1,0,0.5397917559219753,7,High,Reject,5000,1079.5835118439506
427,71949.56100547305,5000,56,14.38991220109461,0.2309090909090909,1,1,0.42863421230561194,6,High,Reject,5000,857.2684246112238
730,56980.403453700026,15000,55,3.798693563580002,0.7818181818181819,4,1,0.22332070229747383,2,Low,Review,15000,1339.924213784843
671,67688.12501076997,25000,37,2.707525000430799,0.6745454545454546,3,0,0.1932320397809675,1,Very Low,Approve,25000,1932.3203978096753
485,56036.436810934756,15000,51,3.735762454062317,0.33636363636363636,1,0,0.4173529566718421,6,High,Reject,15000,2504.1177400310526
641,56522.79263682933,15000,23,3.768186175788622,0.62,3,0,0.26454640397888934,3,Low,Review,15000,1587.2784238733361
791,88640.83568919075,10000,69,8.864083568919074,0.8927272727272727,4,0,0.0925502854991434,0,Very Low,Approve,10000,370.2011419965736
684,91313.68276836872,15000,57,6.087578851224581,0.6981818181818182,3,0,0.179378404485207,1,Very Low,Approve,15000,1076.2704269112419
445,69695.00845106305,25000,41,2.7878003380425223,0.2636363636363636,1,1,0.5788023505121892,8,Very High,Reject,25000,5788.023505121892
735,20000.0,25000,36,0.8,0.7909090909090909,4,0,0.3992207929201468,6,High,Review,25000,3992.2079292014682
492,62621.296923067,10000,33,6.2621296923067,0.3490909090909091,1,1,0.44524942711087606,6,High,Reject,10000,1780.9977084435045
722,84952.27621653904,10000,54,8.495227621653905,0.7672727272727272,4,0,0.0925502854991434,0,Very Low,Approve,10000,370.2011419965736
494,37320.41825295599,15000,62,2.4880278835303993,0.3527272727272727,1,0,0.36246246246246244,5,Medium,Review,15000,2174.774774774775
592,39600.114220799274,25000,40,1.584004568831971,0.5309090909090909,2,0,0.3400814698244319,5,Medium,Review,25000,3400.814698244319
390,34390.31816605114,25000,68,1.3756127266420457,0.16363636363636364,1,0,0.648122459875354,9,Very High,Reject,25000,6481.224598753541
393,60445.985403551895,10000,42,6.04459854035519,0.1690909090909091,1,1,0.615956324402654,8,Very High,Reject,10000,2463.8252976106164
496,106801.04432605802,25000,25,4.272041773042321,0.3563636363636364,1,0,0.33186384765332133,5,Medium,Review,25000,3318.6384765332136
596,73359.36867183246,15000,34,4.890624578122164,0.5381818181818182,2,0,0.26454640397888934,3,Low,Review,15000,1587.2784238733361
840,82628.71647345442,25000,53,3.305148658938177,0.9818181818181818,4,0,0.1966941667064066,2,Low,Approve,25000,1966.9416670640662
616,74184.00872868717,25000,55,2.9673603491474867,0.5745454545454546,3,0,0.3086729586729587,4,Medium,Review,25000,3086.729586729587
742,73297.96119269718,25000,59,2.9319184477078872,0.8036363636363636,4,0,0.14544027274861182,1,Very Low,Approve,25000,1454.4027274861182
529,73253.74873479846,5000,20,14.650749746959692,0.4163636363636364,2,1,0.3263165421060158,5,Medium,Review,5000,652.6330842120316
343,36096.8158212242,10000,23,3.6096815821224197,0.07818181818181819,1,0,0.7013535820497934,9,Very High,Reject,10000,2805.4143281991733
823,83628.77160712043,15000,27,5.575251440474696,0.9509090909090909,4,0,0.12371138184753165,0,Very Low,Approve,15000,742.26829108519
428,50043.01664505381,10000,32,5.004301664505381,0.23272727272727273,1,1,0.60250159863249,8,Very High,Reject,10000,2410.00639452996
601,72364.420013508,25000,51,2.89457680054032,0.5472727272727272,3,0,0.29226360462842077,4,Medium,Review,25000,2922.6360462842076
640,80182.22537754232,25000,57,3.2072890151016926,0.6181818181818182,3,0,0.20412644117216563,2,Low,Review,25000,2041.2644117216564
641,62979.61067091106,25000,26,2.5191844268364423,0.62,3,0,0.3052150575772623,4,Medium,Review,25000,3052.150575772623
394,51836.12167158245,25000,44,2.073444866863298,0.1709090909090909,1,1,0.5235542560103964,7,High,Reject,25000,5235.542560103964
364,50256.01898332161,5000,38,10.051203796664323,0.11636363636363636,1,1,0.6083935500125977,8,Very High,Reject,5000,1216.7871000251953
645,71805.9181331847,5000,66,14.361183626636942,0.6272727272727273,3,0,0.25978924423054556,3,Low,Review,5000,519.5784884610912
471,43226.918253249736,10000,51,4.3226918253249735,0.3109090909090909,1,0,0.5867096004770423,8,Very High,Reject,10000,2346.8384019081695
744,68385.72086799893,10000,57,6.838572086799893,0.8072727272727273,4,1,0.1750081125701881,1,Very Low,Approve,10000,700.0324502807524
367,52004.14635686934,5000,65,10.400829271373869,0.12181818181818181,1,1,0.6086899988673689,8,Very High,Reject,5000,1217.3799977347378
621,90256.8646709004,15000,25,6.01712431139336,0.5836363636363636,3,0,0.20902993927494162,2,Low,Review,15000,1254.1796356496498
647,63775.87422853874,5000,25,12.755174845707748,0.6309090909090909,3,1,0.25525409683825534,3,Low,Review,5000,510.50819367651076
468,85464.86545858033,5000,66,17.092973091716065,0.3054545454545455,1,0,0.3620308278203015,5,Medium,Review,5000,724.061655640603
756,98800.98414935815,10000,27,9.880098414935814,0.8290909090909091,4,0,0.16736488193789179,1,Very Low,Approve,10000,669.4595277515672
541,92254.58677551117,10000,67,9.225458677551117,0.4381818181818182,2,0,0.3110831705882325,4,Medium,Review,10000,1244.3326823529299
679,75343.8550736847,10000,24,7.534385507368469,0.6890909090909091,3,0,0.27105462042612877,3,Low,Review,10000,1084.2184817045152
790,20000.0,10000,21,2.0,0.8909090909090909,4,0,0.20825366179664728,2,Low,Review,10000,833.0146471865892
358,55969.24517714068,10000,35,5.596924517714068,0.10545454545454545,1,0,0.6513754938647489,9,Very High,Reject,10000,2605.5019754589957
496,51530.24238558223,15000,37,3.4353494923721484,0.3563636363636364,1,1,0.40443973919473014,6,High,Reject,15000,2426.638435168381
613,61154.780552974116,15000,67,4.076985370198274,0.5690909090909091,3,0,0.2623240123240123,3,Low,Review,15000,1573.944073944074
625,79473.21621428087,5000,59,15.894643242856173,0.5909090909090909,3,1,0.26454640397888934,3,Low,Review,5000,529.0928079577787
331,102253.43805249603,10000,35,10.225343805249603,0.056363636363636366,1,0,0.6146911473026259,8,Very High,Reject,10000,2458.764589210504
555,52102.3671716915,25000,25,2.08409468686766,0.4636363636363636,2,0,0.3522687825440119,5,Medium,Review,25000,3522.687825440119
405,82733.81286138293,15000,24,5.515587524092195,0.19090909090909092,1,1,0.4791734010621103,7,High,Reject,15000,2875.0404063726623
592,94279.19081765367,10000,30,9.427919081765367,0.5309090909090909,2,0,0.32419457955172243,5,Medium,Review,10000,1296.77831820689
402,116414.6455176899,25000,59,4.656585820707596,0.18545454545454546,1,1,0.4857498245837852,7,High,Reject,25000,4857.498245837852
601,20000.0,25000,23,0.8,0.5472727272727272,3,0,0.3823037323037323,6,High,Review,25000,3823.0373230373234
626,42113.074272742684,5000,59,8.422614854548536,0.5927272727272728,3,0,0.2845697105286757,4,Medium,Review,5000,569.1394210573513
820,55312.71712736415,10000,63,5.531271712736415,0.9454545454545454,4,0,0.14838157697912085,1,Very Low,Approve,10000,593.5263079164835
720,112210.92349035642,5000,32,22.442184698071284,0.7636363636363637,4,0,0.12016743890553673,0,Very Low,Approve,5000,240.33487781107348
409,45990.90896959674,5000,58,9.198181793919348,0.19818181818181818,1,1,0.6070544208857898,8,Very High,Reject,5000,1214.1088417715796
631,32547.402407821057,10000,46,3.2547402407821058,0.6018181818181818,3,1,0.3025178888886224,4,Medium,Review,10000,1210.0715555544898
826,20000.0,15000,27,1.3333333333333333,0.9563636363636364,4,1,0.20902993927494162,2,Low,Review,15000,1254.1796356496498
800,20000.0,25000,52,0.8,0.9090909090909091,4,0,0.11768775527215136,0,Very Low,Approve,25000,1176.8775527215137
579,91835.31756026113,10000,55,9.183531756026113,0.5072727272727273,2,0,0.29859934145648437,4,Medium,Review,10000,1194.3973658259376
743,80094.53673882397,15000,38,5.339635782588265,0.8054545454545454,4,1,0.11296216813081827,0,Very Low,Approve,15000,677.7730087849097
619,64823.427386229254,5000,29,12.964685477245851,0.58,3,0,0.26454640397888934,3,Low,Review,5000,529.0928079577787
449,83114.79446807806,25000,65,3.3245917787231227,0.27090909090909093,1,0,0.4523461431356168,6,High,Reject,25000,4523.461431356168
381,20000.0,25000,56,0.8,0.14727272727272728,1,1,0.5928394065784429,8,Very High,Reject,25000,5928.39406578443
336,86453.4767733504,5000,23,17.29069535467008,0.06545454545454546,1,0,0.6270368263149716,8,Very High,Reject,5000,1254.0736526299431
379,38268.637656123,15000,25,2.5512425104082,0.14363636363636365,1,1,0.6601020715422573,9,Very High,Reject,15000,3960.6124292535437
658,91880.53852954789,15000,63,6.125369235303193,0.6509090909090909,3,1,0.1608333724239297,1,Very Low,Approve,15000,965.0002345435782
315,98777.85224966788,5000,64,19.755570449933575,0.02727272727272727,1,1,0.5523935500125976,7,High,Reject,5000,1104.7871000251953
786,80993.43766747238,10000,51,8.099343766747237,0.8836363636363637,4,0,0.09744282437735413,0,Very Low,Approve,10000,389.77129750941657
355,32250.58614062501,15000,27,2.150039076041667,0.1,1,0,0.6446653075093441,9,Very High,Reject,15000,3867.9918450560654
779,132458.2208984272,10000,49,13.245822089842719,0.8709090909090909,4,0,0.12076442357272753,0,Very Low,Approve,10000,483.0576942909101
407,20000.0,5000,29,4.0,0.19454545454545455,1,0,0.6603985203970286,9,Very High,Reject,5000,1320.7970407940572
679,29216.128823639323,5000,62,5.8432257647278645,0.6890909090909091,3,0,0.3052150575772623,4,Medium,Review,5000,610.4301151545246
755,88844.00639528384,15000,28,5.9229337596855895,0.8272727272727273,4,1,0.1413386992852031,1,Very Low,Approve,15000,848.0321957112186
536,52985.63966993814,5000,23,10.597127933987627,0.4290909090909091,2,0,0.43157894736842106,6,High,Reject,5000,863.1578947368422
723,60236.87025949907,15000,58,4.015791350633271,0.769090909090909,4,0,0.22641284824676267,2,Low,Review,15000,1358.477089480576
607,65291.29269213114,10000,61,6.529129269213113,0.5581818181818182,3,1,0.2854989123645841,4,Medium,Review,10000,1141.9956494583364
462,85166.91005410907,25000,59,3.4066764021643627,0.29454545454545455,1,0,0.4133696145124716,6,High,Reject,25000,4133.696145124716
658,87696.30962274675,15000,50,5.84642064151645,0.6509090909090909,3,0,0.1642268893336918,1,Very Low,Approve,15000,985.3613360021509
436,56703.37845445052,15000,67,3.780225230296701,0.24727272727272728,1,1,0.5532144702041734,7,High,Reject,15000,3319.28682122504
329,72761.81885451879,5000,27,14.552363770903758,0.05272727272727273,1,1,0.4765529162484666,7,High,Reject,5000,953.1058324969332
476,24603.838225829197,10000,53,2.4603838225829198,0.32,1,1,0.5120402409087559,7,High,Reject,10000,2048.1609636350236
505,103572.20263847796,5000,29,20.714440527695594,0.37272727272727274,2,0,0.20853223559515113,2,Low,Review,5000,417.0644711903023
744,69819.96981265672,15000,20,4.654664654177115,0.8072727272727273,4,0,0.27119323087250874,3,Low,Review,15000,1627.1593852350525
640,80805.40785079625,15000,60,5.387027190053083,0.6181818181818182,3,0,0.24938598382728516,3,Low,Review,15000,1496.315902963711
497,50966.55008894485,15000,61,3.3977700059296567,0.35818181818181816,1,1,0.47558622268174683,7,High,Reject,15000,2853.517336090481
716,79871.35933493111,15000,30,5.324757288995407,0.7563636363636363,4,1,0.14544027274861182,1,Very Low,Approve,15000,872.641636491671
362,75259.5819196723,5000,44,15.05191638393446,0.11272727272727273,1,1,0.5380881297442809,7,High,Reject,5000,1076.1762594885618
714,56685.51550375312,25000,36,2.267420620150125,0.7527272727272727,4,0,0.2305245772741358,2,Low,Review,25000,2305.2457727413585
654,70430.19843821002,5000,59,14.086039687642003,0.6436363636363637,3,0,0.2464492494758839,3,Low,Review,5000,492.89849895176786
624,75545.68215402192,10000,33,7.554568215402193,0.5890909090909091,3,0,0.25978924423054556,3,Low,Review,10000,1039.1569769221824
825,69508.46726659719,5000,47,13.901693453319437,0.9545454545454546,4,0,0.1413386992852031,1,Very Low,Approve,5000,282.6773985704062
631,65679.42919181159,5000,36,13.135885838362318,0.6018181818181818,3,0,0.25231736248685405,3,Low,Review,5000,504.63472497370816
449,65853.5973335053,25000,33,2.634143893340212,0.27090909090909093,1,1,0.4949621977692941,7,High,Reject,25000,4949.621977692942
365,60319.316962328,5000,45,12.0638633924656,0.11818181818181818,1,1,0.6513754938647489,9,Very High,Reject,5000,1302.7509877294979
667,56320.33762219344,5000,32,11.264067524438687,0.6672727272727272,3,0,0.29859934145648437,4,Medium,Review,5000,597.1986829129688
808,31683.038974369905,10000,52,3.1683038974369904,0.9236363636363636,4,1,0.2464492494758839,3,Low,Review,10000,985.7969979035357
671,36450.34823268297,5000,36,7.290069646536594,0.6745454545454546,3,0,0.3263165421060158,5,Medium,Review,5000,652.6330842120316
647,40680.88708099998,25000,40,1.6272354832399991,0.6309090909090909,3,0,0.23814826787691915,2,Low,Review,25000,2381.482678769192
576,49246.42924644133,25000,54,1.9698571698576532,0.5018181818181818,2,0,0.3263165421060158,5,Medium,Review,25000,3263.165421060158
503,56208.49540414462,25000,39,2.248339816165785,0.3690909090909091,2,0,0.3848050241239096,6,High,Review,25000,3848.050241239096
510,52994.63914669001,5000,44,10.598927829338002,0.38181818181818183,2,1,0.424712643678161,6,High,Reject,5000,849.425287356322
528,69624.26437682891,10000,23,6.9624264376828915,0.41454545454545455,2,0,0.36441178020125387,5,Medium,Review,10000,1457.6471208050154
315,98777.85224966788,15000,64,6.5851901499778585,0.02727272727272727,1,0,0.648122459875354,9,Very High,Reject,15000,3888.734759252124
775,55823.133849545426,5000,41,11.164626769909086,0.8636363636363636,4,0,0.1413386992852031,1,Very Low,Approve,5000,282.6773985704062
634,79169.29315460449,5000,68,15.833858630920897,0.6072727272727273,3,0,0.33390238882229734,5,Medium,Review,5000,667.8047776445948
628,51463.174837320774,25000,56,2.0585269934928307,0.5963636363636363,3,0,0.25978924423054556,3,Low,Review,25000,2597.892442305456
326,66974.1011417021,25000,42,2.678964045668084,0.04727272727272727,1,0,0.6603985203970286,9,Very High,Reject,25000,6603.985203970286
653,52625.88622773248,10000,62,5.262588622773248,0.6418181818181818,3,0,0.24938598382728516,3,Low,Review,10000,997.5439353091407
400,49214.07431292042,10000,64,4.921407431292042,0.18181818181818182,1,1,0.6356422809770645,9,Very High,Reject,10000,2542.569123908258
558,59746.10989522813,5000,29,11.949221979045626,0.4690909090909091,2,0,0.36920077972709553,6,High,Review,5000,738.4015594541911
464,67112.96189538318,10000,68,6.711296189538318,0.29818181818181816,1,0,0.36441178020125387,5,Medium,Review,10000,1457.6471208050154
714,75771.15012924367,5000,53,15.154230025848735,0.7527272727272727,4,0,0.1180171000898297,0,Very Low,Approve,5000,236.03420017965942
627,63418.151002577106,10000,41,6.341815100257711,0.5945454545454546,3,1,0.27494966438214974,3,Low,Review,10000,1099.798657528599
455,40278.19130911041,15000,42,2.685212753940694,0.2818181818181818,1,1,0.5394131145261108,7,High,Reject,15000,3236.4786871566653
412,99503.47347171287,15000,45,6.633564898114192,0.20363636363636364,1,1,0.3207156308851224,5,Medium,Review,15000,1924.2937853107346
835,119433.00952605554,10000,61,11.943300952605554,0.9727272727272728,4,0,0.11970477720929161,0,Very Low,Approve,10000,478.8191088371665
721,48382.47737122465,15000,27,3.2254984914149767,0.7654545454545455,4,0,0.3156292978521124,4,Medium,Review,15000,1893.7757871126744
468,44872.62047423728,25000,53,1.7949048189694912,0.3054545454545455,1,0,0.6063475303314275,8,Very High,Reject,25000,6063.475303314275
370,73552.65099126045,25000,53,2.942106039650418,0.12727272727272726,1,0,0.6359387298318359,9,Very High,Reject,25000,6359.387298318358
536,103957.3739193112,5000,40,20.79147478386224,0.4290909090909091,2,0,0.3143639670249491,4,Medium,Review,5000,628.7279340498983
721,131990.7173475001,15000,57,8.799381156500006,0.7654545454545455,4,0,0.09959316319306116,0,Very Low,Approve,15000,597.558979158367
802,99877.54766255744,10000,56,9.987754766255744,0.9127272727272727,4,0,0.09744282437735413,0,Very Low,Approve,10000,389.77129750941657
695,68109.40305752323,10000,25,6.8109403057523235,0.7181818181818181,3,0,0.3437035008444018,5,Medium,Review,10000,1374.8140033776074
412,80954.60101820531,15000,35,5.396973401213687,0.20363636363636364,1,0,0.48497904541140696,7,High,Reject,15000,2909.8742724684416
532,51968.629828596764,5000,22,10.393725965719353,0.4218181818181818,2,0,0.4298492710649864,6,High,Reject,5000,859.6985421299728
646,46622.0799818853,15000,52,3.1081386654590197,0.6290909090909091,3,0,0.27227307336229367,3,Low,Review,15000,1633.638440173762
306,37875.80031298807,10000,33,3.787580031298807,0.01090909090909091,1,1,0.7696745364812592,9,Very High,Reject,10000,3078.698145925037
721,21606.65157630932,25000,55,0.8642660630523727,0.7654545454545455,4,0,0.39560930823389295,6,High,Review,25000,3956.0930823389294
698,52573.68782910794,5000,50,10.514737565821589,0.7236363636363636,3,0,0.26454640397888934,3,Low,Review,5000,529.0928079577787
685,79216.11540031926,15000,43,5.281074360021284,0.7,3,0,0.1733261446066153,1,Very Low,Approve,15000,1039.9568676396918
398,46172.0667344855,15000,50,3.0781377822990335,0.1781818181818182,1,0,0.6359387298318359,9,Very High,Reject,15000,3815.6323789910152
312,53244.91653036722,10000,43,5.324491653036722,0.02181818181818182,1,1,0.7396399049052323,9,Very High,Reject,10000,2958.5596196209294
326,76430.62029873359,10000,42,7.6430620298733585,0.04727272727272727,1,0,0.6516719427195202,9,Very High,Reject,10000,2606.687770878081
534,67570.35607887672,15000,47,4.504690405258448,0.4254545454545455,2,1,0.3620308278203015,5,Medium,Review,15000,2172.184966921809
551,85469.1492712204,5000,37,17.09382985424408,0.45636363636363636,2,0,0.3300638790014262,5,Medium,Review,5000,660.1277580028524
425,80091.14347401846,25000,56,3.2036457389607387,0.22727272727272727,1,1,0.4627072781516686,6,High,Reject,25000,4627.0727815166865
475,67942.68546152396,25000,43,2.717707418460958,0.3181818181818182,1,0,0.4164949898395347,6,High,Reject,25000,4164.949898395347
392,49917.57878054613,10000,34,4.991757878054613,0.16727272727272727,1,1,0.5983278432082814,8,Very High,Reject,10000,2393.3113728331255
763,57486.600370530796,10000,59,5.74866003705308,0.8418181818181818,4,0,0.1532425281905211,1,Very Low,Approve,10000,612.9701127620843
636,70391.71927334047,15000,46,4.692781284889365,0.610909090909091,3,1,0.25546914490163025,3,Low,Review,15000,1532.8148694097815
369,98940.49082625349,25000,68,3.9576196330501396,0.12545454545454546,1,0,0.5710791122438145,8,Very High,Reject,25000,5710.791122438145
664,66334.60681197555,15000,28,4.42230712079837,0.6618181818181819,3,0,0.288196081053224,4,Medium,Review,15000,1729.1764863193441
647,20000.0,15000,50,1.3333333333333333,0.6309090909090909,3,1,0.35451871688353304,5,Medium,Review,15000,2127.1123013011984
626,51095.88576445001,5000,65,10.219177152890001,0.5927272727272728,3,1,0.2900340597568743,4,Medium,Review,5000,580.0681195137486
456,113055.61400673632,10000,57,11.305561400673632,0.28363636363636363,1,1,0.32436722436722437,5,Medium,Review,10000,1297.4688974688975
558,59418.21028916726,15000,54,3.9612140192778176,0.4690909090909091,2,0,0.34121355607576076,5,Medium,Review,15000,2047.2813364545648
517,55841.45807155606,25000,62,2.2336583228622424,0.39454545454545453,2,0,0.2809903612655906,4,Medium,Review,25000,2809.9036126559063
578,84228.39448275082,10000,63,8.422839448275083,0.5054545454545455,2,0,0.26454640397888934,3,Low,Review,10000,1058.1856159155575
692,28815.466663422754,15000,24,1.9210311108948503,0.7127272727272728,3,1,0.30095868531807307,4,Medium,Review,15000,1805.7521119084386
845,57511.2647200202,5000,27,11.50225294400404,0.990909090909091,4,0,0.1413386992852031,1,Very Low,Approve,5000,282.6773985704062
679,50263.69000153204,5000,18,10.052738000306409,0.6890909090909091,3,0,0.24938598382728516,3,Low,Review,5000,498.77196765457035
331,59473.938411573734,15000,26,3.964929227438249,0.056363636363636366,1,0,0.7089829142019018,9,Very High,Reject,15000,4253.897485211412
378,46494.19368628229,5000,35,9.298838737256458,0.14181818181818182,1,0,0.6404161149678468,9,Very High,Reject,5000,1280.8322299356937
452,61985.32028816326,25000,49,2.4794128115265304,0.27636363636363637,1,0,0.5670268453508956,7,High,Reject,25000,5670.268453508957
770,56268.45286630096,15000,37,3.751230191086731,0.8545454545454545,4,0,0.22641284824676267,2,Low,Review,15000,1358.477089480576
331,100354.68220827726,5000,54,20.07093644165545,0.056363636363636366,1,0,0.5228023505121894,7,High,Reject,5000,1045.6047010243788
346,49337.494598916834,15000,23,3.2891663065944554,0.08363636363636363,1,1,0.6601020715422573,9,Very High,Reject,15000,3960.6124292535437
475,81856.20771061914,5000,45,16.37124154212383,0.3181818181818182,1,1,0.41136379057738875,6,High,Reject,5000,822.7275811547776
639,56949.70073456488,10000,29,5.6949700734564885,0.6163636363636363,3,1,0.25978924423054556,3,Low,Review,10000,1039.1569769221824
447,81423.2266585522,10000,69,8.14232266585522,0.2672727272727273,1,0,0.30266686503168116,4,Medium,Review,10000,1210.6674601267248
829,45946.663787147554,5000,59,9.189332757429511,0.9618181818181818,4,0,0.11296216813081827,0,Very Low,Approve,5000,225.92433626163657
691,21350.774188125455,10000,21,2.1350774188125454,0.7109090909090909,3,1,0.28262039278988427,4,Medium,Review,10000,1130.4815711595372
460,68221.24053389786,10000,19,6.822124053389786,0.2909090909090909,1,1,0.48876399974715695,7,High,Reject,10000,1955.0559989886278
770,70212.29926438951,15000,55,4.680819950959301,0.8545454545454545,4,0,0.13353644384329386,0,Very Low,Approve,15000,801.2186630597631
606,110141.72195290664,15000,57,7.342781463527109,0.5563636363636364,3,1,0.21733092087390637,2,Low,Review,15000,1303.9855252434384
599,41226.16542263821,25000,52,1.6490466169055285,0.5436363636363636,2,0,0.2853844823257837,4,Medium,Review,25000,2853.8448232578367
354,29911.034260908433,10000,66,2.9911034260908433,0.09818181818181818,1,1,0.6516719427195202,9,Very High,Reject,10000,2606.687770878081
530,56253.43342308907,10000,26,5.6253433423089065,0.41818181818181815,2,0,0.3620308278203015,5,Medium,Review,10000,1448.123311281206
675,70599.87422252622,5000,36,14.119974844505245,0.6818181818181818,3,1,0.2464492494758839,3,Low,Review,5000,492.89849895176786
637,54627.09304699182,10000,48,5.462709304699182,0.6127272727272727,3,0,0.26151626151626156,3,Low,Review,10000,1046.0650460650463
433,121023.16390514481,25000,36,4.840926556205792,0.24181818181818182,1,0,0.48967139321123615,7,High,Reject,25000,4896.713932112362
698,54150.23844460108,5000,33,10.830047688920216,0.7236363636363636,3,0,0.2373719903986248,2,Low,Review,5000,474.74398079724966
842,49668.654633748214,25000,65,1.9867461853499286,0.9854545454545455,4,0,0.1767202439323096,1,Very Low,Approve,25000,1767.2024393230959
782,87566.9535674812,5000,44,17.513390713496243,0.8763636363636363,4,0,0.0925502854991434,0,Very Low,Approve,5000,185.1005709982868
828,37136.69212479846,15000,63,2.475779474986564,0.96,4,0,0.23505612192763028,2,Low,Review,15000,1410.3367315657817
470,84629.62705775941,15000,29,5.641975137183961,0.3090909090909091,1,0,0.31940963519910887,5,Medium,Review,15000,1916.4578111946532
318,75824.32320109088,10000,52,7.582432320109088,0.03272727272727273,1,1,0.6988564656631885,9,Very High,Reject,10000,2795.425862652754
337,64415.15099390134,5000,19,12.883030198780268,0.06727272727272728,1,1,0.6431074946844905,9,Very High,Reject,5000,1286.214989368981
437,30483.695747246515,5000,63,6.096739149449303,0.24909090909090909,1,0,0.5729052451689151,8,Very High,Reject,5000,1145.8104903378303
827,60983.66784084814,10000,41,6.0983667840848135,0.9581818181818181,4,0,0.1413386992852031,1,Very Low,Approve,10000,565.3547971408124
343,46626.203079115556,15000,27,3.108413538607704,0.07818181818181819,1,1,0.6629810348843049,9,Very High,Reject,15000,3977.88620930583
752,59622.15499573775,15000,56,3.9748103330491835,0.8218181818181818,4,0,0.22641284824676267,2,Low,Review,15000,1358.477089480576
810,51530.97906634761,10000,68,5.153097906634761,0.9272727272727272,4,0,0.21638268349725212,2,Low,Review,10000,865.5307339890085
735,72869.06403637909,15000,54,4.857937602425273,0.7909090909090909,4,0,0.14057932153721162,1,Very Low,Approve,15000,843.4759292232698
389,86739.31296633554,10000,65,8.673931296633553,0.1618181818181818,1,1,0.5200052164840897,7,High,Reject,10000,2080.020865936359
782,40565.89706290723,25000,49,1.6226358825162892,0.8763636363636363,4,0,0.2197006441644551,2,Low,Review,25000,2197.006441644551
335,38233.29071458508,10000,46,3.8233290714585078,0.06363636363636363,1,1,0.6096369353730661,8,Very High,Reject,10000,2438.5477414922643
408,20000.0,25000,37,0.8,0.19636363636363635,1,1,0.6069245771079324,8,Very High,Reject,25000,6069.245771079323
381,82111.2619409107,10000,53,8.21112619409107,0.14727272727272728,1,1,0.45629159104658196,6,High,Reject,10000,1825.166364186328
410,96763.23060367857,15000,21,6.450882040245238,0.2,1,0,0.4632156424292406,6,High,Reject,15000,2779.293854575444
816,40038.97867808204,25000,43,1.6015591471232817,0.9381818181818182,4,0,0.1932320397809675,1,Very Low,Approve,25000,1932.3203978096753
392,65263.64279352564,25000,24,2.610545711741026,0.16727272727272727,1,0,0.5983278432082814,8,Very High,Reject,25000,5983.278432082814
335,89926.48391134103,15000,22,5.9950989274227355,0.06363636363636363,1,0,0.60250159863249,8,Very High,Reject,15000,3615.0095917949398
698,52573.68782910794,10000,50,5.2573687829107945,0.7236363636363636,3,0,0.26454640397888934,3,Low,Review,10000,1058.1856159155575
503,58344.67623983771,10000,29,5.834467623983771,0.3690909090909091,2,0,0.5615294330083062,7,High,Reject,10000,2246.117732033225
690,92940.81104009894,10000,62,9.294081104009894,0.7090909090909091,3,0,0.1966941667064066,2,Low,Approve,10000,786.7766668256265
561,97844.55441429518,25000,58,3.9137821765718073,0.47454545454545455,2,0,0.3719976269175354,6,High,Review,25000,3719.976269175354
312,40311.925939325134,5000,46,8.062385187865027,0.02181818181818182,1,1,0.6775673572181166,9,Very High,Reject,5000,1355.1347144362333
656,43963.76214677479,25000,58,1.7585504858709915,0.6472727272727272,3,0,0.19995268019768253,2,Low,Approve,25000,1999.5268019768253
428,50919.75664893449,10000,20,5.091975664893449,0.23272727272727273,1,1,0.5863651249022457,8,Very High,Reject,10000,2345.460499608983
543,54689.498253752325,10000,64,5.468949825375232,0.44181818181818183,2,0,0.424712643678161,6,High,Reject,10000,1698.850574712644
367,50351.2307821547,10000,63,5.03512307821547,0.12181818181818181,1,1,0.6087175950910435,8,Very High,Reject,10000,2434.8703803641743
335,58171.19383700246,25000,32,2.326847753480098,0.06363636363636363,1,1,0.740279556868244,9,Very High,Reject,25000,7402.79556868244
688,52450.20099546989,15000,45,3.496680066364659,0.7054545454545454,3,1,0.2796307993536139,4,Medium,Review,15000,1677.7847961216835
575,43665.01314902221,25000,51,1.7466005259608886,0.5,2,0,0.3217813947137255,5,Medium,Review,25000,3217.813947137255
836,87090.6137242743,5000,22,17.41812274485486,0.9745454545454545,4,0,0.11296216813081827,0,Very Low,Approve,5000,225.92433626163657
675,59118.152250689025,10000,40,5.911815225068903,0.6818181818181818,3,1,0.2464492494758839,3,Low,Review,10000,985.7969979035357
794,51630.693598554906,10000,40,5.16306935985549,0.8981818181818182,4,0,0.15817462945510016,1,Very Low,Approve,10000,632.6985178204008
764,73941.53416577724,5000,51,14.788306833155447,0.8436363636363636,4,0,0.0925502854991434,0,Very Low,Approve,5000,185.1005709982868
458,59682.00207672702,25000,61,2.3872800830690806,0.2872727272727273,1,1,0.6060510814766563,8,Very High,Reject,25000,6060.510814766563
724,60335.66867361588,15000,23,4.022377911574392,0.7709090909090909,4,0,0.22907100879966005,2,Low,Review,15000,1374.4260527979604
698,35019.89187260892,10000,18,3.5019891872608917,0.7236363636363636,3,0,0.27104334789391976,3,Low,Review,10000,1084.173391575679
318,81274.14196948604,5000,69,16.254828393897206,0.03272727272727273,1,1,0.5735628830258753,8,Very High,Reject,5000,1147.1257660517508
376,93584.0382551457,25000,44,3.743361530205828,0.13818181818181818,1,1,0.6513754938647489,9,Very High,Reject,25000,6513.754938647489
820,104672.49142582728,15000,33,6.978166095055152,0.9454545454545454,4,0,0.12076442357272753,0,Very Low,Approve,15000,724.5865414363652
336,79311.7852944934,5000,35,15.862357058898679,0.06545454545454546,1,1,0.6443688586545729,9,Very High,Reject,5000,1288.737717309146
660,20000.0,15000,63,1.3333333333333333,0.6545454545454545,3,1,0.3620308278203015,5,Medium,Review,15000,2172.184966921809
687,56908.77388227097,5000,31,11.381754776454194,0.7036363636363636,3,0,0.2871572871572872,4,Medium,Review,5000,574.3145743145744
809,76582.53775585577,25000,36,3.0633015102342305,0.9254545454545454,4,0,0.11296216813081827,0,Very Low,Approve,25000,1129.6216813081828
798,60323.56208815843,5000,37,12.064712417631686,0.9054545454545454,4,0,0.1750081125701881,1,Very Low,Approve,5000,350.0162251403762
705,42711.412753637385,5000,57,8.542282550727476,0.7363636363636363,4,0,0.28156538050292773,4,Medium,Review,5000,563.1307610058554
591,64605.557777508235,15000,24,4.307037185167216,0.5290909090909091,2,1,0.2462938378779963,3,Low,Review,15000,1477.763027267978
351,70901.07659560925,10000,52,7.090107659560925,0.09272727272727273,1,1,0.5966180448513041,8,Very High,Reject,10000,2386.4721794052166
664,35227.08735065683,25000,50,1.4090834940262733,0.6618181818181819,3,0,0.24938598382728516,3,Low,Review,25000,2493.859838272852
499,56598.33258735649,15000,43,3.7732221724904327,0.3618181818181818,1,0,0.41136379057738875,6,High,Reject,15000,2468.182743464333
409,88592.88764390111,5000,30,17.718577528780223,0.19818181818181818,1,1,0.492201437487011,7,High,Reject,5000,984.4028749740221
841,46299.76283498663,5000,67,9.259952566997326,0.9836363636363636,4,0,0.1413386992852031,1,Very Low,Approve,5000,282.6773985704062
591,70474.09789639938,10000,42,7.047409789639938,0.5290909090909091,2,1,0.31975006516093424,5,Medium,Review,10000,1279.000260643737
337,85840.08012093371,5000,53,17.16801602418674,0.06727272727272728,1,1,0.6267403774602003,8,Very High,Reject,5000,1253.4807549204006
700,31843.445951271075,25000,51,1.273737838050843,0.7272727272727273,3,0,0.19995268019768253,2,Low,Approve,25000,1999.5268019768253
383,83491.88670294583,10000,51,8.349188670294584,0.1509090909090909,1,1,0.5233179380466596,7,High,Reject,10000,2093.2717521866384
667,20000.0,10000,62,2.0,0.6672727272727272,3,0,0.3159132817027554,4,Medium,Review,10000,1263.6531268110216
754,67857.7188264812,15000,19,4.523847921765413,0.8254545454545454,4,0,0.22641284824676267,2,Low,Review,15000,1358.477089480576
336,91418.26076939196,5000,29,18.283652153878393,0.06545454545454546,1,0,0.6446653075093441,9,Very High,Reject,5000,1289.3306150186884
708,56511.746083350336,15000,61,3.7674497388900225,0.7418181818181818,4,0,0.288196081053224,4,Medium,Review,15000,1729.1764863193441
649,97895.54600040556,10000,42,9.789554600040557,0.6345454545454545,3,0,0.21638268349725212,2,Low,Review,10000,865.5307339890085
693,70790.1868542023,15000,20,4.719345790280153,0.7145454545454546,3,0,0.27041451698985947,3,Low,Review,15000,1622.487101939157
474,20000.0,5000,35,4.0,0.31636363636363635,1,1,0.5464936760505916,7,High,Reject,5000,1092.9873521011834
482,89863.95589354054,15000,54,5.990930392902702,0.33090909090909093,1,0,0.3911362975879105,6,High,Review,15000,2346.8177855274635
321,112817.20335891988,15000,47,7.521146890594659,0.038181818181818185,1,0,0.5887351896618617,8,Very High,Reject,15000,3532.4111379711703
481,54087.12841836141,25000,64,2.1634851367344563,0.3290909090909091,1,1,0.35928357507304876,5,Medium,Review,25000,3592.835750730488
477,99168.66841735994,10000,55,9.916866841735994,0.32181818181818184,1,0,0.45629159104658196,6,High,Reject,10000,1825.166364186328
344,79165.19582087723,10000,34,7.916519582087723,0.08,1,1,0.6356422809770645,9,Very High,Reject,10000,2542.569123908258
317,86868.49053950643,15000,46,5.791232702633762,0.03090909090909091,1,0,0.6967068536802273,9,Very High,Reject,15000,4180.241122081364
448,46393.91582611072,10000,64,4.639391582611072,0.2690909090909091,1,0,0.5591163939377787,7,High,Reject,10000,2236.465575751115
549,64808.14840788741,15000,54,4.320543227192494,0.4527272727272727,2,0,0.37622739018087853,6,High,Review,15000,2257.364341085271
353,77903.60098965949,15000,29,5.193573399310632,0.09636363636363636,1,0,0.6359387298318359,9,Very High,Reject,15000,3815.6323789910152
330,67007.9893156303,5000,51,13.40159786312606,0.05454545454545454,1,1,0.590765068818225,8,Very High,Reject,5000,1181.53013763645
649,111374.68393701641,5000,51,22.27493678740328,0.6345454545454545,3,0,0.37507036067966865,6,High,Review,5000,750.1407213593374
727,67137.83324098997,15000,68,4.4758555493993315,0.7763636363636364,4,0,0.14544027274861182,1,Very Low,Approve,15000,872.641636491671
451,67644.25958810309,5000,32,13.528851917620617,0.27454545454545454,1,0,0.398722144304192,6,High,Review,5000,797.4442886083841
414,34225.53757986851,5000,34,6.8451075159737025,0.20727272727272728,1,0,0.5947783603641151,8,Very High,Reject,5000,1189.5567207282304
395,45580.652270323495,10000,58,4.558065227032349,0.17272727272727273,1,0,0.6601020715422573,9,Very High,Reject,10000,2640.4082861690295
450,50657.42139268371,25000,56,2.0262968557073484,0.2727272727272727,1,0,0.6147776591541646,8,Very High,Reject,25000,6147.776591541646
462,20000.0,15000,20,1.3333333333333333,0.29454545454545455,1,0,0.4915608469375969,7,High,Reject,15000,2949.3650816255813
826,55550.25635036956,15000,53,3.7033504233579704,0.9563636363636364,4,0,0.20412644117216563,2,Low,Review,15000,1224.7586470329938
456,99639.38084853702,10000,19,9.963938084853702,0.28363636363636363,1,0,0.37972709551656925,6,High,Review,10000,1518.9083820662772
676,81046.97653694423,10000,31,8.104697653694423,0.6836363636363636,3,0,0.18240340368387442,1,Very Low,Approve,10000,729.6136147354977
363,58222.121290952266,5000,26,11.644424258190453,0.11454545454545455,1,1,0.5828156420580795,8,Very High,Reject,5000,1165.631284116159
800,43523.067090868586,25000,52,1.7409226836347433,0.9090909090909091,4,0,0.10448570207127189,0,Very Low,Approve,25000,1044.8570207127188
716,50654.502152247034,25000,59,2.0261800860898815,0.7563636363636363,4,0,0.29859934145648437,4,Medium,Review,25000,2985.993414564844
456,41815.674857601654,25000,34,1.6726269943040661,0.28363636363636363,1,1,0.6120402475711096,8,Very High,Reject,25000,6120.4024757110965
536,81772.78120692188,5000,20,16.354556241384376,0.4290909090909091,2,0,0.3846846846846847,6,High,Review,5000,769.3693693693695
459,44428.60246203919,15000,52,2.961906830802613,0.28909090909090907,1,1,0.6052529172543676,8,Very High,Reject,15000,3631.5175035262055
450,81807.33520101005,10000,52,8.180733520101006,0.2727272727272727,1,0,0.47166465405429586,7,High,Reject,10000,1886.6586162171836
433,77663.35978464794,10000,65,7.766335978464794,0.24181818181818182,1,1,0.5358636316819446,7,High,Reject,10000,2143.4545267277786
788,89380.01354211915,5000,35,17.87600270842383,0.8872727272727273,4,0,0.07371885500927211,0,Very Low,Approve,5000,147.4377100185442
729,70413.86845945515,25000,69,2.8165547383782057,0.78,4,0,0.10448570207127189,0,Very Low,Approve,25000,1044.8570207127188
570,95411.184681927,10000,40,9.5411184681927,0.4909090909090909,2,0,0.34467145717145714,5,Medium,Review,10000,1378.6858286858287
308,20145.203336264094,25000,19,0.8058081334505638,0.014545454545454545,1,1,0.6910555111003592,9,Very High,Reject,25000,6910.555111003592
363,63726.443023414926,25000,43,2.549057720936597,0.11454545454545455,1,0,0.6183102486374631,8,Very High,Reject,25000,6183.102486374631
712,78742.07965725649,15000,69,5.249471977150432,0.7490909090909091,4,0,0.23814826787691915,2,Low,Review,15000,1428.889607261515
580,50091.88277270198,25000,35,2.003675310908079,0.509090909090909,2,0,0.3311055416318574,5,Medium,Review,25000,3311.0554163185743
672,89340.55623569617,25000,40,3.573622249427847,0.6763636363636364,3,0,0.09023299494655874,0,Very Low,Approve,25000,902.3299494655876
479,94919.08062451097,15000,68,6.3279387083007315,0.32545454545454544,1,1,0.2859887199821489,4,Medium,Review,15000,1715.9323198928937
578,22906.685809648785,5000,51,4.581337161929757,0.5054545454545455,2,0,0.3198320769749341,5,Medium,Review,5000,639.6641539498683
687,29375.720704614694,5000,69,5.875144140922939,0.7036363636363636,3,0,0.3156183179805227,4,Medium,Review,5000,631.2366359610454
750,69755.27398357105,15000,19,4.650351598904737,0.8181818181818182,4,0,0.25028803283801687,3,Low,Review,15000,1501.7281970281012
456,83378.30282635227,25000,69,3.3351321130540907,0.28363636363636363,1,0,0.33162620250631575,5,Medium,Review,25000,3316.2620250631576
629,56101.62707282573,10000,47,5.610162707282573,0.5981818181818181,3,1,0.25978924423054556,3,Low,Review,10000,1039.1569769221824
465,72338.43824921601,15000,43,4.822562549947734,0.3,1,1,0.42863421230561194,6,High,Reject,15000,2571.8052738336714
639,58324.90595582421,10000,18,5.832490595582421,0.6163636363636363,3,0,0.25685250987914426,3,Low,Review,10000,1027.4100395165772
515,90652.1860240001,10000,65,9.06521860240001,0.39090909090909093,2,1,0.2833653491548228,4,Medium,Review,10000,1133.4613966192915
371,86695.13648856114,15000,63,5.779675765904076,0.1290909090909091,1,1,0.5978023505121892,8,Very High,Reject,15000,3586.8141030731354
372,37952.14078217167,5000,27,7.590428156434334,0.13090909090909092,1,1,0.6267403774602003,8,Very High,Reject,5000,1253.4807549204006
463,66989.48866391402,25000,26,2.679579546556561,0.2963636363636364,1,0,0.4238494787693872,6,High,Reject,25000,4238.494787693872
652,55535.50641967115,5000,56,11.10710128393423,0.64,3,0,0.32812929785211237,5,Medium,Review,5000,656.2585957042248
495,124699.1926381183,25000,64,4.987967705524732,0.35454545454545455,1,0,0.35371355607576077,5,Medium,Review,25000,3537.135560757608
506,51510.21948157171,15000,52,3.4340146321047804,0.37454545454545457,2,1,0.4589147286821706,6,High,Reject,15000,2753.488372093024
321,55601.79386321609,5000,68,11.120358772643218,0.038181818181818185,1,1,0.6281400544461723,8,Very High,Reject,5000,1256.2801088923445
365,20000.0,25000,18,0.8,0.11818181818181818,1,1,0.5173922781228718,7,High,Reject,25000,5173.922781228718
649,32142.872554796995,15000,46,2.1428581703197995,0.6345454545454545,3,0,0.25231736248685405,3,Low,Review,15000,1513.9041749211244
555,69490.55681579809,25000,35,2.7796222726319235,0.4636363636363636,2,0,0.3416318574213311,5,Medium,Review,25000,3416.318574213311
425,81376.95044076315,5000,40,16.27539008815263,0.22727272727272727,1,0,0.40443973919473014,6,High,Reject,5000,808.8794783894604
528,80173.56520966595,25000,19,3.2069426083866377,0.41454545454545455,2,0,0.24013713342561405,2,Low,Review,25000,2401.3713342561405
383,76269.26042965664,10000,34,7.626926042965664,0.1509090909090909,1,0,0.49007898526355725,7,High,Reject,10000,1960.3159410542291
721,63095.30971772456,10000,67,6.309530971772456,0.7654545454545455,4,1,0.2305245772741358,2,Low,Review,10000,922.0983090965433
614,81665.69708642227,15000,42,5.444379805761485,0.5709090909090909,3,0,0.24092423493860046,2,Low,Review,15000,1445.545409631603
843,80097.92603708437,10000,32,8.009792603708437,0.9872727272727273,4,0,0.12780730126664527,0,Very Low,Approve,10000,511.22920506658113
484,47013.190391551565,5000,69,9.402638078310313,0.33454545454545453,1,0,0.5397917559219753,7,High,Reject,5000,1079.5835118439506
332,73458.93604839899,15000,56,4.897262403226599,0.05818181818181818,1,1,0.6972952096670726,9,Very High,Reject,15000,4183.771258002435
440,77752.46828018183,10000,56,7.775246828018183,0.2545454545454545,1,1,0.5068735790035858,7,High,Reject,10000,2027.4943160143432
632,92162.00307225954,10000,43,9.216200307225954,0.6036363636363636,3,0,0.23505612192763028,2,Low,Review,10000,940.2244877105212
428,67278.12168133442,15000,51,4.485208112088961,0.23272727272727273,1,0,0.5732210620393712,8,Very High,Reject,15000,3439.326372236227
563,129970.57250186455,15000,28,8.664704833457636,0.4781818181818182,2,0,0.2462938378779963,3,Low,Review,15000,1477.763027267978
324,48685.052266712795,15000,53,3.2456701511141866,0.04363636363636364,1,1,0.6910555111003592,9,Very High,Reject,15000,4146.333066602156
472,65821.58434950533,10000,49,6.582158434950533,0.31272727272727274,1,1,0.36441178020125387,5,Medium,Review,10000,1457.6471208050154
625,103403.91932137363,25000,30,4.136156772854945,0.5909090909090909,3,0,0.1326682524780455,0,Very Low,Approve,25000,1326.682524780455
712,74873.94925808268,5000,25,14.974789851616535,0.7490909090909091,4,0,0.17926871084320975,1,Very Low,Approve,5000,358.53742168641946
570,91877.58634522348,10000,53,9.187758634522348,0.4909090909090909,2,0,0.34121355607576076,5,Medium,Review,10000,1364.854224303043
801,52928.05701772163,25000,29,2.117122280708865,0.9109090909090909,4,0,0.10448570207127189,0,Very Low,Approve,25000,1044.8570207127188
546,77653.9413865178,10000,39,7.76539413865178,0.44727272727272727,2,0,0.3648705096073517,6,High,Review,10000,1459.4820384294069
637,65729.76259838919,15000,32,4.381984173225947,0.6127272727272727,3,0,0.2563388991960421,3,Low,Review,15000,1538.0333951762525
755,111045.39023466519,15000,30,7.403026015644346,0.8272727272727273,4,1,0.12076442357272753,0,Very Low,Approve,15000,724.5865414363652
673,71850.97101623258,15000,67,4.790064734415505,0.6781818181818182,3,0,0.2528109843487329,3,Low,Review,15000,1516.8659060923976
389,131672.63055800024,5000,56,26.33452611160005,0.1618181818181818,1,1,0.48757894736842106,7,High,Reject,5000,975.1578947368422
733,60048.159246266,25000,53,2.40192636985064,0.7872727272727272,4,0,0.18514742371449688,1,Very Low,Approve,25000,1851.4742371449688
679,56674.00560652703,5000,36,11.334801121305407,0.6890909090909091,3,0,0.2900340597568743,4,Medium,Review,5000,580.0681195137486
759,58765.75937068797,5000,68,11.753151874137593,0.8345454545454546,4,0,0.16720585712827885,1,Very Low,Approve,5000,334.41171425655773
355,132575.6891101271,10000,25,13.25756891101271,0.1,1,1,0.308287383871436,4,Medium,Review,10000,1233.149535485744
334,58296.52151895592,10000,38,5.8296521518955915,0.06181818181818182,1,1,0.6273935500125977,8,Very High,Reject,10000,2509.5742000503906
695,68109.40305752323,25000,25,2.7243761223009293,0.7181818181818181,3,1,0.26454640397888934,3,Low,Review,25000,2645.4640397888934
827,56039.91061217779,15000,43,3.7359940408118524,0.9581818181818181,4,0,0.20412644117216563,2,Low,Review,15000,1224.7586470329938
488,112190.62801565012,5000,66,22.438125603130022,0.3418181818181818,1,0,0.43882519925756086,6,High,Reject,5000,877.6503985151219
536,61471.25819142986,5000,42,12.29425163828597,0.4290909090909091,2,0,0.38860625331213566,6,High,Review,5000,777.2125066242713
769,72747.36948451586,5000,24,14.549473896903173,0.8527272727272728,4,0,0.0925502854991434,0,Very Low,Approve,5000,185.1005709982868
470,31732.371716726848,15000,29,2.11549144778179,0.3090909090909091,1,1,0.6139583314415092,8,Very High,Reject,15000,3683.7499886490555
441,55014.38047534958,10000,67,5.501438047534958,0.25636363636363635,1,1,0.6273935500125977,8,Very High,Reject,10000,2509.5742000503906
328,64449.12839989324,15000,40,4.296608559992883,0.05090909090909091,1,0,0.6972952096670726,9,Very High,Reject,15000,4183.771258002435
661,49322.6793806926,25000,55,1.972907175227704,0.6563636363636364,3,1,0.23505612192763028,2,Low,Review,25000,2350.561219276303
565,39332.237705368345,5000,61,7.866447541073669,0.4818181818181818,2,1,0.42512871829580484,6,High,Reject,5000,850.2574365916098
755,49274.053469909726,5000,21,9.854810693981944,0.8272727272727273,4,1,0.18420081210778885,1,Very Low,Approve,5000,368.4016242155777
300,87296.57555401872,15000,39,5.819771703601249,0.0,,1,0.5731195956883958,8,Very High,Reject,15000,3438.717574130375
660,57555.09609440099,15000,18,3.8370064062933995,0.6545454545454545,3,1,0.2525560025560025,3,Low,Review,15000,1515.3360153360152
582,62561.865406359415,25000,28,2.5024746162543767,0.5127272727272727,2,1,0.2931333589228326,4,Medium,Review,25000,2931.333589228326
849,82188.76798981236,25000,22,3.2875507195924945,0.9981818181818182,4,0,0.11296216813081827,0,Very Low,Approve,25000,1129.6216813081828
530,105633.25772687988,5000,21,21.126651545375974,0.41818181818181815,2,0,0.23505612192763028,2,Low,Review,5000,470.1122438552606
377,38599.23000083331,25000,39,1.5439692000333325,0.14,1,0,0.6356422809770645,9,Very High,Reject,25000,6356.4228097706455
688,52450.20099546989,10000,45,5.245020099546989,0.7054545454545454,3,0,0.29859934145648437,4,Medium,Review,10000,1194.3973658259376
619,44103.243609542355,15000,47,2.940216240636157,0.58,3,1,0.3159132817027554,4,Medium,Review,15000,1895.4796902165324
416,52995.760394819146,5000,41,10.59915207896383,0.2109090909090909,1,0,0.5173287719522063,7,High,Reject,5000,1034.6575439044125
405,26014.105521844365,25000,51,1.0405642208737746,0.19090909090909092,1,1,0.5416314404091642,7,High,Reject,25000,5416.314404091642
615,59203.28733435525,10000,28,5.920328733435525,0.5727272727272728,3,1,0.27041451698985947,3,Low,Review,10000,1081.6580679594379
534,64254.90545371398,10000,59,6.425490545371398,0.4254545454545455,2,0,0.4138826796721533,6,High,Reject,10000,1655.5307186886134
518,99159.73529636096,15000,19,6.610649019757397,0.39636363636363636,2,1,0.24335710352659504,2,Low,Review,15000,1460.1426211595704
345,60184.83903097985,15000,31,4.012322602065323,0.08181818181818182,1,1,0.6998777241543488,9,Very High,Reject,15000,4199.266344926093
357,39254.70378645387,5000,53,7.850940757290775,0.10363636363636364,1,0,0.6159007405831546,8,Very High,Reject,5000,1231.8014811663093
333,88637.43261648488,25000,62,3.545497304659395,0.06,1,0,0.6270368263149716,8,Very High,Reject,25000,6270.368263149716
815,61786.34266870108,5000,56,12.357268533740216,0.9363636363636364,4,0,0.1750081125701881,1,Very Low,Approve,5000,350.0162251403762
822,35742.982340080634,25000,57,1.4297192936032255,0.9490909090909091,4,1,0.20902993927494162,2,Low,Review,25000,2090.2993927494163
762,42355.06966572131,5000,44,8.471013933144262,0.84,4,1,0.17440775963180954,1,Very Low,Approve,5000,348.8155192636191
388,109534.99291502144,25000,40,4.381399716600858,0.16,1,1,0.49007898526355725,7,High,Reject,25000,4900.789852635573
707,109432.36920076134,25000,35,4.3772947680304535,0.74,4,0,0.11296216813081827,0,Very Low,Approve,25000,1129.6216813081828
822,92455.89508808567,25000,56,3.698235803523427,0.9490909090909091,4,0,0.11296216813081827,0,Very Low,Approve,25000,1129.6216813081828
592,99987.16067430857,25000,46,3.999486426972343,0.5309090909090909,2,1,0.29859934145648437,4,Medium,Review,25000,2985.993414564844
426,52820.820424271384,25000,53,2.1128328169708555,0.2290909090909091,1,0,0.5863651249022457,8,Very High,Reject,25000,5863.651249022457
603,47597.07371634246,25000,26,1.9038829486536983,0.5509090909090909,3,0,0.29859934145648437,4,Medium,Review,25000,2985.993414564844
644,87176.99441115718,10000,32,8.717699441115718,0.6254545454545455,3,0,0.1872643548952746,1,Very Low,Approve,10000,749.0574195810984
500,79476.53931736677,15000,50,5.298435954491118,0.36363636363636365,1,0,0.33838115074596686,5,Medium,Review,15000,2030.286904475801
613,55749.438354068894,5000,21,11.14988767081378,0.5690909090909091,3,0,0.24938598382728516,3,Low,Review,5000,498.77196765457035
396,66173.4074603807,5000,37,13.234681492076138,0.17454545454545456,1,1,0.5380881297442809,7,High,Reject,5000,1076.1762594885618
329,51350.9518221268,15000,62,3.423396788141787,0.05272727272727273,1,1,0.7396399049052323,9,Very High,Reject,15000,4437.839429431395
611,89257.90504470703,15000,37,5.950527002980468,0.5654545454545454,3,0,0.1967566451614308,2,Low,Approve,15000,1180.5398709685849
626,97746.62923583835,10000,37,9.774662923583834,0.5927272727272728,3,1,0.20902993927494162,2,Low,Review,10000,836.1197570997665
378,94676.27876665955,15000,56,6.311751917777304,0.14181818181818182,1,1,0.5380881297442809,7,High,Reject,15000,3228.5287784656853
829,89152.32138390801,15000,34,5.943488092260534,0.9618181818181818,4,0,0.06179220049143613,0,Very Low,Approve,15000,370.75320294861683
782,85272.8443153924,5000,45,17.05456886307848,0.8763636363636363,4,0,0.0925502854991434,0,Very Low,Approve,5000,185.1005709982868
650,20000.0,10000,37,2.0,0.6363636363636364,3,0,0.3159132817027554,4,Medium,Review,10000,1263.6531268110216
305,78491.36935862676,15000,33,5.232757957241784,0.00909090909090909,1,1,0.7089829142019018,9,Very High,Reject,15000,4253.897485211412
421,65994.9863529004,10000,46,6.599498635290041,0.22,1,0,0.47959812863156115,7,High,Reject,10000,1918.392514526245
667,34564.9051625762,10000,19,3.45649051625762,0.6672727272727272,3,0,0.34121355607576076,5,Medium,Review,10000,1364.854224303043
832,100845.82096649612,25000,29,4.033832838659845,0.9672727272727273,4,1,0.09744282437735413,0,Very Low,Approve,25000,974.4282437735413
716,24834.93161604985,10000,68,2.483493161604985,0.7563636363636363,4,1,0.24938598382728516,3,Low,Review,10000,997.5439353091407
676,40076.70933994683,15000,30,2.671780622663122,0.6836363636363636,3,0,0.3416318574213311,5,Medium,Review,15000,2049.7911445279865
351,113503.91579587656,5000,29,22.700783159175312,0.09272727272727273,1,1,0.45139174957086503,6,High,Reject,5000,902.7834991417301
626,51095.88576445001,25000,65,2.0438354305780004,0.5927272727272728,3,0,0.3106639500964355,4,Medium,Review,25000,3106.639500964355
780,82691.95610068107,5000,58,16.538391220136212,0.8727272727272727,4,0,0.07297227107864669,0,Very Low,Approve,5000,145.9445421572934
820,32379.577739176268,10000,50,3.2379577739176266,0.9454545454545454,4,0,0.23765056419712868,2,Low,Review,10000,950.6022567885148
317,86868.49053950643,10000,46,8.686849053950644,0.03090909090909091,1,1,0.6603985203970286,9,Very High,Reject,10000,2641.5940815881145
548,46157.308878456344,5000,68,9.231461775691269,0.4509090909090909,2,0,0.5789895636569314,8,Very High,Reject,5000,1157.9791273138628
667,86803.82764210137,15000,32,5.786921842806758,0.6672727272727272,3,0,0.1589859660573101,1,Very Low,Approve,15000,953.9157963438607
834,50008.7622137267,25000,61,2.000350488549068,0.9709090909090909,4,1,0.1872643548952746,1,Very Low,Approve,25000,1872.643548952746
687,67028.59579624051,25000,65,2.6811438318496204,0.7036363636363636,3,1,0.1932320397809675,1,Very Low,Approve,25000,1932.3203978096753
801,77659.66868082236,15000,35,5.177311245388157,0.9109090909090909,4,0,0.12780730126664527,0,Very Low,Approve,15000,766.8438075998718
683,79623.8373271611,25000,48,3.1849534930864443,0.6963636363636364,3,0,0.09744282437735413,0,Very Low,Approve,25000,974.4282437735413
531,37766.434057197344,10000,27,3.7766434057197342,0.42,2,0,0.37139123800263146,6,High,Review,10000,1485.564952010526
490,58854.52183222356,25000,66,2.3541808732889424,0.34545454545454546,1,1,0.36441178020125387,5,Medium,Review,25000,3644.1178020125385
431,35231.35498158321,10000,26,3.5231354981583207,0.2381818181818182,1,1,0.590765068818225,8,Very High,Reject,10000,2363.0602752729
333,74168.66019730642,25000,29,2.966746407892257,0.06,1,1,0.6603985203970286,9,Very High,Reject,25000,6603.985203970286
562,66926.96528453733,5000,18,13.385393056907468,0.4763636363636364,2,0,0.3513326036948084,5,Medium,Review,5000,702.6652073896169
576,60378.08109386836,5000,51,12.075616218773671,0.5018181818181818,2,0,0.2911840411840412,4,Medium,Review,5000,582.3680823680824
517,92772.77861836083,15000,22,6.184851907890722,0.39454545454545453,2,0,0.25231736248685405,3,Low,Review,15000,1513.9041749211244
722,72828.5755783383,10000,21,7.282857557833831,0.7672727272727272,4,0,0.20412644117216563,2,Low,Review,10000,816.5057646886626
583,90182.60893683156,15000,36,6.012173929122104,0.5145454545454545,2,0,0.27082829983054474,3,Low,Review,15000,1624.9697989832684
724,103456.64102280088,25000,35,4.138265640912035,0.7709090909090909,4,0,0.09744282437735413,0,Very Low,Approve,25000,974.4282437735413
695,59964.502498075664,15000,44,3.997633499871711,0.7181818181818181,3,0,0.23814826787691915,2,Low,Review,15000,1428.889607261515
359,55941.31106134744,25000,20,2.2376524424538977,0.10727272727272727,1,1,0.6516719427195202,9,Very High,Reject,25000,6516.719427195203
460,78921.86805920364,25000,62,3.1568747223681455,0.2909090909090909,1,0,0.5358636316819446,7,High,Reject,25000,5358.636316819447
510,52043.68402846994,10000,61,5.2043684028469945,0.38181818181818183,2,1,0.4238494787693872,6,High,Reject,10000,1695.397915077549
581,38632.38862585201,10000,66,3.8632388625852006,0.5109090909090909,2,0,0.3719976269175354,6,High,Review,10000,1487.9905076701416
543,71704.17374554934,5000,30,14.340834749109868,0.44181818181818183,2,1,0.3571714571714572,5,Medium,Review,5000,714.3429143429145
481,63752.24417397095,25000,63,2.550089766958838,0.3290909090909091,1,0,0.32047347784710994,5,Medium,Review,25000,3204.7347784710996
666,45922.34116386311,5000,20,9.184468232772621,0.6654545454545454,3,1,0.29226360462842077,4,Medium,Review,5000,584.5272092568415
470,70996.81880711812,5000,64,14.199363761423625,0.3090909090909091,1,1,0.36441178020125387,5,Medium,Review,5000,728.8235604025077
348,20000.0,25000,29,0.8,0.08727272727272728,1,0,0.6772709083633454,9,Very High,Reject,25000,6772.709083633454
567,55117.91129959548,25000,53,2.204716451983819,0.48545454545454547,2,0,0.30107311535687353,4,Medium,Review,25000,3010.7311535687354
608,84548.56338629796,5000,42,16.90971267725959,0.56,3,0,0.23814826787691915,2,Low,Review,5000,476.2965357538383
674,69403.76129719231,10000,46,6.940376129719231,0.68,3,0,0.27041451698985947,3,Low,Review,10000,1081.6580679594379
583,90182.60893683156,25000,36,3.607304357473262,0.5145454545454545,2,0,0.2649601868195746,3,Low,Review,25000,2649.601868195746
735,89481.49360717407,5000,22,17.896298721434814,0.7909090909090909,4,0,0.09744282437735413,0,Very Low,Approve,5000,194.88564875470828
709,91520.0017951487,5000,62,18.30400035902974,0.7436363636363637,4,1,0.1413386992852031,1,Very Low,Approve,5000,282.6773985704062
309,47637.53974379873,25000,53,1.9055015897519492,0.016363636363636365,1,1,0.7739956122309063,9,Very High,Reject,25000,7739.956122309063
407,60708.15865188042,5000,46,12.141631730376083,0.19454545454545455,1,1,0.5825390465010976,8,Very High,Reject,5000,1165.0780930021951
412,80954.60101820531,5000,35,16.190920203641063,0.20363636363636364,1,1,0.47166465405429586,7,High,Reject,5000,943.3293081085918
591,70474.09789639938,15000,42,4.698273193093292,0.5290909090909091,2,1,0.27041451698985947,3,Low,Review,15000,1622.487101939157
403,66610.18806079855,10000,34,6.661018806079855,0.18727272727272729,1,0,0.4915608469375969,7,High,Reject,10000,1966.2433877503877
564,84423.41757328791,5000,59,16.88468351465758,0.48,2,0,0.3620308278203015,5,Medium,Review,5000,724.061655640603
846,31207.311699383834,5000,46,6.241462339876767,0.9927272727272727,4,0,0.2819931391359963,4,Medium,Review,5000,563.9862782719925
680,74393.67204299146,15000,61,4.959578136199431,0.6909090909090909,3,0,0.23814826787691915,2,Low,Review,15000,1428.889607261515
645,55013.36273817868,10000,61,5.501336273817868,0.6272727272727273,3,0,0.25978924423054556,3,Low,Review,10000,1039.1569769221824
397,24724.93080287081,5000,23,4.944986160574162,0.17636363636363636,1,1,0.5173287719522063,7,High,Reject,5000,1034.6575439044125
687,41939.67537890117,10000,58,4.193967537890117,0.7036363636363636,3,1,0.34735462926029337,5,Medium,Review,10000,1389.4185170411736
802,35829.43076164834,10000,25,3.582943076164834,0.9127272727272727,4,0,0.23141937427651715,2,Low,Review,10000,925.6774971060687
309,43606.43550121232,25000,22,1.7442574200484928,0.016363636363636365,1,1,0.6429986294551232,9,Very High,Reject,25000,6429.986294551232
696,75203.39781945891,25000,42,3.0081359127783567,0.72,3,0,0.25525409683825534,3,Low,Review,25000,2552.5409683825537
524,20000.0,5000,25,4.0,0.4072727272727273,2,0,0.35191178020125385,5,Medium,Review,5000,703.8235604025077
446,64818.60753835847,5000,47,12.963721507671695,0.26545454545454544,1,0,0.45185323568246144,6,High,Reject,5000,903.7064713649229
797,45062.86256640528,5000,49,9.012572513281055,0.9036363636363637,4,0,0.11296216813081827,0,Very Low,Approve,5000,225.92433626163657
843,80097.92603708437,15000,32,5.339861735805624,0.9872727272727273,4,0,0.13035096192546083,0,Very Low,Approve,15000,782.1057715527651
392,33281.22480996791,25000,49,1.3312489923987165,0.16727272727272727,1,1,0.6972952096670726,9,Very High,Reject,25000,6972.952096670726
354,40258.517812218284,15000,24,2.683901187481219,0.09818181818181818,1,1,0.6207668252486179,8,Very High,Reject,15000,3724.6009514917077
552,66960.98115209176,15000,18,4.46406541013945,0.4581818181818182,2,1,0.3332632280000701,5,Medium,Review,15000,1999.5793680004206
657,70582.02283138427,10000,29,7.058202283138427,0.649090909090909,3,1,0.31082251082251083,4,Medium,Review,10000,1243.2900432900435
306,37875.80031298807,5000,33,7.575160062597614,0.01090909090909091,1,0,0.7096236093362783,9,Very High,Reject,5000,1419.2472186725565
658,91880.53852954789,15000,63,6.125369235303193,0.6509090909090909,3,0,0.1608333724239297,1,Very Low,Approve,15000,965.0002345435782
519,86568.86479881717,5000,64,17.313772959763433,0.3981818181818182,2,1,0.288196081053224,4,Medium,Review,5000,576.392162106448
805,124208.36356001094,10000,26,12.420836356001095,0.9181818181818182,4,1,0.179378404485207,1,Very Low,Approve,10000,717.513617940828
510,52994.63914669001,15000,44,3.5329759431126675,0.38181818181818183,2,1,0.4238494787693872,6,High,Reject,15000,2543.0968726163233
619,53306.53290353545,5000,57,10.661306580707091,0.58,3,1,0.24401638088788932,3,Low,Review,5000,488.0327617757787
747,80800.58059042554,15000,43,5.386705372695036,0.8127272727272727,4,0,0.12486599703613625,0,Very Low,Approve,15000,749.1959822168176
755,88844.00639528384,25000,28,3.5537602558113535,0.8272727272727273,4,1,0.09744282437735413,0,Very Low,Approve,25000,974.4282437735413
821,80922.70197507464,15000,33,5.3948467983383095,0.9472727272727273,4,0,0.12076442357272753,0,Very Low,Approve,15000,724.5865414363652
347,74897.85552395113,5000,33,14.979571104790226,0.08545454545454545,1,1,0.6513754938647489,9,Very High,Reject,5000,1302.7509877294979
323,110110.27066746063,15000,59,7.340684711164042,0.04181818181818182,1,1,0.614760765793297,8,Very High,Reject,15000,3688.564594759782
726,67679.24788148991,10000,35,6.76792478814899,0.7745454545454545,4,0,0.18199106330514545,1,Very Low,Approve,10000,727.9642532205818
353,55123.327346819766,10000,50,5.512332734681976,0.09636363636363636,1,1,0.6601020715422573,9,Very High,Reject,10000,2640.4082861690295
551,20000.0,10000,29,2.0,0.45636363636363636,2,1,0.40645161290322585,6,High,Reject,10000,1625.8064516129034
542,72726.18607581635,5000,48,14.54523721516327,0.44,2,0,0.3169888597640891,5,Medium,Review,5000,633.9777195281781
805,85513.83757219743,10000,29,8.551383757219742,0.9181818181818182,4,0,0.12486599703613625,0,Very Low,Approve,10000,499.46398814454506
356,85980.62861671975,15000,23,5.7320419077813165,0.10181818181818182,1,0,0.5240029592147916,7,High,Reject,15000,3144.0177552887494
596,58942.79754554029,5000,59,11.788559509108058,0.5381818181818182,2,1,0.3159132817027554,4,Medium,Review,5000,631.8265634055108
808,102081.47212141477,15000,40,6.805431474760985,0.9236363636363636,4,0,0.12076442357272753,0,Very Low,Approve,15000,724.5865414363652
731,55337.62774193024,10000,30,5.533762774193025,0.7836363636363637,4,0,0.22332070229747383,2,Low,Review,10000,893.2828091898954
410,68551.11197076362,15000,19,4.570074131384241,0.2,1,1,0.6478260110205828,9,Very High,Reject,15000,3886.9560661234973
551,37430.59065449202,25000,59,1.497223626179681,0.45636363636363636,2,0,0.36441178020125387,5,Medium,Review,25000,3644.1178020125385
640,38241.986283704064,10000,38,3.8241986283704064,0.6181818181818182,3,0,0.2464492494758839,3,Low,Review,10000,985.7969979035357
500,23693.933066162754,15000,68,1.5795955377441835,0.36363636363636365,1,0,0.37672253854519866,6,High,Review,15000,2260.3352312711922
480,47977.27927160764,15000,24,3.1984852847738425,0.32727272727272727,1,0,0.42863421230561194,6,High,Reject,15000,2571.8052738336714
810,87944.30376378751,10000,42,8.79443037637875,0.9272727272727272,4,1,0.11296216813081827,0,Very Low,Approve,10000,451.84867252327314
435,77114.78447098187,10000,49,7.711478447098187,0.24545454545454545,1,0,0.5261254114382453,7,High,Reject,10000,2104.5016457529814
819,65314.39424000786,10000,49,6.531439424000786,0.9436363636363636,4,0,0.12076442357272753,0,Very Low,Approve,10000,483.0576942909101
593,73004.69637304683,5000,62,14.600939274609365,0.5327272727272727,2,1,0.2940641940641941,4,Medium,Review,5000,588.1283881283882
831,71995.53989860693,15000,22,4.799702659907129,0.9654545454545455,4,0,0.1413386992852031,1,Very Low,Approve,15000,848.0321957112186
829,69134.61922559657,15000,37,4.608974615039772,0.9618181818181818,4,0,0.09744282437735413,0,Very Low,Approve,15000,584.6569462641248
786,57946.876421556626,10000,39,5.794687642155663,0.8836363636363637,4,1,0.17066798405371789,1,Very Low,Approve,10000,682.6719362148716
827,43962.31352721172,15000,25,2.9308209018141147,0.9581818181818181,4,0,0.22597886285037125,2,Low,Review,15000,1355.8731771022276
520,57262.25285181927,25000,35,2.290490114072771,0.4,2,0,0.313963963963964,4,Medium,Review,25000,3139.6396396396403
847,46831.45237794952,15000,32,3.1220968251966346,0.9945454545454545,4,0,0.21733092087390637,2,Low,Review,15000,1303.9855252434384
609,65435.72382395255,25000,59,2.617428952958102,0.5618181818181818,3,0,0.3221269184002103,5,Medium,Review,25000,3221.2691840021034
640,22087.56057140335,10000,18,2.2087560571403353,0.6181818181818182,3,1,0.26454640397888934,3,Low,Review,10000,1058.1856159155575
705,94084.40137908875,5000,64,18.816880275817752,0.7363636363636363,4,0,0.1413386992852031,1,Very Low,Approve,5000,282.6773985704062
791,20000.0,5000,62,4.0,0.8927272727272727,4,0,0.21391949364814491,2,Low,Review,5000,427.8389872962898
440,28865.00408048105,10000,37,2.886500408048105,0.2545454545454545,1,0,0.47799706891338595,7,High,Reject,10000,1911.988275653544
758,75674.59209655249,5000,24,15.134918419310496,0.8327272727272728,4,0,0.0925502854991434,0,Very Low,Approve,5000,185.1005709982868
409,63030.2899979925,15000,63,4.2020193331995,0.19818181818181818,1,0,0.5366523542438276,7,High,Reject,15000,3219.914125462966
502,112516.22604305217,15000,50,7.501081736203478,0.36727272727272725,2,0,0.32861910546967726,5,Medium,Review,15000,1971.7146328180638
711,20000.0,10000,33,2.0,0.7472727272727273,4,1,0.2981317176393909,4,Medium,Review,10000,1192.5268705575636
780,49243.76762488909,15000,21,3.282917841659273,0.8727272727272727,4,0,0.26454640397888934,3,Low,Review,15000,1587.2784238733361
566,107744.08129161433,15000,21,7.182938752774289,0.48363636363636364,2,0,0.26454640397888934,3,Low,Review,15000,1587.2784238733361
704,98386.84744626636,25000,22,3.9354738978506543,0.7345454545454545,4,0,0.1413386992852031,1,Very Low,Approve,25000,1413.386992852031
394,69137.28910332851,25000,33,2.7654915641331406,0.1709090909090909,1,1,0.5120402409087559,7,High,Reject,25000,5120.402409087559
444,107742.70071688796,25000,49,4.3097080286755185,0.26181818181818184,1,0,0.5063087355223336,7,High,Reject,25000,5063.087355223336
695,49994.894385359294,5000,61,9.998978877071858,0.7181818181818181,3,0,0.26454640397888934,3,Low,Review,5000,529.0928079577787
746,59299.85682975705,15000,38,3.9533237886504704,0.8109090909090909,4,0,0.23814826787691915,2,Low,Review,15000,1428.889607261515
488,62386.21528578684,5000,51,12.477243057157368,0.3418181818181818,1,0,0.492201437487011,7,High,Reject,5000,984.4028749740221
521,86904.34829232687,25000,47,3.476173931693075,0.4018181818181818,2,1,0.25978924423054556,3,Low,Review,25000,2597.892442305456
775,52594.85310646232,5000,68,10.518970621292464,0.8636363636363636,4,0,0.13353644384329386,0,Very Low,Approve,5000,267.0728876865877
755,49274.053469909726,15000,21,3.284936897993982,0.8272727272727273,4,0,0.23814826787691915,2,Low,Review,15000,1428.889607261515
794,110190.77014176713,25000,51,4.407630805670685,0.8981818181818182,4,0,0.06179220049143613,0,Very Low,Approve,25000,617.9220049143614
300,84550.68468935319,10000,64,8.45506846893532,0.0,,1,0.7118815320008841,9,Very High,Reject,10000,2847.5261280035365
337,74074.89258581719,5000,67,14.814978517163437,0.06727272727272728,1,1,0.5719473101358047,8,Very High,Reject,5000,1143.8946202716095
356,75587.69685055094,10000,68,7.558769685055094,0.10181818181818182,1,1,0.6281400544461723,8,Very High,Reject,10000,2512.560217784689
626,128248.19373129882,5000,33,25.649638746259765,0.5927272727272728,3,1,0.3073480000031453,4,Medium,Review,5000,614.6960000062907
820,95089.4513633365,5000,57,19.017890272667298,0.9454545454545454,4,0,0.0925502854991434,0,Very Low,Approve,5000,185.1005709982868
569,54634.32748570342,10000,43,5.463432748570342,0.4890909090909091,2,0,0.3887553452069581,6,High,Review,10000,1555.0213808278324
571,53708.97277057633,15000,63,3.5805981847050887,0.49272727272727274,2,0,0.25685250987914426,3,Low,Review,15000,1541.1150592748656
372,84650.43227035522,5000,58,16.930086454071045,0.13090909090909092,1,0,0.6356422809770645,9,Very High,Reject,5000,1271.284561954129
383,57483.14098890794,5000,53,11.496628197781588,0.1509090909090909,1,1,0.5122703053931125,7,High,Reject,5000,1024.540610786225
309,62153.08480660648,25000,19,2.4861233922642594,0.016363636363636365,1,1,0.6603985203970286,9,Very High,Reject,25000,6603.985203970286
666,78333.1257653587,15000,68,5.222208384357247,0.6654545454545454,3,0,0.24391272887513493,2,Low,Review,15000,1463.4763732508097
765,97318.63223795517,25000,68,3.892745289518207,0.8454545454545455,4,0,0.09744282437735413,0,Very Low,Approve,25000,974.4282437735413
727,84705.10351992966,10000,20,8.470510351992965,0.7763636363636364,4,0,0.1413386992852031,1,Very Low,Approve,10000,565.3547971408124
364,77702.19286051966,10000,18,7.770219286051966,0.11636363636363636,1,0,0.5120402409087559,7,High,Reject,10000,2048.1609636350236
436,44605.306870785695,25000,30,1.7842122748314277,0.24727272727272728,1,1,0.6267403774602003,8,Very High,Reject,25000,6267.403774602002
634,38716.95464401926,10000,47,3.8716954644019257,0.6072727272727273,3,0,0.3072666375418669,4,Medium,Review,10000,1229.0665501674675
371,29894.01084346028,10000,40,2.989401084346028,0.1290909090909091,1,0,0.6972952096670726,9,Very High,Reject,10000,2789.1808386682906
490,86401.20236938781,15000,69,5.760080157959187,0.34545454545454546,1,1,0.3263165421060158,5,Medium,Review,15000,1957.8992526360948
718,51467.522625944,5000,42,10.293504525188801,0.76,4,1,0.20412644117216563,2,Low,Review,5000,408.2528823443313
741,55910.667627124276,5000,45,11.182133525424856,0.8018181818181818,4,0,0.2464492494758839,3,Low,Review,5000,492.89849895176786
806,70839.8770315394,15000,28,4.722658468769294,0.92,4,0,0.15443383685771253,1,Very Low,Approve,15000,926.6030211462752
388,62652.41078217382,10000,44,6.265241078217382,0.16,1,1,0.6123512577389885,8,Very High,Reject,10000,2449.405030955954
456,113055.61400673632,10000,57,11.305561400673632,0.28363636363636363,1,0,0.32436722436722437,5,Medium,Review,10000,1297.4688974688975
705,51329.038620130435,10000,19,5.132903862013044,0.7363636363636363,4,0,0.24938598382728516,3,Low,Review,10000,997.5439353091407
708,50617.28478995517,15000,21,3.374485652663678,0.7418181818181818,4,1,0.2961377985000032,4,Medium,Review,15000,1776.8267910000195
650,52345.2734728666,15000,30,3.4896848981911064,0.6363636363636364,3,0,0.25978924423054556,3,Low,Review,15000,1558.7354653832733
590,20273.87114384195,25000,23,0.8109548457536779,0.5272727272727272,2,1,0.313963963963964,4,Medium,Review,25000,3139.6396396396403
628,51463.174837320774,10000,56,5.146317483732077,0.5963636363636363,3,0,0.27041451698985947,3,Low,Review,10000,1081.6580679594379
849,96378.6447093726,25000,22,3.8551457883749043,0.9981818181818182,4,0,0.0925502854991434,0,Very Low,Approve,25000,925.502854991434
365,66047.39802885691,5000,21,13.209479605771383,0.11818181818181818,1,1,0.5789895636569314,8,Very High,Reject,5000,1157.9791273138628
479,43377.59718928943,10000,54,4.337759718928943,0.32545454545454544,1,0,0.5380881297442809,7,High,Reject,10000,2152.3525189771235
664,33701.943488163684,15000,27,2.2467962325442454,0.6618181818181819,3,0,0.2940641940641941,4,Medium,Review,15000,1764.3851643851647
456,63580.285102843074,5000,51,12.716057020568615,0.28363636363636363,1,0,0.5535309577445559,7,High,Reject,5000,1107.0619154891117
371,63062.6425026753,5000,57,12.61252850053506,0.1290909090909091,1,0,0.5983278432082814,8,Very High,Reject,5000,1196.6556864165627
555,51663.688855602486,5000,53,10.332737771120497,0.4636363636363636,2,0,0.39227053140096624,6,High,Review,5000,784.5410628019325
833,46760.67666949023,15000,28,3.117378444632682,0.9690909090909091,4,0,0.2824067664152952,4,Medium,Review,15000,1694.4405984917714
515,79544.54426570906,10000,66,7.954454426570906,0.39090909090909093,2,0,0.28243513479733956,4,Medium,Review,10000,1129.7405391893583
354,88076.12068066905,5000,31,17.615224136133808,0.09818181818181818,1,1,0.6281400544461723,8,Very High,Reject,5000,1256.2801088923445
434,43389.33236660701,15000,45,2.8926221577738005,0.24363636363636362,1,0,0.6144643169385257,8,Very High,Reject,15000,3686.785901631154
627,78083.09456821471,10000,38,7.808309456821472,0.5945454545454546,3,1,0.23814826787691915,2,Low,Review,10000,952.5930715076767
329,63244.40948563436,15000,38,4.2162939657089575,0.05272727272727273,1,0,0.7089829142019018,9,Very High,Reject,15000,4253.897485211412
800,66806.3012059479,5000,28,13.361260241189578,0.9090909090909091,4,0,0.13854696534933264,1,Very Low,Approve,5000,277.0939306986653
411,88829.40635823384,25000,28,3.5531762543293537,0.2018181818181818,1,1,0.5120402409087559,7,High,Reject,25000,5120.402409087559
763,27596.029670883756,25000,44,1.1038411868353502,0.8418181818181818,4,1,0.25525409683825534,3,Low,Review,25000,2552.5409683825537
486,81056.95641677579,10000,35,8.10569564167758,0.3381818181818182,1,0,0.40443973919473014,6,High,Reject,10000,1617.7589567789207
581,56605.53455648945,15000,32,3.7737023037659636,0.5109090909090909,2,1,0.34334649850164384,5,Medium,Review,15000,2060.0789910098633
802,63227.36593681578,5000,27,12.645473187363157,0.9127272727272727,4,0,0.16720585712827885,1,Very Low,Approve,5000,334.41171425655773
611,40029.47826664876,25000,47,1.6011791306659504,0.5654545454545454,3,1,0.3366945795517225,5,Medium,Review,25000,3366.945795517225
720,30054.863039392578,15000,55,2.0036575359595052,0.7636363636363637,4,0,0.2853844823257837,4,Medium,Review,15000,1712.306893954702
644,20000.0,10000,53,2.0,0.6254545454545455,3,1,0.27515386673802517,3,Low,Review,10000,1100.6154669521006
569,54766.99463533287,5000,21,10.953398927066575,0.4890909090909091,2,0,0.3620308278203015,5,Medium,Review,5000,724.061655640603
685,48490.46573661152,5000,30,9.698093147322304,0.7,3,0,0.3110831705882325,4,Medium,Review,5000,622.1663411764649
754,60872.98587492385,15000,26,4.058199058328256,0.8254545454545454,4,0,0.21638268349725212,2,Low,Review,15000,1298.2961009835128
758,99138.16156315664,25000,44,3.9655264625262654,0.8327272727272728,4,1,0.11296216813081827,0,Very Low,Approve,25000,1129.6216813081828
404,26875.37649639851,15000,63,1.7916917664265672,0.1890909090909091,1,1,0.6516719427195202,9,Very High,Reject,15000,3910.031656317122
383,104978.08102091835,15000,59,6.99853873472789,0.1509090909090909,1,0,0.41136379057738875,6,High,Reject,15000,2468.182743464333
584,20000.0,25000,58,0.8,0.5163636363636364,2,1,0.2771031844768166,4,Medium,Review,25000,2771.031844768166
373,63539.247025062796,5000,28,12.70784940501256,0.13272727272727272,1,1,0.6267403774602003,8,Very High,Reject,5000,1253.4807549204006
367,102907.21126390036,25000,60,4.116288450556015,0.12181818181818181,1,1,0.6124068415584879,8,Very High,Reject,25000,6124.068415584879
749,45436.46784183888,5000,32,9.087293568367777,0.8163636363636364,4,0,0.2015551179178068,2,Low,Review,5000,403.11023583561365
448,26174.11805400448,5000,47,5.2348236108008965,0.2690909090909091,1,0,0.4153546258809417,6,High,Reject,5000,830.7092517618835
513,52225.27074510682,25000,50,2.089010829804273,0.38727272727272727,2,1,0.3159132817027554,4,Medium,Review,25000,3159.1328170275538
319,115554.35250218445,5000,47,23.110870500436892,0.034545454545454546,1,1,0.5321145775326986,7,High,Reject,5000,1064.2291550653974
330,24324.876978331282,25000,47,0.9729950791332512,0.05454545454545454,1,1,0.9220779220779219,9,Very High,Reject,25000,9220.779220779219
326,31366.612814618966,10000,53,3.1366612814618966,0.04727272727272727,1,1,0.8286808976464148,9,Very High,Reject,10000,3314.7235905856596
507,63319.24232009672,5000,49,12.663848464019344,0.37636363636363634,2,0,0.5120402409087559,7,High,Reject,5000,1024.0804818175118
779,49433.20583619043,15000,60,3.2955470557460287,0.8709090909090909,4,0,0.23471382984572742,2,Low,Review,15000,1408.2829790743644
345,63711.444784808715,25000,26,2.5484577913923485,0.08181818181818182,1,1,0.6603985203970286,9,Very High,Reject,25000,6603.985203970286
334,74649.2523142219,15000,19,4.976616820948126,0.06181818181818182,1,0,0.5555495882563551,7,High,Reject,15000,3333.297529538131
307,44448.099704301814,5000,36,8.889619940860364,0.012727272727272728,1,1,0.6446653075093441,9,Very High,Reject,5000,1289.3306150186884
458,65400.63205737901,25000,42,2.61602528229516,0.2872727272727273,1,1,0.4791734010621103,7,High,Reject,25000,4791.734010621103
688,44671.89765384034,25000,36,1.7868759061536135,0.7054545454545454,3,0,0.3156292978521124,4,Medium,Review,25000,3156.292978521124
581,65049.42111889527,5000,42,13.009884223779054,0.5109090909090909,2,0,0.3263165421060158,5,Medium,Review,5000,652.6330842120316
660,53172.31466598694,10000,46,5.3172314665986935,0.6545454545454545,3,1,0.2712842712842713,3,Low,Review,10000,1085.1370851370853
744,72549.02250429412,10000,28,7.254902250429412,0.8072727272727273,4,1,0.15912124106180822,1,Very Low,Approve,10000,636.4849642472329
721,131990.7173475001,25000,57,5.279628693900004,0.7654545454545455,4,0,0.0710063269041387,0,Very Low,Approve,25000,710.0632690413871
543,37295.63258788134,15000,19,2.486375505858756,0.44181818181818183,2,0,0.353533710262428,5,Medium,Review,15000,2121.202261574568
605,82505.24618796914,25000,35,3.3002098475187656,0.5545454545454546,3,0,0.21391949364814491,2,Low,Review,25000,2139.194936481449
582,78435.30007050952,15000,62,5.229020004700635,0.5127272727272727,2,0,0.25231736248685405,3,Low,Review,15000,1513.9041749211244
618,45092.74527519774,5000,40,9.018549055039548,0.5781818181818181,3,0,0.26789156547914356,3,Low,Review,5000,535.7831309582872
602,98918.21226780303,10000,30,9.891821226780303,0.5490909090909091,3,0,0.24922521653756521,3,Low,Review,10000,996.900866150261
694,104495.17393503874,15000,27,6.966344929002583,0.7163636363636363,3,0,0.1872643548952746,1,Very Low,Approve,15000,1123.5861293716475
335,88665.45770826092,25000,52,3.546618308330437,0.06363636363636363,1,1,0.5555495882563551,7,High,Reject,25000,5555.495882563552
755,86094.75064703939,15000,61,5.739650043135959,0.8272727272727273,4,0,0.0925502854991434,0,Very Low,Approve,15000,555.3017129948604
386,63780.59338748458,10000,64,6.378059338748458,0.15636363636363637,1,1,0.5153410240841935,7,High,Reject,10000,2061.3640963367743
580,77444.70773544443,15000,66,5.162980515696296,0.509090909090909,2,0,0.33431362717077007,5,Medium,Review,15000,2005.8817630246206
337,105894.94515339538,25000,24,4.235797806135816,0.06727272727272728,1,1,0.5669572268602245,7,High,Reject,25000,5669.5722686022455
473,26682.90072690665,15000,26,1.7788600484604433,0.3145454545454546,1,0,0.6124068415584879,8,Very High,Reject,15000,3674.4410493509276
609,20796.077206169204,15000,54,1.386405147077947,0.5618181818181818,3,0,0.4000000000000001,6,High,Reject,15000,2400.0000000000005
530,99405.7992658893,25000,34,3.976231970635572,0.41818181818181815,2,0,0.3558464985016438,5,Medium,Review,25000,3558.464985016438
736,48462.802867962004,25000,56,1.93851211471848,0.7927272727272727,4,1,0.23814826787691915,2,Low,Review,25000,2381.482678769192
549,47367.08190210379,15000,18,3.1578054601402528,0.4527272727272727,2,0,0.3348774781961858,5,Medium,Review,15000,2009.2648691771149
326,57971.862877797845,25000,49,2.3188745151119137,0.04727272727272727,1,1,0.8012908975907078,9,Very High,Reject,25000,8012.908975907079
592,31669.573651225102,25000,60,1.266782946049004,0.5309090909090909,2,1,0.4742999525391552,7,High,Reject,25000,4742.999525391552
616,22538.735789993727,25000,43,0.9015494315997491,0.5745454545454546,3,0,0.3437035008444018,5,Medium,Review,25000,3437.0350084440183
461,67727.0742587458,10000,49,6.77270742587458,0.2927272727272727,1,1,0.41626363205310574,6,High,Reject,10000,1665.0545282124228
622,47016.95782979566,10000,46,4.7016957829795665,0.5854545454545454,3,0,0.33156637442351733,5,Medium,Review,10000,1326.2654976940694
791,105753.24912186025,25000,44,4.23012996487441,0.8927272727272727,4,0,0.1413386992852031,1,Very Low,Approve,25000,1413.386992852031
743,41876.85460701815,10000,58,4.187685460701815,0.8054545454545454,4,0,0.26454640397888934,3,Low,Review,10000,1058.1856159155575
376,43301.93843122116,25000,21,1.7320775372488464,0.13818181818181818,1,0,0.32436722436722437,5,Medium,Review,25000,3243.672243672244
300,95681.84555203156,25000,62,3.8272738220812625,0.0,,1,0.588707593438187,8,Very High,Reject,25000,5887.075934381871
518,49324.087271253884,10000,45,4.932408727125388,0.39636363636363636,2,0,0.329367241430007,5,Medium,Review,10000,1317.468965720028
320,75753.57435788428,15000,51,5.050238290525619,0.03636363636363636,1,0,0.6603985203970286,9,Very High,Reject,15000,3962.391122382172
417,99786.44917389855,5000,18,19.95728983477971,0.21272727272727274,1,0,0.5183410723190405,7,High,Reject,5000,1036.682144638081
497,65599.50047538982,25000,33,2.623980019015593,0.35818181818181816,1,1,0.35928357507304876,5,Medium,Review,25000,3592.835750730488
340,75843.69023371338,10000,26,7.584369023371338,0.07272727272727272,1,0,0.5704081632653061,8,Very High,Reject,10000,2281.6326530612246
452,63192.68350713785,15000,51,4.212845567142524,0.27636363636363637,1,0,0.534530957744556,7,High,Reject,15000,3207.185746467336
582,62561.865406359415,5000,28,12.512373081271884,0.5127272727272727,2,0,0.33643183300717544,5,Medium,Review,5000,672.863666014351
578,22380.60639429889,15000,45,1.4920404262865927,0.5054545454545455,2,0,0.38947368421052636,6,High,Review,15000,2336.8421052631584
649,78664.74314221597,25000,27,3.146589725688639,0.6345454545454545,3,0,0.23814826787691915,2,Low,Review,25000,2381.482678769192
608,42042.09656678997,5000,19,8.408419313357994,0.56,3,1,0.34347797034364197,5,Medium,Review,5000,686.9559406872839
559,60837.86039296135,10000,22,6.083786039296135,0.4709090909090909,2,0,0.36441178020125387,5,Medium,Review,10000,1457.6471208050154
632,56089.32198687303,15000,48,3.739288132458202,0.6036363636363636,3,0,0.26454640397888934,3,Low,Review,15000,1587.2784238733361
726,52078.82792065429,25000,35,2.0831531168261717,0.7745454545454545,4,0,0.2450284377734401,3,Low,Review,25000,2450.284377734401
680,76121.33843893721,10000,22,7.612133843893721,0.6909090909090909,3,0,0.1931324679062448,1,Very Low,Approve,10000,772.5298716249793
401,120808.65082964345,10000,35,12.080865082964344,0.18363636363636363,1,1,0.37002641122572094,6,High,Review,10000,1480.1056449028838
739,65304.24205707263,10000,67,6.530424205707263,0.7981818181818182,4,0,0.1750081125701881,1,Very Low,Approve,10000,700.0324502807524
844,53540.040919680156,5000,30,10.70800818393603,0.9890909090909091,4,0,0.1771579344138711,1,Very Low,Approve,5000,354.31586882774224
410,80785.46515681015,15000,56,5.385697677120677,0.2,1,0,0.543327597230595,7,High,Reject,15000,3259.96558338357
668,43556.67058487452,10000,18,4.355667058487452,0.6690909090909091,3,0,0.36681982734614316,6,High,Review,10000,1467.2793093845726
586,73195.27683935309,15000,54,4.879685122623539,0.52,2,1,0.26454640397888934,3,Low,Review,15000,1587.2784238733361
575,73461.82763280279,15000,21,4.897455175520186,0.5,2,0,0.31253715190282355,4,Medium,Review,15000,1875.2229114169413
810,81891.61133142441,15000,40,5.459440755428294,0.9272727272727272,4,0,0.10448570207127189,0,Very Low,Approve,15000,626.9142124276314
354,78562.60574161289,10000,63,7.856260574161289,0.09818181818181818,1,0,0.5966180448513041,8,Very High,Reject,10000,2386.4721794052166
641,108076.86794115623,25000,24,4.323074717646249,0.62,3,0,0.1532425281905211,1,Very Low,Approve,25000,1532.425281905211
626,61016.785562266225,5000,20,12.203357112453245,0.5927272727272728,3,0,0.23814826787691915,2,Low,Review,5000,476.2965357538383
535,48582.76635931467,25000,37,1.9433106543725869,0.42727272727272725,2,0,0.3889485618808927,6,High,Review,25000,3889.485618808927
322,93302.42202086723,10000,41,9.330242202086723,0.04,1,1,0.6359387298318359,9,Very High,Reject,10000,2543.7549193273435
790,54882.60357841684,15000,46,3.658840238561123,0.8909090909090909,4,0,0.24236017510404065,2,Low,Review,15000,1454.161050624244
691,56881.451622950655,5000,21,11.376290324590132,0.7109090909090909,3,0,0.2464492494758839,3,Low,Review,5000,492.89849895176786
613,36664.474542684424,25000,30,1.4665789817073769,0.5690909090909091,3,0,0.3366945795517225,5,Medium,Review,25000,3366.945795517225
634,38716.95464401926,10000,47,3.8716954644019257,0.6072727272727273,3,0,0.3072666375418669,4,Medium,Review,10000,1229.0665501674675
815,77753.10903125186,25000,60,3.1101243612500746,0.9363636363636364,4,0,0.11296216813081827,0,Very Low,Approve,25000,1129.6216813081828
702,97620.86908298323,25000,32,3.904834763319329,0.730909090909091,4,0,0.19230944956538623,1,Very Low,Approve,25000,1923.0944956538626
475,67942.68546152396,5000,43,13.588537092304792,0.3181818181818182,1,1,0.3846846846846847,6,High,Review,5000,769.3693693693695
600,69624.06468355216,10000,66,6.9624064683552165,0.5454545454545454,2,0,0.2900340597568743,4,Medium,Review,10000,1160.1362390274971
816,72548.2921279676,25000,35,2.901931685118704,0.9381818181818182,4,0,0.12076442357272753,0,Very Low,Approve,25000,1207.6442357272754
660,93522.39942875685,25000,38,3.740895977150274,0.6545454545454545,3,0,0.0925502854991434,0,Very Low,Approve,25000,925.502854991434
691,57028.84111263172,15000,55,3.801922740842115,0.7109090909090909,3,0,0.23471382984572742,2,Low,Review,15000,1408.2829790743644
778,61655.51568696901,25000,57,2.4662206274787604,0.8690909090909091,4,0,0.22641284824676267,2,Low,Review,25000,2264.128482467627
518,90120.72873708094,10000,68,9.012072873708094,0.39636363636363636,2,0,0.29532163742690054,4,Medium,Review,10000,1181.2865497076023
797,79019.03170013933,25000,18,3.160761268005573,0.9036363636363637,4,1,0.12076442357272753,0,Very Low,Approve,25000,1207.6442357272754
570,73399.20433601442,5000,19,14.679840867202882,0.4909090909090909,2,0,0.3442804262680039,5,Medium,Review,5000,688.5608525360079
648,67535.57410599144,5000,56,13.50711482119829,0.6327272727272727,3,1,0.25231736248685405,3,Low,Review,5000,504.63472497370816
808,86646.81471460858,10000,21,8.664681471460858,0.9236363636363636,4,0,0.12076442357272753,0,Very Low,Approve,10000,483.0576942909101
603,56425.1443599442,10000,28,5.6425144359944195,0.5509090909090909,3,0,0.28049317797795753,4,Medium,Review,10000,1121.9727119118302
713,46153.44715772597,5000,56,9.230689431545194,0.7509090909090909,4,0,0.3041778620725989,4,Medium,Review,5000,608.3557241451979
615,46957.588649613936,10000,35,4.695758864961394,0.5727272727272728,3,0,0.27494966438214974,3,Low,Review,10000,1099.798657528599
575,70687.39689330134,5000,38,14.137479378660268,0.5,2,0,0.32913185742133105,5,Medium,Review,5000,658.2637148426622
506,63943.300039130176,10000,45,6.3943300039130175,0.37454545454545457,2,1,0.5538769264514647,7,High,Reject,10000,2215.507705805859
320,84505.04302965188,25000,19,3.380201721186075,0.03636363636363636,1,0,0.6143946984478545,8,Very High,Reject,25000,6143.946984478546
778,62274.41450091341,5000,59,12.454882900182682,0.8690909090909091,4,0,0.1532425281905211,1,Very Low,Approve,5000,306.48505638104217
812,51459.48091727031,25000,28,2.0583792366908122,0.9309090909090909,4,0,0.1326682524780455,0,Very Low,Approve,25000,1326.682524780455
510,54239.30752998211,5000,63,10.847861505996422,0.38181818181818183,2,0,0.42825437473324796,6,High,Reject,5000,856.5087494664959
477,66742.606735732,10000,19,6.6742606735732,0.32181818181818184,1,1,0.3110831705882325,4,Medium,Review,10000,1244.3326823529299
691,36649.49535162604,25000,25,1.4659798140650417,0.7109090909090909,3,0,0.23814826787691915,2,Low,Review,25000,2381.482678769192
607,70903.56024697753,15000,38,4.726904016465169,0.5581818181818182,3,0,0.2614542580296005,3,Low,Review,15000,1568.7255481776028
565,110190.21269423158,25000,68,4.407608507769263,0.4818181818181818,2,0,0.3522687825440119,5,Medium,Review,25000,3522.687825440119
580,40233.64806251904,25000,63,1.6093459225007616,0.509090909090909,2,0,0.28156538050292773,4,Medium,Review,25000,2815.6538050292775
669,61902.690919119974,5000,24,12.380538183823996,0.6709090909090909,3,0,0.28156538050292773,4,Medium,Review,5000,563.1307610058554
781,62723.10349117432,25000,36,2.5089241396469726,0.8745454545454545,4,1,0.17734516827258762,1,Very Low,Approve,25000,1773.4516827258765
560,87412.49175500416,15000,59,5.827499450333611,0.4727272727272727,2,0,0.3513326036948084,5,Medium,Review,15000,2107.9956221688503
832,69844.9678441773,5000,62,13.96899356883546,0.9672727272727273,4,0,0.12780730126664527,0,Very Low,Approve,5000,255.61460253329057
541,67338.08741096524,5000,54,13.467617482193047,0.4381818181818182,2,0,0.3263165421060158,5,Medium,Review,5000,652.6330842120316
673,83918.1750713357,10000,64,8.39181750713357,0.6781818181818182,3,1,0.17818709581801553,1,Very Low,Approve,10000,712.7483832720621
575,70687.39689330134,15000,38,4.712493126220089,0.5,2,1,0.3005449024773878,4,Medium,Review,15000,1803.2694148643268
527,68253.23595245105,5000,61,13.650647190490211,0.4127272727272727,2,0,0.30266686503168116,4,Medium,Review,5000,605.3337300633624
334,107019.14283470475,10000,43,10.701914283470474,0.06181818181818182,1,1,0.5983278432082814,8,Very High,Reject,10000,2393.3113728331255
316,30922.422985460158,10000,38,3.0922422985460156,0.02909090909090909,1,1,0.7690874438186266,9,Very High,Reject,10000,3076.3497752745066
787,26920.688395653808,5000,40,5.384137679130761,0.8854545454545455,4,1,0.2373719903986248,2,Low,Review,5000,474.74398079724966
572,58729.15820471923,5000,57,11.745831640943846,0.49454545454545457,2,1,0.28297129748778677,4,Medium,Review,5000,565.9425949755736
713,62920.70570163451,10000,36,6.292070570163451,0.7509090909090909,4,1,0.2637428196438088,3,Low,Review,10000,1054.9712785752351
604,42257.75528979164,15000,59,2.8171836859861092,0.5527272727272727,3,0,0.3159132817027554,4,Medium,Review,15000,1895.4796902165324
394,39967.133645050824,25000,35,1.598685345802033,0.1709090909090909,1,1,0.6443688586545729,9,Very High,Reject,25000,6443.688586545731
614,46886.69327414378,25000,21,1.875467730965751,0.5709090909090909,3,1,0.30963839705648355,4,Medium,Review,25000,3096.3839705648356
666,78449.39924566222,5000,24,15.689879849132444,0.6654545454545454,3,0,0.24335710352659504,2,Low,Review,5000,486.71420705319014
520,52513.72017786966,25000,18,2.1005488071147864,0.4,2,1,0.26454640397888934,3,Low,Review,25000,2645.4640397888934
414,92693.02739956122,15000,40,6.179535159970748,0.20727272727272728,1,1,0.47201228191527966,7,High,Reject,15000,2832.0736914916783
727,111196.67489255258,5000,51,22.239334978510517,0.7763636363636364,4,0,0.10445411440446138,0,Very Low,Approve,5000,208.9082288089228
638,59715.394254550774,5000,43,11.943078850910155,0.6145454545454545,3,0,0.28262039278988427,4,Medium,Review,5000,565.2407855797686
497,105257.32451207178,5000,40,21.051464902414356,0.35818181818181816,1,1,0.3620308278203015,5,Medium,Review,5000,724.061655640603
508,45696.27590720144,5000,41,9.139255181440287,0.3781818181818182,2,1,0.46547692010035435,7,High,Reject,5000,930.9538402007088
475,20000.0,5000,54,4.0,0.3181818181818182,1,1,0.6320927981328984,8,Very High,Reject,5000,1264.185596265797
532,52293.37134791699,25000,48,2.0917348539166793,0.4218181818181818,2,1,0.27853523804029995,4,Medium,Review,25000,2785.3523804029996
804,89131.6096095112,10000,65,8.91316096095112,0.9163636363636364,4,0,0.12016743890553673,0,Very Low,Approve,10000,480.66975562214697
375,83646.41295246444,10000,46,8.364641295246443,0.13636363636363635,1,0,0.5150791122438144,7,High,Reject,10000,2060.316448975258
325,43727.89777402753,5000,61,8.745579554805506,0.045454545454545456,1,1,0.6775673572181166,9,Very High,Reject,5000,1355.1347144362333
330,24324.876978331282,15000,47,1.6216584652220856,0.05454545454545454,1,1,0.9696969696969697,9,Very High,Reject,15000,5818.181818181819
775,99108.15610427166,15000,35,6.607210406951444,0.8636363636363636,4,0,0.1413386992852031,1,Very Low,Approve,15000,848.0321957112186
615,48676.24610419798,25000,57,1.9470498441679192,0.5727272727272728,3,0,0.33431362717077007,5,Medium,Review,25000,3343.136271707701
847,22120.50073241449,25000,45,0.8848200292965795,0.9945454545454545,4,0,0.2618411000763942,3,Low,Review,25000,2618.4110007639424
476,98067.58049972448,10000,67,9.806758049972448,0.32,1,0,0.35928357507304876,5,Medium,Review,10000,1437.1343002921951
401,74815.8528912742,25000,51,2.992634115650968,0.18363636363636363,1,1,0.534530957744556,7,High,Reject,25000,5345.30957744556
641,56878.551837536346,15000,57,3.7919034558357563,0.62,3,0,0.2464492494758839,3,Low,Review,15000,1478.6954968553034
573,87164.48731894125,5000,38,17.43289746378825,0.49636363636363634,2,1,0.36441178020125387,5,Medium,Review,5000,728.8235604025077
622,55172.74498246346,15000,47,3.678182998830897,0.5854545454545454,3,0,0.26454640397888934,3,Low,Review,15000,1587.2784238733361
822,126214.67470435143,15000,64,8.414311646956762,0.9490909090909091,4,0,0.12000504582473603,0,Very Low,Approve,15000,720.0302749484163
701,106593.32080358683,25000,61,4.263732832143473,0.7290909090909091,4,0,0.12076442357272753,0,Very Low,Approve,25000,1207.6442357272754
701,64912.978785669955,5000,63,12.982595757133991,0.7290909090909091,4,1,0.29226360462842077,4,Medium,Review,5000,584.5272092568415
662,121350.95272302798,10000,35,12.135095272302797,0.6581818181818182,3,0,0.15443383685771253,1,Very Low,Approve,10000,617.7353474308502
670,40589.36150671004,25000,59,1.6235744602684017,0.6727272727272727,3,0,0.2796307993536139,4,Medium,Review,25000,2796.3079935361393
420,54039.31581961816,25000,49,2.1615726327847264,0.21818181818181817,1,1,0.5947783603641151,8,Very High,Reject,25000,5947.783603641152
589,47832.11642491762,15000,30,3.1888077616611747,0.5254545454545455,2,0,0.3159132817027554,4,Medium,Review,15000,1895.4796902165324
593,110494.29468281494,5000,30,22.098858936562987,0.5327272727272727,2,0,0.29031428688962935,4,Medium,Review,5000,580.6285737792588
688,58556.88596034262,10000,43,5.855688596034262,0.7054545454545454,3,0,0.26151626151626156,3,Low,Review,10000,1046.0650460650463
749,70514.58844343403,10000,25,7.0514588443434025,0.8163636363636364,4,0,0.20103429522287677,2,Low,Review,10000,804.1371808915071
300,87296.57555401872,25000,39,3.4918630221607487,0.0,,1,0.5073496436447806,7,High,Reject,25000,5073.496436447806
513,32113.96732375386,5000,25,6.422793464750772,0.38727272727272727,2,0,0.5302007413406019,7,High,Reject,5000,1060.4014826812038
817,64235.17339423111,10000,34,6.423517339423111,0.94,4,0,0.12076442357272753,0,Very Low,Approve,10000,483.0576942909101
815,81835.72031884233,25000,55,3.2734288127536932,0.9363636363636364,4,0,0.12076442357272753,0,Very Low,Approve,25000,1207.6442357272754
638,28137.432823794108,10000,65,2.8137432823794106,0.6145454545454545,3,1,0.2751038667840125,3,Low,Review,10000,1100.41546713605
528,85368.26804054204,10000,68,8.536826804054204,0.41454545454545455,2,1,0.3217813947137255,5,Medium,Review,10000,1287.1255788549022
681,20000.0,25000,19,0.8,0.6927272727272727,3,1,0.27416645012541535,3,Low,Review,25000,2741.6645012541535
744,84334.99540169028,15000,43,5.622333026779351,0.8072727272727273,4,0,0.13074470990742337,0,Very Low,Approve,15000,784.4682594445403
617,85912.10344912353,10000,27,8.591210344912353,0.5763636363636364,3,0,0.2450284377734401,3,Low,Review,10000,980.1137510937605
325,71021.91893001019,10000,26,7.102191893001018,0.045454545454545456,1,0,0.6446653075093441,9,Very High,Reject,10000,2578.6612300373768
641,44190.26387576393,5000,25,8.838052775152786,0.62,3,0,0.3052736442760878,4,Medium,Review,5000,610.5472885521756
764,102902.90450887608,15000,69,6.860193633925071,0.8436363636363636,4,1,0.0925502854991434,0,Very Low,Approve,15000,555.3017129948604
790,54882.60357841684,10000,46,5.488260357841684,0.8909090909090909,4,0,0.20493675117014876,2,Low,Review,10000,819.7470046805951
397,56002.22266083321,25000,33,2.2400889064333285,0.17636363636363636,1,1,0.4867339599203195,7,High,Reject,25000,4867.339599203195
687,71631.42558951005,25000,50,2.8652570235804022,0.7036363636363636,3,0,0.19632418573025637,1,Very Low,Approve,25000,1963.2418573025639
836,116944.43962996113,15000,63,7.796295975330741,0.9745454545454545,4,0,0.09959316319306116,0,Very Low,Approve,15000,597.558979158367
777,66384.92279458336,25000,43,2.6553969117833343,0.8672727272727273,4,1,0.14777754010267444,1,Very Low,Approve,25000,1477.7754010267445
809,47509.9797824409,5000,30,9.50199595648818,0.9254545454545454,4,0,0.14838157697912085,1,Very Low,Approve,5000,296.76315395824173
730,67111.66965974869,10000,23,6.7111669659748685,0.7818181818181819,4,0,0.18823956966378574,1,Very Low,Approve,10000,752.9582786551431
831,53918.413379552425,5000,28,10.783682675910486,0.9654545454545455,4,0,0.09744282437735413,0,Very Low,Approve,5000,194.88564875470828
365,48930.5904275013,10000,57,4.893059042750131,0.11818181818181818,1,1,0.6603985203970286,9,Very High,Reject,10000,2641.5940815881145
759,78893.55445107231,5000,43,15.778710890214462,0.8345454545454546,4,0,0.1180171000898297,0,Very Low,Approve,5000,236.03420017965942
782,20000.0,25000,51,0.8,0.8763636363636363,4,0,0.25978924423054556,3,Low,Review,25000,2597.892442305456
310,104240.71467348732,25000,58,4.169628586939493,0.01818181818181818,1,1,0.615956324402654,8,Very High,Reject,25000,6159.563244026541
326,43130.59439364081,10000,29,4.313059439364081,0.04727272727272727,1,1,0.7279522003704031,9,Very High,Reject,10000,2911.808801481612
703,48836.788013087134,15000,47,3.2557858675391422,0.7327272727272728,4,1,0.3263165421060158,5,Medium,Review,15000,1957.8992526360948
811,70917.92802565983,15000,21,4.727861868377322,0.9290909090909091,4,0,0.12780730126664527,0,Very Low,Approve,15000,766.8438075998718
531,20515.026737319487,5000,64,4.103005347463897,0.42,2,0,0.3144273965823252,4,Medium,Review,5000,628.8547931646505
336,67046.10836323847,10000,34,6.704610836323847,0.06545454545454546,1,1,0.6469513731418494,9,Very High,Reject,10000,2587.805492567398
810,61495.5517543664,10000,55,6.149555175436641,0.9272727272727272,4,0,0.19729451964478514,2,Low,Approve,10000,789.1780785791407
619,36989.552026590274,5000,37,7.397910405318055,0.58,3,0,0.36441178020125387,5,Medium,Review,5000,728.8235604025077
683,44945.014799120516,5000,23,8.989002959824104,0.6963636363636364,3,1,0.3161304757492965,4,Medium,Review,5000,632.260951498593
838,44793.40437332688,10000,26,4.479340437332688,0.9781818181818182,4,1,0.17066798405371789,1,Very Low,Approve,10000,682.6719362148716
516,70804.86261605819,5000,37,14.160972523211639,0.3927272727272727,2,1,0.3911362975879105,6,High,Review,5000,782.272595175821
457,47157.18840335995,15000,36,3.1438125602239966,0.28545454545454546,1,0,0.6017034344102012,8,Very High,Reject,15000,3610.2206064612074
682,73779.1366906771,15000,60,4.918609112711807,0.6945454545454546,3,0,0.24938598382728516,3,Low,Review,15000,1496.315902963711
806,52860.24719887477,10000,39,5.286024719887477,0.92,4,0,0.1750081125701881,1,Very Low,Approve,10000,700.0324502807524
444,67760.45117365298,25000,55,2.710418046946119,0.26181818181818184,1,0,0.551792981446702,7,High,Reject,25000,5517.92981446702
777,79359.6587783469,15000,46,5.29064391855646,0.8672727272727273,4,0,0.13353644384329386,0,Very Low,Approve,15000,801.2186630597631
728,87173.81518682929,25000,43,3.486952607473172,0.7781818181818182,4,0,0.0925502854991434,0,Very Low,Approve,25000,925.502854991434
591,77841.88039483265,10000,20,7.784188039483265,0.5290909090909091,2,0,0.25231736248685405,3,Low,Review,10000,1009.2694499474163
808,21142.878679437526,10000,56,2.1142878679437525,0.9236363636363636,4,0,0.1967566451614308,2,Low,Approve,10000,787.0265806457232
609,74225.41094562918,15000,42,4.948360729708612,0.5618181818181818,3,1,0.24938598382728516,3,Low,Review,15000,1496.315902963711
504,98416.43394397458,5000,32,19.683286788794916,0.3709090909090909,2,0,0.26480323377416853,3,Low,Review,5000,529.6064675483372
390,80018.3253786398,5000,50,16.00366507572796,0.16363636363636364,1,1,0.5591163939377787,7,High,Reject,5000,1118.2327878755575
706,82212.39936403916,15000,26,5.480826624269277,0.7381818181818182,4,0,0.18240340368387442,1,Very Low,Approve,15000,1094.4204221032467
420,57880.11108381417,15000,48,3.858674072254278,0.21818181818181817,1,1,0.6144643169385257,8,Very High,Reject,15000,3686.785901631154
580,69575.32320778705,15000,28,4.638354880519136,0.509090909090909,2,0,0.31304490247738787,4,Medium,Review,15000,1878.269414864327
419,73408.07423303202,10000,68,7.340807423303202,0.21636363636363637,1,0,0.47959812863156115,7,High,Reject,10000,1918.392514526245
623,67836.4010014138,10000,49,6.783640100141381,0.5872727272727273,3,0,0.2871572871572872,4,Medium,Review,10000,1148.6291486291489
848,71606.36909018348,10000,46,7.160636909018348,0.9963636363636363,4,1,0.12780730126664527,0,Very Low,Approve,10000,511.22920506658113
320,43973.789240042635,5000,33,8.794757848008526,0.03636363636363636,1,1,0.6626845860295337,9,Very High,Reject,5000,1325.3691720590673
386,73396.18161800172,5000,51,14.679236323600344,0.15636363636363637,1,1,0.5701233056802212,8,Very High,Reject,5000,1140.2466113604426
843,20000.0,15000,59,1.3333333333333333,0.9872727272727273,4,1,0.23542807537691182,2,Low,Review,15000,1412.5684522614708
626,43764.56325709236,25000,59,1.7505825302836946,0.5927272727272728,3,1,0.2859887199821489,4,Medium,Review,25000,2859.8871998214895
775,38726.47084527599,25000,40,1.5490588338110396,0.8636363636363636,4,0,0.21391949364814491,2,Low,Review,25000,2139.194936481449
594,69140.37812741805,5000,62,13.82807562548361,0.5345454545454545,2,1,0.29859934145648437,4,Medium,Review,5000,597.1986829129688
320,85241.43825370603,5000,65,17.048287650741205,0.03636363636363636,1,1,0.6516719427195202,9,Very High,Reject,5000,1303.3438854390406
505,102707.76871868876,15000,25,6.847184581245918,0.37272727272727274,2,0,0.2556481485052914,3,Low,Review,15000,1533.8888910317482
705,20000.0,15000,20,1.3333333333333333,0.7363636363636363,4,0,0.23814826787691915,2,Low,Review,15000,1428.889607261515
834,59486.54427108657,5000,63,11.897308854217314,0.9709090909090909,4,0,0.13353644384329386,0,Very Low,Approve,5000,267.0728876865877
417,49596.413548776414,25000,18,1.9838565419510565,0.21272727272727274,1,1,0.4589147286821706,6,High,Reject,25000,4589.147286821706
553,56554.62264521493,5000,25,11.310924529042985,0.46,2,0,0.3984496124031008,6,High,Review,5000,796.8992248062017
670,52392.54960468442,5000,21,10.478509920936885,0.6727272727272727,3,0,0.2664049603513235,3,Low,Review,5000,532.809920702647
317,53376.92464088199,25000,20,2.1350769856352794,0.03090909090909091,1,1,0.6320927981328984,8,Very High,Reject,25000,6320.927981328985
744,68088.23004602733,10000,63,6.808823004602733,0.8072727272727273,4,0,0.1532425281905211,1,Very Low,Approve,10000,612.9701127620843
587,58290.78002156548,10000,34,5.829078002156548,0.5218181818181818,2,0,0.28243513479733956,4,Medium,Review,10000,1129.7405391893583
543,112271.01050097913,25000,33,4.490840420039166,0.44181818181818183,2,0,0.3363222517279347,5,Medium,Review,25000,3363.222517279347
641,62070.69987564061,10000,51,6.207069987564061,0.62,3,0,0.25978924423054556,3,Low,Review,10000,1039.1569769221824
493,129318.80973111185,15000,57,8.621253982074123,0.3509090909090909,1,0,0.40443973919473014,6,High,Reject,15000,2426.638435168381
453,58273.97270279794,5000,62,11.654794540559587,0.2781818181818182,1,1,0.543327597230595,7,High,Reject,5000,1086.6551944611901
820,45686.4472039441,15000,30,3.0457631469296067,0.9454545454545454,4,1,0.24030872475002607,2,Low,Review,15000,1441.8523485001565
578,20000.0,10000,49,2.0,0.5054545454545455,2,1,0.3887553452069581,6,High,Review,10000,1555.0213808278324
634,112468.37453388097,15000,45,7.497891635592064,0.6072727272727273,3,0,0.2055955012437499,2,Low,Review,15000,1233.5730074624996
814,82563.33284834638,10000,47,8.25633328483464,0.9345454545454546,4,0,0.09744282437735413,0,Very Low,Approve,10000,389.77129750941657
688,26981.961759147,5000,18,5.3963923518294,0.7054545454545454,3,0,0.34076210312691924,5,Medium,Review,5000,681.5242062538384
473,94277.97661843926,10000,65,9.427797661843927,0.3145454545454546,1,0,0.3960686600221484,6,High,Review,10000,1584.2746400885937
405,26014.105521844365,15000,51,1.734273701456291,0.19090909090909092,1,1,0.6069245771079324,8,Very High,Reject,15000,3641.5474626475943
448,20000.0,5000,18,4.0,0.2690909090909091,1,0,0.41626363205310574,6,High,Reject,5000,832.5272641062114
572,102422.0068462714,15000,27,6.828133789751426,0.49454545454545457,2,0,0.2928383952005999,4,Medium,Review,15000,1757.0303712035995
304,89911.56538532459,5000,32,17.98231307706492,0.007272727272727273,1,1,0.7550882141474475,9,Very High,Reject,5000,1510.1764282948952
751,78030.39477971812,5000,20,15.606078955943623,0.82,4,1,0.06995141544264623,0,Very Low,Approve,5000,139.90283088529245
430,48970.87676507874,5000,23,9.794175353015747,0.23636363636363636,1,0,0.5582302058648566,7,High,Reject,5000,1116.4604117297133
440,54813.49731770996,10000,20,5.481349731770996,0.2545454545454545,1,1,0.5947783603641151,8,Very High,Reject,10000,2379.113441456461
781,52406.94157926366,25000,54,2.096277663170546,0.8745454545454545,4,0,0.20730542441999308,2,Low,Review,25000,2073.054244199931
410,45108.62165435481,5000,37,9.021724330870962,0.2,1,1,0.591265624178606,8,Very High,Reject,5000,1182.531248357212
446,60399.19002002493,15000,57,4.026612668001662,0.26545454545454544,1,0,0.543327597230595,7,High,Reject,15000,3259.96558338357
311,48101.55837990432,25000,18,1.924062335196173,0.02,1,1,0.6443688586545729,9,Very High,Reject,25000,6443.688586545731
331,79085.24877055331,10000,32,7.908524877055331,0.056363636363636366,1,1,0.6183102486374631,8,Very High,Reject,10000,2473.2409945498525
799,43694.3839250669,10000,49,4.36943839250669,0.9072727272727272,4,0,0.1750081125701881,1,Very Low,Approve,10000,700.0324502807524
520,81433.02737798847,5000,26,16.286605475597696,0.4,2,1,0.3366945795517225,5,Medium,Review,5000,673.3891591034451
431,73382.93140993269,5000,43,14.676586281986538,0.2381818181818182,1,0,0.5253272472159566,7,High,Reject,5000,1050.6544944319132
388,59499.54930850815,15000,52,3.96663662056721,0.16,1,0,0.6124068415584879,8,Very High,Reject,15000,3674.4410493509276
828,28169.834253118337,10000,69,2.8169834253118338,0.96,4,0,0.19995268019768253,2,Low,Approve,10000,799.8107207907301
410,71051.76675719919,10000,26,7.105176675719919,0.2,1,1,0.487327597230595,7,High,Reject,10000,1949.31038892238
777,67958.75164137944,15000,30,4.530583442758629,0.8672727272727273,4,0,0.1774999055810984,1,Very Low,Approve,15000,1064.9994334865903
645,52550.95382955395,5000,69,10.51019076591079,0.6272727272727273,3,0,0.28129539161988376,4,Medium,Review,5000,562.5907832397676
751,23330.914830270056,15000,23,1.5553943220180038,0.82,4,1,0.25685250987914426,3,Low,Review,15000,1541.1150592748656
339,71881.2171892091,5000,60,14.37624343784182,0.07090909090909091,1,0,0.5947783603641151,8,Very High,Reject,5000,1189.5567207282304
750,68075.4668381689,25000,43,2.723018673526756,0.8181818181818182,4,0,0.1750081125701881,1,Very Low,Approve,25000,1750.081125701881
661,79341.42408191788,25000,61,3.173656963276715,0.6563636363636364,3,1,0.10448570207127189,0,Very Low,Approve,25000,1044.8570207127188
461,67727.0742587458,25000,49,2.7090829703498316,0.2927272727272727,1,1,0.465088230532621,6,High,Reject,25000,4650.88230532621
545,53876.34022761868,5000,53,10.775268045523736,0.44545454545454544,2,0,0.424712643678161,6,High,Reject,5000,849.425287356322
444,67880.99667430046,15000,41,4.5253997782866975,0.26181818181818184,1,0,0.5710791122438145,8,Very High,Reject,15000,3426.474673462887
759,45084.68575930053,10000,65,4.508468575930054,0.8345454545454546,4,0,0.20103429522287677,2,Low,Review,10000,804.1371808915071
330,22122.666320436525,10000,34,2.2122666320436526,0.05454545454545454,1,1,0.8821528650001492,9,Very High,Reject,10000,3528.6114600005967
621,33716.09544401783,15000,32,2.2477396962678555,0.5836363636363636,3,0,0.36441178020125387,5,Medium,Review,15000,2186.4706812075233
315,29928.346069803636,15000,35,1.9952230713202423,0.02727272727272727,1,0,0.7857018058515431,9,Very High,Reject,15000,4714.210835109259
696,49228.86123022859,15000,20,3.2819240820152396,0.72,3,0,0.27104334789391976,3,Low,Review,15000,1626.2600873635186
378,94676.27876665955,10000,56,9.467627876665956,0.14181818181818182,1,1,0.543327597230595,7,High,Reject,10000,2173.3103889223803
574,65870.1885124958,15000,55,4.391345900833054,0.49818181818181817,2,1,0.3005449024773878,4,Medium,Review,15000,1803.2694148643268
543,79808.23867533359,5000,54,15.961647735066718,0.44181818181818183,2,0,0.27494966438214974,3,Low,Review,5000,549.8993287642995
625,99621.7773448511,10000,54,9.96217773448511,0.5909090909090909,3,1,0.27653865340432504,4,Medium,Review,10000,1106.1546136173001
379,31733.772924484343,10000,51,3.1733772924484343,0.14363636363636365,1,0,0.6478260110205828,9,Very High,Reject,10000,2591.3040440823315
363,75964.48227302513,15000,64,5.064298818201675,0.11454545454545455,1,1,0.6063475303314275,8,Very High,Reject,15000,3638.085181988565
356,95366.66950332257,15000,25,6.357777966888171,0.10181818181818182,1,1,0.5380881297442809,7,High,Reject,15000,3228.5287784656853
780,77406.2141561357,25000,33,3.096248566245428,0.8727272727272727,4,0,0.13353644384329386,0,Very Low,Approve,25000,1335.3644384329386
531,38314.151675987516,15000,62,2.5542767783991676,0.42,2,0,0.2698628614470198,3,Low,Review,15000,1619.1771686821191
368,34324.648067786606,10000,38,3.4324648067786607,0.12363636363636364,1,1,0.7261517510229899,9,Very High,Reject,10000,2904.60700409196
373,20000.0,5000,29,4.0,0.13272727272727272,1,0,0.7089829142019018,9,Very High,Reject,5000,1417.9658284038037
582,87544.1171985071,10000,46,8.75441171985071,0.5127272727272727,2,0,0.3471405774158068,5,Medium,Review,10000,1388.562309663227
561,99306.78291519979,25000,42,3.9722713166079915,0.47454545454545455,2,0,0.4049012253063266,6,High,Reject,25000,4049.0122530632666
371,63062.6425026753,15000,57,4.20417616684502,0.1290909090909091,1,0,0.6603985203970286,9,Very High,Reject,15000,3962.391122382172
699,32964.62550554934,10000,20,3.2964625505549336,0.7254545454545455,3,0,0.21242742277113036,2,Low,Review,10000,849.7096910845214
764,77230.85033875088,10000,63,7.723085033875088,0.8436363636363636,4,0,0.07351570273413521,0,Very Low,Approve,10000,294.06281093654087
785,105118.37530737133,25000,24,4.2047350122948535,0.8818181818181818,4,0,0.13353644384329386,0,Very Low,Approve,25000,1335.3644384329386
521,24843.580289951045,15000,51,1.6562386859967364,0.4018181818181818,2,1,0.2664049603513235,3,Low,Review,15000,1598.429762107941
592,75131.00063872864,5000,51,15.026200127745728,0.5309090909090909,2,0,0.3052150575772623,4,Medium,Review,5000,610.4301151545246
716,70787.96930116153,15000,25,4.719197953410768,0.7563636363636363,4,0,0.21242742277113036,2,Low,Review,15000,1274.5645366267822
657,37571.403255738405,25000,34,1.5028561302295362,0.649090909090909,3,0,0.23814826787691915,2,Low,Review,25000,2381.482678769192
336,40299.92954992648,25000,48,1.611997181997059,0.06545454545454546,1,0,0.6629810348843049,9,Very High,Reject,25000,6629.81034884305
649,82090.45779840832,5000,38,16.418091559681663,0.6345454545454545,3,0,0.2319568864895416,2,Low,Review,5000,463.9137729790832
592,50224.538606664195,15000,62,3.348302573777613,0.5309090909090909,2,0,0.30963839705648355,4,Medium,Review,15000,1857.8303823389012
354,59054.82406435151,25000,54,2.3621929625740603,0.09818181818181818,1,1,0.6604395270240918,9,Very High,Reject,25000,6604.395270240919
788,85367.11093235173,5000,19,17.073422186470346,0.8872727272727273,4,1,0.06995141544264623,0,Very Low,Approve,5000,139.90283088529245
555,39092.26881565574,5000,48,7.818453763131148,0.4636363636363636,2,0,0.5120402409087559,7,High,Reject,5000,1024.0804818175118
424,51977.67740240592,15000,49,3.465178493493728,0.22545454545454546,1,1,0.6513754938647489,9,Very High,Reject,15000,3908.2529631884936
458,65400.63205737901,10000,42,6.5400632057379005,0.2872727272727273,1,0,0.4380883079640454,6,High,Reject,10000,1752.3532318561818
422,52115.15504711448,10000,51,5.211515504711448,0.22181818181818183,1,0,0.6359387298318359,9,Very High,Reject,10000,2543.7549193273435
331,92295.13347686615,25000,42,3.6918053390746457,0.056363636363636366,1,1,0.5910615176729962,8,Very High,Reject,25000,5910.6151767299625
372,47159.27766988832,15000,45,3.143951844659221,0.13090909090909092,1,1,0.7002563365243933,9,Very High,Reject,15000,4201.538019146361
371,64218.464646143846,25000,61,2.568738585845754,0.1290909090909091,1,1,0.6603985203970286,9,Very High,Reject,25000,6603.985203970286
817,52884.28588499797,15000,29,3.5256190589998644,0.94,4,1,0.20412644117216563,2,Low,Review,15000,1224.7586470329938
807,124135.19429999933,25000,28,4.965407771999973,0.9218181818181819,4,0,0.1642268893336918,1,Very Low,Approve,25000,1642.2688933369182
504,76510.3912460706,15000,41,5.10069274973804,0.3709090909090909,2,1,0.34545815941164776,5,Medium,Review,15000,2072.7489564698867
480,62511.23292037579,5000,53,12.502246584075158,0.32727272727272727,1,1,0.4708014891455221,7,High,Reject,5000,941.6029782910442
669,65488.646119954545,10000,52,6.548864611995454,0.6709090909090909,3,0,0.27581941867656157,3,Low,Review,10000,1103.2776747062462
702,109542.11966167128,25000,33,4.3816847864668516,0.730909090909091,4,0,0.11296216813081827,0,Very Low,Approve,25000,1129.6216813081828
317,86868.49053950643,15000,46,5.791232702633762,0.03090909090909091,1,1,0.6967068536802273,9,Very High,Reject,15000,4180.241122081364
797,69463.22924301194,5000,28,13.892645848602388,0.9036363636363637,4,0,0.12000504582473603,0,Very Low,Approve,5000,240.0100916494721
824,79344.17774754752,25000,34,3.173767109901901,0.9527272727272728,4,0,0.12076442357272753,0,Very Low,Approve,25000,1207.6442357272754
382,61917.210023345986,10000,32,6.1917210023345985,0.14909090909090908,1,1,0.5966180448513041,8,Very High,Reject,10000,2386.4721794052166
622,30612.227760781432,15000,25,2.0408151840520956,0.5854545454545454,3,1,0.42105263157894735,6,High,Reject,15000,2526.315789473684
423,97887.7072735026,5000,33,19.57754145470052,0.22363636363636363,1,0,0.44335326231877953,6,High,Reject,5000,886.7065246375591
396,63938.7867747061,15000,67,4.2625857849804065,0.17454545454545456,1,1,0.615956324402654,8,Very High,Reject,15000,3695.7379464159244
388,43790.83658942273,25000,23,1.7516334635769093,0.16,1,0,0.6272654165674388,8,Very High,Reject,25000,6272.654165674389
475,116705.65103764558,25000,55,4.668226041505823,0.3181818181818182,1,0,0.4189496372936703,6,High,Reject,25000,4189.496372936704
347,72252.19749088581,5000,68,14.450439498177163,0.08545454545454545,1,1,0.6320927981328984,8,Very High,Reject,5000,1264.185596265797
698,102325.07761108008,5000,56,20.465015522216017,0.7236363636363636,3,0,0.1750081125701881,1,Very Low,Approve,5000,350.0162251403762
541,49081.73602229857,5000,66,9.816347204459715,0.4381818181818182,2,0,0.45599999999999996,6,High,Reject,5000,912.0
624,71131.92330544018,5000,52,14.226384661088037,0.5890909090909091,3,0,0.2464492494758839,3,Low,Review,5000,492.89849895176786
511,74780.23318093485,5000,32,14.95604663618697,0.3836363636363636,2,0,0.42105263157894735,6,High,Reject,5000,842.1052631578947
673,83918.1750713357,10000,64,8.39181750713357,0.6781818181818182,3,0,0.17818709581801553,1,Very Low,Approve,10000,712.7483832720621
655,73023.25154814144,15000,37,4.8682167698760965,0.6454545454545455,3,0,0.2464492494758839,3,Low,Review,15000,1478.6954968553034
448,87111.06093454345,5000,48,17.42221218690869,0.2690909090909091,1,1,0.42512871829580484,6,High,Reject,5000,850.2574365916098
652,64771.024036633615,5000,68,12.954204807326724,0.64,3,0,0.27041451698985947,3,Low,Review,5000,540.8290339797189
303,39183.932546948556,25000,37,1.5673573018779423,0.005454545454545455,1,1,0.6183102486374631,8,Very High,Reject,25000,6183.102486374631
449,96440.32781441628,5000,30,19.288065562883254,0.27090909090909093,1,1,0.35652887139107614,5,Medium,Review,5000,713.0577427821523
307,58484.791691651044,5000,55,11.696958338330209,0.012727272727272728,1,1,0.6629810348843049,9,Very High,Reject,5000,1325.96206976861
362,76457.94847813604,25000,64,3.0583179391254416,0.11272727272727273,1,0,0.5616001647198395,7,High,Reject,25000,5616.001647198396
359,80344.27139474772,15000,49,5.3562847596498475,0.10727272727272727,1,1,0.648122459875354,9,Very High,Reject,15000,3888.734759252124
404,47090.142657481345,5000,64,9.418028531496269,0.1890909090909091,1,1,0.6104088485973431,8,Very High,Reject,5000,1220.8176971946864
592,92486.59428489133,15000,29,6.165772952326089,0.5309090909090909,2,0,0.2464492494758839,3,Low,Review,15000,1478.6954968553034
551,28975.459136877034,15000,41,1.9316972757918023,0.45636363636363636,2,0,0.43264611825542626,6,High,Reject,15000,2595.876709532558
436,43481.07995745451,10000,41,4.348107995745451,0.24727272727272728,1,1,0.6104088485973431,8,Very High,Reject,10000,2441.635394389373
786,35460.835522439695,25000,27,1.4184334208975877,0.8836363636363637,4,0,0.22907100879966005,2,Low,Review,25000,2290.7100879966006
768,56693.18246874779,15000,36,3.7795454979165197,0.850909090909091,4,0,0.18420081210778885,1,Very Low,Approve,15000,1105.204872646733
678,93662.17896832596,25000,65,3.7464871587330384,0.6872727272727273,3,0,0.09744282437735413,0,Very Low,Approve,25000,974.4282437735413
518,86485.35636898632,25000,66,3.459414254759453,0.39636363636363636,2,1,0.2664049603513235,3,Low,Review,25000,2664.049603513235
306,61074.37928888231,15000,43,4.071625285925487,0.01090909090909091,1,1,0.7115654286891783,9,Very High,Reject,15000,4269.39257213507
382,68650.26524439317,15000,39,4.576684349626212,0.14909090909090908,1,0,0.6069245771079324,8,Very High,Reject,15000,3641.5474626475943
325,24415.436751468915,5000,47,4.883087350293783,0.045454545454545456,1,1,0.8448136830489772,9,Very High,Reject,5000,1689.6273660979543
378,48829.09239580941,5000,35,9.765818479161883,0.14181818181818182,1,1,0.6316895372903384,8,Very High,Reject,5000,1263.3790745806768
387,30016.423805353123,15000,67,2.001094920356875,0.15818181818181817,1,0,0.6662582650533319,9,Very High,Reject,15000,3997.5495903199912
720,49510.000497407746,15000,51,3.300666699827183,0.7636363636363637,4,1,0.24938598382728516,3,Low,Review,15000,1496.315902963711
646,49646.41171882038,25000,26,1.9858564687528153,0.6290909090909091,3,0,0.2649601868195746,3,Low,Review,25000,2649.601868195746
496,57831.95762949843,10000,69,5.783195762949843,0.3563636363636364,1,1,0.3911362975879105,6,High,Review,10000,1564.545190351642
549,47467.76073021125,5000,33,9.49355214604225,0.4527272727272727,2,0,0.5828156420580795,8,Very High,Reject,5000,1165.631284116159
571,57798.43004121803,15000,54,3.8532286694145355,0.49272727272727274,2,0,0.296067380970247,4,Medium,Review,15000,1776.404285821482
395,60351.887976280734,15000,54,4.023459198418716,0.17272727272727273,1,1,0.615956324402654,8,Very High,Reject,15000,3695.7379464159244
830,60718.59237937664,15000,45,4.04790615862511,0.9636363636363636,4,0,0.1823608567924986,1,Very Low,Approve,15000,1094.1651407549916
419,101556.36510086822,10000,57,10.155636510086822,0.21636363636363637,1,1,0.424712643678161,6,High,Reject,10000,1698.850574712644
371,20000.0,15000,50,1.3333333333333333,0.1290909090909091,1,1,0.511740570017055,7,High,Reject,15000,3070.44342010233
570,73399.20433601442,5000,19,14.679840867202882,0.4909090909090909,2,0,0.3442804262680039,5,Medium,Review,5000,688.5608525360079
541,68235.54192038251,15000,43,4.549036128025501,0.4381818181818182,2,0,0.3513326036948084,5,Medium,Review,15000,2107.9956221688503
823,90498.21513569387,25000,69,3.619928605427755,0.9509090909090909,4,0,0.12076442357272753,0,Very Low,Approve,25000,1207.6442357272754
418,40832.45273243351,10000,23,4.08324527324335,0.21454545454545454,1,1,0.590765068818225,8,Very High,Reject,10000,2363.0602752729
545,77996.7754525478,25000,69,3.119871018101912,0.44545454545454544,2,1,0.3522687825440119,5,Medium,Review,25000,3522.687825440119
386,103390.77447027579,5000,44,20.678154894055158,0.15636363636363637,1,1,0.4878277965709659,7,High,Reject,5000,975.655593141932
640,63178.55777897362,5000,54,12.635711555794725,0.6181818181818182,3,0,0.26151626151626156,3,Low,Review,5000,523.0325230325232
371,63707.55151561921,15000,64,4.247170101041281,0.1290909090909091,1,1,0.6601020715422573,9,Very High,Reject,15000,3960.6124292535437
331,45951.46904662291,25000,31,1.8380587618649162,0.056363636363636366,1,0,0.7739956122309063,9,Very High,Reject,25000,7739.956122309063
714,37121.84343341281,25000,36,1.4848737373365124,0.7527272727272727,4,1,0.3471405774158068,5,Medium,Review,25000,3471.4057741580677
800,91167.8178443941,10000,34,9.11678178443941,0.9090909090909091,4,0,0.09744282437735413,0,Very Low,Approve,10000,389.77129750941657
510,75549.22053583644,15000,60,5.036614702389096,0.38181818181818183,2,0,0.5120402409087559,7,High,Reject,15000,3072.2414454525356
474,43637.663431548644,25000,22,1.7455065372619458,0.31636363636363635,1,1,0.45139174957086503,6,High,Reject,25000,4513.917495708651
549,20000.0,25000,66,0.8,0.4527272727272727,2,1,0.41044604976493515,6,High,Reject,25000,4104.460497649352
482,70943.29319764965,25000,36,2.837731727905986,0.33090909090909093,1,0,0.4138826796721533,6,High,Reject,25000,4138.826796721533
715,73958.61277690009,15000,62,4.930574185126672,0.7545454545454545,4,0,0.20412644117216563,2,Low,Review,15000,1224.7586470329938
698,70685.12697479052,15000,20,4.712341798319367,0.7236363636363636,3,0,0.35191178020125385,5,Medium,Review,15000,2111.470681207523
593,57786.67748295509,5000,62,11.557335496591019,0.5327272727272727,2,0,0.3567007797270955,5,Medium,Review,5000,713.4015594541911
781,92369.96255568313,15000,61,6.157997503712209,0.8745454545454545,4,0,0.0925502854991434,0,Very Low,Approve,15000,555.3017129948604
518,86485.35636898632,25000,66,3.459414254759453,0.39636363636363636,2,0,0.2664049603513235,3,Low,Review,25000,2664.049603513235
306,102856.18999952218,25000,51,4.114247599980887,0.01090909090909091,1,1,0.5397917559219753,7,High,Reject,25000,5397.9175592197535
630,64700.066384306905,10000,58,6.47000663843069,0.6,3,1,0.29565359812956177,4,Medium,Review,10000,1182.614392518247
419,73408.07423303202,25000,68,2.9363229693212807,0.21636363636363637,1,1,0.5397917559219753,7,High,Reject,25000,5397.9175592197535
627,66867.14606592213,15000,60,4.457809737728142,0.5945454545454546,3,0,0.25546914490163025,3,Low,Review,15000,1532.8148694097815
698,35019.89187260892,25000,18,1.4007956749043566,0.7236363636363636,3,0,0.24938598382728516,3,Low,Review,25000,2493.859838272852
537,36523.462309591225,15000,47,2.4348974873060816,0.4309090909090909,2,1,0.29226360462842077,4,Medium,Review,15000,1753.5816277705246
319,55920.6110316796,25000,65,2.236824441267184,0.034545454545454546,1,1,0.7230855645010298,9,Very High,Reject,25000,7230.855645010298
766,53335.64821993058,25000,52,2.1334259287972235,0.8472727272727273,4,0,0.17440775963180954,1,Very Low,Approve,25000,1744.0775963180954
758,114218.93273584897,25000,39,4.568757309433959,0.8327272727272728,4,0,0.09744282437735413,0,Very Low,Approve,25000,974.4282437735413
431,52908.53406406079,15000,42,3.5272356042707194,0.2381818181818182,1,0,0.6183102486374631,8,Very High,Reject,15000,3709.8614918247786
590,20273.87114384195,10000,23,2.027387114384195,0.5272727272727272,2,0,0.38661740558292285,6,High,Review,10000,1546.4696223316914
808,51271.83797526057,25000,23,2.050873519010423,0.9236363636363636,4,0,0.24583133578017222,3,Low,Review,25000,2458.3133578017223
465,26870.36408344505,5000,28,5.37407281668901,0.3,1,0,0.5032436014227168,7,High,Reject,5000,1006.4872028454337
745,80102.6863859761,10000,35,8.01026863859761,0.8090909090909091,4,0,0.12076442357272753,0,Very Low,Approve,10000,483.0576942909101
679,20789.614359048188,5000,43,4.157922871809638,0.6890909090909091,3,0,0.3159132817027554,4,Medium,Review,5000,631.8265634055108
832,53993.13407872991,25000,18,2.1597253631491964,0.9672727272727273,4,0,0.1750081125701881,1,Very Low,Approve,25000,1750.081125701881
312,81681.12868573105,15000,59,5.4454085790487365,0.02181818181818182,1,1,0.714842658858205,9,Very High,Reject,15000,4289.05595314923
382,97663.85169336252,5000,24,19.532770338672503,0.14909090909090908,1,1,0.40638191206697755,6,High,Reject,5000,812.7638241339552
388,98125.11637364097,15000,49,6.541674424909398,0.16,1,0,0.42332650888342443,6,High,Reject,15000,2539.9590533005467
474,92052.80782482852,10000,43,9.205280782482852,0.31636363636363635,1,0,0.41012890417741193,6,High,Reject,10000,1640.515616709648
645,40576.35651545295,15000,19,2.70509043436353,0.6272727272727273,3,0,0.3263165421060158,5,Medium,Review,15000,1957.8992526360948
339,96731.3917974655,5000,36,19.346278359493102,0.07090909090909091,1,0,0.611476619860255,8,Very High,Reject,5000,1222.95323972051
731,45793.616990205745,5000,54,9.158723398041149,0.7836363636363637,4,1,0.2055955012437499,2,Low,Review,5000,411.1910024874999
781,69014.05295743549,5000,31,13.802810591487098,0.8745454545454545,4,0,0.14838157697912085,1,Very Low,Approve,5000,296.76315395824173
457,93342.21245246273,15000,24,6.222814163497516,0.28545454545454546,1,0,0.41136379057738875,6,High,Reject,15000,2468.182743464333
616,80973.92035531864,5000,18,16.194784071063726,0.5745454545454546,3,0,0.34076210312691924,5,Medium,Review,5000,681.5242062538384
433,45249.572579619795,25000,28,1.8099829031847918,0.24181818181818182,1,0,0.6180137997826919,8,Very High,Reject,25000,6180.137997826919
765,20000.0,10000,69,2.0,0.8454545454545455,4,0,0.29664977587765223,4,Medium,Review,10000,1186.599103510609
606,60509.24068186212,10000,20,6.0509240681862115,0.5563636363636364,3,0,0.2464492494758839,3,Low,Review,10000,985.7969979035357
681,20000.0,10000,25,2.0,0.6927272727272727,3,0,0.25372247086920857,3,Low,Review,10000,1014.8898834768344
395,36696.27148209984,25000,44,1.4678508592839934,0.17272727272727273,1,1,0.6356422809770645,9,Very High,Reject,25000,6356.4228097706455
478,85602.57242139264,25000,54,3.4241028968557057,0.3236363636363636,1,1,0.3823037323037323,6,High,Review,25000,3823.0373230373234
686,57660.829085227844,10000,61,5.766082908522784,0.7018181818181818,3,0,0.2654161582733012,3,Low,Review,10000,1061.6646330932047
848,68179.34797985714,15000,52,4.545289865323809,0.9963636363636363,4,0,0.12000504582473603,0,Very Low,Approve,15000,720.0302749484163
649,78664.74314221597,5000,27,15.732948628443195,0.6345454545454545,3,0,0.33838115074596686,5,Medium,Review,5000,676.7623014919337
645,73170.805237088,10000,41,7.317080523708801,0.6272727272727273,3,0,0.2824477479743824,4,Medium,Review,10000,1129.7909918975297
447,81423.2266585522,10000,69,8.14232266585522,0.2672727272727273,1,1,0.30266686503168116,4,Medium,Review,10000,1210.6674601267248
306,77634.83440551157,25000,45,3.105393376220463,0.01090909090909091,1,0,0.648122459875354,9,Very High,Reject,25000,6481.224598753541
616,61152.36932563281,10000,49,6.115236932563281,0.5745454545454546,3,1,0.24938598382728516,3,Low,Review,10000,997.5439353091407
738,58299.18531680974,25000,25,2.3319674126723893,0.7963636363636364,4,0,0.1774999055810984,1,Very Low,Approve,25000,1774.999055810984
609,79989.4385311339,25000,57,3.1995775412453558,0.5618181818181818,3,1,0.2791188219759649,4,Medium,Review,25000,2791.188219759649
505,103572.20263847796,5000,29,20.714440527695594,0.37272727272727274,2,0,0.20853223559515113,2,Low,Review,5000,417.0644711903023
699,89058.62923166424,10000,23,8.905862923166424,0.7254545454545455,3,1,0.15495465955264257,1,Very Low,Approve,10000,619.8186382105703
820,50547.16353210891,5000,39,10.109432706421783,0.9454545454545454,4,0,0.13353644384329386,0,Very Low,Approve,5000,267.0728876865877
318,27347.927239948294,10000,35,2.7347927239948295,0.03272727272727273,1,1,0.8151927437641723,9,Very High,Reject,10000,3260.770975056689
668,71078.36637846223,10000,34,7.107836637846224,0.6690909090909091,3,0,0.33431362717077007,5,Medium,Review,10000,1337.2545086830803
306,59581.70527108846,5000,59,11.916341054217693,0.01090909090909091,1,1,0.6910555111003592,9,Very High,Reject,5000,1382.1110222007185
448,58283.05306187608,5000,20,11.656610612375216,0.2690909090909091,1,1,0.49176637572814913,7,High,Reject,5000,983.5327514562983
738,127636.22263392234,5000,28,25.527244526784468,0.7963636363636364,4,0,0.12076442357272753,0,Very Low,Approve,5000,241.52884714545505
335,56157.85601082485,25000,69,2.246314240432994,0.06363636363636363,1,1,0.6443688586545729,9,Very High,Reject,25000,6443.688586545731
313,53569.536517020104,10000,68,5.35695365170201,0.023636363636363636,1,0,0.6808130973277561,9,Very High,Reject,10000,2723.252389311024
706,82566.49996248265,15000,46,5.5044333308321765,0.7381818181818182,4,0,0.18240340368387442,1,Very Low,Approve,15000,1094.4204221032467
400,54056.56693989188,25000,34,2.1622626775956753,0.18181818181818182,1,1,0.48615086102352656,7,High,Reject,25000,4861.508610235265
496,33217.89377214745,5000,38,6.64357875442949,0.3563636363636364,1,0,0.5266512584964356,7,High,Reject,5000,1053.3025169928712
601,20000.0,5000,37,4.0,0.5472727272727272,3,0,0.2990014719338027,4,Medium,Review,5000,598.0029438676055
379,75759.06603766244,5000,21,15.15181320753249,0.14363636363636365,1,1,0.543327597230595,7,High,Reject,5000,1086.6551944611901
421,20000.0,5000,67,4.0,0.22,1,0,0.614760765793297,8,Very High,Reject,5000,1229.521531586594
358,59153.00991716579,5000,49,11.830601983433159,0.10545454545454545,1,1,0.596548426360633,8,Very High,Reject,5000,1193.096852721266
428,86198.21883388204,25000,61,3.447928753355282,0.23272727272727273,1,1,0.47728034875922204,7,High,Reject,25000,4772.80348759222
713,65221.442591722385,15000,49,4.348096172781492,0.7509090909090909,4,0,0.24754355379817417,3,Low,Review,15000,1485.2613227890452
815,36614.192274235786,25000,46,1.4645676909694314,0.9363636363636364,4,0,0.1532425281905211,1,Very Low,Approve,25000,1532.425281905211
439,75821.26006299935,15000,64,5.054750670866624,0.25272727272727274,1,0,0.5318627450980392,7,High,Reject,15000,3191.1764705882356
315,40799.67588526798,10000,30,4.079967588526798,0.02727272727272727,1,1,0.6910555111003592,9,Very High,Reject,10000,2764.222044401437
725,72659.73705183536,15000,67,4.8439824701223575,0.7727272727272727,4,0,0.14544027274861182,1,Very Low,Approve,15000,872.641636491671
772,60411.795696071174,15000,50,4.027453046404745,0.8581818181818182,4,0,0.1966941667064066,2,Low,Approve,15000,1180.1650002384397
669,66233.2041448711,15000,42,4.415546942991407,0.6709090909090909,3,0,0.23765056419712868,2,Low,Review,15000,1425.9033851827721
835,57553.32987607847,15000,58,3.8368886584052313,0.9727272727272728,4,0,0.1532425281905211,1,Very Low,Approve,15000,919.4551691431266
716,70787.96930116153,5000,25,14.157593860232307,0.7563636363636363,4,0,0.20103429522287677,2,Low,Review,5000,402.06859044575356
602,83665.28411505393,5000,20,16.733056823010788,0.5490909090909091,3,0,0.2654161582733012,3,Low,Review,5000,530.8323165466023
389,26557.30478674994,10000,40,2.655730478674994,0.1618181818181818,1,0,0.6323892469876696,8,Very High,Reject,10000,2529.5569879506784
321,40688.73405782487,10000,48,4.068873405782487,0.038181818181818185,1,1,0.6772709083633454,9,Very High,Reject,10000,2709.0836334533815
484,65316.36160371636,10000,42,6.531636160371636,0.33454545454545453,1,0,0.39180035650623884,6,High,Review,10000,1567.2014260249557
474,72280.06887845081,10000,39,7.228006887845081,0.31636363636363635,1,0,0.4632156424292406,6,High,Reject,10000,1852.8625697169625
733,86905.31448304158,25000,24,3.4762125793216634,0.7872727272727272,4,1,0.1413386992852031,1,Very Low,Approve,25000,1413.386992852031
798,25641.45705670093,10000,23,2.564145705670093,0.9054545454545454,4,0,0.1750081125701881,1,Very Low,Approve,10000,700.0324502807524
820,86633.96772625175,10000,23,8.663396772625175,0.9454545454545454,4,1,0.12076442357272753,0,Very Low,Approve,10000,483.0576942909101
545,72998.19654611933,10000,25,7.299819654611933,0.44545454545454544,2,0,0.35371355607576077,5,Medium,Review,10000,1414.854224303043
719,51300.10453147156,5000,54,10.260020906294312,0.7618181818181818,4,0,0.20412644117216563,2,Low,Review,5000,408.2528823443313
610,20000.0,25000,29,0.8,0.5636363636363636,3,0,0.40205878681377777,6,High,Reject,25000,4020.587868137778
667,68889.48673076597,25000,53,2.755579469230639,0.6672727272727272,3,1,0.20153302137993226,2,Low,Review,25000,2015.3302137993226
447,25765.26011563291,5000,32,5.153052023126582,0.2672727272727273,1,0,0.38947368421052636,6,High,Review,5000,778.9473684210528
618,68418.66618498077,5000,48,13.683733236996154,0.5781818181818181,3,0,0.24938598382728516,3,Low,Review,5000,498.77196765457035
478,29738.314589680624,15000,67,1.9825543059787083,0.3236363636363636,1,0,0.5947783603641151,8,Very High,Reject,15000,3568.670162184691
412,80954.60101820531,25000,35,3.2381840407282128,0.20363636363636364,1,0,0.465088230532621,6,High,Reject,25000,4650.88230532621
690,52566.14071464767,5000,56,10.513228142929535,0.7090909090909091,3,0,0.288196081053224,4,Medium,Review,5000,576.392162106448
799,66580.80366282753,10000,60,6.658080366282753,0.9072727272727272,4,0,0.12780730126664527,0,Very Low,Approve,10000,511.22920506658113
326,75708.55126651813,10000,26,7.570855126651813,0.04727272727272727,1,1,0.6629810348843049,9,Very High,Reject,10000,2651.92413953722
494,37320.41825295599,15000,62,2.4880278835303993,0.3527272727272727,1,0,0.36246246246246244,5,Medium,Review,15000,2174.774774774775
698,92104.95610108857,5000,40,18.42099122021771,0.7236363636363636,3,0,0.14838157697912085,1,Very Low,Approve,5000,296.76315395824173
488,51514.25515553953,25000,32,2.0605702062215814,0.3418181818181818,1,1,0.482679105892704,7,High,Reject,25000,4826.7910589270405
618,102548.82412971489,15000,53,6.836588275314326,0.5781818181818181,3,0,0.21733092087390637,2,Low,Review,15000,1303.9855252434384
654,33835.95084601434,10000,64,3.383595084601434,0.6436363636363637,3,0,0.2556481485052914,3,Low,Review,10000,1022.5925940211655
302,73245.57652171275,15000,67,4.8830384347808495,0.0036363636363636364,1,1,0.5173287719522063,7,High,Reject,15000,3103.9726317132377
644,55221.09069367894,25000,28,2.2088436277471577,0.6254545454545455,3,0,0.2464492494758839,3,Low,Review,25000,2464.4924947588393
519,67692.48622766546,15000,23,4.512832415177697,0.3981818181818182,2,0,0.3005449024773878,4,Medium,Review,15000,1803.2694148643268
528,76762.74618446392,25000,29,3.0705098473785566,0.41454545454545455,2,0,0.2853844823257837,4,Medium,Review,25000,2853.8448232578367
448,44922.229151167136,25000,20,1.7968891660466855,0.2690909090909091,1,0,0.40443973919473014,6,High,Reject,25000,4044.397391947302
816,55921.70882957305,5000,31,11.18434176591461,0.9381818181818182,4,0,0.14838157697912085,1,Very Low,Approve,5000,296.76315395824173
366,55395.45835732561,15000,66,3.6930305571550406,0.12,1,1,0.5910615176729962,8,Very High,Reject,15000,3546.3691060379774
607,106640.08034216319,15000,53,7.109338689477545,0.5581818181818182,3,0,0.18845566356246604,1,Very Low,Approve,15000,1130.7339813747965
727,84705.10351992966,25000,20,3.3882041407971863,0.7763636363636364,4,0,0.14838157697912085,1,Very Low,Approve,25000,1483.8157697912086
306,86495.83903668645,25000,50,3.459833561467458,0.01090909090909091,1,1,0.6299791073124407,8,Very High,Reject,25000,6299.791073124407
779,57512.124061313065,5000,38,11.502424812262612,0.8709090909090909,4,0,0.1413386992852031,1,Very Low,Approve,5000,282.6773985704062
630,81751.2417953881,15000,25,5.450082786359206,0.6,3,1,0.25685250987914426,3,Low,Review,15000,1541.1150592748656
488,62386.21528578684,15000,51,4.159081019052456,0.3418181818181818,1,0,0.41136379057738875,6,High,Reject,15000,2468.182743464333
753,53456.37396634682,15000,36,3.5637582644231216,0.8236363636363636,4,0,0.22907100879966005,2,Low,Review,15000,1374.4260527979604
501,37789.71910817886,10000,49,3.7789719108178863,0.3654545454545455,2,1,0.5169607056936648,7,High,Reject,10000,2067.8428227746595
595,47332.33079067485,10000,34,4.733233079067485,0.5363636363636364,2,0,0.3198320769749341,5,Medium,Review,10000,1279.3283078997365
541,49081.73602229857,10000,66,4.908173602229858,0.4381818181818182,2,0,0.3594976269175354,5,Medium,Review,10000,1437.9905076701416
707,54162.20446991167,15000,54,3.6108136313274444,0.74,4,0,0.288196081053224,4,Medium,Review,15000,1729.1764863193441
416,73100.91106766333,5000,47,14.620182213532665,0.2109090909090909,1,0,0.44524942711087606,6,High,Reject,5000,890.4988542217523
386,20000.0,5000,54,4.0,0.15636363636363637,1,1,0.714842658858205,9,Very High,Reject,5000,1429.68531771641
568,52470.57157617412,25000,69,2.0988228630469647,0.48727272727272725,2,1,0.27581941867656157,3,Low,Review,25000,2758.1941867656155
698,127579.29477264277,25000,36,5.10317179090571,0.7236363636363636,3,0,0.09052010770190101,0,Very Low,Approve,25000,905.2010770190102
491,33064.08490386643,10000,61,3.306408490386643,0.3472727272727273,1,0,0.4403755868544601,6,High,Reject,10000,1761.5023474178404
527,45706.47963508044,5000,66,9.141295927016088,0.4127272727272727,2,0,0.398722144304192,6,High,Review,5000,797.4442886083841
369,88987.40191498603,15000,40,5.932493460999068,0.12545454545454546,1,1,0.614760765793297,8,Very High,Reject,15000,3688.564594759782
651,72076.32905646635,5000,47,14.415265811293269,0.6381818181818182,3,1,0.23814826787691915,2,Low,Review,5000,476.2965357538383
819,91209.99719533852,15000,33,6.080666479689235,0.9436363636363636,4,0,0.1106448775782336,0,Very Low,Approve,15000,663.8692654694016
342,68198.18005936449,10000,47,6.819818005936448,0.07636363636363637,1,1,0.6180137997826919,8,Very High,Reject,10000,2472.0551991307675
728,40128.591188311475,15000,51,2.6752394125540984,0.7781818181818182,4,0,0.23814826787691915,2,Low,Review,15000,1428.889607261515
636,47966.20983911975,25000,35,1.91864839356479,0.610909090909091,3,0,0.26454640397888934,3,Low,Review,25000,2645.4640397888934
603,85068.18931094244,10000,28,8.506818931094244,0.5509090909090909,3,0,0.21943319967820205,2,Low,Review,10000,877.7327987128082
336,29333.769729741318,25000,40,1.1733507891896526,0.06545454545454546,1,1,0.7115654286891783,9,Very High,Reject,25000,7115.654286891783
536,60372.55876446953,15000,38,4.0248372509646355,0.4290909090909091,2,1,0.3620308278203015,5,Medium,Review,15000,2172.184966921809
677,58619.84663900938,5000,49,11.723969327801877,0.6854545454545454,3,0,0.2464492494758839,3,Low,Review,5000,492.89849895176786
480,44639.92947517024,10000,43,4.463992947517024,0.32727272727272727,1,0,0.5710791122438145,8,Very High,Reject,10000,2284.316448975258
524,45644.904541177486,10000,19,4.564490454117749,0.4072727272727273,2,0,0.3056082627491637,4,Medium,Review,10000,1222.4330509966549
656,54969.76983638306,10000,18,5.496976983638306,0.6472727272727272,3,0,0.2916466470037899,4,Medium,Review,10000,1166.5865880151596
345,84495.71601887624,25000,22,3.3798286407550493,0.08181818181818182,1,1,0.6086899988673689,8,Very High,Reject,25000,6086.899988673688
482,75876.20929101111,25000,33,3.0350483716404444,0.33090909090909093,1,0,0.32913185742133105,5,Medium,Review,25000,3291.318574213311
845,41724.957209188964,10000,62,4.172495720918897,0.990909090909091,4,0,0.12992092899514768,0,Very Low,Approve,10000,519.6837159805907
321,66847.17340311385,25000,30,2.673886936124554,0.038181818181818185,1,1,0.5534725518114222,7,High,Reject,25000,5534.725518114223
317,55097.90084801828,15000,66,3.6731933898678855,0.03090909090909091,1,1,0.7230855645010298,9,Very High,Reject,15000,4338.513387006179
623,96717.84736441425,15000,55,6.44785649096095,0.5872727272727273,3,0,0.23542807537691182,2,Low,Review,15000,1412.5684522614708
415,104485.94729237148,5000,68,20.897189458474294,0.20909090909090908,1,0,0.4142541935978017,6,High,Reject,5000,828.5083871956034
721,131990.7173475001,5000,57,26.398143469500017,0.7654545454545455,4,0,0.1103328272757485,0,Very Low,Approve,5000,220.66565455149703
531,25995.729371751404,25000,33,1.039829174870056,0.42,2,0,0.36441178020125387,5,Medium,Review,25000,3644.1178020125385
617,85912.10344912353,5000,27,17.182420689824706,0.5763636363636364,3,0,0.21489805228591177,2,Low,Review,5000,429.79610457182355
744,64057.05125586022,25000,59,2.562282050234409,0.8072727272727273,4,0,0.14057932153721162,1,Very Low,Approve,25000,1405.7932153721163
431,35231.35498158321,25000,26,1.4092541992633283,0.2381818181818182,1,0,0.6281400544461723,8,Very High,Reject,25000,6281.400544461722
788,67328.95844249356,25000,42,2.6931583376997423,0.8872727272727273,4,0,0.14838157697912085,1,Very Low,Approve,25000,1483.8157697912086
562,70990.68795597495,25000,45,2.839627518238998,0.4763636363636364,2,1,0.33186384765332133,5,Medium,Review,25000,3318.6384765332136
694,98617.12933076537,10000,39,9.861712933076538,0.7163636363636363,3,0,0.23505612192763028,2,Low,Review,10000,940.2244877105212
546,82080.31010002672,15000,57,5.472020673335114,0.44727272727272727,2,0,0.36196045669729876,5,Medium,Review,15000,2171.7627401837926
334,29998.23192042477,5000,64,5.999646384084953,0.06181818181818182,1,1,0.6513754938647489,9,Very High,Reject,5000,1302.7509877294979
605,44560.460330557726,10000,59,4.456046033055773,0.5545454545454546,3,1,0.26454640397888934,3,Low,Review,10000,1058.1856159155575
568,73271.67571015879,10000,67,7.327167571015878,0.48727272727272725,2,1,0.4161527901032304,6,High,Reject,10000,1664.611160412922
670,78884.49140374422,15000,60,5.2589660935829485,0.6727272727272727,3,0,0.1750081125701881,1,Very Low,Approve,15000,1050.0486754211286
763,46941.31488462427,5000,51,9.388262976924853,0.8418181818181818,4,0,0.1413386992852031,1,Very Low,Approve,5000,282.6773985704062
573,43544.59920570933,10000,59,4.354459920570934,0.49636363636363634,2,0,0.36246246246246244,5,Medium,Review,10000,1449.84984984985
822,78215.87038336397,10000,19,7.821587038336397,0.9490909090909091,4,0,0.15478625027748108,1,Very Low,Approve,10000,619.1450011099244
551,37430.59065449202,10000,59,3.743059065449202,0.45636363636363636,2,0,0.34076210312691924,5,Medium,Review,10000,1363.0484125076769
642,59651.838341220864,5000,33,11.930367668244173,0.6218181818181818,3,0,0.24855152828017957,3,Low,Review,5000,497.10305656035916
565,86974.09932676629,25000,33,3.4789639730706514,0.4818181818181818,2,1,0.2981317176393909,4,Medium,Review,25000,2981.317176393909
821,44837.25927436045,15000,60,2.9891506182906964,0.9472727272727273,4,0,0.2010391593745308,2,Low,Review,15000,1206.2349562471848
819,88048.40945019042,10000,27,8.804840945019041,0.9436363636363636,4,0,0.11296216813081827,0,Very Low,Approve,10000,451.84867252327314
372,34419.49424845175,10000,40,3.441949424845175,0.13090909090909092,1,1,0.6998777241543488,9,Very High,Reject,10000,2799.5108966173952
794,49159.003352235566,10000,66,4.915900335223556,0.8981818181818182,4,0,0.14838157697912085,1,Very Low,Approve,10000,593.5263079164835
845,63553.346019641474,10000,18,6.355334601964147,0.990909090909091,4,0,0.14838157697912085,1,Very Low,Approve,10000,593.5263079164835
638,88898.39555826905,5000,67,17.77967911165381,0.6145454545454545,3,0,0.25525409683825534,3,Low,Review,5000,510.50819367651076
669,71145.48054540972,10000,37,7.114548054540972,0.6709090909090909,3,0,0.3156292978521124,4,Medium,Review,10000,1262.5171914084497
679,43008.90811121898,5000,28,8.601781622243797,0.6890909090909091,3,0,0.29618239990059947,4,Medium,Review,5000,592.364799801199
627,89614.24614892996,25000,35,3.5845698459571986,0.5945454545454546,3,0,0.12076442357272753,0,Very Low,Approve,25000,1207.6442357272754
529,67139.86759861314,25000,30,2.685594703944526,0.4163636363636364,2,1,0.28502328159862406,4,Medium,Review,25000,2850.232815986241
499,58802.99702303342,25000,61,2.352119880921337,0.3618181818181818,1,0,0.41136379057738875,6,High,Reject,25000,4113.637905773888
346,43980.70275253437,5000,21,8.796140550506875,0.08363636363636363,1,1,0.6601020715422573,9,Very High,Reject,5000,1320.2041430845147
583,47133.39707897519,10000,38,4.713339707897519,0.5145454545454545,2,1,0.3263165421060158,5,Medium,Review,10000,1305.2661684240632
418,74889.97086907356,5000,64,14.97799417381471,0.21454545454545454,1,1,0.5789895636569314,8,Very High,Reject,5000,1157.9791273138628
348,75534.0063576677,15000,19,5.035600423844514,0.08727272727272728,1,1,0.5863651249022457,8,Very High,Reject,15000,3518.1907494134744
632,114172.92406270634,25000,43,4.5669169625082535,0.6036363636363636,3,0,0.12486599703613625,0,Very Low,Approve,25000,1248.6599703613626
303,77983.9686409472,10000,49,7.7983968640947205,0.005454545454545455,1,0,0.6356422809770645,9,Very High,Reject,10000,2542.569123908258
324,49324.303704240134,25000,62,1.9729721481696054,0.04363636363636364,1,0,0.8468091048736209,9,Very High,Reject,25000,8468.091048736209
478,20000.0,5000,56,4.0,0.3236363636363636,1,0,0.6097650688182249,8,Very High,Reject,5000,1219.5301376364498
445,71832.78123962911,25000,56,2.8733112495851643,0.2636363636363636,1,0,0.465088230532621,6,High,Reject,25000,4650.88230532621
836,87090.6137242743,15000,22,5.80604091495162,0.9745454545454545,4,0,0.12076442357272753,0,Very Low,Approve,15000,724.5865414363652
698,93822.83140512025,25000,65,3.7529132562048098,0.7236363636363636,3,0,0.11296216813081827,0,Very Low,Approve,25000,1129.6216813081828
584,61625.24430057347,5000,46,12.325048860114693,0.5163636363636364,2,1,0.2831863455511617,4,Medium,Review,5000,566.3726911023234
458,33226.20697269293,15000,58,2.2150804648461957,0.2872727272727273,1,1,0.6267403774602003,8,Very High,Reject,15000,3760.4422647612014
599,69951.42314712875,25000,34,2.7980569258851498,0.5436363636363636,2,1,0.2594869318674244,3,Low,Review,25000,2594.869318674244
765,97318.63223795517,15000,68,6.487908815863678,0.8454545454545455,4,0,0.0925502854991434,0,Very Low,Approve,15000,555.3017129948604
529,106951.39001131488,5000,59,21.390278002262978,0.4163636363636364,2,1,0.20421327847070422,2,Low,Review,5000,408.4265569414085
772,48236.420964582925,15000,40,3.2157613976388615,0.8581818181818182,4,1,0.24938598382728516,3,Low,Review,15000,1496.315902963711
795,61300.28131192866,10000,30,6.130028131192866,0.9,4,0,0.15817462945510016,1,Very Low,Approve,10000,632.6985178204008
445,39347.978895109394,15000,35,2.623198593007293,0.2636363636363636,1,1,0.6084907647269434,8,Very High,Reject,15000,3650.944588361661
670,90540.6191099987,5000,21,18.10812382199974,0.6727272727272727,3,0,0.1413386992852031,1,Very Low,Approve,5000,282.6773985704062
367,117646.40860908317,15000,18,7.843093907272212,0.12181818181818181,1,0,0.4278755868544601,6,High,Reject,15000,2567.2535211267605
382,95238.28502840671,5000,44,19.04765700568134,0.14909090909090908,1,1,0.45599999999999996,6,High,Reject,5000,912.0
319,115554.35250218445,5000,47,23.110870500436892,0.034545454545454546,1,0,0.5321145775326986,7,High,Reject,5000,1064.2291550653974
674,78584.77069679524,5000,43,15.716954139359048,0.68,3,0,0.24030872475002607,2,Low,Review,5000,480.61744950005215
480,72030.29206460163,15000,30,4.802019470973442,0.32727272727272727,1,1,0.36441178020125387,5,Medium,Review,15000,2186.4706812075233
568,30387.04951437508,15000,64,2.025803300958339,0.48727272727272725,2,0,0.3558464985016438,5,Medium,Review,15000,2135.078991009863
466,84073.95641784929,5000,45,16.814791283569857,0.3018181818181818,1,0,0.3177512604064057,5,Medium,Review,5000,635.5025208128116
363,63729.980284511665,5000,22,12.745996056902333,0.11454545454545455,1,0,0.6104088485973431,8,Very High,Reject,5000,1220.8176971946864
596,86792.56463997034,10000,45,8.679256463997033,0.5381818181818182,2,0,0.2940641940641941,4,Medium,Review,10000,1176.2567762567764
668,129649.37939209738,5000,60,25.929875878419477,0.6690909090909091,3,0,0.21536415712253162,2,Low,Review,5000,430.72831424506325
775,62590.38409212757,10000,35,6.259038409212757,0.8636363636363636,4,0,0.18965128901248884,1,Very Low,Approve,10000,758.6051560499554
550,40980.51104387775,15000,55,2.7320340695918497,0.45454545454545453,2,0,0.32436722436722437,5,Medium,Review,15000,1946.2033462033462
360,61366.26444215287,15000,64,4.091084296143524,0.10909090909090909,1,1,0.6629810348843049,9,Very High,Reject,15000,3977.88620930583
822,78215.87038336397,15000,19,5.214391358890931,0.9490909090909091,4,1,0.1967566451614308,2,Low,Approve,15000,1180.5398709685849
306,82319.39424270595,15000,60,5.4879596161803965,0.01090909090909091,1,1,0.6244232117550533,8,Very High,Reject,15000,3746.53927053032
320,114592.60338696878,5000,21,22.918520677393758,0.03636363636363636,1,1,0.6055339647306036,8,Very High,Reject,5000,1211.0679294612073
823,97069.87422097451,10000,32,9.706987422097452,0.9509090909090909,4,0,0.12076442357272753,0,Very Low,Approve,10000,483.0576942909101
590,20273.87114384195,5000,23,4.05477422876839,0.5272727272727272,2,0,0.3797705314009662,6,High,Review,5000,759.5410628019325
399,28020.09954105583,25000,64,1.1208039816422333,0.18,1,0,0.6359387298318359,9,Very High,Reject,25000,6359.387298318358
475,40449.512569727376,10000,66,4.0449512569727375,0.3181818181818182,1,1,0.6477563925299116,9,Very High,Reject,10000,2591.0255701196465
542,67750.87059832123,15000,22,4.516724706554749,0.44,2,1,0.34148357907756405,5,Medium,Review,15000,2048.9014744653846
521,76692.25259647214,5000,41,15.338450519294428,0.4018181818181818,2,1,0.45139174957086503,6,High,Reject,5000,902.7834991417301
466,37167.62914713423,15000,31,2.477841943142282,0.3018181818181818,1,1,0.5765654942895153,8,Very High,Reject,15000,3459.3929657370923
542,133399.0039845872,25000,46,5.335960159383489,0.44,2,0,0.29550352994483126,4,Medium,Review,25000,2955.035299448313
552,66960.98115209176,15000,18,4.46406541013945,0.4581818181818182,2,0,0.3332632280000701,5,Medium,Review,15000,1999.5793680004206
776,50460.48091931955,10000,59,5.046048091931954,0.8654545454545455,4,0,0.19215390926847795,1,Very Low,Approve,10000,768.6156370739118
735,67309.53647497424,15000,48,4.48730243166495,0.7909090909090909,4,1,0.20412644117216563,2,Low,Review,15000,1224.7586470329938
578,63573.97082867646,10000,44,6.357397082867646,0.5054545454545455,2,0,0.33364254943202304,5,Medium,Review,10000,1334.5701977280921
825,65320.35761416237,15000,39,4.354690507610825,0.9545454545454546,4,0,0.1511317517611824,1,Very Low,Approve,15000,906.7905105670944
527,47361.55131803847,15000,22,3.1574367545358983,0.4127272727272727,2,1,0.34334649850164384,5,Medium,Review,15000,2060.0789910098633
613,61987.473544416884,10000,45,6.1987473544416885,0.5690909090909091,3,0,0.27494966438214974,3,Low,Review,10000,1099.798657528599
570,95411.184681927,10000,40,9.5411184681927,0.4909090909090909,2,0,0.34467145717145714,5,Medium,Review,10000,1378.6858286858287
587,66644.61723686874,5000,30,13.328923447373748,0.5218181818181818,2,0,0.28502328159862406,4,Medium,Review,5000,570.0465631972481
762,91054.76442457543,10000,62,9.105476442457544,0.84,4,0,0.0900828087785314,0,Very Low,Approve,10000,360.33123511412566
565,104343.35541387767,15000,40,6.956223694258511,0.4818181818181818,2,0,0.28156538050292773,4,Medium,Review,15000,1689.3922830175666
381,127580.9451267372,10000,34,12.75809451267372,0.14727272727272728,1,1,0.3312285970180707,5,Medium,Review,10000,1324.914388072283
586,106783.68938593692,5000,64,21.356737877187385,0.52,2,0,0.320702281228597,5,Medium,Review,5000,641.4045624571941
365,44915.98918085765,15000,38,2.994399278723843,0.11818181818181818,1,1,0.7221450941442346,9,Very High,Reject,15000,4332.870564865408
350,73857.73453797151,10000,46,7.385773453797151,0.09090909090909091,1,1,0.615956324402654,8,Very High,Reject,10000,2463.8252976106164
402,55362.668977191046,5000,18,11.07253379543821,0.18545454545454546,1,1,0.5240029592147916,7,High,Reject,5000,1048.005918429583
427,33160.36128508502,5000,33,6.632072257017004,0.2309090909090909,1,1,0.5793029058725703,8,Very High,Reject,5000,1158.6058117451405
806,77363.06230121931,25000,43,3.0945224920487724,0.92,4,0,0.09744282437735413,0,Very Low,Approve,25000,974.4282437735413
385,66830.48625781163,25000,60,2.673219450312465,0.15454545454545454,1,0,0.6356422809770645,9,Very High,Reject,25000,6356.4228097706455
592,63221.9927292416,10000,46,6.32219927292416,0.5309090909090909,2,1,0.2883032478083097,4,Medium,Review,10000,1153.2129912332389
473,88948.3013803921,15000,29,5.929886758692807,0.3145454545454546,1,1,0.36441178020125387,5,Medium,Review,15000,2186.4706812075233
421,45578.447534465195,25000,18,1.8231379013786078,0.22,1,1,0.4774396384063901,7,High,Reject,25000,4774.396384063901
680,24402.053935750817,10000,52,2.4402053935750816,0.6909090909090909,3,1,0.3356338979987141,5,Medium,Review,10000,1342.5355919948565
734,67418.87296097001,25000,42,2.6967549184388004,0.7890909090909091,4,0,0.14057932153721162,1,Very Low,Approve,25000,1405.7932153721163
439,75821.26006299935,5000,64,15.16425201259987,0.25272727272727274,1,0,0.6001675276954702,8,Very High,Reject,5000,1200.3350553909404
761,59682.75664237203,15000,32,3.9788504428248017,0.8381818181818181,4,0,0.17440775963180954,1,Very Low,Approve,15000,1046.4465577908572
778,149444.20603223407,15000,26,9.962947068815605,0.8690909090909091,4,0,0.145708991200222,1,Very Low,Approve,15000,874.2539472013319
711,50322.11823449631,5000,25,10.064423646899261,0.7472727272727273,4,0,0.3041778620725989,4,Medium,Review,5000,608.3557241451979
346,38739.05928110082,5000,22,7.747811856220164,0.08363636363636363,1,0,0.6046376896583227,8,Very High,Reject,5000,1209.2753793166453
634,79169.29315460449,25000,68,3.1667717261841792,0.6072727272727273,3,1,0.3361861861861862,5,Medium,Review,25000,3361.8618618618616
773,67323.39131707445,15000,34,4.488226087804963,0.86,4,1,0.20464726386709567,2,Low,Review,15000,1227.883583202574
358,82229.11142685839,25000,49,3.2891644570743357,0.10545454545454545,1,1,0.44843491496261007,6,High,Reject,25000,4484.349149626101
376,75308.89922714871,15000,26,5.020593281809914,0.13818181818181818,1,1,0.5538769264514647,7,High,Reject,15000,3323.2615587087885
777,42376.30417654834,5000,33,8.475260835309669,0.8672727272727273,4,0,0.20447885459193418,2,Low,Review,5000,408.95770918386836
395,79143.46261134878,15000,26,5.276230840756585,0.17272727272727273,1,0,0.49258124538834175,7,High,Reject,15000,2955.487472330051
354,73190.65543321037,10000,50,7.319065543321037,0.09818181818181818,1,1,0.6316895372903384,8,Very High,Reject,10000,2526.7581491613537
774,42417.672230522265,10000,60,4.241767223052227,0.8618181818181818,4,0,0.20412644117216563,2,Low,Review,10000,816.5057646886626
322,58870.68945371536,25000,62,2.354827578148614,0.04,1,1,0.6910555111003592,9,Very High,Reject,25000,6910.555111003592
638,57942.19895187676,15000,22,3.8628132634584507,0.6145454545454545,3,0,0.2796307993536139,4,Medium,Review,15000,1677.7847961216835
772,78917.94941583546,15000,50,5.261196627722365,0.8581818181818182,4,0,0.09744282437735413,0,Very Low,Approve,15000,584.6569462641248
390,106332.74092946327,15000,66,7.088849395297551,0.16363636363636364,1,1,0.42243476334065927,6,High,Reject,15000,2534.608580043956
760,89596.30859015367,15000,24,5.973087239343578,0.8363636363636363,4,0,0.17045702788718065,1,Very Low,Approve,15000,1022.742167323084
844,77909.91669466447,10000,62,7.790991669466447,0.9890909090909091,4,0,0.1413386992852031,1,Very Low,Approve,10000,565.3547971408124
806,73379.01416337794,5000,29,14.675802832675588,0.92,4,0,0.15998749497377943,1,Very Low,Approve,5000,319.97498994755887
334,139820.26425151603,5000,40,27.964052850303204,0.06181818181818182,1,1,0.41852490972421946,6,High,Reject,5000,837.0498194484389
411,63958.499415466635,15000,65,4.263899961031109,0.2018181818181818,1,1,0.5966180448513041,8,Very High,Reject,15000,3579.708269107825
746,55430.53995726103,25000,62,2.2172215982904415,0.8109090909090909,4,0,0.2714265738754103,3,Low,Review,25000,2714.265738754103
477,74513.00763290757,15000,33,4.967533842193838,0.32181818181818184,1,1,0.36920077972709553,6,High,Review,15000,2215.2046783625733
358,99244.52754905946,5000,22,19.848905509811893,0.10545454545454545,1,1,0.4774396384063901,7,High,Reject,5000,954.8792768127802
579,56724.39164479799,15000,22,3.781626109653199,0.5072727272727273,2,0,0.27494966438214974,3,Low,Review,15000,1649.6979862928983
389,20000.0,10000,63,2.0,0.1618181818181818,1,0,0.6516719427195202,9,Very High,Reject,10000,2606.687770878081
413,39913.36435501774,25000,38,1.5965345742007095,0.20545454545454545,1,1,0.5983278432082814,8,Very High,Reject,25000,5983.278432082814
339,45445.51365118415,5000,27,9.08910273023683,0.07090909090909091,1,0,0.568122097632801,8,Very High,Reject,5000,1136.244195265602
323,44045.58794171171,25000,37,1.7618235176684685,0.04181818181818182,1,1,0.7524100549310634,9,Very High,Reject,25000,7524.100549310635
782,68097.67041302678,25000,69,2.723906816521071,0.8763636363636363,4,0,0.12780730126664527,0,Very Low,Approve,25000,1278.0730126664528
786,68785.18476561944,10000,55,6.878518476561944,0.8836363636363637,4,0,0.15912124106180822,1,Very Low,Approve,10000,636.4849642472329
751,63701.13072748055,15000,56,4.246742048498703,0.82,4,0,0.18051104906371776,1,Very Low,Approve,15000,1083.0662943823068
829,38170.24314832377,15000,68,2.544682876554918,0.9618181818181818,4,0,0.22597886285037125,2,Low,Review,15000,1355.8731771022276
505,77614.54536193475,15000,30,5.174303024128983,0.37272727272727274,2,0,0.3397687825440119,5,Medium,Review,15000,2038.6126952640714
460,72304.22070518315,10000,51,7.230422070518315,0.2909090909090909,1,1,0.47680128144112127,7,High,Reject,10000,1907.205125764485
822,57476.617675746675,5000,35,11.495323535149335,0.9490909090909091,4,0,0.1413386992852031,1,Very Low,Approve,5000,282.6773985704062
825,63712.270156151804,15000,23,4.247484677076787,0.9545454545454546,4,0,0.21152173228585194,2,Low,Review,15000,1269.1303937151117
440,54130.132665694575,15000,64,3.608675511046305,0.2545454545454545,1,0,0.5828156420580795,8,Very High,Reject,15000,3496.8938523484767
700,20000.0,25000,69,0.8,0.7272727272727273,3,1,0.21742264724209978,2,Low,Review,25000,2174.226472420998
423,65836.08669932878,15000,18,4.389072446621919,0.22363636363636363,1,1,0.5947783603641151,8,Very High,Reject,15000,3568.670162184691
511,65296.56697951961,5000,55,13.059313395903922,0.3836363636363636,2,1,0.427468318684034,6,High,Reject,5000,854.9366373680681
570,88460.2855968323,25000,52,3.538411423873292,0.4909090909090909,2,1,0.34011356894652084,5,Medium,Review,25000,3401.135689465209
657,43813.15273587339,5000,38,8.762630547174677,0.649090909090909,3,0,0.24938598382728516,3,Low,Review,5000,498.77196765457035
712,46994.69947483025,5000,53,9.39893989496605,0.7490909090909091,4,0,0.320702281228597,5,Medium,Review,5000,641.4045624571941
755,76391.17275221487,10000,61,7.639117275221487,0.8272727272727273,4,0,0.0925502854991434,0,Very Low,Approve,10000,370.2011419965736
578,89285.308941809,10000,52,8.9285308941809,0.5054545454545455,2,0,0.2900340597568743,4,Medium,Review,10000,1160.1362390274971
684,20000.0,10000,41,2.0,0.6981818181818182,3,0,0.25372247086920857,3,Low,Review,10000,1014.8898834768344
723,54296.36672517988,25000,43,2.171854669007195,0.769090909090909,4,0,0.22026765522530764,2,Low,Review,25000,2202.6765522530764
598,83392.01909399334,5000,19,16.678403818798667,0.5418181818181819,2,1,0.2464492494758839,3,Low,Review,5000,492.89849895176786
716,53953.7768189794,15000,50,3.596918454598627,0.7563636363636363,4,0,0.288196081053224,4,Medium,Review,15000,1729.1764863193441
808,27002.68000952538,25000,65,1.080107200381015,0.9236363636363636,4,0,0.15275186889413975,1,Very Low,Approve,25000,1527.5186889413976
777,79359.6587783469,25000,46,3.174386351133876,0.8672727272727273,4,1,0.09744282437735413,0,Very Low,Approve,25000,974.4282437735413
744,20000.0,10000,45,2.0,0.8072727272727273,4,0,0.43572709551656913,6,High,Reject,10000,1742.9083820662765
661,94110.29351338177,10000,67,9.411029351338177,0.6563636363636364,3,1,0.17066798405371789,1,Very Low,Approve,10000,682.6719362148716
573,83024.72883577298,5000,36,16.604945767154597,0.49636363636363634,2,0,0.36441178020125387,5,Medium,Review,5000,728.8235604025077
704,44107.7748744991,15000,57,2.9405183249666065,0.7345454545454545,4,0,0.3217813947137255,5,Medium,Review,15000,1930.6883682823532
786,111446.25378226662,5000,50,22.289250756453324,0.8836363636363637,4,1,0.0925502854991434,0,Very Low,Approve,5000,185.1005709982868
418,67184.78572300305,15000,46,4.47898571486687,0.21454545454545454,1,0,0.5538769264514647,7,High,Reject,15000,3323.2615587087885
683,61821.03507812789,5000,27,12.364207015625578,0.6963636363636364,3,0,0.2905238673744392,4,Medium,Review,5000,581.0477347488784
411,82104.08021522386,10000,20,8.210408021522387,0.2018181818181818,1,0,0.4808770272398048,7,High,Reject,10000,1923.5081089592193
608,40303.548159193975,10000,43,4.030354815919398,0.56,3,0,0.36246246246246244,5,Medium,Review,10000,1449.84984984985
581,52835.35825748367,10000,61,5.283535825748367,0.5109090909090909,2,1,0.33730158730158727,5,Medium,Review,10000,1349.2063492063492
587,66644.61723686874,15000,30,4.442974482457916,0.5218181818181818,2,0,0.2801206069711788,4,Medium,Review,15000,1680.723641827073
707,75542.92332507743,5000,32,15.108584665015485,0.74,4,0,0.17440775963180954,1,Very Low,Approve,5000,348.8155192636191
591,75937.65508682591,25000,33,3.0375062034730362,0.5290909090909091,2,0,0.27122235149758084,3,Low,Review,25000,2712.2235149758085
833,20544.931810853814,15000,22,1.3696621207235875,0.9690909090909091,4,0,0.19432377657343622,1,Very Low,Approve,15000,1165.9426594406175
811,101862.43418926286,25000,59,4.0744973675705145,0.9290909090909091,4,0,0.09744282437735413,0,Very Low,Approve,25000,974.4282437735413
660,51661.409354422954,5000,22,10.332281870884591,0.6545454545454545,3,0,0.2801206069711788,4,Medium,Review,5000,560.2412139423576
324,24919.578834647597,5000,34,4.9839157669295195,0.04363636363636364,1,1,0.6998777241543488,9,Very High,Reject,5000,1399.7554483086976
843,20000.0,25000,59,0.8,0.9872727272727273,4,0,0.22319903388487652,2,Low,Review,25000,2231.9903388487655
352,95529.14375010217,25000,50,3.821165750004087,0.09454545454545454,1,0,0.6478260110205828,9,Very High,Reject,25000,6478.260110205829
657,27944.21440806728,5000,49,5.5888428816134565,0.649090909090909,3,0,0.2801206069711788,4,Medium,Review,5000,560.2412139423576
532,61856.342562605685,25000,69,2.4742537025042273,0.4218181818181818,2,0,0.29226360462842077,4,Medium,Review,25000,2922.6360462842076
627,73118.95598833854,25000,41,2.9247582395335416,0.5945454545454546,3,0,0.23471382984572742,2,Low,Review,25000,2347.1382984572742
569,90697.09728583525,25000,64,3.62788389143341,0.4890909090909091,2,0,0.2780852453975941,4,Medium,Review,25000,2780.852453975941
449,54184.06209166179,25000,43,2.1673624836664716,0.27090909090909093,1,0,0.5318503401360544,7,High,Reject,25000,5318.503401360545
471,43226.918253249736,10000,51,4.3226918253249735,0.3109090909090909,1,0,0.5867096004770423,8,Very High,Reject,10000,2346.8384019081695
831,93737.18410025921,25000,58,3.7494873640103683,0.9654545454545455,4,0,0.11296216813081827,0,Very Low,Approve,25000,1129.6216813081828
668,65358.410554394,5000,52,13.0716821108788,0.6690909090909091,3,1,0.26454640397888934,3,Low,Review,5000,529.0928079577787
473,35740.4100473915,15000,33,2.3826940031594335,0.3145454545454546,1,1,0.590765068818225,8,Very High,Reject,15000,3544.59041290935
814,45984.983389371526,10000,29,4.598498338937152,0.9345454545454546,4,0,0.22332070229747383,2,Low,Review,10000,893.2828091898954
591,78839.23827669483,15000,46,5.255949218446322,0.5290909090909091,2,0,0.2822756717081571,4,Medium,Review,15000,1693.6540302489427
359,115778.96782683078,5000,48,23.155793565366157,0.10727272727272727,1,0,0.36196045669729876,5,Medium,Review,5000,723.9209133945976
641,150722.76195020534,25000,22,6.028910478008214,0.62,3,0,0.1848011650461674,1,Very Low,Approve,25000,1848.0116504616738
586,106783.68938593692,5000,64,21.356737877187385,0.52,2,1,0.320702281228597,5,Medium,Review,5000,641.4045624571941
578,89285.308941809,15000,52,5.952353929453933,0.5054545454545455,2,0,0.27494966438214974,3,Low,Review,15000,1649.6979862928983
587,70296.9794707221,25000,29,2.811879178828884,0.5218181818181818,2,1,0.29226360462842077,4,Medium,Review,25000,2922.6360462842076
447,40933.286639774364,5000,31,8.186657327954872,0.2672727272727273,1,1,0.5730160114453491,8,Very High,Reject,5000,1146.0320228906983
440,85058.31944711164,15000,51,5.670554629807443,0.2545454545454545,1,1,0.47166465405429586,7,High,Reject,15000,2829.9879243257756
713,105092.54638667326,15000,53,7.00616975911155,0.7509090909090909,4,0,0.11522536615395923,0,Very Low,Approve,15000,691.3521969237554
821,78148.60451562,10000,19,7.814860451562,0.9472727272727273,4,0,0.13055747604870685,0,Very Low,Approve,10000,522.2299041948274
542,57612.97965248044,5000,25,11.522595930496088,0.44,2,0,0.39227053140096624,6,High,Review,5000,784.5410628019325
790,47408.59056712293,25000,49,1.896343622684917,0.8909090909090909,4,0,0.17440775963180954,1,Very Low,Approve,25000,1744.0775963180954
603,78300.56080681965,25000,46,3.1320224322727857,0.5509090909090909,3,0,0.27122235149758084,3,Low,Review,25000,2712.2235149758085
712,46994.69947483025,15000,53,3.1329799649886834,0.7490909090909091,4,1,0.41852490972421946,6,High,Reject,15000,2511.149458345317
691,56705.53070569695,25000,32,2.268221228227878,0.7109090909090909,3,1,0.22907100879966005,2,Low,Review,25000,2290.7100879966006
365,30485.032352508722,25000,61,1.219401294100349,0.11818181818181818,1,0,0.6300325447032581,8,Very High,Reject,25000,6300.325447032582
842,72801.55329316846,15000,67,4.853436886211231,0.9854545454545455,4,0,0.12780730126664527,0,Very Low,Approve,15000,766.8438075998718
821,92965.80835385529,10000,45,9.296580835385528,0.9472727272727273,4,1,0.09744282437735413,0,Very Low,Approve,10000,389.77129750941657
691,63991.6522446489,10000,55,6.39916522446489,0.7109090909090909,3,1,0.26454640397888934,3,Low,Review,10000,1058.1856159155575
757,60114.128836930904,25000,29,2.404565153477236,0.8309090909090909,4,0,0.17440775963180954,1,Very Low,Approve,25000,1744.0775963180954
453,70913.55484037158,15000,57,4.727570322691439,0.2781818181818182,1,0,0.543327597230595,7,High,Reject,15000,3259.96558338357
675,53112.88147026393,10000,41,5.311288147026393,0.6818181818181818,3,1,0.27041451698985947,3,Low,Review,10000,1081.6580679594379
545,35050.83926956846,15000,46,2.3367226179712306,0.44545454545454544,2,1,0.2962962962962963,4,Medium,Review,15000,1777.7777777777778
640,94779.3261235024,15000,65,6.318621741566827,0.6181818181818182,3,0,0.24335710352659504,2,Low,Review,15000,1460.1426211595704
628,57822.94492212477,25000,37,2.312917796884991,0.5963636363636363,3,1,0.23814826787691915,2,Low,Review,25000,2381.482678769192
580,44178.41812113662,5000,40,8.835683624227325,0.509090909090909,2,0,0.3911362975879105,6,High,Review,5000,782.272595175821
581,55358.18422555379,5000,67,11.071636845110758,0.5109090909090909,2,0,0.36246246246246244,5,Medium,Review,5000,724.924924924925
764,99362.12453568898,5000,35,19.8724249071378,0.8436363636363636,4,0,0.09744282437735413,0,Very Low,Approve,5000,194.88564875470828
793,81047.35307146596,5000,32,16.209470614293192,0.8963636363636364,4,0,0.06995141544264623,0,Very Low,Approve,5000,139.90283088529245
830,78322.293005676,25000,66,3.1328917202270397,0.9636363636363636,4,0,0.1376003537426246,1,Very Low,Approve,25000,1376.003537426246
469,59794.86855025085,10000,35,5.979486855025085,0.30727272727272725,1,0,0.492201437487011,7,High,Reject,10000,1968.8057499480442
504,71196.15704754562,15000,39,4.746410469836375,0.3709090909090909,2,1,0.465088230532621,6,High,Reject,15000,2790.529383195726
719,94831.05687853579,10000,67,9.483105687853579,0.7618181818181818,4,0,0.0925502854991434,0,Very Low,Approve,10000,370.2011419965736
555,65804.62717592099,5000,25,13.160925435184199,0.4636363636363636,2,1,0.3271079073831367,5,Medium,Review,5000,654.2158147662734
797,35276.472048666285,5000,29,7.055294409733257,0.9036363636363637,4,0,0.1932320397809675,1,Very Low,Approve,5000,386.4640795619351
317,53376.92464088199,25000,20,2.1350769856352794,0.03090909090909091,1,1,0.6320927981328984,8,Very High,Reject,25000,6320.927981328985
459,66032.18638968599,5000,44,13.206437277937198,0.28909090909090907,1,1,0.47201228191527966,7,High,Reject,5000,944.0245638305595
607,40946.469295240386,25000,47,1.6378587718096154,0.5581818181818182,3,0,0.3366945795517225,5,Medium,Review,25000,3366.945795517225
518,86485.35636898632,25000,66,3.459414254759453,0.39636363636363636,2,0,0.2664049603513235,3,Low,Review,25000,2664.049603513235
313,74451.15651069708,10000,26,7.445115651069708,0.023636363636363636,1,1,0.7115654286891783,9,Very High,Reject,10000,2846.261714756713
739,50219.609518940655,5000,37,10.043921903788132,0.7981818181818182,4,1,0.24335710352659504,2,Low,Review,5000,486.71420705319014
807,32047.699105112355,15000,68,2.136513273674157,0.9218181818181819,4,0,0.1326682524780455,0,Very Low,Approve,15000,796.0095148682731
815,78277.12827439874,5000,27,15.655425654879748,0.9363636363636364,4,0,0.0925502854991434,0,Very Low,Approve,5000,185.1005709982868
591,96071.56407145786,15000,28,6.404770938097191,0.5290909090909091,2,0,0.25231736248685405,3,Low,Review,15000,1513.9041749211244
547,34137.2000394401,25000,20,1.3654880015776039,0.4490909090909091,2,0,0.36681982734614316,6,High,Review,25000,3668.1982734614317
377,50443.323437280575,25000,66,2.017732937491223,0.14,1,0,0.624126762900282,8,Very High,Reject,25000,6241.26762900282
728,41776.83793848174,10000,23,4.177683793848174,0.7781818181818182,4,1,0.22641284824676267,2,Low,Review,10000,905.6513929870508
630,31828.06101582443,25000,52,1.2731224406329773,0.6,3,1,0.32047347784710994,5,Medium,Review,25000,3204.7347784710996
397,56002.22266083321,10000,33,5.600222266083321,0.17636363636363636,1,1,0.5670268453508956,7,High,Reject,10000,2268.1073814035826
690,52566.14071464767,25000,56,2.1026456285859068,0.7090909090909091,3,0,0.2673223710405706,3,Low,Review,25000,2673.2237104057062
666,63941.702608494685,15000,58,4.262780173899646,0.6654545454545454,3,1,0.24031762975011514,2,Low,Review,15000,1441.9057785006908
303,84084.82698954924,10000,59,8.408482698954924,0.005454545454545455,1,0,0.6513754938647489,9,Very High,Reject,10000,2605.5019754589957
599,42680.66731809623,15000,46,2.8453778212064154,0.5436363636363636,2,0,0.3086729586729587,4,Medium,Review,15000,1852.0377520377522
607,70903.56024697753,25000,38,2.8361424098791015,0.5581818181818182,3,0,0.2796307993536139,4,Medium,Review,25000,2796.3079935361393
598,20000.0,5000,35,4.0,0.5418181818181819,2,0,0.3263165421060158,5,Medium,Review,5000,652.6330842120316
466,39418.66941561039,15000,51,2.627911294374026,0.3018181818181818,1,1,0.6060510814766563,8,Very High,Reject,15000,3636.306488859938
339,66807.20867812174,10000,36,6.680720867812174,0.07090909090909091,1,1,0.6272654165674388,8,Very High,Reject,10000,2509.0616662697557
820,55312.71712736415,25000,63,2.212508685094566,0.9454545454545454,4,0,0.14838157697912085,1,Very Low,Approve,25000,1483.8157697912086
372,47159.27766988832,25000,45,1.8863711067955327,0.13090909090909092,1,0,0.6359387298318359,9,Very High,Reject,25000,6359.387298318358
729,48571.62594304855,10000,41,4.857162594304855,0.78,4,0,0.23814826787691915,2,Low,Review,10000,952.5930715076767
540,49722.87343808206,15000,39,3.3148582292054707,0.43636363636363634,2,1,0.3470204758534277,5,Medium,Review,15000,2082.1228551205663
468,54153.16342552027,25000,27,2.166126537020811,0.3054545454545455,1,0,0.5789895636569314,8,Very High,Reject,25000,5789.895636569315
750,117066.50805274493,25000,53,4.682660322109797,0.8181818181818182,4,0,0.06763412489006156,0,Very Low,Approve,25000,676.3412489006156
620,45266.19085243557,10000,30,4.526619085243556,0.5818181818181818,3,1,0.29859934145648437,4,Medium,Review,10000,1194.3973658259376
718,71489.89116747385,10000,36,7.1489891167473845,0.76,4,0,0.20412644117216563,2,Low,Review,10000,816.5057646886626
484,137852.73039420904,25000,62,5.514109215768362,0.33454545454545453,1,0,0.35371355607576077,5,Medium,Review,25000,3537.135560757608
624,94306.87399020171,5000,33,18.86137479804034,0.5890909090909091,3,0,0.18845566356246604,1,Very Low,Approve,5000,376.91132712493214
676,20000.0,10000,62,2.0,0.6836363636363636,3,0,0.2664049603513235,3,Low,Review,10000,1065.619841405294
628,65191.82983303766,15000,43,4.346121988869177,0.5963636363636363,3,0,0.23162168389643856,2,Low,Review,15000,1389.7301033786314
390,106332.74092946327,10000,66,10.633274092946326,0.16363636363636364,1,0,0.5121643835616438,7,High,Reject,10000,2048.6575342465753
848,53664.64729040365,5000,56,10.73292945808073,0.9963636363636363,4,0,0.1413386992852031,1,Very Low,Approve,5000,282.6773985704062
769,54942.24943118193,15000,58,3.662816628745462,0.8527272727272728,4,0,0.20412644117216563,2,Low,Review,15000,1224.7586470329938
309,78018.90300896778,5000,24,15.603780601793556,0.016363636363636365,1,1,0.6296193408022479,8,Very High,Reject,5000,1259.238681604496
610,77349.43455514112,25000,56,3.093977382205645,0.5636363636363636,3,1,0.3159132817027554,4,Medium,Review,25000,3159.1328170275538
756,65392.44489894396,15000,29,4.359496326596264,0.8290909090909091,4,0,0.17440775963180954,1,Very Low,Approve,15000,1046.4465577908572
647,55834.9357540314,15000,26,3.72232905026876,0.6309090909090909,3,0,0.26454640397888934,3,Low,Review,15000,1587.2784238733361
376,51235.32332498234,5000,28,10.247064664996469,0.13818181818181818,1,0,0.5710791122438145,8,Very High,Reject,5000,1142.158224487629
592,84161.39899624271,10000,61,8.416139899624271,0.5309090909090909,2,1,0.24938598382728516,3,Low,Review,10000,997.5439353091407
784,63702.04103059848,25000,52,2.548081641223939,0.88,4,0,0.15131898561989895,1,Very Low,Approve,25000,1513.1898561989897
698,60678.858129647226,10000,32,6.067885812964723,0.7236363636363636,3,1,0.2649601868195746,3,Low,Review,10000,1059.8407472782985
845,70763.53967126823,15000,22,4.717569311417882,0.990909090909091,4,0,0.12780730126664527,0,Very Low,Approve,15000,766.8438075998718
581,52835.35825748367,15000,61,3.522357217165578,0.5109090909090909,2,0,0.34076210312691924,5,Medium,Review,15000,2044.5726187615155
633,82662.63658868131,15000,51,5.510842439245421,0.6054545454545455,3,0,0.2614542580296005,3,Low,Review,15000,1568.7255481776028
488,74811.400461763,5000,62,14.9622800923526,0.3418181818181818,1,0,0.5240029592147916,7,High,Reject,5000,1048.005918429583
807,74974.8039375424,10000,53,7.497480393754239,0.9218181818181819,4,0,0.12000504582473603,0,Very Low,Approve,10000,480.0201832989442
817,95247.34900047761,10000,26,9.524734900047761,0.94,4,0,0.12076442357272753,0,Very Low,Approve,10000,483.0576942909101
555,71701.26068974384,25000,28,2.8680504275897536,0.4636363636363636,2,0,0.2866467663754177,4,Medium,Review,25000,2866.467663754177
542,54475.3532996706,10000,37,5.44753532996706,0.44,2,0,0.46245161290322584,6,High,Reject,10000,1849.8064516129034
416,52995.760394819146,10000,41,5.299576039481915,0.2109090909090909,1,0,0.590765068818225,8,Very High,Reject,10000,2363.0602752729
388,49025.37364833306,10000,67,4.9025373648333055,0.16,1,1,0.5825390465010976,8,Very High,Reject,10000,2330.1561860043903
599,124614.94500828674,10000,44,12.461494500828675,0.5436363636363636,2,0,0.29859934145648437,4,Medium,Review,10000,1194.3973658259376
452,27815.63883990058,15000,19,1.8543759226600387,0.27636363636363637,1,0,0.5670268453508956,7,High,Reject,15000,3402.161072105374
646,42333.786371142676,25000,23,1.6933514548457071,0.6290909090909091,3,1,0.2649601868195746,3,Low,Review,25000,2649.601868195746
499,65480.47130543176,5000,21,13.096094261086352,0.3618181818181818,1,0,0.41852490972421946,6,High,Reject,5000,837.0498194484389
830,69511.70354578015,15000,29,4.634113569718677,0.9636363636363636,4,0,0.11296216813081827,0,Very Low,Approve,15000,677.7730087849097
533,20000.0,25000,67,0.8,0.42363636363636364,2,0,0.461227894561228,6,High,Reject,25000,4612.27894561228
545,73299.09821416384,15000,47,4.886606547610922,0.44545454545454544,2,0,0.3522687825440119,5,Medium,Review,15000,2113.6126952640716
537,67577.94814293012,10000,20,6.757794814293012,0.4309090909090909,2,1,0.40443973919473014,6,High,Reject,10000,1617.7589567789207
630,68600.77254948065,25000,69,2.744030901979226,0.6,3,0,0.26454640397888934,3,Low,Review,25000,2645.4640397888934
752,62470.05931706171,15000,56,4.164670621137447,0.8218181818181818,4,0,0.20412644117216563,2,Low,Review,15000,1224.7586470329938
544,51954.236462796296,25000,41,2.078169458511852,0.44363636363636366,2,1,0.32436722436722437,5,Medium,Review,25000,3243.672243672244
849,20000.0,15000,24,1.3333333333333333,0.9981818181818182,4,1,0.21489805228591177,2,Low,Review,15000,1289.3883137154708
702,97620.86908298323,10000,32,9.762086908298324,0.730909090909091,4,0,0.17440775963180954,1,Very Low,Approve,10000,697.6310385272382
644,61069.0901992862,5000,45,12.21381803985724,0.6254545454545455,3,0,0.23814826787691915,2,Low,Review,5000,476.2965357538383
679,62325.713253538,10000,27,6.2325713253538,0.6890909090909091,3,1,0.2965233524239736,4,Medium,Review,10000,1186.0934096958945
697,75873.52595919746,10000,20,7.5873525959197465,0.7218181818181818,3,0,0.23505612192763028,2,Low,Review,10000,940.2244877105212
601,63568.23972944744,10000,68,6.356823972944745,0.5472727272727272,3,1,0.3276829266204738,5,Medium,Review,10000,1310.7317064818956
499,68314.94180065252,10000,68,6.831494180065253,0.3618181818181818,1,0,0.3846846846846847,6,High,Review,10000,1538.738738738739
500,82651.67374638576,10000,23,8.265167374638576,0.36363636363636365,1,1,0.35928357507304876,5,Medium,Review,10000,1437.1343002921951
615,121895.63569119094,5000,37,24.37912713823819,0.5727272727272728,3,0,0.28728414442700156,4,Medium,Review,5000,574.5682888540032
755,78361.71337671278,25000,68,3.1344685350685113,0.8272727272727273,4,1,0.09744282437735413,0,Very Low,Approve,25000,974.4282437735413
821,44065.480257938325,5000,57,8.813096051587666,0.9472727272727273,4,0,0.15912124106180822,1,Very Low,Approve,5000,318.24248212361647
437,75056.55861660943,25000,22,3.002262344664377,0.24909090909090909,1,1,0.5016341115172719,7,High,Reject,25000,5016.34111517272
755,76391.17275221487,15000,61,5.092744850147658,0.8272727272727273,4,1,0.09744282437735413,0,Very Low,Approve,15000,584.6569462641248
743,36998.81443825319,15000,41,2.466587629216879,0.8054545454545454,4,0,0.23814826787691915,2,Low,Review,15000,1428.889607261515
546,75843.74214902405,25000,26,3.033749685960962,0.44727272727272727,2,0,0.28855450105450103,4,Medium,Review,25000,2885.5450105450104
637,52705.834683594934,15000,25,3.513722312239662,0.6127272727272727,3,0,0.29859934145648437,4,Medium,Review,15000,1791.5960487389063
359,55941.31106134744,5000,20,11.188262212269489,0.10727272727272727,1,0,0.5710791122438145,8,Very High,Reject,5000,1142.158224487629
315,58243.309890902776,10000,66,5.824330989090278,0.02727272727272727,1,1,0.6746883938760689,9,Very High,Reject,10000,2698.753575504276
595,72274.11825343607,25000,50,2.890964730137443,0.5363636363636364,2,0,0.2664049603513235,3,Low,Review,25000,2664.049603513235
451,69879.05117854544,10000,68,6.987905117854544,0.27454545454545454,1,0,0.4243305540735161,6,High,Reject,10000,1697.3222162940647
479,98330.2640345011,5000,35,19.666052806900222,0.32545454545454544,1,0,0.29664977587765223,4,Medium,Review,5000,593.2995517553045
630,74882.68131623327,15000,46,4.992178754415551,0.6,3,0,0.25525409683825534,3,Low,Review,15000,1531.524581029532
480,71485.49978157898,10000,50,7.148549978157899,0.32727272727272727,1,1,0.3911362975879105,6,High,Review,10000,1564.545190351642
352,77322.09929629674,10000,54,7.732209929629675,0.09454545454545454,1,1,0.5701929241708924,8,Very High,Reject,10000,2280.7716966835696
725,79952.47887618665,10000,50,7.995247887618665,0.7727272727272727,4,0,0.0925502854991434,0,Very Low,Approve,10000,370.2011419965736
331,54165.26083284617,5000,33,10.833052166569235,0.056363636363636366,1,0,0.648122459875354,9,Very High,Reject,5000,1296.244919750708
499,98216.16028861608,10000,47,9.821616028861609,0.3618181818181818,1,0,0.3846846846846847,6,High,Review,10000,1538.738738738739
720,23220.755687648372,15000,56,1.548050379176558,0.7636363636363637,4,0,0.27494966438214974,3,Low,Review,15000,1649.6979862928983
794,56144.534602083986,5000,49,11.228906920416797,0.8981818181818182,4,1,0.12076442357272753,0,Very Low,Approve,5000,241.52884714545505
630,72612.30504200362,5000,61,14.522461008400724,0.6,3,0,0.2724267128714337,3,Low,Review,5000,544.8534257428674
369,98940.49082625349,5000,68,19.788098165250698,0.12545454545454546,1,0,0.40443973919473014,6,High,Reject,5000,808.8794783894604
632,45479.876210525166,25000,47,1.8191950484210067,0.6036363636363636,3,0,0.26454640397888934,3,Low,Review,25000,2645.4640397888934
421,20000.0,5000,19,4.0,0.22,1,1,0.5228023505121894,7,High,Reject,5000,1045.6047010243788
461,85507.45936272413,10000,41,8.550745936272413,0.2927272727272727,1,1,0.4403755868544601,6,High,Reject,10000,1761.5023474178404
744,80092.83101360491,25000,69,3.2037132405441966,0.8072727272727273,4,0,0.10448570207127189,0,Very Low,Approve,25000,1044.8570207127188
723,73555.63948560864,25000,61,2.9422255794243455,0.769090909090909,4,0,0.1932320397809675,1,Very Low,Approve,25000,1932.3203978096753
611,40029.47826664876,5000,47,8.005895653329752,0.5654545454545454,3,0,0.34076210312691924,5,Medium,Review,5000,681.5242062538384
452,27815.63883990058,5000,19,5.5631277679801165,0.27636363636363637,1,0,0.41626363205310574,6,High,Reject,5000,832.5272641062114
569,20000.0,25000,45,0.8,0.4890909090909091,2,1,0.3145410716839288,4,Medium,Review,25000,3145.4107168392884
557,86447.47063228357,25000,56,3.457898825291343,0.4672727272727273,2,0,0.3507182933734387,5,Medium,Review,25000,3507.1829337343866
415,81924.85243437636,10000,68,8.192485243437636,0.20909090909090908,1,0,0.4138826796721533,6,High,Reject,10000,1655.5307186886134
517,55841.45807155606,5000,62,11.168291614311212,0.39454545454545453,2,0,0.35191178020125385,5,Medium,Review,5000,703.8235604025077
687,31487.78396583908,25000,22,1.2595113586335631,0.7036363636363636,3,0,0.27998801385791666,4,Medium,Review,25000,2799.8801385791667
376,51235.32332498234,25000,28,2.0494129329992936,0.13818181818181818,1,1,0.6180137997826919,8,Very High,Reject,25000,6180.137997826919
731,50290.96089233054,25000,63,2.0116384356932215,0.7836363636363637,4,0,0.21943319967820205,2,Low,Review,25000,2194.3319967820207
513,40556.13997394879,25000,56,1.6222455989579516,0.38727272727272727,2,0,0.3159132817027554,4,Medium,Review,25000,3159.1328170275538
669,69017.13745314133,15000,29,4.601142496876089,0.6709090909090909,3,0,0.2654161582733012,3,Low,Review,15000,1592.496949639807
502,68765.06232111584,15000,43,4.5843374880743895,0.36727272727272725,2,0,0.40645161290322585,6,High,Reject,15000,2438.709677419355
533,53345.284701344426,10000,25,5.334528470134442,0.42363636363636364,2,0,0.3911362975879105,6,High,Review,10000,1564.545190351642
648,71935.52778093358,5000,23,14.387105556186716,0.6327272727272727,3,0,0.25231736248685405,3,Low,Review,5000,504.63472497370816
318,82545.5760135836,10000,58,8.25455760135836,0.03272727272727273,1,1,0.7031549543233758,9,Very High,Reject,10000,2812.6198172935037
755,78361.71337671278,5000,68,15.672342675342556,0.8272727272727273,4,0,0.0925502854991434,0,Very Low,Approve,5000,185.1005709982868
433,45992.88903446015,15000,31,3.0661926022973436,0.24181818181818182,1,1,0.6144643169385257,8,Very High,Reject,15000,3686.785901631154
691,92474.58393604912,15000,28,6.164972262403275,0.7109090909090909,3,1,0.18240340368387442,1,Very Low,Approve,15000,1094.4204221032467
444,37527.09363179516,15000,34,2.501806242119677,0.26181818181818184,1,1,0.6180137997826919,8,Very High,Reject,15000,3708.0827986961513
628,46249.43296085707,25000,38,1.8499773184342827,0.5963636363636363,3,1,0.26454640397888934,3,Low,Review,25000,2645.4640397888934
747,83891.64596860786,10000,68,8.389164596860786,0.8127272727272727,4,0,0.0925502854991434,0,Very Low,Approve,10000,370.2011419965736
641,56522.79263682933,5000,23,11.304558527365865,0.62,3,0,0.2724267128714337,3,Low,Review,5000,544.8534257428674
515,81581.83453161195,25000,34,3.263273381264478,0.39090909090909093,2,1,0.24401638088788932,3,Low,Review,25000,2440.1638088788936
379,43708.445641640166,10000,67,4.370844564164017,0.14363636363636365,1,1,0.5012558535547041,7,High,Reject,10000,2005.0234142188167
650,39552.21273807102,15000,64,2.636814182538068,0.6363636363636364,3,0,0.23814826787691915,2,Low,Review,15000,1428.889607261515
712,24043.858522636663,25000,51,0.9617543409054665,0.7490909090909091,4,0,0.3383914331282752,5,Medium,Review,25000,3383.9143312827523
752,65284.24771996235,10000,53,6.528424771996235,0.8218181818181818,4,0,0.20103429522287677,2,Low,Review,10000,804.1371808915071
477,47816.13914104266,25000,22,1.9126455656417063,0.32181818181818184,1,0,0.4351421188630491,6,High,Reject,25000,4351.421188630492
757,68813.14707244042,10000,42,6.881314707244042,0.8309090909090909,4,1,0.17440775963180954,1,Very Low,Approve,10000,697.6310385272382
619,44103.243609542355,25000,47,1.7641297443816941,0.58,3,0,0.29859934145648437,4,Medium,Review,25000,2985.993414564844
543,79808.23867533359,5000,54,15.961647735066718,0.44181818181818183,2,0,0.27494966438214974,3,Low,Review,5000,549.8993287642995
638,80577.18369722737,25000,29,3.223087347889095,0.6145454545454545,3,0,0.23814826787691915,2,Low,Review,25000,2381.482678769192
643,76347.63073603368,5000,36,15.269526147206737,0.6236363636363637,3,0,0.2866467663754177,4,Medium,Review,5000,573.2935327508354
407,20000.0,25000,29,0.8,0.19454545454545455,1,1,0.5771061936907586,8,Very High,Reject,25000,5771.061936907586
448,26174.11805400448,15000,47,1.7449412036002987,0.2690909090909091,1,1,0.5120402409087559,7,High,Reject,15000,3072.2414454525356
644,31878.8554766815,15000,58,2.1252570317787667,0.6254545454545455,3,0,0.24401638088788932,3,Low,Review,15000,1464.098285327336
798,41048.01550896598,10000,39,4.104801550896598,0.9054545454545454,4,0,0.20412644117216563,2,Low,Review,10000,816.5057646886626
657,43813.15273587339,10000,38,4.381315273587338,0.649090909090909,3,0,0.2900340597568743,4,Medium,Review,10000,1160.1362390274971
545,84649.8203175783,25000,30,3.385992812703132,0.44545454545454544,2,0,0.3111523652365236,4,Medium,Review,25000,3111.523652365236
840,85950.35136340777,5000,37,17.190070272681552,0.9818181818181818,4,0,0.12076442357272753,0,Very Low,Approve,5000,241.52884714545505
829,99201.98376221504,10000,43,9.920198376221503,0.9618181818181818,4,0,0.09744282437735413,0,Very Low,Approve,10000,389.77129750941657
620,45266.19085243557,10000,30,4.526619085243556,0.5818181818181818,3,1,0.29859934145648437,4,Medium,Review,10000,1194.3973658259376
849,32860.22498109931,25000,44,1.3144089992439723,0.9981818181818182,4,1,0.3048245513998939,4,Medium,Review,25000,3048.245513998939
669,33369.69910004508,10000,41,3.336969910004508,0.6709090909090909,3,0,0.3086729586729587,4,Medium,Review,10000,1234.6918346918349
381,75384.49056264975,5000,31,15.07689811252995,0.14727272727272728,1,1,0.4857498245837852,7,High,Reject,5000,971.4996491675704
766,46692.51125657279,25000,57,1.8677004502629115,0.8472727272727273,4,0,0.20412644117216563,2,Low,Review,25000,2041.2644117216564
829,72048.72184522628,15000,68,4.803248123015085,0.9618181818181818,4,0,0.09744282437735413,0,Very Low,Approve,15000,584.6569462641248
716,53953.7768189794,5000,50,10.79075536379588,0.7563636363636363,4,0,0.25546914490163025,3,Low,Review,5000,510.9382898032605
446,61837.027576151246,15000,59,4.12246850507675,0.26545454545454544,1,0,0.4703767615760713,7,High,Reject,15000,2822.2605694564277
641,89301.42414349304,5000,47,17.86028482869861,0.62,3,0,0.21916925041925042,2,Low,Review,5000,438.33850083850086
305,57294.60179597925,10000,33,5.729460179597925,0.00909090909090909,1,1,0.7115654286891783,9,Very High,Reject,10000,2846.261714756713
827,57985.70733503619,5000,26,11.597141467007239,0.9581818181818181,4,0,0.09744282437735413,0,Very Low,Approve,5000,194.88564875470828
845,73414.57613647587,25000,44,2.9365830454590345,0.990909090909091,4,0,0.12780730126664527,0,Very Low,Approve,25000,1278.0730126664528
751,73589.9383794554,25000,43,2.943597535178216,0.82,4,1,0.17926871084320975,1,Very Low,Approve,25000,1792.6871084320974
397,81168.59838546612,15000,51,5.411239892364407,0.17636363636363636,1,0,0.4808770272398048,7,High,Reject,15000,2885.262163438829
477,62120.29178058803,25000,45,2.4848116712235213,0.32181818181818184,1,1,0.36441178020125387,5,Medium,Review,25000,3644.1178020125385
325,43389.24215816155,25000,66,1.735569686326462,0.045454545454545456,1,1,0.7599822537710738,9,Very High,Reject,25000,7599.822537710737
723,41523.67140745073,25000,68,1.6609468562980294,0.769090909090909,4,0,0.22773418127716674,2,Low,Review,25000,2277.3418127716673
823,85828.94416573587,10000,26,8.582894416573588,0.9509090909090909,4,0,0.12076442357272753,0,Very Low,Approve,10000,483.0576942909101
336,83591.29438850434,5000,45,16.718258877700865,0.06545454545454546,1,0,0.6359387298318359,9,Very High,Reject,5000,1271.8774596636717
634,45695.19030489052,10000,36,4.569519030489052,0.6072727272727273,3,0,0.3363222517279347,5,Medium,Review,10000,1345.2890069117389
429,44217.80261295274,15000,41,2.947853507530183,0.23454545454545456,1,1,0.6144643169385257,8,Very High,Reject,15000,3686.785901631154
569,81153.24190060429,5000,68,16.230648380120858,0.4890909090909091,2,0,0.3877141135030541,6,High,Review,5000,775.4282270061083
455,35712.92175072535,5000,37,7.14258435014507,0.2818181818181818,1,0,0.5825390465010976,8,Very High,Reject,5000,1165.0780930021951
504,40323.84552659212,25000,45,1.612953821063685,0.3709090909090909,2,1,0.3156183179805227,4,Medium,Review,25000,3156.1831798052267
788,31475.699100468002,5000,58,6.295139820093601,0.8872727272727273,4,0,0.23814826787691915,2,Low,Review,5000,476.2965357538383
771,75803.00609959423,15000,67,5.0535337399729485,0.8563636363636363,4,0,0.12076442357272753,0,Very Low,Approve,15000,724.5865414363652
615,20000.0,25000,24,0.8,0.5727272727272728,3,0,0.32436722436722437,5,Medium,Review,25000,3243.672243672244
591,78839.23827669483,15000,46,5.255949218446322,0.5290909090909091,2,0,0.2822756717081571,4,Medium,Review,15000,1693.6540302489427
520,89133.16667902816,15000,21,5.942211111935211,0.4,2,0,0.32847422847422847,5,Medium,Review,15000,1970.845370845371
504,96666.5313299603,10000,63,9.66665313299603,0.3709090909090909,2,1,0.5120402409087559,7,High,Reject,10000,2048.1609636350236
538,54449.85258227299,10000,50,5.444985258227299,0.43272727272727274,2,1,0.36920077972709553,6,High,Review,10000,1476.8031189083822
772,20000.0,25000,20,0.8,0.8581818181818182,4,1,0.3846846846846847,6,High,Review,25000,3846.8468468468473
353,55123.327346819766,10000,50,5.512332734681976,0.09636363636363636,1,1,0.6601020715422573,9,Very High,Reject,10000,2640.4082861690295
439,74819.20907627812,15000,64,4.9879472717518745,0.25272727272727274,1,1,0.5386139768024713,7,High,Reject,15000,3231.6838608148278
386,82958.28857985616,25000,24,3.3183315431942466,0.15636363636363637,1,1,0.4791734010621103,7,High,Reject,25000,4791.734010621103
638,24362.693245004186,10000,54,2.4362693245004188,0.6145454545454545,3,0,0.2620234524681733,3,Low,Review,10000,1048.0938098726933
518,75120.5852202067,15000,61,5.008039014680447,0.39636363636363636,2,0,0.3620308278203015,5,Medium,Review,15000,2172.184966921809
626,57370.278862981206,25000,19,2.294811154519248,0.5927272727272728,3,1,0.2523769989523414,3,Low,Review,25000,2523.769989523414
660,127132.84811334216,10000,56,12.713284811334216,0.6545454545454545,3,0,0.15443383685771253,1,Very Low,Approve,10000,617.7353474308502
467,55181.84403935456,10000,51,5.518184403935456,0.30363636363636365,1,1,0.5670268453508956,7,High,Reject,10000,2268.1073814035826
587,80559.47796182797,25000,33,3.222379118473119,0.5218181818181818,2,0,0.23814826787691915,2,Low,Review,25000,2381.482678769192
356,65089.56504581958,10000,60,6.508956504581958,0.10181818181818182,1,1,0.6430882474818161,9,Very High,Reject,10000,2572.3529899272644
602,98918.21226780303,5000,30,19.783642453560606,0.5490909090909091,3,0,0.18845566356246604,1,Very Low,Approve,5000,376.91132712493214
325,45859.7210742453,5000,50,9.171944214849061,0.045454545454545456,1,0,0.6629810348843049,9,Very High,Reject,5000,1325.96206976861
816,58351.89514818917,25000,55,2.334075805927567,0.9381818181818182,4,0,0.14838157697912085,1,Very Low,Approve,25000,1483.8157697912086
646,32809.86790867347,25000,52,1.3123947163469387,0.6290909090909091,3,0,0.2551672444009575,3,Low,Review,25000,2551.6724440095754
513,65654.62872964496,10000,53,6.5654628729644955,0.38727272727272727,2,1,0.3836921000284172,6,High,Review,10000,1534.7684001136688
696,73494.57555348075,5000,30,14.69891511069615,0.72,3,0,0.33156637442351733,5,Medium,Review,5000,663.1327488470347
511,74780.23318093485,5000,32,14.95604663618697,0.3836363636363636,2,1,0.42105263157894735,6,High,Reject,5000,842.1052631578947
513,51906.017724332916,10000,40,5.190601772433292,0.38727272727272727,2,1,0.41852490972421946,6,High,Reject,10000,1674.0996388968779
519,67692.48622766546,25000,23,2.7076994491066184,0.3981818181818182,2,0,0.2464492494758839,3,Low,Review,25000,2464.4924947588393
320,32860.0221486807,15000,49,2.19066814324538,0.03636363636363636,1,0,0.7261517510229899,9,Very High,Reject,15000,4356.91050613794
653,65790.5493477562,15000,49,4.386036623183746,0.6418181818181818,3,0,0.20412644117216563,2,Low,Review,15000,1224.7586470329938
451,21744.44684636286,25000,24,0.8697778738545143,0.27454545454545454,1,0,0.41136379057738875,6,High,Reject,25000,4113.637905773888
465,58317.074420804776,15000,59,3.887804961386985,0.3,1,1,0.5670268453508956,7,High,Reject,15000,3402.161072105374
435,84012.65298960356,25000,27,3.3605061195841426,0.24545454545454545,1,0,0.3887553452069581,6,High,Review,25000,3887.553452069581
435,40042.33061772362,15000,27,2.6694887078482417,0.24545454545454545,1,1,0.6180137997826919,8,Very High,Reject,15000,3708.0827986961513
422,65486.45638797208,5000,68,13.097291277594417,0.22181818181818183,1,0,0.5510921607930522,7,High,Reject,5000,1102.1843215861045
326,60887.13670509575,5000,48,12.17742734101915,0.04727272727272727,1,1,0.6629810348843049,9,Very High,Reject,5000,1325.96206976861
640,80805.40785079625,25000,60,3.23221631403185,0.6181818181818182,3,0,0.21391949364814491,2,Low,Review,25000,2139.194936481449
725,47160.38325232061,5000,59,9.432076650464122,0.7727272727272727,4,0,0.1750081125701881,1,Very Low,Approve,5000,350.0162251403762
644,55221.09069367894,15000,28,3.6814060462452627,0.6254545454545455,3,0,0.2556481485052914,3,Low,Review,15000,1533.8888910317482
564,84182.68406506217,25000,35,3.367307362602487,0.48,2,0,0.287506444880077,4,Medium,Review,25000,2875.0644488007697
652,51314.811930828175,5000,27,10.262962386165634,0.64,3,1,0.2649601868195746,3,Low,Review,5000,529.9203736391493
810,51530.97906634761,25000,68,2.061239162653904,0.9272727272727272,4,0,0.14838157697912085,1,Very Low,Approve,25000,1483.8157697912086
666,72033.70868723943,15000,23,4.802247245815962,0.6654545454545454,3,1,0.2940641940641941,4,Medium,Review,15000,1764.3851643851647
628,43335.73613936259,5000,32,8.667147227872519,0.5963636363636363,3,1,0.27416645012541535,3,Low,Review,5000,548.3329002508308
825,53373.10134497485,5000,44,10.67462026899497,0.9545454545454546,4,0,0.1413386992852031,1,Very Low,Approve,5000,282.6773985704062
328,32762.4982569005,10000,31,3.27624982569005,0.05090909090909091,1,1,0.7261517510229899,9,Very High,Reject,10000,2904.60700409196
361,72189.0976291832,25000,30,2.8875639051673283,0.11090909090909092,1,0,0.6359387298318359,9,Very High,Reject,25000,6359.387298318358
369,117493.81369989974,25000,40,4.699752547995989,0.12545454545454546,1,1,0.6144643169385257,8,Very High,Reject,25000,6144.643169385256
341,52495.05457260011,15000,68,3.499670304840007,0.07454545454545454,1,0,0.7396399049052323,9,Very High,Reject,15000,4437.839429431395
625,69715.7770391995,5000,33,13.9431554078399,0.5909090909090909,3,0,0.2464492494758839,3,Low,Review,5000,492.89849895176786
605,26941.642042956395,10000,61,2.6941642042956393,0.5545454545454546,3,0,0.3356338979987141,5,Medium,Review,10000,1342.5355919948565
381,98073.1540083883,10000,60,9.80731540083883,0.14727272727272728,1,0,0.40443973919473014,6,High,Reject,10000,1617.7589567789207
791,59057.91707597539,25000,54,2.3623166830390154,0.8927272727272727,4,0,0.14838157697912085,1,Very Low,Approve,25000,1483.8157697912086
473,77719.08327623262,25000,40,3.1087633310493046,0.3145454545454546,1,1,0.35191178020125385,5,Medium,Review,25000,3519.1178020125385
660,95418.08731244867,15000,39,6.361205820829912,0.6545454545454545,3,1,0.15275186889413975,1,Very Low,Approve,15000,916.5112133648386
495,51302.36739482662,25000,66,2.052094695793065,0.35454545454545455,1,0,0.41136379057738875,6,High,Reject,25000,4113.637905773888
375,94922.77371903381,10000,22,9.49227737190338,0.13636363636363635,1,1,0.5120402409087559,7,High,Reject,10000,2048.1609636350236
790,50895.095503487835,10000,67,5.089509550348784,0.8909090909090909,4,0,0.17440775963180954,1,Very Low,Approve,10000,697.6310385272382
836,111571.72803500443,5000,31,22.314345607000885,0.9745454545454545,4,0,0.16362510635980015,1,Very Low,Approve,5000,327.2502127196003
476,99461.6838863452,15000,45,6.6307789257563465,0.32,1,0,0.4105656263551,6,High,Reject,15000,2463.3937581306004
614,74630.31630648386,25000,51,2.9852126522593543,0.5709090909090909,3,0,0.3145410716839288,4,Medium,Review,25000,3145.4107168392884
531,25995.729371751404,25000,33,1.039829174870056,0.42,2,1,0.36441178020125387,5,Medium,Review,25000,3644.1178020125385
314,68019.75581252776,10000,22,6.801975581252775,0.025454545454545455,1,0,0.6629810348843049,9,Very High,Reject,10000,2651.92413953722
710,83061.17463052449,25000,34,3.3224469852209797,0.7454545454545455,4,0,0.20412644117216563,2,Low,Review,25000,2041.2644117216564
474,34189.2190209,10000,38,3.4189219020899997,0.31636363636363635,1,0,0.5380881297442809,7,High,Reject,10000,2152.3525189771235
613,59934.85567704815,10000,31,5.993485567704815,0.5690909090909091,3,0,0.27041451698985947,3,Low,Review,10000,1081.6580679594379
372,52152.48433377892,25000,50,2.086099373351157,0.13090909090909092,1,0,0.6180137997826919,8,Very High,Reject,25000,6180.137997826919
801,36076.46506926321,5000,52,7.2152930138526425,0.9109090909090909,4,0,0.14544027274861182,1,Very Low,Approve,5000,290.8805454972237
708,60780.70151405226,5000,32,12.156140302810453,0.7418181818181818,4,0,0.2499376758966411,3,Low,Review,5000,499.87535179328216
563,113826.49238849741,5000,51,22.76529847769948,0.4781818181818182,2,1,0.2464492494758839,3,Low,Review,5000,492.89849895176786
660,92778.63038011157,25000,37,3.711145215204463,0.6545454545454545,3,0,0.09023299494655874,0,Very Low,Approve,25000,902.3299494655876
435,75146.25666732248,10000,19,7.514625666732248,0.24545454545454545,1,1,0.6123372230678167,8,Very High,Reject,10000,2449.348892271267
577,25514.09253206003,10000,61,2.551409253206003,0.5036363636363637,2,0,0.42825437473324796,6,High,Reject,10000,1713.0174989329919
490,41245.61344825513,15000,24,2.7497075632170085,0.34545454545454546,1,0,0.4223316912972086,6,High,Reject,15000,2533.990147783252
426,65174.622906398465,10000,42,6.5174622906398465,0.2290909090909091,1,0,0.4708014891455221,7,High,Reject,10000,1883.2059565820884
431,79262.15215199227,25000,46,3.170486086079691,0.2381818181818182,1,0,0.3931225304361113,6,High,Review,25000,3931.2253043611136
784,40806.1915113225,25000,25,1.6322476604529,0.88,4,0,0.24030872475002607,2,Low,Review,25000,2403.0872475002607
843,44355.32186863733,15000,19,2.957021457909155,0.9872727272727273,4,0,0.21119039614804855,2,Low,Review,15000,1267.1423768882914
317,89311.09994795025,15000,28,5.95407332986335,0.03090909090909091,1,0,0.6516574550633408,9,Very High,Reject,15000,3909.944730380045
417,53334.52579560886,5000,29,10.666905159121772,0.21272727272727274,1,1,0.5173287719522063,7,High,Reject,5000,1034.6575439044125
701,102886.12020880618,10000,27,10.288612020880619,0.7290909090909091,4,0,0.14838157697912085,1,Very Low,Approve,10000,593.5263079164835
404,112800.13672631743,5000,23,22.560027345263485,0.1890909090909091,1,1,0.6060510814766563,8,Very High,Reject,5000,1212.1021629533127
564,21448.65145570424,15000,25,1.4299100970469494,0.48,2,0,0.3976190476190477,6,High,Review,15000,2385.7142857142867
487,47915.474086996765,5000,20,9.583094817399353,0.34,1,1,0.40443973919473014,6,High,Reject,5000,808.8794783894604
550,39186.66809476474,10000,33,3.918666809476474,0.45454545454545453,2,0,0.465088230532621,6,High,Reject,10000,1860.352922130484
312,59455.46490709661,15000,24,3.9636976604731076,0.02181818181818182,1,1,0.7089829142019018,9,Very High,Reject,15000,4253.897485211412
743,54329.89512661856,5000,39,10.865979025323712,0.8054545454545454,4,0,0.23505612192763028,2,Low,Review,5000,470.1122438552606
832,100845.82096649612,5000,29,20.169164193299224,0.9672727272727273,4,0,0.09744282437735413,0,Very Low,Approve,5000,194.88564875470828
431,34745.97641464605,25000,63,1.389839056585842,0.2381818181818182,1,0,0.6323196284969985,8,Very High,Reject,25000,6323.196284969986
829,70417.22743744183,5000,58,14.083445487488367,0.9618181818181818,4,0,0.15912124106180822,1,Very Low,Approve,5000,318.24248212361647
636,85583.92073692931,25000,34,3.423356829477173,0.610909090909091,3,0,0.21638268349725212,2,Low,Review,25000,2163.8268349725213
392,20000.0,10000,31,2.0,0.16727272727272727,1,0,0.7031549543233758,9,Very High,Reject,10000,2812.6198172935037
766,59984.0175293642,15000,49,3.9989345019576135,0.8472727272727273,4,0,0.14838157697912085,1,Very Low,Approve,15000,890.2894618747252
564,43463.91426339284,25000,51,1.7385565705357138,0.48,2,0,0.23814826787691915,2,Low,Review,25000,2381.482678769192
477,47816.13914104266,15000,22,3.187742609402844,0.32181818181818184,1,0,0.40443973919473014,6,High,Reject,15000,2426.638435168381
582,73109.14935609502,5000,40,14.621829871219004,0.5127272727272727,2,0,0.34507115811463634,5,Medium,Review,5000,690.1423162292728
362,95761.50119399939,10000,42,9.576150119399939,0.11272727272727273,1,0,0.5947783603641151,8,Very High,Reject,10000,2379.113441456461
819,62430.81346281001,25000,60,2.4972325385124003,0.9436363636363636,4,1,0.20103429522287677,2,Low,Review,25000,2010.3429522287677
733,69841.54411291998,15000,36,4.656102940861332,0.7872727272727272,4,0,0.2105259767383828,2,Low,Review,15000,1263.155860430297
746,55430.53995726103,10000,62,5.543053995726103,0.8109090909090909,4,0,0.2462938378779963,3,Low,Review,10000,985.1753515119852
832,43651.77713571607,5000,32,8.730355427143213,0.9672727272727273,4,0,0.13353644384329386,0,Very Low,Approve,5000,267.0728876865877
743,41876.85460701815,10000,58,4.187685460701815,0.8054545454545454,4,0,0.26454640397888934,3,Low,Review,10000,1058.1856159155575
502,72156.83341943607,5000,18,14.431366683887212,0.36727272727272725,2,0,0.27041451698985947,3,Low,Review,5000,540.8290339797189
797,68288.79100443739,15000,30,4.552586066962492,0.9036363636363637,4,0,0.1326682524780455,0,Very Low,Approve,15000,796.0095148682731
487,110853.36410905977,15000,27,7.390224273937318,0.34,1,1,0.31878467114687586,5,Medium,Review,15000,1912.7080268812551
580,58240.71502160522,10000,60,5.824071502160522,0.509090909090909,2,0,0.31611910546967725,4,Medium,Review,10000,1264.476421878709
787,93426.47150113806,5000,38,18.68529430022761,0.8854545454545455,4,0,0.06995141544264623,0,Very Low,Approve,5000,139.90283088529245
342,65939.08378452779,25000,32,2.6375633513811114,0.07636363636363637,1,1,0.6626845860295337,9,Very High,Reject,25000,6626.845860295337
416,66803.83092054403,5000,21,13.360766184108806,0.2109090909090909,1,1,0.47853095774455595,7,High,Reject,5000,957.0619154891119
353,55123.327346819766,5000,50,11.024665469363953,0.09636363636363636,1,0,0.5641221572449643,7,High,Reject,5000,1128.2443144899287
591,70474.09789639938,5000,42,14.094819579279877,0.5290909090909091,2,0,0.3132161130141155,4,Medium,Review,5000,626.4322260282311
758,89871.71734469847,25000,53,3.5948686937879386,0.8327272727272728,4,0,0.0925502854991434,0,Very Low,Approve,25000,925.502854991434
562,20000.0,15000,27,1.3333333333333333,0.4763636363636364,2,1,0.37817670791967,6,High,Review,15000,2269.0602475180203
522,70284.51636614912,10000,62,7.028451636614912,0.4036363636363636,2,0,0.3854978354978355,6,High,Review,10000,1541.9913419913423
732,28191.148462230558,5000,63,5.638229692446112,0.7854545454545454,4,1,0.22907100879966005,2,Low,Review,5000,458.1420175993201
803,120924.27692654074,25000,64,4.836971077061629,0.9145454545454546,4,1,0.0925502854991434,0,Very Low,Approve,25000,925.502854991434
613,44289.91945629372,10000,64,4.428991945629372,0.5690909090909091,3,1,0.29859934145648437,4,Medium,Review,10000,1194.3973658259376
627,72181.81285068567,25000,52,2.887272514027427,0.5945454545454546,3,0,0.22222047524710967,2,Low,Review,25000,2222.2047524710965
644,56048.01384551703,15000,58,3.736534256367802,0.6254545454545455,3,0,0.26454640397888934,3,Low,Review,15000,1587.2784238733361
331,54915.50635078293,5000,68,10.983101270156586,0.056363636363636366,1,1,0.6627087822091656,9,Very High,Reject,5000,1325.4175644183313
459,72367.98132255753,25000,64,2.8947192529023016,0.28909090909090907,1,0,0.506578947368421,7,High,Reject,25000,5065.78947368421
572,27620.060317421114,25000,67,1.1048024126968445,0.49454545454545457,2,0,0.3846846846846847,6,High,Review,25000,3846.8468468468473
460,70791.20179027307,25000,67,2.831648071610923,0.2909090909090909,1,0,0.60250159863249,8,Very High,Reject,25000,6025.0159863249
780,82691.95610068107,10000,58,8.269195610068106,0.8727272727272727,4,0,0.0925502854991434,0,Very Low,Approve,10000,370.2011419965736
406,40326.43158746108,10000,46,4.032643158746108,0.19272727272727272,1,1,0.6603985203970286,9,Very High,Reject,10000,2641.5940815881145
579,93375.9214275435,10000,52,9.33759214275435,0.5072727272727273,2,0,0.3386180993086116,5,Medium,Review,10000,1354.4723972344464
792,54847.24107441492,10000,43,5.484724107441492,0.8945454545454545,4,0,0.20721295696330158,2,Low,Review,10000,828.8518278532065
397,62583.65225954648,15000,47,4.1722434839697655,0.17636363636363636,1,1,0.5552903155366307,7,High,Reject,15000,3331.741893219784
808,89383.393372219,15000,65,5.958892891481266,0.9236363636363636,4,0,0.09744282437735413,0,Very Low,Approve,15000,584.6569462641248
759,78893.55445107231,25000,43,3.1557421780428925,0.8345454545454546,4,0,0.13353644384329386,0,Very Low,Approve,25000,1335.3644384329386
594,23697.441707676626,15000,22,1.5798294471784418,0.5345454545454545,2,1,0.3416318574213311,5,Medium,Review,15000,2049.7911445279865
483,76274.06586941192,15000,61,5.084937724627461,0.3327272727272727,1,0,0.49007898526355725,7,High,Reject,15000,2940.473911581344
653,58460.819419336614,5000,66,11.692163883867323,0.6418181818181818,3,0,0.24938598382728516,3,Low,Review,5000,498.77196765457035
651,59693.89225400174,10000,66,5.969389225400174,0.6381818181818182,3,1,0.23814826787691915,2,Low,Review,10000,952.5930715076767
336,82320.38025752307,25000,30,3.2928152103009225,0.06545454545454546,1,0,0.543327597230595,7,High,Reject,25000,5433.27597230595
611,56375.42095107331,10000,18,5.637542095107332,0.5654545454545454,3,0,0.2854989123645841,4,Medium,Review,10000,1141.9956494583364
315,43522.39314874649,15000,51,2.901492876583099,0.02727272727272727,1,1,0.6910555111003592,9,Very High,Reject,15000,4146.333066602156
508,110035.7524816622,25000,66,4.401430099266488,0.3781818181818182,2,0,0.4413203513198183,6,High,Reject,25000,4413.203513198183
420,70683.14767057975,15000,28,4.712209844705317,0.21818181818181817,1,1,0.565105560032232,7,High,Reject,15000,3390.633360193392
646,47848.7560741205,10000,41,4.78487560741205,0.6290909090909091,3,0,0.30705303628091263,4,Medium,Review,10000,1228.2121451236505
543,94056.48993764167,10000,64,9.405648993764167,0.44181818181818183,2,0,0.318433633295838,5,Medium,Review,10000,1273.7345331833521
810,63472.5622998533,10000,38,6.34725622998533,0.9272727272727272,4,0,0.1532425281905211,1,Very Low,Approve,10000,612.9701127620843
657,49269.15591531451,25000,58,1.9707662366125804,0.649090909090909,3,0,0.23505612192763028,2,Low,Review,25000,2350.561219276303
676,40151.97677061517,10000,67,4.015197677061517,0.6836363636363636,3,1,0.34735462926029337,5,Medium,Review,10000,1389.4185170411736
715,71861.50444034603,10000,43,7.186150444034603,0.7545454545454545,4,0,0.22222047524710967,2,Low,Review,10000,888.8819009884387
672,57507.598583392144,10000,22,5.750759858339214,0.6763636363636364,3,1,0.2741467663754176,3,Low,Review,10000,1096.5870655016706
637,89062.56479883246,5000,48,17.812512959766494,0.6127272727272727,3,0,0.23505612192763028,2,Low,Review,5000,470.1122438552606
707,85432.65509345816,25000,36,3.4173062037383266,0.74,4,0,0.1413386992852031,1,Very Low,Approve,25000,1413.386992852031
776,59480.27125519865,25000,56,2.379210850207946,0.8654545454545455,4,0,0.18823956966378574,1,Very Low,Approve,25000,1882.3956966378578
342,99084.41283845849,5000,49,19.8168825676917,0.07636363636363637,1,0,0.5380881297442809,7,High,Reject,5000,1076.1762594885618
334,82472.99212701972,15000,38,5.498199475134649,0.06181818181818182,1,0,0.5618966135746108,7,High,Reject,15000,3371.3796814476655
301,64497.53120575871,25000,62,2.5799012482303483,0.0018181818181818182,1,1,0.6404161149678468,9,Very High,Reject,25000,6404.161149678468
468,53725.14957426726,25000,26,2.1490059829706905,0.3054545454545455,1,0,0.5947783603641151,8,Very High,Reject,25000,5947.783603641152
330,62968.01129966036,5000,63,12.593602259932071,0.05454545454545454,1,1,0.6086899988673689,8,Very High,Reject,5000,1217.3799977347378
313,20000.0,10000,64,2.0,0.023636363636363636,1,1,0.9268680894398851,9,Very High,Reject,10000,3707.4723577595405
364,28952.241097204773,5000,45,5.790448219440955,0.11636363636363636,1,0,0.6629810348843049,9,Very High,Reject,5000,1325.96206976861
679,50263.69000153204,10000,18,5.026369000153204,0.6890909090909091,3,0,0.25978924423054556,3,Low,Review,10000,1039.1569769221824
609,65435.72382395255,25000,59,2.617428952958102,0.5618181818181818,3,0,0.3221269184002103,5,Medium,Review,25000,3221.2691840021034
625,72544.79826632181,10000,26,7.254479826632181,0.5909090909090909,3,0,0.33431362717077007,5,Medium,Review,10000,1337.2545086830803
726,55612.49899811073,5000,56,11.122499799622146,0.7745454545454545,4,0,0.19310214664513214,1,Very Low,Approve,5000,386.2042932902643
432,60346.29452585877,10000,65,6.034629452585877,0.24,1,0,0.6180137997826919,8,Very High,Reject,10000,2472.0551991307675
790,103947.63580795893,25000,36,4.157905432318357,0.8909090909090909,4,1,0.11296216813081827,0,Very Low,Approve,25000,1129.6216813081828
668,56663.482670455705,25000,68,2.266539306818228,0.6690909090909091,3,0,0.23542807537691182,2,Low,Review,25000,2354.2807537691183
456,70846.62752523118,15000,37,4.723108501682078,0.28363636363636363,1,1,0.4703767615760713,7,High,Reject,15000,2822.2605694564277
632,20000.0,15000,34,1.3333333333333333,0.6036363636363636,3,1,0.45616438356164385,6,High,Reject,15000,2736.986301369863
827,42833.37413289063,10000,28,4.283337413289063,0.9581818181818181,4,0,0.1532425281905211,1,Very Low,Approve,10000,612.9701127620843
600,35051.05094148345,25000,36,1.402042037659338,0.5454545454545454,2,0,0.3437035008444018,5,Medium,Review,25000,3437.0350084440183
402,43839.14246352554,15000,53,2.922609497568369,0.18545454545454546,1,0,0.6603985203970286,9,Very High,Reject,15000,3962.391122382172
664,60270.245468123,25000,22,2.41080981872492,0.6618181818181819,3,0,0.28156538050292773,4,Medium,Review,25000,2815.6538050292775
662,121350.95272302798,10000,35,12.135095272302797,0.6581818181818182,3,1,0.15443383685771253,1,Very Low,Approve,10000,617.7353474308502
684,45823.31361499248,5000,34,9.164662722998496,0.6981818181818182,3,0,0.30417626368132555,4,Medium,Review,5000,608.3525273626511
648,69619.2162562256,25000,52,2.784768650249024,0.6327272727272727,3,1,0.2294936966404344,2,Low,Review,25000,2294.9369664043443
786,79426.8045958785,25000,68,3.17707218383514,0.8836363636363637,4,1,0.1413386992852031,1,Very Low,Approve,25000,1413.386992852031
347,68676.92068614934,5000,37,13.735384137229868,0.08545454545454545,1,1,0.6513754938647489,9,Very High,Reject,5000,1302.7509877294979
512,47805.39262936423,10000,27,4.780539262936423,0.38545454545454544,2,1,0.3416318574213311,5,Medium,Review,10000,1366.5274296853245
578,67612.85090189552,10000,36,6.761285090189553,0.5054545454545455,2,1,0.35191178020125385,5,Medium,Review,10000,1407.6471208050154
825,20557.975940744967,5000,40,4.111595188148994,0.9545454545454546,4,0,0.19729451964478514,2,Low,Approve,5000,394.58903928957034
765,97318.63223795517,15000,68,6.487908815863678,0.8454545454545455,4,0,0.0925502854991434,0,Very Low,Approve,15000,555.3017129948604
516,35450.11195255438,15000,35,2.363340796836959,0.3927272727272727,2,0,0.3515015015015015,5,Medium,Review,15000,2109.0090090090093
413,89614.82237239492,10000,33,8.961482237239492,0.20545454545454545,1,1,0.45629159104658196,6,High,Reject,10000,1825.166364186328
484,105871.57127900867,10000,26,10.587157127900866,0.33454545454545453,1,0,0.3190762190762191,5,Medium,Review,10000,1276.3048763048764
554,72504.37623211302,15000,39,4.833625082140868,0.4618181818181818,2,0,0.35371355607576077,5,Medium,Review,15000,2122.281336454565
593,52114.12838296538,10000,22,5.211412838296537,0.5327272727272727,2,1,0.26454640397888934,3,Low,Review,10000,1058.1856159155575
414,92693.02739956122,10000,40,9.269302739956123,0.20727272727272728,1,0,0.4791734010621103,7,High,Reject,10000,1916.6936042484415
554,74909.17391168377,15000,59,4.993944927445585,0.4618181818181818,2,0,0.36920077972709553,6,High,Review,15000,2215.2046783625733
376,56449.566354880626,10000,57,5.644956635488063,0.13818181818181818,1,1,0.6477563925299116,9,Very High,Reject,10000,2591.0255701196465
315,66013.07355792525,25000,19,2.64052294231701,0.02727272727272727,1,0,0.514827678332888,7,High,Reject,25000,5148.276783328881
650,87441.39429124359,15000,23,5.829426286082906,0.6363636363636364,3,0,0.19885892396572646,2,Low,Approve,15000,1193.153543794359
326,64485.98606623732,25000,37,2.579439442649493,0.04727272727272727,1,1,0.6267403774602003,8,Very High,Reject,25000,6267.403774602002
367,43857.76721383694,10000,32,4.385776721383694,0.12181818181818181,1,1,0.6629810348843049,9,Very High,Reject,10000,2651.92413953722
427,20000.0,10000,63,2.0,0.2309090909090909,1,0,0.6124068415584879,8,Very High,Reject,10000,2449.6273662339518
571,49434.65250101703,25000,23,1.9773861000406812,0.49272727272727274,2,1,0.3643951833607006,5,Medium,Review,25000,3643.951833607006
635,56352.01677382073,5000,41,11.270403354764147,0.6090909090909091,3,0,0.2916466470037899,4,Medium,Review,5000,583.2932940075798
734,49218.97159398248,5000,58,9.843794318796496,0.7890909090909091,4,1,0.19729451964478514,2,Low,Approve,5000,394.58903928957034
823,84976.70182855749,15000,49,5.665113455237166,0.9509090909090909,4,0,0.06179220049143613,0,Very Low,Approve,15000,370.75320294861683
468,86966.37125450947,5000,61,17.393274250901896,0.3054545454545455,1,0,0.36441178020125387,5,Medium,Review,5000,728.8235604025077
418,38711.311041495974,10000,66,3.8711311041495975,0.21454545454545454,1,0,0.5911913642202479,8,Very High,Reject,10000,2364.7654568809917
310,55004.43291011331,15000,47,3.6669621940075543,0.01818181818181818,1,1,0.6607359758788631,9,Very High,Reject,15000,3964.415855273179
524,59620.09191099549,25000,20,2.3848036764398195,0.4072727272727273,2,0,0.26454640397888934,3,Low,Review,25000,2645.4640397888934
506,40543.626548488064,10000,38,4.0543626548488065,0.37454545454545457,2,1,0.482679105892704,7,High,Reject,10000,1930.7164235708162
808,75653.91399115462,15000,38,5.043594266076975,0.9236363636363636,4,0,0.12076442357272753,0,Very Low,Approve,15000,724.5865414363652
412,55871.18467004466,10000,46,5.5871184670044665,0.20363636363636364,1,1,0.5947783603641151,8,Very High,Reject,10000,2379.113441456461
816,76893.7997957883,10000,37,7.68937997957883,0.9381818181818182,4,0,0.11296216813081827,0,Very Low,Approve,10000,451.84867252327314
307,26860.707298472902,15000,40,1.7907138198981936,0.012727272727272728,1,0,0.7583654443164743,9,Very High,Reject,15000,4550.192665898847
602,46923.17237719639,5000,30,9.384634475439277,0.5490909090909091,3,1,0.23814826787691915,2,Low,Review,5000,476.2965357538383
785,116354.84603140174,10000,35,11.635484603140174,0.8818181818181818,4,0,0.12076442357272753,0,Very Low,Approve,10000,483.0576942909101
802,85660.08293326311,15000,20,5.710672195550874,0.9127272727272727,4,0,0.12780730126664527,0,Very Low,Approve,15000,766.8438075998718
481,99155.3696301447,15000,44,6.61035797534298,0.3290909090909091,1,1,0.33838115074596686,5,Medium,Review,15000,2030.286904475801
762,103621.03656045647,5000,52,20.724207312091295,0.84,4,0,0.0925502854991434,0,Very Low,Approve,5000,185.1005709982868
484,68403.1158518961,25000,35,2.736124634075844,0.33454545454545453,1,1,0.3282621031269192,5,Medium,Review,25000,3282.6210312691924
602,29444.25876234482,25000,51,1.1777703504937929,0.5490909090909091,3,0,0.47201228191527966,7,High,Reject,25000,4720.122819152797
393,60445.985403551895,5000,42,12.08919708071038,0.1690909090909091,1,0,0.5737424070150585,8,Very High,Reject,5000,1147.4848140301171
747,35555.96355021605,25000,20,1.422238542008642,0.8127272727272727,4,0,0.2928383952005999,4,Medium,Review,25000,2928.383952005999
401,40855.43417840102,15000,65,2.723695611893401,0.18363636363636363,1,0,0.6167113569074353,8,Very High,Reject,15000,3700.268141444612
466,86975.35386392518,10000,48,8.697535386392518,0.3018181818181818,1,0,0.40443973919473014,6,High,Reject,10000,1617.7589567789207
621,90256.8646709004,25000,25,3.6102745868360158,0.5836363636363636,3,0,0.13854696534933264,1,Very Low,Approve,25000,1385.4696534933264
838,73911.9276167373,25000,44,2.956477104669492,0.9781818181818182,4,0,0.1532425281905211,1,Very Low,Approve,25000,1532.425281905211
356,78688.49550422633,25000,42,3.147539820169053,0.10181818181818182,1,0,0.6359387298318359,9,Very High,Reject,25000,6359.387298318358
372,60998.13783479238,25000,48,2.439925513391695,0.13090909090909092,1,0,0.6359387298318359,9,Very High,Reject,25000,6359.387298318358
562,30958.124238409226,5000,40,6.191624847681845,0.4763636363636364,2,1,0.492201437487011,7,High,Reject,5000,984.4028749740221
527,56352.3179833293,10000,52,5.6352317983329305,0.4127272727272727,2,0,0.3518094753792694,5,Medium,Review,10000,1407.2379015170775
712,56714.21571796243,5000,38,11.342843143592486,0.7490909090909091,4,1,0.3159132817027554,4,Medium,Review,5000,631.8265634055108
720,67100.25477310878,25000,44,2.6840101909243512,0.7636363636363637,4,0,0.1983047226051645,2,Low,Approve,25000,1983.047226051645
537,66056.57662412449,15000,19,4.4037717749416325,0.4309090909090909,2,1,0.3391522211397988,5,Medium,Review,15000,2034.913326838793
705,54688.02470280159,10000,61,5.468802470280159,0.7363636363636363,4,0,0.36246246246246244,5,Medium,Review,10000,1449.84984984985
810,79638.03832142169,5000,66,15.927607664284338,0.9272727272727272,4,0,0.14838157697912085,1,Very Low,Approve,5000,296.76315395824173
497,45441.151937450166,10000,29,4.544115193745016,0.35818181818181816,1,0,0.4599215686274509,6,High,Reject,10000,1839.686274509804
427,65076.50291846432,10000,61,6.507650291846432,0.2309090909090909,1,0,0.47853095774455595,7,High,Reject,10000,1914.1238309782239
303,61854.51621129167,5000,44,12.370903242258334,0.005454545454545455,1,1,0.7829034673173879,9,Very High,Reject,5000,1565.8069346347759
835,57553.32987607847,10000,58,5.755332987607847,0.9727272727272728,4,1,0.12780730126664527,0,Very Low,Approve,10000,511.22920506658113
592,58360.184168439715,15000,49,3.8906789445626475,0.5309090909090909,2,0,0.2801206069711788,4,Medium,Review,15000,1680.723641827073
822,57476.617675746675,10000,35,5.747661767574668,0.9490909090909091,4,1,0.22332070229747383,2,Low,Review,10000,893.2828091898954
802,52126.53233916819,5000,43,10.425306467833638,0.9127272727272727,4,0,0.14057932153721162,1,Very Low,Approve,5000,281.15864307442325
308,47879.6972565276,10000,27,4.7879697256527605,0.014545454545454545,1,1,0.7115654286891783,9,Very High,Reject,10000,2846.261714756713
795,83420.92810262948,15000,30,5.561395206841965,0.9,4,0,0.12486599703613625,0,Very Low,Approve,15000,749.1959822168176
400,64370.28291176301,15000,23,4.291352194117534,0.18181818181818182,1,1,0.5710791122438145,8,Very High,Reject,15000,3426.474673462887
832,46280.00509949865,25000,64,1.851200203979946,0.9672727272727273,4,1,0.15495465955264257,1,Very Low,Approve,25000,1549.5465955264256
498,37871.461420941676,5000,41,7.574292284188335,0.36,1,1,0.5302007413406019,7,High,Reject,5000,1060.4014826812038
615,67815.917045641,5000,64,13.563183409128202,0.5727272727272728,3,0,0.3366945795517225,5,Medium,Review,5000,673.3891591034451
404,93584.95267873882,15000,50,6.238996845249255,0.1890909090909091,1,1,0.47959812863156115,7,High,Reject,15000,2877.588771789367
750,65951.95048491147,5000,42,13.190390096982295,0.8181818181818182,4,0,0.199352327259304,2,Low,Approve,5000,398.704654518608
513,68004.96396865138,25000,33,2.7201985587460555,0.38727272727272727,2,0,0.3217813947137255,5,Medium,Review,25000,3217.813947137255
847,46831.45237794952,5000,32,9.366290475589905,0.9945454545454545,4,1,0.14838157697912085,1,Very Low,Approve,5000,296.76315395824173
342,54471.744129972896,25000,39,2.178869765198916,0.07636363636363637,1,1,0.6910555111003592,9,Very High,Reject,25000,6910.555111003592
517,112932.19921514386,15000,37,7.528813281009591,0.39454545454545453,2,0,0.22641284824676267,2,Low,Review,15000,1358.477089480576
571,41771.59148725604,25000,64,1.6708636594902415,0.49272727272727274,2,0,0.2464492494758839,3,Low,Review,25000,2464.4924947588393
315,45054.44696393051,15000,27,3.003629797595367,0.02727272727272727,1,1,0.6359387298318359,9,Very High,Reject,15000,3815.6323789910152
610,20000.0,15000,29,1.3333333333333333,0.5636363636363636,3,0,0.4963755868544601,7,High,Reject,15000,2978.2535211267605
473,110139.36081717038,15000,63,7.3426240544780255,0.3145454545454546,1,1,0.32436722436722437,5,Medium,Review,15000,1946.2033462033462
394,96383.74450721187,25000,31,3.855349780288475,0.1709090909090909,1,1,0.4857772096336957,7,High,Reject,25000,4857.772096336957
599,45107.05841198471,5000,65,9.021411682396943,0.5436363636363636,2,1,0.27494966438214974,3,Low,Review,5000,549.8993287642995
333,51279.874430570795,25000,69,2.0511949772228317,0.06,1,1,0.6685369304416925,9,Very High,Reject,25000,6685.369304416926
627,29007.367584549116,15000,46,1.9338245056366077,0.5945454545454546,3,1,0.31940963519910887,5,Medium,Review,15000,1916.4578111946532
580,96085.14492967905,25000,39,3.8434057971871622,0.509090909090909,2,0,0.3388127853881278,5,Medium,Review,25000,3388.127853881278
577,49858.00000160505,10000,63,4.985800000160505,0.5036363636363637,2,0,0.2905238673744392,4,Medium,Review,10000,1162.0954694977568
320,32860.0221486807,5000,49,6.57200442973614,0.03636363636363636,1,1,0.6775673572181166,9,Very High,Reject,5000,1355.1347144362333
594,52252.651178359185,25000,33,2.0901060471343675,0.5345454545454545,2,1,0.288196081053224,4,Medium,Review,25000,2881.96081053224
433,77663.35978464794,5000,65,15.532671956929589,0.24181818181818182,1,0,0.5705763281950619,8,Very High,Reject,5000,1141.1526563901239
712,72491.79943344816,5000,65,14.498359886689633,0.7490909090909091,4,0,0.23814826787691915,2,Low,Review,5000,476.2965357538383
595,126030.54306179786,15000,45,8.402036204119858,0.5363636363636364,2,0,0.48873794401317333,7,High,Reject,15000,2932.4276640790404
667,92655.78897149922,10000,52,9.265578897149922,0.6672727272727272,3,0,0.18140764813640528,1,Very Low,Approve,10000,725.6305925456212
615,96946.41637576284,5000,24,19.389283275152568,0.5727272727272728,3,0,0.20902993927494162,2,Low,Review,5000,418.05987854988325
448,35569.33956371974,25000,33,1.4227735825487895,0.2690909090909091,1,1,0.6281400544461723,8,Very High,Reject,25000,6281.400544461722
352,101091.75797915595,10000,53,10.109175797915595,0.09454545454545454,1,0,0.5789199451662602,8,Very High,Reject,10000,2315.6797806650407
615,106927.89675467178,10000,42,10.692789675467177,0.5727272727272728,3,1,0.20902993927494162,2,Low,Review,10000,836.1197570997665
528,40517.49424293412,5000,48,8.103498848586824,0.41454545454545455,2,1,0.45629159104658196,6,High,Reject,5000,912.583182093164
582,104393.01125934412,10000,67,10.439301125934412,0.5127272727272727,2,0,0.36520314547837485,6,High,Review,10000,1460.8125819134996
407,94471.64842592347,10000,35,9.447164842592347,0.19454545454545455,1,0,0.5357940131912734,7,High,Reject,10000,2143.1760527650936
795,52232.90154510873,10000,55,5.223290154510873,0.9,4,0,0.21082734769885605,2,Low,Review,10000,843.3093907954242
694,79597.07555710003,5000,28,15.919415111420006,0.7163636363636363,3,0,0.20902993927494162,2,Low,Review,5000,418.05987854988325
355,94179.89958397737,5000,54,18.835979916795473,0.1,1,0,0.49007898526355725,7,High,Reject,5000,980.1579705271146
815,77753.10903125186,5000,60,15.550621806250373,0.9363636363636364,4,0,0.12076442357272753,0,Very Low,Approve,5000,241.52884714545505
365,43481.77091511654,25000,23,1.7392708366046616,0.11818181818181818,1,1,0.5730160114453491,8,Very High,Reject,25000,5730.160114453492
777,67781.71297918724,10000,48,6.778171297918725,0.8672727272727273,4,0,0.12076442357272753,0,Very Low,Approve,10000,483.0576942909101
404,65350.12418428452,25000,29,2.6140049673713808,0.1890909090909091,1,0,0.49819060358146433,7,High,Reject,25000,4981.9060358146435
688,26310.755146592222,25000,37,1.052430205863689,0.7054545454545454,3,1,0.29618239990059947,4,Medium,Review,25000,2961.8239990059947
326,82430.95115975782,25000,49,3.297238046390313,0.04727272727272727,1,1,0.5911913642202479,8,Very High,Reject,25000,5911.913642202479
405,27186.775867528107,10000,20,2.718677586752811,0.19090909090909092,1,1,0.6323892469876696,8,Very High,Reject,10000,2529.5569879506784
502,66161.53182885474,5000,42,13.232306365770949,0.36727272727272725,2,0,0.5032436014227168,7,High,Reject,5000,1006.4872028454337
306,59581.70527108846,25000,59,2.3832682108435383,0.01090909090909091,1,1,0.7115654286891783,9,Very High,Reject,25000,7115.654286891783
319,23571.410371692386,15000,41,1.5714273581128257,0.034545454545454546,1,0,0.9220779220779219,9,Very High,Reject,15000,5532.467532467532
363,66386.33337894248,25000,45,2.655453335157699,0.11454545454545455,1,1,0.5924994230991423,8,Very High,Reject,25000,5924.994230991423
350,72874.29678888331,25000,66,2.9149718715553323,0.09090909090909091,1,1,0.7144640464881604,9,Very High,Reject,25000,7144.640464881605
545,83179.28148834873,5000,40,16.635856297669747,0.44545454545454544,2,0,0.3571714571714572,5,Medium,Review,5000,714.3429143429145
317,53713.86524187666,10000,68,5.371386524187666,0.03090909090909091,1,1,0.6659618161985605,9,Very High,Reject,10000,2663.847264794242
558,59418.21028916726,5000,54,11.883642057833452,0.4690909090909091,2,0,0.3470204758534277,5,Medium,Review,5000,694.0409517068555
424,40389.6738456197,10000,63,4.03896738456197,0.22545454545454546,1,0,0.6513754938647489,9,Very High,Reject,10000,2605.5019754589957
483,97639.56789526308,10000,56,9.763956789526308,0.3327272727272727,1,1,0.43264611825542626,6,High,Reject,10000,1730.5844730217052
842,87059.9272447495,10000,60,8.70599272447495,0.9854545454545455,4,0,0.15275186889413975,1,Very Low,Approve,10000,611.007475576559
710,38157.783527056185,10000,34,3.8157783527056184,0.7454545454545455,4,0,0.2931333589228326,4,Medium,Review,10000,1172.5334356913304
791,72888.07352300633,5000,29,14.577614704601265,0.8927272727272727,4,0,0.09744282437735413,0,Very Low,Approve,5000,194.88564875470828
497,76433.10702716914,15000,34,5.095540468477942,0.35818181818181816,1,1,0.3470204758534277,5,Medium,Review,15000,2082.1228551205663
422,138631.1572483775,10000,59,13.863115724837751,0.22181818181818183,1,1,0.3355463224321416,5,Medium,Review,10000,1342.1852897285667
403,74654.16244995972,15000,20,4.976944163330648,0.18727272727272729,1,1,0.615956324402654,8,Very High,Reject,15000,3695.7379464159244
559,56923.10643307438,5000,55,11.384621286614877,0.4709090909090909,2,0,0.37579575553871764,6,High,Review,5000,751.5915110774353
549,64808.14840788741,10000,54,6.480814840788741,0.4527272727272727,2,0,0.36681982734614316,6,High,Review,10000,1467.2793093845726
420,28831.07234178837,10000,51,2.883107234178837,0.21818181818181817,1,1,0.5867096004770423,8,Very High,Reject,10000,2346.8384019081695
357,66625.6157797195,25000,18,2.66502463118878,0.10363636363636364,1,1,0.5583182297154899,7,High,Reject,25000,5583.1822971549
459,99277.47034779805,25000,65,3.971098813911922,0.28909090909090907,1,0,0.36634450109949207,6,High,Review,25000,3663.4450109949207
667,66114.2402722318,5000,24,13.22284805444636,0.6672727272727272,3,0,0.28243513479733956,4,Medium,Review,5000,564.8702695946791
841,88465.27696563733,5000,19,17.693055393127466,0.9836363636363636,4,0,0.12076442357272753,0,Very Low,Approve,5000,241.52884714545505
653,58460.819419336614,10000,66,5.846081941933662,0.6418181818181818,3,0,0.23814826787691915,2,Low,Review,10000,952.5930715076767
534,21225.6106398693,25000,60,0.8490244255947721,0.4254545454545455,2,0,0.36441178020125387,5,Medium,Review,25000,3644.1178020125385
762,20000.0,25000,24,0.8,0.84,4,1,0.3877141135030541,6,High,Review,25000,3877.1411350305416
586,75880.28820724005,5000,28,15.176057641448011,0.52,2,0,0.24030872475002607,2,Low,Review,5000,480.61744950005215
450,75826.59866853297,25000,25,3.033063946741319,0.2727272727272727,1,1,0.5250723240115719,7,High,Reject,25000,5250.723240115719
607,49460.1488707329,25000,35,1.9784059548293158,0.5581818181818182,3,0,0.29859934145648437,4,Medium,Review,25000,2985.993414564844
401,86241.11956766629,5000,31,17.24822391353326,0.18363636363636363,1,0,0.44524942711087606,6,High,Reject,5000,890.4988542217523
627,78083.09456821471,25000,38,3.1233237827285887,0.5945454545454546,3,1,0.18823956966378574,1,Very Low,Approve,25000,1882.3956966378578
616,62300.40784968474,10000,59,6.230040784968474,0.5745454545454546,3,1,0.29859934145648437,4,Medium,Review,10000,1194.3973658259376
373,75519.16406296466,5000,47,15.103832812592932,0.13272727272727272,1,1,0.6443688586545729,9,Very High,Reject,5000,1288.737717309146
699,30337.76448271892,5000,50,6.067552896543784,0.7254545454545455,3,1,0.23471382984572742,2,Low,Review,5000,469.42765969145483
603,42495.994303158426,5000,63,8.499198860631685,0.5509090909090909,3,0,0.3112278011218512,4,Medium,Review,5000,622.4556022437025
803,105876.19176548647,15000,34,7.058412784365764,0.9145454545454546,4,0,0.12076442357272753,0,Very Low,Approve,15000,724.5865414363652
426,70856.48161141913,25000,64,2.8342592644567652,0.2290909090909091,1,1,0.5120402409087559,7,High,Reject,25000,5120.402409087559
538,82727.8597408321,10000,50,8.27278597408321,0.43272727272727274,2,0,0.33364254943202304,5,Medium,Review,10000,1334.5701977280921
357,83771.81948503331,25000,51,3.350872779401332,0.10363636363636364,1,1,0.4949621977692941,7,High,Reject,25000,4949.621977692942
734,101346.00592804712,25000,25,4.053840237121885,0.7890909090909091,4,0,0.1413386992852031,1,Very Low,Approve,25000,1413.386992852031
848,102882.95235809505,15000,19,6.85886349053967,0.9963636363636363,4,0,0.12076442357272753,0,Very Low,Approve,15000,724.5865414363652
400,64370.28291176301,5000,23,12.874056582352601,0.18181818181818182,1,1,0.4392225417771011,6,High,Reject,5000,878.4450835542024
846,96326.45525609786,15000,34,6.421763683739858,0.9927272727272727,4,0,0.1019497298567066,0,Very Low,Approve,15000,611.6983791402396
785,82379.1504404564,5000,27,16.475830088091282,0.8818181818181818,4,0,0.06995141544264623,0,Very Low,Approve,5000,139.90283088529245
826,58567.08748526831,5000,67,11.713417497053662,0.9563636363636364,4,0,0.1511317517611824,1,Very Low,Approve,5000,302.26350352236483
621,59497.15671862929,15000,35,3.966477114575286,0.5836363636363636,3,1,0.23162168389643856,2,Low,Review,15000,1389.7301033786314
620,53666.1637474853,5000,58,10.73323274949706,0.5818181818181818,3,1,0.24401638088788932,3,Low,Review,5000,488.0327617757787
570,86250.90987973925,5000,20,17.25018197594785,0.4909090909090909,2,0,0.36509753141322454,6,High,Review,5000,730.1950628264491
745,55459.22261466972,15000,45,3.697281507644648,0.8090909090909091,4,0,0.24030872475002607,2,Low,Review,15000,1441.8523485001565
307,20044.631514772314,5000,66,4.008926302954463,0.012727272727272728,1,1,0.6749848427308401,9,Very High,Reject,5000,1349.9696854616802
609,61319.86803286007,10000,18,6.131986803286007,0.5618181818181818,3,0,0.26454640397888934,3,Low,Review,10000,1058.1856159155575
631,41891.06665924061,15000,27,2.7927377772827073,0.6018181818181818,3,0,0.3217813947137255,5,Medium,Review,15000,1930.6883682823532
568,41096.60742603652,5000,27,8.219321485207304,0.48727272727272725,2,1,0.4161527901032304,6,High,Reject,5000,832.305580206461
407,94471.64842592347,10000,35,9.447164842592347,0.19454545454545455,1,0,0.5357940131912734,7,High,Reject,10000,2143.1760527650936
401,35494.20664499074,10000,45,3.5494206644990745,0.18363636363636363,1,0,0.6516719427195202,9,Very High,Reject,10000,2606.687770878081
401,142942.0282302012,10000,48,14.29420282302012,0.18363636363636363,1,1,0.3539919229574402,5,Medium,Review,10000,1415.967691829761
825,47698.37003338271,25000,26,1.9079348013353084,0.9545454545454546,4,0,0.2464492494758839,3,Low,Review,25000,2464.4924947588393
667,68889.48673076597,10000,53,6.888948673076597,0.6672727272727272,3,1,0.27581941867656157,3,Low,Review,10000,1103.2776747062462
698,105096.65168169665,25000,25,4.203866067267866,0.7236363636363636,3,0,0.11296216813081827,0,Very Low,Approve,25000,1129.6216813081828
652,79219.24238348621,15000,33,5.281282825565747,0.64,3,0,0.22332070229747383,2,Low,Review,15000,1339.924213784843
681,50080.68809080962,15000,38,3.3387125393873083,0.6927272727272727,3,0,0.26454640397888934,3,Low,Review,15000,1587.2784238733361
493,35812.47940298214,25000,35,1.4324991761192858,0.3509090909090909,1,1,0.4777327935222672,7,High,Reject,25000,4777.327935222672
765,57796.09923722206,5000,31,11.559219847444412,0.8454545454545455,4,0,0.1413386992852031,1,Very Low,Approve,5000,282.6773985704062
572,80738.95915164589,25000,48,3.229558366065836,0.49454545454545457,2,1,0.284829665019881,4,Medium,Review,25000,2848.2966501988103
318,46568.45809020098,25000,62,1.862738323608039,0.03272727272727273,1,1,0.8944281524926687,9,Very High,Reject,25000,8944.281524926688
638,73081.17968833906,15000,46,4.872078645889271,0.6145454545454545,3,0,0.24938598382728516,3,Low,Review,15000,1496.315902963711
671,119605.76504387255,25000,54,4.784230601754902,0.6745454545454546,3,1,0.056899661613225405,0,Very Low,Approve,25000,568.9966161322541
672,44478.02693975783,25000,26,1.7791210775903132,0.6763636363636364,3,0,0.26454640397888934,3,Low,Review,25000,2645.4640397888934
428,77670.06486381186,10000,57,7.767006486381185,0.23272727272727273,1,0,0.4963755868544601,7,High,Reject,10000,1985.5023474178404
788,42179.887834970126,10000,23,4.217988783497012,0.8872727272727273,4,0,0.21082734769885605,2,Low,Review,10000,843.3093907954242
701,64085.499003078854,15000,36,4.272366600205257,0.7290909090909091,4,0,0.2624142897138056,3,Low,Review,15000,1574.4857382828336
488,70968.44813228391,15000,64,4.731229875485594,0.3418181818181818,1,0,0.5152063197287525,7,High,Reject,15000,3091.237918372515
395,76198.26831932367,10000,30,7.619826831932367,0.17272727272727273,1,1,0.5121643835616438,7,High,Reject,10000,2048.6575342465753
355,78063.01916105975,10000,37,7.8063019161059755,0.1,1,1,0.5947783603641151,8,Very High,Reject,10000,2379.113441456461
802,39803.302169446746,25000,46,1.5921320867778699,0.9127272727272727,4,0,0.12992092899514768,0,Very Low,Approve,25000,1299.2092899514769
624,75171.19087849458,10000,68,7.5171190878494585,0.5890909090909091,3,0,0.2940641940641941,4,Medium,Review,10000,1176.2567762567764
407,114641.91027537099,15000,53,7.642794018358066,0.19454545454545455,1,0,0.43882519925756086,6,High,Reject,15000,2632.9511955453654
571,27649.055167756233,15000,62,1.8432703445170822,0.49272727272727274,2,0,0.324240553073505,5,Medium,Review,15000,1945.4433184410304
491,33064.08490386643,25000,61,1.3225633961546572,0.3472727272727273,1,0,0.43264611825542626,6,High,Reject,25000,4326.461182554262
620,78770.32087958763,25000,47,3.150812835183505,0.5818181818181818,3,0,0.22222047524710967,2,Low,Review,25000,2222.2047524710965
823,76379.3917467206,25000,51,3.055175669868824,0.9509090909090909,4,0,0.11296216813081827,0,Very Low,Approve,25000,1129.6216813081828
698,51400.41466568291,25000,42,2.0560165866273166,0.7236363636363636,3,0,0.25231736248685405,3,Low,Review,25000,2523.1736248685406
593,60333.02594216388,10000,62,6.033302594216388,0.5327272727272727,2,0,0.2940641940641941,4,Medium,Review,10000,1176.2567762567764
630,65375.693757177425,15000,55,4.358379583811828,0.6,3,0,0.24030872475002607,2,Low,Review,15000,1441.8523485001565
769,47655.83481258123,15000,22,3.177055654172082,0.8527272727272728,4,0,0.24938598382728516,3,Low,Review,15000,1496.315902963711
436,44605.306870785695,15000,30,2.973687124719046,0.24727272727272728,1,1,0.6180137997826919,8,Very High,Reject,15000,3708.0827986961513
491,53111.63883161613,5000,65,10.622327766323226,0.3472727272727273,1,0,0.4953869253387449,7,High,Reject,5000,990.7738506774899
562,87466.72900847936,10000,18,8.746672900847937,0.4763636363636364,2,0,0.29859934145648437,4,Medium,Review,10000,1194.3973658259376
821,62391.03876404784,5000,64,12.478207752809567,0.9472727272727273,4,0,0.15956262649598252,1,Very Low,Approve,5000,319.12525299196506
559,29349.5470719887,15000,37,1.9566364714659135,0.4709090909090909,2,0,0.3976190476190477,6,High,Review,15000,2385.7142857142867
616,70375.7985735864,10000,34,7.037579857358641,0.5745454545454546,3,0,0.32419457955172243,5,Medium,Review,10000,1296.77831820689
332,57179.08817371195,15000,20,3.8119392115807966,0.05818181818181818,1,1,0.7261517510229899,9,Very High,Reject,15000,4356.91050613794
811,81117.24508210583,25000,34,3.244689803284233,0.9290909090909091,4,0,0.12076442357272753,0,Very Low,Approve,25000,1207.6442357272754
662,58455.48194143233,15000,69,3.8970321294288217,0.6581818181818182,3,1,0.26454640397888934,3,Low,Review,15000,1587.2784238733361
641,108076.86794115623,15000,24,7.205124529410416,0.62,3,1,0.23505612192763028,2,Low,Review,15000,1410.3367315657817
833,100560.57388214555,5000,40,20.11211477642911,0.9690909090909091,4,0,0.12076442357272753,0,Very Low,Approve,5000,241.52884714545505
508,57422.68200770685,15000,45,3.82817880051379,0.3781818181818182,2,0,0.4915608469375969,7,High,Reject,15000,2949.3650816255813
381,80471.50825361589,15000,19,5.364767216907726,0.14727272727272728,1,0,0.4546139959647446,6,High,Reject,15000,2727.683975788468
406,62450.1320841017,15000,44,4.163342138940114,0.19272727272727272,1,0,0.5947783603641151,8,Very High,Reject,15000,3568.670162184691
679,75719.0314720191,10000,61,7.571903147201909,0.6890909090909091,3,1,0.19729451964478514,2,Low,Approve,10000,789.1780785791407
458,32128.0333898897,15000,44,2.1418688926593132,0.2872727272727273,1,0,0.6019956131354737,8,Very High,Reject,15000,3611.973678812842
571,68549.73626438982,25000,33,2.741989450575593,0.49272727272727274,2,0,0.3282621031269192,5,Medium,Review,25000,3282.6210312691924
762,91054.76442457543,25000,62,3.642190576983017,0.84,4,0,0.0925502854991434,0,Very Low,Approve,25000,925.502854991434
490,58854.52183222356,15000,66,3.923634788814904,0.34545454545454546,1,0,0.38947368421052636,6,High,Review,15000,2336.8421052631584
768,65230.67482488672,5000,27,13.046134964977345,0.850909090909091,4,1,0.12076442357272753,0,Very Low,Approve,5000,241.52884714545505
305,87057.16231498039,15000,39,5.8038108209986925,0.00909090909090909,1,1,0.6967068536802273,9,Very High,Reject,15000,4180.241122081364
478,97876.20148810504,5000,40,19.575240297621008,0.3236363636363636,1,0,0.29664977587765223,4,Medium,Review,5000,593.2995517553045
835,72229.59182796814,25000,47,2.8891836731187253,0.9727272727272728,4,1,0.09744282437735413,0,Very Low,Approve,25000,974.4282437735413
469,29093.653376797054,10000,26,2.9093653376797053,0.30727272727272725,1,1,0.5789895636569314,8,Very High,Reject,10000,2315.9582546277256
842,95835.15190881674,25000,38,3.8334060763526696,0.9854545454545455,4,0,0.11258848859217664,0,Very Low,Approve,25000,1125.8848859217665
413,63763.335716918715,10000,62,6.376333571691871,0.20545454545454545,1,1,0.45118526008313675,6,High,Reject,10000,1804.741040332547
790,44752.747522764796,5000,46,8.95054950455296,0.8909090909090909,4,1,0.14838157697912085,1,Very Low,Approve,5000,296.76315395824173
515,28627.695867767237,25000,30,1.1451078347106896,0.39090909090909093,2,1,0.3217813947137255,5,Medium,Review,25000,3217.813947137255
794,110190.77014176713,10000,51,11.019077014176714,0.8981818181818182,4,0,0.06179220049143613,0,Very Low,Approve,10000,247.16880196574454
441,82210.91299686671,10000,68,8.221091299686671,0.25636363636363635,1,0,0.3190762190762191,5,Medium,Review,10000,1276.3048763048764
331,45951.46904662291,5000,31,9.190293809324581,0.056363636363636366,1,1,0.614760765793297,8,Very High,Reject,5000,1229.521531586594
718,69096.7850434114,10000,50,6.909678504341139,0.76,4,0,0.20412644117216563,2,Low,Review,10000,816.5057646886626
452,61985.32028816326,10000,49,6.198532028816326,0.27636363636363637,1,0,0.5380881297442809,7,High,Reject,10000,2152.3525189771235
470,20000.0,25000,65,0.8,0.3090909090909091,1,1,0.6183102486374631,8,Very High,Reject,25000,6183.102486374631
582,75098.51040170761,15000,48,5.0065673601138405,0.5127272727272727,2,1,0.33643183300717544,5,Medium,Review,15000,2018.5909980430529
378,46494.19368628229,15000,35,3.099612912418819,0.14181818181818182,1,0,0.6513754938647489,9,Very High,Reject,15000,3908.2529631884936
432,118707.42159467397,15000,51,7.913828106311598,0.24,1,0,0.4300285597715218,6,High,Reject,15000,2580.171358629131
482,70943.29319764965,15000,36,4.72955287984331,0.33090909090909093,1,1,0.3737384506041222,6,High,Review,15000,2242.4307036247333
369,117493.81369989974,15000,40,7.832920913326649,0.12545454545454546,1,1,0.6024319801418189,8,Very High,Reject,15000,3614.591880850913
807,47592.66052369013,25000,65,1.9037064209476051,0.9218181818181819,4,0,0.12000504582473603,0,Very Low,Approve,25000,1200.0504582473604
517,63410.66152034696,15000,35,4.227377434689798,0.39454545454545453,2,0,0.303536619326093,4,Medium,Review,15000,1821.219715956558
431,109204.23232649459,15000,29,7.2802821550996395,0.2381818181818182,1,0,0.40141059446481014,6,High,Reject,15000,2408.463566788861
456,87760.46249213925,10000,39,8.776046249213925,0.28363636363636363,1,1,0.47166465405429586,7,High,Reject,10000,1886.6586162171836
574,73291.19167814407,25000,66,2.9316476671257625,0.49818181818181817,2,1,0.3366945795517225,5,Medium,Review,25000,3366.945795517225
472,27889.02329516434,25000,36,1.1155609318065736,0.31272727272727274,1,1,0.44838841289269693,6,High,Reject,25000,4483.884128926969
346,97938.520475435,5000,69,19.587704095087,0.08363636363636363,1,1,0.3911362975879105,6,High,Review,5000,782.272595175821
816,36256.46361580268,10000,51,3.6256463615802677,0.9381818181818182,4,0,0.23765056419712868,2,Low,Review,10000,950.6022567885148
529,78688.1632608905,10000,49,7.868816326089051,0.4163636363636364,2,1,0.34996246246246243,5,Medium,Review,10000,1399.84984984985
525,71721.2696600248,25000,43,2.868850786400992,0.4090909090909091,2,1,0.2690284058999143,3,Low,Review,25000,2690.284058999143
511,74780.23318093485,5000,32,14.95604663618697,0.3836363636363636,2,0,0.42105263157894735,6,High,Reject,5000,842.1052631578947
650,30142.556244889558,25000,33,1.2057022497955823,0.6363636363636364,3,0,0.2944393546088461,4,Medium,Review,25000,2944.3935460884613
695,74994.49794042128,25000,46,2.999779917616851,0.7181818181818181,3,0,0.29859934145648437,4,Medium,Review,25000,2985.993414564844
615,56171.995499938836,15000,52,3.7447996999959225,0.5727272727272728,3,1,0.2614542580296005,3,Low,Review,15000,1568.7255481776028
420,100107.90704987381,15000,57,6.673860469991587,0.21818181818181817,1,0,0.34076210312691924,5,Medium,Review,15000,2044.5726187615155
407,48451.62050206431,10000,51,4.845162050206431,0.19454545454545455,1,1,0.6603985203970286,9,Very High,Reject,10000,2641.5940815881145
406,50574.889006819925,15000,51,3.3716592671213284,0.19272727272727272,1,0,0.6446653075093441,9,Very High,Reject,15000,3867.9918450560654
471,54568.36586694016,10000,64,5.456836586694016,0.3109090909090909,1,0,0.5032436014227168,7,High,Reject,10000,2012.9744056908673
533,39898.00917612431,5000,23,7.979601835224861,0.42363636363636364,2,0,0.5397917559219753,7,High,Reject,5000,1079.5835118439506
565,55972.820915328266,10000,59,5.5972820915328265,0.4818181818181818,2,0,0.34858535094755566,5,Medium,Review,10000,1394.3414037902228
765,57796.09923722206,25000,31,2.311843969488882,0.8454545454545455,4,1,0.13353644384329386,0,Very Low,Approve,25000,1335.3644384329386
829,38443.99206641789,10000,54,3.844399206641789,0.9618181818181818,4,0,0.21391949364814491,2,Low,Review,10000,855.6779745925796
605,67928.10540374629,5000,29,13.585621080749258,0.5545454545454546,3,0,0.2854989123645841,4,Medium,Review,5000,570.9978247291682
768,68589.74563698731,5000,46,13.717949127397462,0.850909090909091,4,0,0.14838157697912085,1,Very Low,Approve,5000,296.76315395824173
759,77502.82074052167,25000,39,3.100112829620867,0.8345454545454546,4,0,0.13353644384329386,0,Very Low,Approve,25000,1335.3644384329386
398,60257.662663689815,25000,42,2.4103065065475926,0.1781818181818182,1,0,0.4963755868544601,7,High,Reject,25000,4963.755868544601
550,39186.66809476474,15000,33,2.6124445396509826,0.45454545454545453,2,1,0.36722709551656924,6,High,Review,15000,2203.362573099416
474,81676.63681820885,10000,64,8.167663681820885,0.31636363636363635,1,1,0.40443973919473014,6,High,Reject,10000,1617.7589567789207
466,51984.23483594252,25000,40,2.079369393437701,0.3018181818181818,1,0,0.5827460235674083,8,Very High,Reject,25000,5827.460235674084
324,96812.08327121899,10000,24,9.6812083271219,0.04363636363636364,1,0,0.6603985203970286,9,Very High,Reject,10000,2641.5940815881145
772,64957.146158273405,15000,63,4.330476410551561,0.8581818181818182,4,0,0.14057932153721162,1,Very Low,Approve,15000,843.4759292232698
408,51544.07174813027,15000,40,3.4362714498753513,0.19636363636363635,1,0,0.6446653075093441,9,Very High,Reject,15000,3867.9918450560654
530,41780.19796368854,5000,25,8.356039592737707,0.41818181818181815,2,0,0.38947368421052636,6,High,Review,5000,778.9473684210528
475,45428.33724256272,25000,51,1.8171334897025087,0.3181818181818182,1,1,0.4758503401360545,7,High,Reject,25000,4758.503401360545
711,47451.06754262195,25000,27,1.8980427017048782,0.7472727272727273,4,0,0.3159132817027554,4,Medium,Review,25000,3159.1328170275538
454,51815.91655699728,5000,19,10.363183311399457,0.28,1,1,0.5180294070032093,7,High,Reject,5000,1036.0588140064187
495,96298.68636282893,15000,49,6.419912424188595,0.35454545454545455,1,1,0.38947368421052636,6,High,Review,15000,2336.8421052631584
591,62914.73163133596,5000,29,12.582946326267193,0.5290909090909091,2,1,0.2911840411840412,4,Medium,Review,5000,582.3680823680824
486,49283.64237313574,15000,30,3.2855761582090497,0.3381818181818182,1,0,0.45139174957086503,6,High,Reject,15000,2708.35049742519
799,100840.62549552365,5000,39,20.16812509910473,0.9072727272727272,4,0,0.1413386992852031,1,Very Low,Approve,5000,282.6773985704062
312,53244.91653036722,10000,43,5.324491653036722,0.02181818181818182,1,1,0.7396399049052323,9,Very High,Reject,10000,2958.5596196209294
321,20000.0,10000,42,2.0,0.038181818181818185,1,0,0.8315939278937382,9,Very High,Reject,10000,3326.375711574953
316,106821.70504746324,15000,52,7.121447003164216,0.02909090909090909,1,1,0.6144643169385257,8,Very High,Reject,15000,3686.785901631154
359,126309.24782171809,15000,62,8.420616521447872,0.10727272727272727,1,0,0.4909146160276123,7,High,Reject,15000,2945.487696165674
640,43059.56607842737,5000,55,8.611913215685474,0.6181818181818182,3,0,0.25372247086920857,3,Low,Review,5000,507.4449417384172
381,98464.80345739017,10000,43,9.846480345739018,0.14727272727272728,1,1,0.424712643678161,6,High,Reject,10000,1698.850574712644
334,79703.93161089663,25000,69,3.188157264435865,0.06181818181818182,1,1,0.6356422809770645,9,Very High,Reject,25000,6356.4228097706455
808,111269.52856089333,15000,37,7.417968570726222,0.9236363636363636,4,0,0.11296216813081827,0,Very Low,Approve,15000,677.7730087849097
432,70598.17184866517,5000,60,14.119634369733033,0.24,1,1,0.5261254114382453,7,High,Reject,5000,1052.2508228764907
409,80319.76853958225,5000,66,16.06395370791645,0.19818181818181818,1,0,0.5623275972305949,7,High,Reject,5000,1124.65519446119
705,76504.94203075103,15000,43,5.100329468716735,0.7363636363636363,4,0,0.21489805228591177,2,Low,Review,15000,1289.3883137154708
775,79472.74545172835,15000,48,5.298183030115223,0.8636363636363636,4,0,0.11296216813081827,0,Very Low,Approve,15000,677.7730087849097
446,61921.58911619331,10000,66,6.192158911619331,0.26545454545454544,1,0,0.5120402409087559,7,High,Reject,10000,2048.1609636350236
561,62844.57254981368,10000,45,6.284457254981368,0.47454545454545455,2,1,0.3795564795564796,6,High,Review,10000,1518.2259182259183
835,119433.00952605554,15000,61,7.962200635070369,0.9727272727272728,4,0,0.0925502854991434,0,Very Low,Approve,15000,555.3017129948604
503,76784.78156912477,10000,36,7.678478156912477,0.3690909090909091,2,0,0.41852490972421946,6,High,Reject,10000,1674.0996388968779
375,56198.758599192704,15000,40,3.746583906612847,0.13636363636363635,1,1,0.648122459875354,9,Very High,Reject,15000,3888.734759252124
515,36610.06836186189,10000,36,3.661006836186189,0.39090909090909093,2,0,0.3559412406962316,5,Medium,Review,10000,1423.7649627849266
300,52046.64858332857,15000,62,3.4697765722219045,0.0,,1,0.6998777241543488,9,Very High,Reject,15000,4199.266344926093
439,106897.96969023441,10000,54,10.689796969023442,0.25272727272727274,1,1,0.41852490972421946,6,High,Reject,10000,1674.0996388968779
377,48098.640836279876,5000,36,9.619728167255975,0.14,1,1,0.615956324402654,8,Very High,Reject,5000,1231.9126488053082
345,56454.45449384661,25000,19,2.2581781797538647,0.08181818181818182,1,0,0.6749848427308401,9,Very High,Reject,25000,6749.848427308401
691,87001.64907393356,15000,48,5.800109938262237,0.7109090909090909,3,0,0.15009370834124233,1,Very Low,Approve,15000,900.5622500474541
815,78277.12827439874,25000,27,3.1310851309759498,0.9363636363636364,4,1,0.11296216813081827,0,Very Low,Approve,25000,1129.6216813081828
400,54056.56693989188,25000,34,2.1622626775956753,0.18181818181818182,1,0,0.48615086102352656,7,High,Reject,25000,4861.508610235265
404,97754.87140135751,5000,31,19.5509742802715,0.1890909090909091,1,0,0.4165755919854281,6,High,Reject,5000,833.1511839708562
539,38037.18146588507,5000,19,7.607436293177014,0.43454545454545457,2,0,0.5362853437094682,7,High,Reject,5000,1072.5706874189366
671,74248.14032510977,25000,38,2.9699256130043907,0.6745454545454546,3,0,0.20412644117216563,2,Low,Review,25000,2041.2644117216564
446,66465.22293429481,25000,42,2.6586089173717924,0.26545454545454544,1,0,0.5678450593900116,8,Very High,Reject,25000,5678.4505939001165
725,128084.33328498894,15000,64,8.538955552332595,0.7727272727272727,4,0,0.0925502854991434,0,Very Low,Approve,15000,555.3017129948604
537,67577.94814293012,25000,20,2.703117925717205,0.4309090909090909,2,0,0.26454640397888934,3,Low,Review,25000,2645.4640397888934
834,26376.601946164985,25000,34,1.0550640778465994,0.9709090909090909,4,0,0.16182912797139884,1,Very Low,Approve,25000,1618.2912797139886
313,67478.144811904,25000,63,2.69912579247616,0.023636363636363636,1,1,0.6603985203970286,9,Very High,Reject,25000,6603.985203970286
770,20000.0,10000,38,2.0,0.8545454545454545,4,0,0.3086729586729587,4,Medium,Review,10000,1234.6918346918349
339,62345.14774900617,25000,19,2.4938059099602468,0.07090909090909091,1,1,0.6446653075093441,9,Very High,Reject,25000,6446.653075093442
754,79304.32827593658,5000,34,15.860865655187316,0.8254545454545454,4,0,0.0925502854991434,0,Very Low,Approve,5000,185.1005709982868
603,47597.07371634246,25000,26,1.9038829486536983,0.5509090909090909,3,0,0.29859934145648437,4,Medium,Review,25000,2985.993414564844
631,54462.92507084093,15000,46,3.6308616713893955,0.6018181818181818,3,1,0.26454640397888934,3,Low,Review,15000,1587.2784238733361
527,72114.16976186316,25000,68,2.8845667904745262,0.4127272727272727,2,1,0.32913185742133105,5,Medium,Review,25000,3291.318574213311
656,100615.69330193108,5000,43,20.123138660386218,0.6472727272727272,3,0,0.22641284824676267,2,Low,Review,5000,452.8256964935254
663,29579.411801270253,5000,34,5.9158823602540505,0.66,3,0,0.3156183179805227,4,Medium,Review,5000,631.2366359610454
831,82197.55207230995,25000,32,3.2879020828923977,0.9654545454545455,4,0,0.10448570207127189,0,Very Low,Approve,25000,1044.8570207127188
518,58444.160765428605,15000,45,3.896277384361907,0.39636363636363636,2,0,0.3198320769749341,5,Medium,Review,15000,1918.9924618496045
687,59356.93420969663,25000,38,2.3742773683878653,0.7036363636363636,3,0,0.23814826787691915,2,Low,Review,25000,2381.482678769192
562,74579.20474397251,5000,49,14.915840948794504,0.4763636363636364,2,0,0.36441178020125387,5,Medium,Review,5000,728.8235604025077
565,20000.0,10000,42,2.0,0.4818181818181818,2,0,0.39227053140096624,6,High,Review,10000,1569.082125603865
733,71099.65469994117,15000,47,4.739976979996078,0.7872727272727272,4,0,0.1532425281905211,1,Very Low,Approve,15000,919.4551691431266
716,35290.38323149823,25000,34,1.4116153292599292,0.7563636363636363,4,0,0.26454640397888934,3,Low,Review,25000,2645.4640397888934
426,52820.820424271384,5000,53,10.564164084854276,0.2290909090909091,1,1,0.5765654942895153,8,Very High,Reject,5000,1153.1309885790306
301,78874.17912496533,10000,68,7.887417912496534,0.0018181818181818182,1,1,0.6281400544461723,8,Very High,Reject,10000,2512.560217784689
720,112210.92349035642,15000,32,7.480728232690428,0.7636363636363637,4,1,0.11296216813081827,0,Very Low,Approve,15000,677.7730087849097
444,44035.48351296244,10000,57,4.403548351296244,0.26181818181818184,1,1,0.6120402475711096,8,Very High,Reject,10000,2448.160990284439
587,68785.18490180047,10000,49,6.878518490180047,0.5218181818181818,2,1,0.2801206069711788,4,Medium,Review,10000,1120.4824278847152
848,48155.247358513094,10000,52,4.81552473585131,0.9963636363636363,4,0,0.1326682524780455,0,Very Low,Approve,10000,530.673009912182
441,46231.991637679675,5000,41,9.246398327535935,0.25636363636363635,1,0,0.6246829020801624,8,Very High,Reject,5000,1249.3658041603248
849,58104.001002588586,5000,44,11.620800200517717,0.9981818181818182,4,0,0.1413386992852031,1,Very Low,Approve,5000,282.6773985704062
574,44479.026028742715,15000,68,2.9652684019161812,0.49818181818181817,2,0,0.28743349351389785,4,Medium,Review,15000,1724.6009610833871
749,82908.50201351027,25000,24,3.3163400805404106,0.8163636363636364,4,0,0.14544027274861182,1,Very Low,Approve,25000,1454.4027274861182
671,61767.5635741123,25000,64,2.4707025429644918,0.6745454545454546,3,1,0.20412644117216563,2,Low,Review,25000,2041.2644117216564
371,85883.33588412088,10000,41,8.588333588412087,0.1290909090909091,1,1,0.6180137997826919,8,Very High,Reject,10000,2472.0551991307675
466,87597.28501590004,5000,45,17.51945700318001,0.3018181818181818,1,1,0.30071754729288974,4,Medium,Review,5000,601.4350945857796
764,52155.00618229913,5000,67,10.431001236459826,0.8436363636363636,4,0,0.13353644384329386,0,Very Low,Approve,5000,267.0728876865877
778,87131.40802164901,25000,33,3.4852563208659606,0.8690909090909091,4,0,0.09744282437735413,0,Very Low,Approve,25000,974.4282437735413
767,42433.6410003045,5000,36,8.4867282000609,0.8490909090909091,4,0,0.18965128901248884,1,Very Low,Approve,5000,379.3025780249777
343,127304.59996501717,10000,29,12.730459996501716,0.07818181818181819,1,1,0.46632917983438954,7,High,Reject,10000,1865.3167193375584
591,70474.09789639938,5000,42,14.094819579279877,0.5290909090909091,2,0,0.3132161130141155,4,Medium,Review,5000,626.4322260282311
393,70832.1260271968,25000,19,2.8332850410878723,0.1690909090909091,1,0,0.5670268453508956,7,High,Reject,25000,5670.268453508957
744,61246.30419956402,10000,22,6.124630419956402,0.8072727272727273,4,0,0.23471382984572742,2,Low,Review,10000,938.8553193829097
352,41963.72441427696,5000,60,8.392744882855393,0.09454545454545454,1,1,0.6281400544461723,8,Very High,Reject,5000,1256.2801088923445
483,105581.41726320135,5000,31,21.11628345264027,0.3327272727272727,1,0,0.28297129748778677,4,Medium,Review,5000,565.9425949755736
610,84787.43589932393,25000,48,3.391497435972957,0.5636363636363636,3,0,0.27646066142306747,4,Medium,Review,25000,2764.6066142306745
542,80811.35541605751,5000,46,16.162271083211504,0.44,2,0,0.35371355607576077,5,Medium,Review,5000,707.4271121515216
644,31878.8554766815,15000,58,2.1252570317787667,0.6254545454545455,3,0,0.24401638088788932,3,Low,Review,15000,1464.098285327336
321,112817.20335891988,25000,47,4.512688134356796,0.038181818181818185,1,1,0.5425125234226834,7,High,Reject,25000,5425.125234226834
786,55480.91490345489,10000,56,5.548091490345489,0.8836363636363637,4,0,0.23505612192763028,2,Low,Review,10000,940.2244877105212
481,74797.03155613961,5000,63,14.959406311227923,0.3290909090909091,1,0,0.3911362975879105,6,High,Review,5000,782.272595175821
506,63943.300039130176,15000,45,4.262886669275345,0.37454545454545457,2,0,0.5091055600322321,7,High,Reject,15000,3054.6333601933925
618,20000.0,5000,55,4.0,0.5781818181818181,3,0,0.2973760889602474,4,Medium,Review,5000,594.7521779204949
711,49816.92386322712,25000,37,1.992676954529085,0.7472727272727273,4,0,0.3620308278203015,5,Medium,Review,25000,3620.3082782030156
501,20000.0,25000,35,0.8,0.3654545454545455,2,1,0.3976190476190477,6,High,Review,25000,3976.1904761904775
499,97904.40203825056,25000,20,3.9161760815300224,0.3618181818181818,1,0,0.35389718076285237,5,Medium,Review,25000,3538.9718076285235
452,101645.89946507408,15000,40,6.776393297671605,0.27636363636363637,1,1,0.33201058201058203,5,Medium,Review,15000,1992.0634920634923
465,46825.12935707358,15000,19,3.121675290471572,0.3,1,0,0.5032436014227168,7,High,Reject,15000,3019.4616085363014
394,123116.83264632046,5000,26,24.623366529264093,0.1709090909090909,1,0,0.5097834311806915,7,High,Reject,5000,1019.566862361383
584,35883.416287190135,25000,47,1.4353366514876054,0.5163636363636364,2,0,0.30266686503168116,4,Medium,Review,25000,3026.668650316812
823,83628.77160712043,5000,27,16.725754321424088,0.9509090909090909,4,0,0.09744282437735413,0,Very Low,Approve,5000,194.88564875470828
737,65514.754430866975,15000,22,4.367650295391131,0.7945454545454546,4,0,0.20412644117216563,2,Low,Review,15000,1224.7586470329938
840,62822.88184642125,15000,38,4.18819212309475,0.9818181818181818,4,0,0.1326682524780455,0,Very Low,Approve,15000,796.0095148682731
458,72180.50862938199,5000,34,14.436101725876398,0.2872727272727273,1,0,0.47698057014765666,7,High,Reject,5000,953.9611402953134
758,60392.7749541822,25000,64,2.4157109981672877,0.8327272727272728,4,0,0.20412644117216563,2,Low,Review,25000,2041.2644117216564
566,73376.35879780428,10000,38,7.337635879780428,0.48363636363636364,2,0,0.34467145717145714,5,Medium,Review,10000,1378.6858286858287
610,52100.47526627301,15000,47,3.473365017751534,0.5636363636363636,3,1,0.26454640397888934,3,Low,Review,15000,1587.2784238733361
378,94676.27876665955,5000,56,18.935255753331912,0.14181818181818182,1,1,0.47166465405429586,7,High,Reject,5000,943.3293081085918
406,35165.529688904506,25000,31,1.4066211875561803,0.19272727272727272,1,0,0.6478260110205828,9,Very High,Reject,25000,6478.260110205829
794,36817.86190732675,25000,39,1.47271447629307,0.8981818181818182,4,1,0.22019937032151057,2,Low,Review,25000,2201.993703215106
374,24882.374755054698,5000,28,4.97647495101094,0.13454545454545455,1,0,0.5983278432082814,8,Very High,Reject,5000,1196.6556864165627
461,53777.29031717484,25000,59,2.1510916126869937,0.2927272727272727,1,0,0.60250159863249,8,Very High,Reject,25000,6025.0159863249
599,78271.67905167872,25000,23,3.1308671620671484,0.5436363636363636,2,0,0.1630355806665004,1,Very Low,Approve,25000,1630.355806665004
620,78770.32087958763,10000,47,7.877032087958763,0.5818181818181818,3,1,0.27581941867656157,3,Low,Review,10000,1103.2776747062462
624,103965.70042675216,10000,69,10.396570042675215,0.5890909090909091,3,0,0.2590777524512464,3,Low,Review,10000,1036.3110098049858
801,87663.60392774909,5000,54,17.53272078554982,0.9109090909090909,4,0,0.09744282437735413,0,Very Low,Approve,5000,194.88564875470828
540,50491.12492868172,10000,59,5.049112492868172,0.43636363636363634,2,1,0.29542654200188445,4,Medium,Review,10000,1181.7061680075378
469,105123.36254384754,15000,60,7.008224169589837,0.30727272727272725,1,1,0.2905238673744392,4,Medium,Review,15000,1743.1432042466354
313,53569.536517020104,15000,68,3.571302434468007,0.023636363636363636,1,1,0.6772709083633454,9,Very High,Reject,15000,4063.6254501800718
310,40543.358768344,5000,29,8.1086717536688,0.01818181818181818,1,0,0.6601020715422573,9,Very High,Reject,5000,1320.2041430845147
388,59499.54930850815,5000,52,11.89990986170163,0.16,1,0,0.5386139768024713,7,High,Reject,5000,1077.2279536049425
318,42050.597384731605,10000,33,4.20505973847316,0.03272727272727273,1,1,0.7144640464881604,9,Very High,Reject,10000,2857.8561859526417
846,31207.311699383834,5000,46,6.241462339876767,0.9927272727272727,4,0,0.2819931391359963,4,Medium,Review,5000,563.9862782719925
823,40047.63430577412,5000,39,8.009526861154823,0.9509090909090909,4,1,0.22800162576341979,2,Low,Review,5000,456.0032515268396
810,49689.427727478294,15000,47,3.3126285151652195,0.9272727272727272,4,0,0.23471382984572742,2,Low,Review,15000,1408.2829790743644
758,24652.46361302521,5000,30,4.930492722605043,0.8327272727272728,4,1,0.2698299608727712,3,Low,Review,5000,539.6599217455425
788,42179.887834970126,15000,23,2.811992522331342,0.8872727272727273,4,0,0.22332070229747383,2,Low,Review,15000,1339.924213784843
457,71262.85509388993,5000,30,14.252571018777985,0.28545454545454546,1,1,0.5120402409087559,7,High,Reject,5000,1024.0804818175118
371,58816.226821277174,5000,42,11.763245364255434,0.1290909090909091,1,1,0.6280373297917158,8,Very High,Reject,5000,1256.0746595834316
336,49705.80344518201,25000,64,1.9882321378072805,0.06545454545454546,1,1,0.6446724901795459,9,Very High,Reject,25000,6446.724901795458
367,52004.14635686934,5000,65,10.400829271373869,0.12181818181818181,1,1,0.6086899988673689,8,Very High,Reject,5000,1217.3799977347378
457,97447.91264151905,10000,45,9.744791264151905,0.28545454545454546,1,0,0.4000000000000001,6,High,Reject,10000,1600.0000000000002
461,59326.43834655189,25000,27,2.3730575338620756,0.2927272727272727,1,0,0.5538769264514647,7,High,Reject,25000,5538.769264514647
484,35087.123796226675,25000,27,1.403484951849067,0.33454545454545453,1,1,0.46800464195508223,7,High,Reject,25000,4680.046419550823
478,59985.720483605786,10000,61,5.998572048360579,0.3236363636363636,1,1,0.43163669506081953,6,High,Reject,10000,1726.5467802432781
439,55203.08086532834,15000,19,3.680205391021889,0.25272727272727274,1,1,0.5538769264514647,7,High,Reject,15000,3323.2615587087885
501,50892.75368202452,10000,20,5.089275368202452,0.3654545454545455,2,1,0.3640725745988904,5,Medium,Review,10000,1456.2902983955616
515,36610.06836186189,15000,36,2.4406712241241264,0.39090909090909093,2,0,0.47157633647626235,7,High,Reject,15000,2829.458018857574
379,83464.15098005153,15000,24,5.564276732003435,0.14363636363636365,1,1,0.4049012253063266,6,High,Reject,15000,2429.40735183796
505,68635.68043514398,5000,32,13.727136087028796,0.37272727272727274,2,1,0.48933333333333334,7,High,Reject,5000,978.6666666666667
578,63573.97082867646,10000,44,6.357397082867646,0.5054545454545455,2,0,0.33364254943202304,5,Medium,Review,10000,1334.5701977280921
574,44479.026028742715,25000,68,1.7791610411497085,0.49818181818181817,2,0,0.26454640397888934,3,Low,Review,25000,2645.4640397888934
836,77281.85051815707,5000,64,15.456370103631413,0.9745454545454545,4,0,0.1413386992852031,1,Very Low,Approve,5000,282.6773985704062
439,58816.60090258955,25000,27,2.3526640361035818,0.25272727272727274,1,0,0.5789199451662602,8,Very High,Reject,25000,5789.199451662602
677,80830.63275287734,10000,57,8.083063275287733,0.6854545454545454,3,0,0.15817462945510016,1,Very Low,Approve,10000,632.6985178204008
406,67028.11458546258,10000,20,6.7028114585462575,0.19272727272727272,1,1,0.5552903155366307,7,High,Reject,10000,2221.161262146523
743,81397.30344468956,5000,18,16.279460688937913,0.8054545454545454,4,0,0.0925502854991434,0,Very Low,Approve,5000,185.1005709982868
793,85585.57961405779,10000,38,8.558557961405779,0.8963636363636364,4,0,0.11296216813081827,0,Very Low,Approve,10000,451.84867252327314
823,85828.94416573587,15000,26,5.721929611049058,0.9509090909090909,4,0,0.12076442357272753,0,Very Low,Approve,15000,724.5865414363652
456,33403.21098165709,5000,54,6.6806421963314175,0.28363636363636363,1,1,0.6267403774602003,8,Very High,Reject,5000,1253.4807549204006
695,59332.66825253202,15000,61,3.9555112168354682,0.7181818181818181,3,0,0.22907100879966005,2,Low,Review,15000,1374.4260527979604
612,86504.56595987892,10000,67,8.650456595987892,0.5672727272727273,3,0,0.20902993927494162,2,Low,Review,10000,836.1197570997665
595,73541.50579881566,5000,46,14.708301159763133,0.5363636363636364,2,0,0.30963839705648355,4,Medium,Review,5000,619.2767941129671
382,26385.006827359415,5000,33,5.277001365471883,0.14909090909090908,1,0,0.5464936760505916,7,High,Reject,5000,1092.9873521011834
441,46231.991637679675,10000,41,4.623199163767968,0.25636363636363635,1,1,0.6180137997826919,8,Very High,Reject,10000,2472.0551991307675
333,32256.7006408092,15000,69,2.15044670938728,0.06,1,1,0.5730887808738075,8,Very High,Reject,15000,3438.532685242845
586,30460.207038410474,25000,25,1.218408281536419,0.52,2,1,0.3159132817027554,4,Medium,Review,25000,3159.1328170275538
730,96343.36965549336,15000,21,6.422891310366223,0.7818181818181819,4,0,0.20447885459193418,2,Low,Review,15000,1226.8731275516052
616,98729.47622221764,5000,56,19.745895244443528,0.5745454545454546,3,0,0.32110243360243357,5,Medium,Review,5000,642.2048672048672
302,64319.64669055358,25000,69,2.572785867622143,0.0036363636363636364,1,1,0.5670268453508956,7,High,Reject,25000,5670.268453508957
303,77983.9686409472,15000,49,5.198931242729814,0.005454545454545455,1,1,0.6359387298318359,9,Very High,Reject,15000,3815.6323789910152
571,70962.47314182635,5000,29,14.19249462836527,0.49272727272727274,2,0,0.3335217800971226,5,Medium,Review,5000,667.0435601942453
330,55718.56573324015,10000,38,5.571856573324015,0.05454545454545454,1,1,0.6516719427195202,9,Very High,Reject,10000,2606.687770878081
789,88884.71427949627,15000,47,5.925647618633085,0.889090909090909,4,0,0.09744282437735413,0,Very Low,Approve,15000,584.6569462641248
409,72856.68554502958,25000,56,2.9142674218011835,0.19818181818181818,1,0,0.5266512584964356,7,High,Reject,25000,5266.5125849643555
416,73100.91106766333,10000,47,7.310091106766333,0.2109090909090909,1,0,0.38947368421052636,6,High,Review,10000,1557.8947368421057
495,48552.53778563147,5000,18,9.710507557126295,0.35454545454545455,1,1,0.3141735444487738,4,Medium,Review,5000,628.3470888975477
570,20000.0,10000,62,2.0,0.4909090909090909,2,0,0.3620308278203015,5,Medium,Review,10000,1448.123311281206
331,45951.46904662291,25000,31,1.8380587618649162,0.056363636363636366,1,1,0.7739956122309063,9,Very High,Reject,25000,7739.956122309063
470,57323.791476872466,25000,49,2.2929516590748986,0.3090909090909091,1,1,0.5180294070032093,7,High,Reject,25000,5180.294070032093
766,71719.39472871604,5000,46,14.343878945743208,0.8472727272727273,4,0,0.1413386992852031,1,Very Low,Approve,5000,282.6773985704062
326,81147.2605068973,5000,58,16.22945210137946,0.04727272727272727,1,1,0.5911913642202479,8,Very High,Reject,5000,1182.3827284404958
740,43485.86490465283,25000,53,1.7394345961861133,0.8,4,1,0.23814826787691915,2,Low,Review,25000,2381.482678769192
480,46531.53186737681,25000,37,1.8612612746950725,0.32727272727272727,1,1,0.5493167633250483,7,High,Reject,25000,5493.167633250483
636,73417.80738551528,10000,44,7.3417807385515275,0.610909090909091,3,0,0.25978924423054556,3,Low,Review,10000,1039.1569769221824
533,53505.88460423809,5000,26,10.701176920847619,0.42363636363636364,2,0,0.4403755868544601,6,High,Reject,5000,880.7511737089202
571,49434.65250101703,15000,23,3.295643500067802,0.49272727272727274,2,0,0.27494966438214974,3,Low,Review,15000,1649.6979862928983
682,74208.80009602428,25000,36,2.968352003840971,0.6945454545454546,3,1,0.20412644117216563,2,Low,Review,25000,2041.2644117216564
767,51122.26930179125,25000,41,2.0448907720716503,0.8490909090909091,4,0,0.23814826787691915,2,Low,Review,25000,2381.482678769192
329,81588.64046246087,25000,42,3.263545618498435,0.05272727272727273,1,1,0.5771061936907586,8,Very High,Reject,25000,5771.061936907586
737,87527.7945265543,25000,56,3.5011117810621717,0.7945454545454546,4,1,0.06995141544264623,0,Very Low,Approve,25000,699.5141544264623
778,64173.299965955805,15000,61,4.278219997730387,0.8690909090909091,4,0,0.14838157697912085,1,Very Low,Approve,15000,890.2894618747252
462,69044.78851506801,5000,30,13.808957703013602,0.29454545454545455,1,0,0.4250602715391448,6,High,Reject,5000,850.1205430782896
418,76608.01402066663,15000,39,5.107200934711108,0.21454545454545454,1,1,0.5240029592147916,7,High,Reject,15000,3144.0177552887494
571,83987.50093790305,5000,49,16.79750018758061,0.49272727272727274,2,0,0.3620308278203015,5,Medium,Review,5000,724.061655640603
486,44445.85983276483,10000,45,4.4445859832764825,0.3381818181818182,1,1,0.5789199451662602,8,Very High,Reject,10000,2315.6797806650407
334,79703.93161089663,10000,69,7.970393161089663,0.06181818181818182,1,0,0.6270368263149716,8,Very High,Reject,10000,2508.1473052598863
448,34261.843719565346,15000,25,2.2841229146376896,0.2690909090909091,1,1,0.6084907647269434,8,Very High,Reject,15000,3650.944588361661
827,86788.10965219836,15000,45,5.785873976813224,0.9581818181818181,4,0,0.056899661613225405,0,Very Low,Approve,15000,341.39796967935246
305,67776.68682989082,5000,33,13.555337365978165,0.00909090909090909,1,1,0.7867045752568963,9,Very High,Reject,5000,1573.4091505137926
623,54121.53130094914,10000,29,5.4121531300949135,0.5872727272727273,3,0,0.27041451698985947,3,Low,Review,10000,1081.6580679594379
706,36895.85038095165,5000,36,7.37917007619033,0.7381818181818182,4,1,0.2771031844768166,4,Medium,Review,5000,554.2063689536332
842,69549.74706556994,15000,43,4.63664980437133,0.9854545454545455,4,0,0.1767202439323096,1,Very Low,Approve,15000,1060.3214635938575
829,54131.62579689522,15000,69,3.608775053126348,0.9618181818181818,4,0,0.20412644117216563,2,Low,Review,15000,1224.7586470329938
705,88592.54085999604,15000,60,5.906169390666403,0.7363636363636363,4,0,0.21429769934753326,2,Low,Review,15000,1285.7861960851997
452,37071.45596988468,5000,40,7.414291193976935,0.27636363636363637,1,0,0.5789895636569314,8,Very High,Reject,5000,1157.9791273138628
649,47621.26604807819,25000,43,1.9048506419231277,0.6345454545454545,3,1,0.23814826787691915,2,Low,Review,25000,2381.482678769192
570,69778.1058459098,25000,26,2.791124233836392,0.4909090909090909,2,1,0.3017656946228375,4,Medium,Review,25000,3017.656946228375
714,37121.84343341281,5000,36,7.424368686682562,0.7527272727272727,4,1,0.2831863455511617,4,Medium,Review,5000,566.3726911023234
812,94277.54929173898,15000,30,6.285169952782598,0.9309090909090909,4,0,0.12076442357272753,0,Very Low,Approve,15000,724.5865414363652
414,50016.10737367508,10000,55,5.001610737367508,0.20727272727272728,1,0,0.6359387298318359,9,Very High,Reject,10000,2543.7549193273435
629,119438.8547170193,15000,42,7.9625903144679535,0.5981818181818181,3,0,0.179378404485207,1,Very Low,Approve,15000,1076.2704269112419
632,44861.83293723699,25000,21,1.7944733174894796,0.6036363636363636,3,0,0.29031428688962935,4,Medium,Review,25000,2903.1428688962937
401,20000.0,25000,57,0.8,0.18363636363636363,1,1,0.6323892469876696,8,Very High,Reject,25000,6323.892469876696
649,78185.96629649992,5000,51,15.637193259299982,0.6345454545454545,3,0,0.3420542991971563,5,Medium,Review,5000,684.1085983943126
389,103178.30960387827,5000,55,20.635661920775654,0.1618181818181818,1,1,0.4774396384063901,7,High,Reject,5000,954.8792768127802
628,88732.41245938289,10000,64,8.873241245938289,0.5963636363636363,3,0,0.2464492494758839,3,Low,Review,10000,985.7969979035357
351,97573.21054864528,25000,61,3.9029284219458114,0.09272727272727273,1,1,0.6516719427195202,9,Very High,Reject,25000,6516.719427195203
800,48202.06723837524,25000,61,1.9280826895350096,0.9090909090909091,4,0,0.09744282437735413,0,Very Low,Approve,25000,974.4282437735413
840,108909.44969069981,5000,49,21.78188993813996,0.9818181818181818,4,0,0.12076442357272753,0,Very Low,Approve,5000,241.52884714545505
566,20000.0,15000,46,1.3333333333333333,0.48363636363636364,2,1,0.38860625331213566,6,High,Review,15000,2331.6375198728138
395,62935.185616217736,15000,66,4.195679041081182,0.17272727272727273,1,1,0.5789895636569314,8,Very High,Reject,15000,3473.9373819415887
523,105047.46978974954,5000,39,21.009493957949907,0.40545454545454546,2,0,0.17066798405371789,1,Very Low,Approve,5000,341.3359681074358
699,32964.62550554934,25000,20,1.3185850202219735,0.7254545454545455,3,0,0.23814826787691915,2,Low,Review,25000,2381.482678769192
378,82173.91580246693,15000,56,5.478261053497795,0.14181818181818182,1,1,0.5434595258491676,7,High,Reject,15000,3260.7571550950056
477,60766.77857212382,10000,35,6.076677857212382,0.32181818181818184,1,0,0.4708014891455221,7,High,Reject,10000,1883.2059565820884
532,54695.97137379465,15000,25,3.64639809158631,0.4218181818181818,2,0,0.3823037323037323,6,High,Review,15000,2293.822393822394
326,37380.63315896208,5000,26,7.476126631792416,0.04727272727272727,1,1,0.6603985203970286,9,Very High,Reject,5000,1320.7970407940572
706,40211.8239723842,5000,56,8.042364794476839,0.7381818181818182,4,0,0.29031428688962935,4,Medium,Review,5000,580.6285737792588
754,70882.92921211594,15000,42,4.725528614141062,0.8254545454545454,4,1,0.16736488193789179,1,Very Low,Approve,15000,1004.1892916273508
739,38090.47031494854,5000,58,7.618094062989709,0.7981818181818182,4,0,0.2464492494758839,3,Low,Review,5000,492.89849895176786
516,58243.240808134775,15000,44,3.882882720542318,0.3927272727272727,2,0,0.29664977587765223,4,Medium,Review,15000,1779.8986552659135
333,88895.06862781203,15000,63,5.926337908520802,0.06,1,1,0.614760765793297,8,Very High,Reject,15000,3688.564594759782
463,64187.402673557765,25000,50,2.567496106942311,0.2963636363636364,1,0,0.5176938825938084,7,High,Reject,25000,5176.938825938085
345,54993.94292670286,15000,44,3.666262861780191,0.08181818181818182,1,0,0.7144640464881604,9,Very High,Reject,15000,4286.7842789289625
823,81984.32926435303,10000,60,8.198432926435302,0.9509090909090909,4,0,0.12076442357272753,0,Very Low,Approve,10000,483.0576942909101
468,78386.46868524083,10000,65,7.8386468685240835,0.3054545454545455,1,1,0.43572709551656913,6,High,Reject,10000,1742.9083820662765
599,107602.55195147794,15000,49,7.173503463431863,0.5436363636363636,2,1,0.23505612192763028,2,Low,Review,15000,1410.3367315657817
669,34172.46737462862,5000,34,6.834493474925724,0.6709090909090909,3,0,0.3190762190762191,5,Medium,Review,5000,638.1524381524382
811,20000.0,25000,64,0.8,0.9290909090909091,4,0,0.18845566356246604,1,Very Low,Approve,25000,1884.5566356246607
701,33649.43368928709,5000,35,6.729886737857418,0.7290909090909091,4,1,0.27515386673802517,3,Low,Review,5000,550.3077334760503
628,51463.174837320774,15000,56,3.4308783224880517,0.5963636363636363,3,0,0.3110831705882325,4,Medium,Review,15000,1866.499023529395
771,90829.74660907869,5000,30,18.165949321815738,0.8563636363636363,4,0,0.06995141544264623,0,Very Low,Approve,5000,139.90283088529245
333,65793.98641453627,25000,51,2.6317594565814506,0.06,1,1,0.6443688586545729,9,Very High,Reject,25000,6443.688586545731
740,43485.86490465283,25000,53,1.7394345961861133,0.8,4,0,0.23814826787691915,2,Low,Review,25000,2381.482678769192
709,93444.41951671656,15000,41,6.229627967781104,0.7436363636363637,4,0,0.28355462042612883,4,Medium,Review,15000,1701.327722556773
333,88637.43261648488,10000,62,8.863743261648487,0.06,1,1,0.614760765793297,8,Very High,Reject,10000,2459.043063173188
547,34933.2123057002,10000,63,3.4933212305700203,0.4490909090909091,2,1,0.3131016829753151,4,Medium,Review,10000,1252.4067319012604
822,73041.31648978965,5000,43,14.60826329795793,0.9490909090909091,4,0,0.14838157697912085,1,Very Low,Approve,5000,296.76315395824173
792,74586.3753713554,5000,45,14.91727507427108,0.8945454545454545,4,0,0.09744282437735413,0,Very Low,Approve,5000,194.88564875470828
702,109542.11966167128,15000,33,7.302807977444752,0.730909090909091,4,0,0.15009370834124233,1,Very Low,Approve,15000,900.5622500474541
836,87090.6137242743,10000,22,8.70906137242743,0.9745454545454545,4,0,0.12076442357272753,0,Very Low,Approve,10000,483.0576942909101
587,65153.28626088067,25000,69,2.606131450435227,0.5218181818181818,2,0,0.3398886827458257,5,Medium,Review,25000,3398.886827458257
727,68883.12497998503,25000,44,2.7553249991994013,0.7763636363636364,4,0,0.15912124106180822,1,Very Low,Approve,25000,1591.2124106180825
572,48301.45823851238,25000,45,1.9320583295404952,0.49454545454545457,2,0,0.31487448780681865,4,Medium,Review,25000,3148.7448780681866
423,51679.0932805019,10000,49,5.1679093280501895,0.22363636363636363,1,0,0.6356422809770645,9,Very High,Reject,10000,2542.569123908258
590,31496.877608630355,5000,28,6.299375521726071,0.5272727272727272,2,1,0.5730160114453491,8,Very High,Reject,5000,1146.0320228906983
735,103479.93000437268,15000,23,6.898662000291512,0.7909090909090909,4,0,0.16362510635980015,1,Very Low,Approve,15000,981.7506381588009
668,106871.49182285162,15000,22,7.124766121523441,0.6690909090909091,3,0,0.17536052598995666,1,Very Low,Approve,15000,1052.16315593974
718,69096.7850434114,5000,50,13.819357008682278,0.76,4,0,0.17926871084320975,1,Very Low,Approve,5000,358.53742168641946
766,59984.0175293642,5000,49,11.99680350587284,0.8472727272727273,4,0,0.1774999055810984,1,Very Low,Approve,5000,354.9998111621968
634,38716.95464401926,10000,47,3.8716954644019257,0.6072727272727273,3,1,0.3072666375418669,4,Medium,Review,10000,1229.0665501674675
447,32043.092699251458,25000,32,1.2817237079700583,0.2672727272727273,1,0,0.5886520096186877,8,Very High,Reject,25000,5886.520096186877
794,83498.60128448291,25000,51,3.3399440513793164,0.8981818181818182,4,0,0.09744282437735413,0,Very Low,Approve,25000,974.4282437735413
319,115554.35250218445,5000,47,23.110870500436892,0.034545454545454546,1,0,0.5321145775326986,7,High,Reject,5000,1064.2291550653974
460,70791.20179027307,25000,67,2.831648071610923,0.2909090909090909,1,1,0.60250159863249,8,Very High,Reject,25000,6025.0159863249
815,29091.188574020984,5000,64,5.818237714804197,0.9363636363636364,4,0,0.1750081125701881,1,Very Low,Approve,5000,350.0162251403762
506,38943.21029881879,10000,32,3.894321029881879,0.37454545454545457,2,1,0.482679105892704,7,High,Reject,10000,1930.7164235708162
310,55303.10545343826,10000,65,5.530310545343825,0.01818181818181818,1,0,0.7527065037858346,9,Very High,Reject,10000,3010.8260151433387
480,48041.634266612666,15000,22,3.2027756177741775,0.32727272727272727,1,1,0.3567007797270955,5,Medium,Review,15000,2140.2046783625733
805,31671.299788069773,10000,38,3.1671299788069773,0.9181818181818182,4,1,0.23765056419712868,2,Low,Review,10000,950.6022567885148
557,67852.53730566299,15000,47,4.523502487044199,0.4672727272727273,2,0,0.3620308278203015,5,Medium,Review,15000,2172.184966921809
791,105753.24912186025,5000,44,21.15064982437205,0.8927272727272727,4,0,0.16736488193789179,1,Very Low,Approve,5000,334.7297638757836
630,37834.09527786796,15000,26,2.5222730185245306,0.6,3,1,0.3156183179805227,4,Medium,Review,15000,1893.709907883136
530,65359.549906106644,15000,54,4.357303327073776,0.41818181818181815,2,0,0.3620308278203015,5,Medium,Review,15000,2172.184966921809
642,48478.970081185485,15000,60,3.231931338745699,0.6218181818181818,3,1,0.2556481485052914,3,Low,Review,15000,1533.8888910317482
775,62590.38409212757,25000,35,2.503615363685103,0.8636363636363636,4,0,0.1774999055810984,1,Very Low,Approve,25000,1774.999055810984
311,57039.57865704241,25000,28,2.2815831462816965,0.02,1,1,0.738120181452023,9,Very High,Reject,25000,7381.20181452023
492,49882.02833411305,15000,22,3.3254685556075367,0.3490909090909091,1,0,0.36961667453658303,6,High,Review,15000,2217.700047219498
557,84029.80931753771,25000,39,3.3611923727015087,0.4672727272727273,2,0,0.3232207305943627,5,Medium,Review,25000,3232.207305943627
555,73743.69538119953,25000,33,2.9497478152479815,0.4636363636363636,2,0,0.3462252230908947,5,Medium,Review,25000,3462.2522309089472
654,76020.49497264289,15000,52,5.068032998176193,0.6436363636363637,3,0,0.19729451964478514,2,Low,Approve,15000,1183.767117868711
768,50268.65673012331,10000,50,5.026865673012331,0.850909090909091,4,1,0.18420081210778885,1,Very Low,Approve,10000,736.8032484311555
315,51212.10674742549,5000,31,10.242421349485097,0.02727272727272727,1,1,0.6629810348843049,9,Very High,Reject,5000,1325.96206976861
344,32305.58587130848,5000,41,6.461117174261696,0.08,1,1,0.6775673572181166,9,Very High,Reject,5000,1355.1347144362333
812,53431.583800091554,5000,26,10.686316760018311,0.9309090909090909,4,0,0.11296216813081827,0,Very Low,Approve,5000,225.92433626163657
447,75230.31446516367,25000,35,3.009212578606547,0.2672727272727273,1,1,0.5032436014227168,7,High,Reject,25000,5032.436014227169
660,42858.2953998396,5000,44,8.571659079967919,0.6545454545454545,3,1,0.30377028404551343,4,Medium,Review,5000,607.5405680910269
846,88540.47533878728,25000,59,3.541619013551491,0.9927272727272727,4,0,0.12076442357272753,0,Very Low,Approve,25000,1207.6442357272754
835,72229.59182796814,25000,47,2.8891836731187253,0.9727272727272728,4,0,0.09744282437735413,0,Very Low,Approve,25000,974.4282437735413
679,54102.46327273917,10000,65,5.410246327273917,0.6890909090909091,3,0,0.2940641940641941,4,Medium,Review,10000,1176.2567762567764
569,66075.77433303204,10000,69,6.607577433303204,0.4890909090909091,2,0,0.3620308278203015,5,Medium,Review,10000,1448.123311281206
606,64043.467938396105,5000,30,12.80869358767922,0.5563636363636364,3,0,0.29859934145648437,4,Medium,Review,5000,597.1986829129688
640,62531.97763860818,15000,54,4.1687985092405455,0.6181818181818182,3,0,0.23471382984572742,2,Low,Review,15000,1408.2829790743644
560,70963.87384434348,25000,26,2.8385549537737393,0.4727272727272727,2,0,0.29550352994483126,4,Medium,Review,25000,2955.035299448313
382,68650.26524439317,15000,39,4.576684349626212,0.14909090909090908,1,1,0.6069245771079324,8,Very High,Reject,15000,3641.5474626475943
682,105732.9629360403,10000,57,10.573296293604031,0.6945454545454546,3,1,0.19729451964478514,2,Low,Approve,10000,789.1780785791407
750,73800.96532395302,15000,20,4.920064354930201,0.8181818181818182,4,0,0.20412644117216563,2,Low,Review,15000,1224.7586470329938
653,94982.48932303964,10000,45,9.498248932303964,0.6418181818181818,3,0,0.22907100879966005,2,Low,Review,10000,916.2840351986403
353,20100.431635399415,25000,59,0.8040172654159766,0.09636363636363636,1,0,0.648122459875354,9,Very High,Reject,25000,6481.224598753541
521,103325.31355622958,25000,53,4.133012542249183,0.4018181818181818,2,0,0.33925090504037875,5,Medium,Review,25000,3392.509050403788
709,50266.58588537049,25000,45,2.01066343541482,0.7436363636363637,4,0,0.3263165421060158,5,Medium,Review,25000,3263.165421060158
406,86588.20606303803,15000,40,5.772547070869202,0.19272727272727272,1,1,0.5278290376159397,7,High,Reject,15000,3166.9742256956383
581,55358.18422555379,15000,67,3.6905456150369194,0.5109090909090909,2,0,0.36441178020125387,5,Medium,Review,15000,2186.4706812075233
569,59368.43393771616,10000,51,5.936843393771616,0.4890909090909091,2,1,0.3263165421060158,5,Medium,Review,10000,1305.2661684240632
775,93453.75827419046,15000,43,6.230250551612698,0.8636363636363636,4,0,0.1413386992852031,1,Very Low,Approve,15000,848.0321957112186
837,26304.96109227422,5000,53,5.260992218454844,0.9763636363636363,4,1,0.20103429522287677,2,Low,Review,5000,402.06859044575356
845,73062.61650724761,5000,46,14.612523301449523,0.990909090909091,4,1,0.1532425281905211,1,Very Low,Approve,5000,306.48505638104217
650,88141.91894284674,25000,20,3.5256767577138692,0.6363636363636364,3,0,0.18845566356246604,1,Very Low,Approve,25000,1884.5566356246607
723,42590.81130437048,25000,27,1.7036324521748192,0.769090909090909,4,1,0.24855152828017957,3,Low,Review,25000,2485.515282801796
506,40543.626548488064,5000,38,8.108725309697613,0.37454545454545457,2,0,0.4594263436368699,6,High,Reject,5000,918.8526872737399
421,76474.85004185728,10000,62,7.647485004185728,0.22,1,1,0.5670268453508956,7,High,Reject,10000,2268.1073814035826
523,78105.75449880076,10000,45,7.8105754498800755,0.40545454545454546,2,0,0.34946045669729875,5,Medium,Review,10000,1397.841826789195
821,62391.03876404784,5000,64,12.478207752809567,0.9472727272727273,4,0,0.15956262649598252,1,Very Low,Approve,5000,319.12525299196506
490,27311.17638416448,5000,66,5.462235276832896,0.34545454545454546,1,1,0.5278290376159397,7,High,Reject,5000,1055.6580752318796
802,40514.60654462114,25000,18,1.6205842617848458,0.9127272727272727,4,1,0.25546914490163025,3,Low,Review,25000,2554.6914490163026
805,72098.19719011804,5000,52,14.419639438023607,0.9181818181818182,4,0,0.1750081125701881,1,Very Low,Approve,5000,350.0162251403762
763,47654.889552454435,25000,51,1.9061955820981773,0.8418181818181818,4,0,0.2105259767383828,2,Low,Review,25000,2105.259767383828
432,100170.18821832413,5000,51,20.034037643664824,0.24,1,0,0.4818809416704153,7,High,Reject,5000,963.7618833408307
330,68236.1660636861,5000,35,13.647233212737222,0.05454545454545454,1,1,0.5475149941903502,7,High,Reject,5000,1095.0299883807004
488,45780.83974903698,5000,34,9.156167949807397,0.3418181818181818,1,0,0.5737424070150585,8,Very High,Reject,5000,1147.4848140301171
533,97851.87453811511,25000,27,3.9140749815246045,0.42363636363636364,2,0,0.3300638790014262,5,Medium,Review,25000,3300.6387900142618
571,41771.59148725604,10000,64,4.177159148725604,0.49272727272727274,2,0,0.3571714571714572,5,Medium,Review,10000,1428.685828685829
403,69581.04776146797,5000,24,13.916209552293594,0.18727272727272729,1,0,0.465088230532621,6,High,Reject,5000,930.176461065242
740,43954.459203296195,5000,20,8.790891840659238,0.8,4,0,0.23505612192763028,2,Low,Review,5000,470.1122438552606
428,40069.292814030596,5000,49,8.013858562806119,0.23272727272727273,1,0,0.5938481386658824,8,Very High,Reject,5000,1187.6962773317648
696,54880.115514492674,5000,59,10.976023102898536,0.72,3,1,0.26454640397888934,3,Low,Review,5000,529.0928079577787
393,88322.38387984522,5000,57,17.664476775969042,0.1690909090909091,1,0,0.5591163939377787,7,High,Reject,5000,1118.2327878755575
441,55014.38047534958,5000,67,11.002876095069915,0.25636363636363635,1,0,0.6478260110205828,9,Very High,Reject,5000,1295.6520220411658
341,96804.96385625243,25000,22,3.8721985542500974,0.07454545454545454,1,0,0.5867096004770423,8,Very High,Reject,25000,5867.096004770424
350,73857.73453797151,10000,46,7.385773453797151,0.09090909090909091,1,0,0.615956324402654,8,Very High,Reject,10000,2463.8252976106164
369,28505.33320205003,5000,59,5.701066640410006,0.12545454545454546,1,1,0.6443688586545729,9,Very High,Reject,5000,1288.737717309146
558,78955.80267195759,15000,69,5.263720178130506,0.4690909090909091,2,0,0.40066556645189566,6,High,Reject,15000,2403.993398711374
304,20000.0,5000,34,4.0,0.007272727272727273,1,0,0.7250535825714207,9,Very High,Reject,5000,1450.1071651428415
348,36775.918371670865,5000,68,7.355183674334173,0.08727272727272728,1,0,0.7118815320008841,9,Very High,Reject,5000,1423.7630640017683
820,45686.4472039441,5000,30,9.13728944078882,0.9454545454545454,4,0,0.14057932153721162,1,Very Low,Approve,5000,281.15864307442325
735,92426.88266031569,10000,44,9.24268826603157,0.7909090909090909,4,1,0.11296216813081827,0,Very Low,Approve,10000,451.84867252327314
538,76480.10453998823,25000,49,3.059204181599529,0.43272727272727274,2,0,0.2595905838801788,3,Low,Review,25000,2595.9058388017884
549,62927.825403128365,10000,53,6.292782540312836,0.4527272727272727,2,1,0.36961667453658303,6,High,Review,10000,1478.4666981463322
416,102239.98523619122,5000,35,20.447997047238243,0.2109090909090909,1,0,0.4582365970705577,6,High,Reject,5000,916.4731941411154
569,54634.32748570342,15000,43,3.6422884990468947,0.4890909090909091,2,0,0.3282621031269192,5,Medium,Review,15000,1969.5726187615153
742,84261.58989218067,15000,26,5.617439326145377,0.8036363636363636,4,0,0.14838157697912085,1,Very Low,Approve,15000,890.2894618747252
568,78342.38120015482,15000,25,5.222825413343655,0.48727272727272725,2,0,0.2454593823308907,3,Low,Review,15000,1472.7562939853444
766,87292.51452673938,5000,57,17.458502905347878,0.8472727272727273,4,0,0.06995141544264623,0,Very Low,Approve,5000,139.90283088529245
661,102097.25384419404,15000,24,6.806483589612936,0.6563636363636364,3,0,0.16182912797139884,1,Very Low,Approve,15000,970.9747678283932
783,61674.92090174841,15000,49,4.111661393449894,0.8781818181818182,4,0,0.23505612192763028,2,Low,Review,15000,1410.3367315657817
572,79039.33676427761,15000,31,5.2692891176185075,0.49454545454545457,2,0,0.2867553426559638,4,Medium,Review,15000,1720.5320559357829
520,81949.2492724132,15000,36,5.463283284827547,0.4,2,0,0.27494966438214974,3,Low,Review,15000,1649.6979862928983
478,33334.20012233476,25000,24,1.3333680048933905,0.3236363636363636,1,0,0.49929031553663067,7,High,Reject,25000,4992.903155366307
760,95064.41263063069,5000,62,19.012882526126138,0.8363636363636363,4,0,0.06995141544264623,0,Very Low,Approve,5000,139.90283088529245
739,65304.24205707263,10000,67,6.530424205707263,0.7981818181818182,4,0,0.1750081125701881,1,Very Low,Approve,10000,700.0324502807524
666,63941.702608494685,10000,58,6.394170260849468,0.6654545454545454,3,0,0.2940641940641941,4,Medium,Review,10000,1176.2567762567764
551,20000.0,25000,29,0.8,0.45636363636363636,2,1,0.3724867724867725,6,High,Review,25000,3724.8677248677245
705,45828.39904988619,10000,66,4.582839904988619,0.7363636363636363,4,0,0.4348307982549227,6,High,Reject,10000,1739.323193019691
842,72801.55329316846,25000,67,2.912062131726738,0.9854545454545455,4,0,0.12076442357272753,0,Very Low,Approve,25000,1207.6442357272754
456,105238.01664439932,25000,25,4.2095206657759725,0.28363636363636363,1,0,0.36961667453658303,6,High,Review,25000,3696.16674536583
398,91890.6698504415,15000,65,6.1260446566960995,0.1781818181818182,1,0,0.44843491496261007,6,High,Reject,15000,2690.6094897756607
352,90676.51067182544,5000,64,18.135302134365087,0.09454545454545454,1,0,0.5120402409087559,7,High,Reject,5000,1024.0804818175118
745,69162.13181442868,25000,18,2.766485272577147,0.8090909090909091,4,0,0.23471382984572742,2,Low,Review,25000,2347.1382984572742
786,77638.4719225802,5000,40,15.527694384516039,0.8836363636363637,4,0,0.09744282437735413,0,Very Low,Approve,5000,194.88564875470828
348,75996.0721618207,25000,38,3.039842886472828,0.08727272727272728,1,0,0.648122459875354,9,Very High,Reject,25000,6481.224598753541
721,34792.412108516684,15000,66,2.319494140567779,0.7654545454545455,4,0,0.288196081053224,4,Medium,Review,15000,1729.1764863193441
374,30007.962381682846,10000,46,3.0007962381682844,0.13454545454545455,1,1,0.7089829142019018,9,Very High,Reject,10000,2835.9316568076074
796,56621.42153054519,25000,28,2.2648568612218076,0.9018181818181819,4,0,0.12505997778374747,0,Very Low,Approve,25000,1250.599777837475
474,43637.663431548644,15000,22,2.9091775621032427,0.31636363636363635,1,1,0.44524942711087606,6,High,Reject,15000,2671.4965626652565
321,69162.32817787811,25000,52,2.7664931271151243,0.038181818181818185,1,1,0.6601020715422573,9,Very High,Reject,25000,6601.020715422573
611,88353.53605584236,15000,38,5.890235737056157,0.5654545454545454,3,1,0.21733092087390637,2,Low,Review,15000,1303.9855252434384
701,100998.85103571576,5000,34,20.199770207143153,0.7290909090909091,4,1,0.17440775963180954,1,Very Low,Approve,5000,348.8155192636191
843,53503.518442121494,10000,37,5.35035184421215,0.9872727272727273,4,0,0.12780730126664527,0,Very Low,Approve,10000,511.22920506658113
621,55165.442556383576,5000,51,11.033088511276715,0.5836363636363636,3,0,0.24401638088788932,3,Low,Review,5000,488.0327617757787
830,60307.65171445587,15000,68,4.020510114297058,0.9636363636363636,4,0,0.1774999055810984,1,Very Low,Approve,15000,1064.9994334865903
772,48656.44925482581,25000,38,1.9462579701930325,0.8581818181818182,4,0,0.23814826787691915,2,Low,Review,25000,2381.482678769192
502,80331.6386165286,5000,26,16.06632772330572,0.36727272727272725,2,0,0.2940641940641941,4,Medium,Review,5000,588.1283881283882
740,81747.11225539353,25000,20,3.269884490215741,0.8,4,0,0.17146645540130048,1,Very Low,Approve,25000,1714.664554013005
472,65821.58434950533,15000,49,4.388105623300355,0.31272727272727274,1,0,0.36441178020125387,5,Medium,Review,15000,2186.4706812075233
580,88272.18456979594,25000,34,3.5308873827918372,0.509090909090909,2,0,0.29618239990059947,4,Medium,Review,25000,2961.8239990059947
766,62668.48336145588,5000,31,12.533696672291176,0.8472727272727273,4,0,0.17440775963180954,1,Very Low,Approve,5000,348.8155192636191
828,83212.9660878634,10000,66,8.32129660878634,0.96,4,0,0.12076442357272753,0,Very Low,Approve,10000,483.0576942909101
500,23693.933066162754,15000,68,1.5795955377441835,0.36363636363636365,1,0,0.37672253854519866,6,High,Review,15000,2260.3352312711922
306,105175.47520623202,10000,48,10.517547520623202,0.01090909090909091,1,0,0.565105560032232,7,High,Reject,10000,2260.422240128928
796,84377.87803972715,25000,61,3.375115121589086,0.9018181818181819,4,0,0.12000504582473603,0,Very Low,Approve,25000,1200.0504582473604
311,68046.11160331135,10000,69,6.8046111603311354,0.02,1,0,0.6356422809770645,9,Very High,Reject,10000,2542.569123908258
744,75334.3007282599,25000,60,3.013372029130396,0.8072727272727273,4,0,0.09744282437735413,0,Very Low,Approve,25000,974.4282437735413
510,94572.37347194813,15000,38,6.304824898129875,0.38181818181818183,2,0,0.27122235149758084,3,Low,Review,15000,1627.334108985485
842,70278.11942111667,5000,68,14.055623884223335,0.9854545454545455,4,0,0.2373719903986248,2,Low,Review,5000,474.74398079724966
520,81433.02737798847,10000,26,8.143302737798848,0.4,2,1,0.3156292978521124,4,Medium,Review,10000,1262.5171914084497
393,55531.004084922664,25000,65,2.2212401633969066,0.1690909090909091,1,1,0.6180137997826919,8,Very High,Reject,25000,6180.137997826919
468,85464.86545858033,5000,66,17.092973091716065,0.3054545454545455,1,1,0.3620308278203015,5,Medium,Review,5000,724.061655640603
705,51329.038620130435,25000,19,2.0531615448052176,0.7363636363636363,4,0,0.26454640397888934,3,Low,Review,25000,2645.4640397888934
386,79514.19217589038,10000,52,7.951419217589038,0.15636363636363637,1,1,0.5180294070032093,7,High,Reject,10000,2072.1176280128375
502,94214.50910683454,10000,19,9.421450910683454,0.36727272727272725,2,1,0.30377028404551343,4,Medium,Review,10000,1215.0811361820538
493,74519.45178412629,5000,60,14.903890356825258,0.3509090909090909,1,0,0.5120402409087559,7,High,Reject,5000,1024.0804818175118
834,109683.66036074563,15000,62,7.312244024049709,0.9709090909090909,4,0,0.0925502854991434,0,Very Low,Approve,15000,555.3017129948604
315,45054.44696393051,25000,27,1.8021778785572204,0.02727272727272727,1,1,0.6428110458297192,9,Very High,Reject,25000,6428.110458297191
352,58040.67580980265,15000,35,3.8693783873201766,0.09454545454545454,1,0,0.6516719427195202,9,Very High,Reject,15000,3910.031656317122
821,51206.55370419268,25000,58,2.0482621481677072,0.9472727272727273,4,1,0.1750081125701881,1,Very Low,Approve,25000,1750.081125701881
302,77547.5058425168,25000,54,3.101900233700672,0.0036363636363636364,1,1,0.624126762900282,8,Very High,Reject,25000,6241.26762900282
823,77643.38581181997,25000,51,3.105735432472799,0.9509090909090909,4,0,0.12076442357272753,0,Very Low,Approve,25000,1207.6442357272754
302,60562.70290564292,15000,57,4.0375135270428615,0.0036363636363636364,1,1,0.6885686319895642,9,Very High,Reject,15000,4131.411791937386
843,54644.73047681169,15000,19,3.642982031787446,0.9872727272727273,4,1,0.22743243132484695,2,Low,Review,15000,1364.5945879490819
371,20000.0,15000,57,1.3333333333333333,0.1290909090909091,1,1,0.5077834840516452,7,High,Reject,15000,3046.7009043098715
377,38599.23000083331,5000,39,7.719846000166663,0.14,1,0,0.6356422809770645,9,Very High,Reject,5000,1271.284561954129
390,34390.31816605114,25000,68,1.3756127266420457,0.16363636363636364,1,1,0.648122459875354,9,Very High,Reject,25000,6481.224598753541
613,58841.617970503794,10000,42,5.884161797050379,0.5690909090909091,3,0,0.26454640397888934,3,Low,Review,10000,1058.1856159155575
836,111571.72803500443,5000,31,22.314345607000885,0.9745454545454545,4,0,0.16362510635980015,1,Very Low,Approve,5000,327.2502127196003
621,33937.47907701532,15000,55,2.2624986051343545,0.5836363636363636,3,0,0.36441178020125387,5,Medium,Review,15000,2186.4706812075233
655,29395.809995310025,25000,21,1.175832399812401,0.6454545454545455,3,0,0.2567882094491915,3,Low,Review,25000,2567.8820944919153
492,138576.20838171552,15000,68,9.238413892114368,0.3490909090909091,1,0,0.3603655603655604,5,Medium,Review,15000,2162.193362193362
823,44810.2164975426,10000,59,4.481021649754259,0.9509090909090909,4,0,0.22332070229747383,2,Low,Review,10000,893.2828091898954
441,48523.507737136475,10000,61,4.852350773713647,0.25636363636363635,1,0,0.6180137997826919,8,Very High,Reject,10000,2472.0551991307675
462,65848.9221291292,10000,54,6.58489221291292,0.29454545454545455,1,0,0.47959812863156115,7,High,Reject,10000,1918.392514526245
610,103258.36410886027,5000,53,20.651672821772056,0.5636363636363636,3,0,0.21644811845545206,2,Low,Review,5000,432.8962369109041
500,40231.577031467896,15000,62,2.682105135431193,0.36363636363636365,1,0,0.34121355607576076,5,Medium,Review,15000,2047.2813364545648
444,50282.70751326815,5000,37,10.05654150265363,0.26181818181818184,1,1,0.5947783603641151,8,Very High,Reject,5000,1189.5567207282304
756,84817.77544334161,10000,45,8.481777544334161,0.8290909090909091,4,0,0.16736488193789179,1,Very Low,Approve,10000,669.4595277515672
444,102452.4408371946,5000,44,20.490488167438922,0.26181818181818184,1,0,0.5111007492892438,7,High,Reject,5000,1022.2014985784876
649,27336.868549022118,15000,18,1.8224579032681412,0.6345454545454545,3,0,0.26454640397888934,3,Low,Review,15000,1587.2784238733361
432,60346.29452585877,25000,65,2.4138517810343507,0.24,1,0,0.6143946984478545,8,Very High,Reject,25000,6143.946984478546
368,62270.17263748618,5000,41,12.454034527497237,0.12363636363636364,1,0,0.6513754938647489,9,Very High,Reject,5000,1302.7509877294979
690,68277.98311687868,15000,50,4.551865541125245,0.7090909090909091,3,0,0.23471382984572742,2,Low,Review,15000,1408.2829790743644
404,105469.6909915217,5000,63,21.09393819830434,0.1890909090909091,1,0,0.4857498245837852,7,High,Reject,5000,971.4996491675704
824,110356.32069250687,10000,53,11.035632069250687,0.9527272727272728,4,0,0.11296216813081827,0,Very Low,Approve,10000,451.84867252327314
431,110814.03100890032,15000,62,7.387602067260021,0.2381818181818182,1,0,0.4408490682463286,6,High,Reject,15000,2645.0944094779716
807,60035.77032797599,10000,31,6.003577032797599,0.9218181818181819,4,1,0.1750081125701881,1,Very Low,Approve,10000,700.0324502807524
395,60274.64255793815,10000,61,6.027464255793815,0.17272727272727273,1,1,0.5765654942895153,8,Very High,Reject,10000,2306.261977158061
733,71099.65469994117,10000,47,7.109965469994116,0.7872727272727272,4,1,0.1532425281905211,1,Very Low,Approve,10000,612.9701127620843
731,83835.43683552732,5000,25,16.767087367105464,0.7836363636363637,4,0,0.1106448775782336,0,Very Low,Approve,5000,221.2897551564672
313,20000.0,25000,51,0.8,0.023636363636363636,1,1,0.8751167133520075,9,Very High,Reject,25000,8751.167133520075
714,37121.84343341281,10000,36,3.712184343341281,0.7527272727272727,4,1,0.3073480000031453,4,Medium,Review,10000,1229.3920000125813
697,58853.792063900415,10000,29,5.885379206390041,0.7218181818181818,3,0,0.26454640397888934,3,Low,Review,10000,1058.1856159155575
595,20865.310324250648,10000,54,2.0865310324250648,0.5363636363636364,2,0,0.41195015206587043,6,High,Reject,10000,1647.800608263482
536,48357.66337766133,25000,20,1.9343065351064532,0.4290909090909091,2,0,0.3370967100290409,5,Medium,Review,25000,3370.9671002904092
698,56144.84028728029,15000,63,3.7429893524853526,0.7236363636363636,3,0,0.24938598382728516,3,Low,Review,15000,1496.315902963711
479,98330.2640345011,25000,35,3.933210561380044,0.32545454545454544,1,1,0.3217813947137255,5,Medium,Review,25000,3217.813947137255
616,61152.36932563281,10000,49,6.115236932563281,0.5745454545454546,3,0,0.24938598382728516,3,Low,Review,10000,997.5439353091407
645,48420.94060476775,10000,38,4.842094060476775,0.6272727272727273,3,0,0.25978924423054556,3,Low,Review,10000,1039.1569769221824
