user_id,age,annual_income,credit_score,employment_status
1,56,43690.33084814741,349,Employed
2,69,76884.14026730026,360,Employed
3,46,80811.35541605751,542,Employed
4,32,53145.54562240088,568,Employed
5,60,45705.701065178124,439,Employed
6,25,105238.01664439932,456,Self-Employed
7,38,70687.39689330134,575,Employed
8,56,80899.19376779345,330,Employed
9,36,44448.099704301814,307,Contractor
10,40,34517.88833694515,332,Employed
11,28,50763.755637697235,751,Employed
12,28,61899.465315250076,748,Employed
13,41,38394.49982956628,336,Contractor
14,53,64753.87978374043,333,Employed
15,57,22787.370298287497,754,Employed
16,41,36998.81443825319,743,Employed
17,20,81772.78120692188,536,Self-Employed
18,39,80094.76300694735,511,Self-Employed
19,19,55203.08086532834,439,Employed
20,41,39555.89227307617,660,Employed
21,61,39314.91121184973,603,Employed
22,47,55668.29385146715,595,Employed
23,55,81112.96229113228,451,Self-Employed
24,19,88206.14228360812,522,Employed
25,38,52586.70661295077,495,Employed
26,50,36162.6893503804,598,Employed
27,29,71696.09094665834,828,Employed
28,39,44411.62573435376,787,Employed
29,61,52043.68402846994,510,Contractor
30,42,98131.90226092594,531,Employed
31,66,85677.8857141442,666,Employed
32,44,68949.3578062863,780,Employed
33,59,33202.02497218193,478,Employed
34,45,70284.91418676647,783,Employed
35,33,91566.43226968816,794,Employed
36,32,55609.15835586161,846,Employed
37,64,98777.85224966788,315,Employed
38,68,97318.63223795517,765,Employed
39,61,106593.32080358683,701,Employed
40,69,72631.07816328382,593,Self-Employed
41,20,79684.79249515031,470,Employed
42,54,100354.68220827726,331,Contractor
43,68,76184.84842672439,562,Employed
44,24,52469.14730524468,514,Employed
45,38,53786.429086803466,488,Contractor
46,26,70963.87384434348,560,Employed
47,56,32735.96445134453,481,Employed
48,35,61418.52711589519,804,Employed
49,21,92413.67795575634,641,Self-Employed
50,42,20000.0,321,Employed
51,31,103362.05254486288,373,Employed
52,67,93059.355467579,465,Employed
53,26,53505.88460423809,533,Self-Employed
54,43,78584.77069679524,674,Employed
55,19,65078.69317265817,732,Employed
56,37,95749.75921096708,633,Employed
57,45,89567.07856924852,839,Self-Employed
58,64,29998.23192042477,334,Employed
59,24,79681.56033660442,743,Employed
60,61,59859.30365891881,530,Self-Employed
61,25,67070.8142629525,617,Employed
62,64,46795.70247575461,642,Employed
63,52,108703.42672802089,729,Contractor
64,31,91001.5454975644,765,Self-Employed
65,34,46505.72090067582,378,Employed
66,53,31634.73482724419,748,Employed
67,67,55358.18422555379,581,Employed
68,57,75862.56615228264,356,Contractor
69,21,71005.14609865558,490,Contractor
70,19,96328.32061920609,762,Employed
71,23,84747.9930545213,341,Employed
72,59,89239.22564382268,785,Self-Employed
73,21,73171.38501526094,472,Employed
74,46,30267.531744725246,549,Employed
75,35,60107.536721327466,809,Employed
76,43,91502.24349771664,801,Employed
77,61,63711.92678688385,492,Self-Employed
78,51,77577.25921559367,464,Contractor
79,27,57031.29211884667,389,Employed
80,53,39254.70378645387,357,Employed
81,31,61916.39839884724,562,Employed
82,48,72726.18607581635,542,Self-Employed
83,65,48607.80701346391,518,Employed
84,32,59107.218878583284,308,Employed
85,25,41513.41895035043,729,Employed
86,31,92981.1229391024,312,Employed
87,40,57638.60606029915,524,Employed
88,57,101318.88862815459,366,Contractor
89,38,103218.69626352271,802,Employed
90,33,62973.85088195641,483,Employed
91,62,39788.78168631626,507,Employed
92,35,20000.0,827,Employed
93,64,28199.07317433021,599,Employed
94,41,30654.1293775335,540,Employed
95,43,99461.74068653761,754,Self-Employed
96,42,67895.61468067365,829,Employed
97,62,74740.1131022997,543,Employed
98,58,20000.0,537,Employed
99,46,35050.83926956846,545,Self-Employed
100,32,87176.99441115718,644,Employed
101,62,72169.35280956466,783,Self-Employed
102,18,61319.86803286007,609,Employed
103,42,79121.05896500306,583,Employed
104,24,105894.94515339538,337,Employed
105,26,59473.938411573734,331,Contractor
106,41,66734.24506645174,542,Employed
107,18,69814.92296828263,591,Employed
108,61,124802.74088184981,591,Employed
109,25,20000.0,681,Employed
110,41,82080.5753697202,437,Employed
111,28,62129.94378102341,499,Employed
112,68,79169.29315460449,634,Employed
113,34,48565.68615013189,746,Employed
114,25,63775.87422853874,647,Employed
115,52,82785.26448663737,577,Employed
116,52,142822.755026096,831,Employed
117,50,85200.9047350518,698,Employed
118,22,43798.36004923728,690,Employed
119,59,54406.007949432416,309,Employed
120,56,53664.64729040365,848,Employed
121,58,20108.92068424962,358,Employed
122,45,56747.74520746407,387,Employed
123,24,83320.72704554362,758,Employed
124,26,33144.19702308012,403,Employed
125,25,91212.06627626481,403,Employed
126,29,77194.37052710846,553,Employed
127,51,46644.16695072406,634,Employed
128,50,61461.759066553816,762,Employed
129,65,104958.04519102583,848,Employed
130,40,83338.69533764664,600,Self-Employed
131,41,65219.591372453695,640,Employed
132,54,59057.91707597539,791,Contractor
133,52,66915.22676129149,383,Employed
134,61,52205.91105144241,558,Self-Employed
135,57,20000.0,659,Employed
136,39,116054.44776336827,386,Self-Employed
137,44,68883.12497998503,727,Employed
138,52,74953.68162806342,666,Employed
139,18,63552.30625307728,642,Employed
140,52,46622.0799818853,646,Contractor
141,54,60351.887976280734,395,Contractor
142,64,25015.13094514222,554,Employed
143,31,121927.16245133261,435,Employed
144,20,34137.2000394401,547,Employed
145,18,39200.842903820514,798,Employed
146,22,53993.51989033999,785,Employed
147,43,97201.89312130943,701,Contractor
148,31,65362.72498156635,711,Employed
149,56,34096.60509923844,747,Employed
150,44,96358.45901893348,546,Employed
151,26,83275.01566963704,720,Employed
152,32,78460.87393041131,423,Employed
153,32,82893.356029271,559,Employed
154,43,124859.04751456127,468,Employed
155,59,119627.3723759028,410,Employed
156,30,47832.11642491762,589,Employed
157,68,105597.12482027881,312,Employed
158,49,74579.20474397251,562,Self-Employed
159,56,77477.39540344373,322,Employed
160,66,22693.229208916782,499,Self-Employed
161,69,60740.3558652951,541,Employed
162,49,44679.41024158588,538,Employed
163,21,85701.47037233273,602,Employed
164,47,91777.01251007013,464,Employed
165,54,20000.0,475,Self-Employed
166,40,64449.12839989324,328,Employed
167,56,93046.5376198563,834,Employed
168,62,60333.02594216388,593,Employed
169,32,83226.59112505912,776,Employed
170,60,73779.1366906771,682,Employed
171,46,73541.50579881566,595,Employed
172,53,58217.12554829256,633,Employed
173,30,34585.479896607256,547,Employed
174,49,36961.746314374315,540,Employed
175,24,82733.81286138293,405,Employed
176,68,65486.45638797208,422,Employed
177,39,61537.19388481938,334,Employed
178,45,54402.74894194119,715,Employed
179,19,57370.278862981206,626,Employed
180,59,91172.79486220349,594,Employed
181,62,56618.89795329933,731,Contractor
182,23,31473.382167460783,646,Employed
183,45,83591.29438850434,336,Employed
184,45,59878.08340338207,811,Self-Employed
185,61,65784.8966383194,834,Employed
186,61,105189.45765998776,317,Employed
187,37,64485.98606623732,326,Employed
188,47,72229.59182796814,835,Self-Employed
189,28,35526.91271754187,328,Self-Employed
190,45,59508.263691226,416,Employed
191,42,80238.15113021503,431,Employed
192,56,26115.656653968945,588,Employed
193,50,70021.12732789274,535,Employed
194,18,67519.77681612015,341,Employed
195,44,66032.18638968599,459,Employed
196,69,90928.97246645608,424,Employed
197,30,73360.96287121304,559,Self-Employed
198,58,101951.79745891111,575,Employed
199,20,40160.262110149095,512,Employed
200,56,68398.1141804587,772,Self-Employed
201,23,67111.66965974869,730,Self-Employed
202,25,38268.637656123,379,Employed
203,44,88907.37505228365,527,Employed
204,26,123116.83264632046,394,Employed
205,54,64574.84813790423,723,Self-Employed
206,50,77625.52720684417,815,Employed
207,68,67112.96189538318,464,Employed
208,59,47160.38325232061,725,Employed
209,61,20000.0,341,Employed
210,41,47355.66292261587,702,Self-Employed
211,32,30201.04047620672,715,Employed
212,49,107602.55195147794,599,Employed
213,49,62122.25765191902,354,Employed
214,41,56352.01677382073,635,Employed
215,58,87228.84561969514,729,Employed
216,69,36956.2224286028,633,Self-Employed
217,66,45828.39904988619,705,Contractor
218,66,66701.80673121553,329,Employed
219,69,90719.22478558702,834,Employed
220,29,77542.1261292197,816,Contractor
221,56,71208.12856289705,520,Employed
222,19,66952.94338090041,793,Contractor
223,20,75005.89638816938,552,Employed
224,66,70041.32262823137,620,Employed
225,54,39250.693130576605,338,Employed
226,66,66151.98054082878,764,Self-Employed
227,34,38157.783527056185,710,Self-Employed
228,66,67027.0635725206,711,Employed
229,19,52983.80146279396,791,Employed
230,19,128484.54056957155,737,Employed
231,45,64002.6404062072,778,Employed
232,40,29894.01084346028,371,Employed
233,54,61645.494733076885,519,Employed
234,49,77983.9686409472,303,Employed
235,50,106834.0986538131,589,Employed
236,18,50263.69000153204,679,Employed
237,36,25439.300649409,654,Employed
238,19,85420.92528577453,379,Employed
239,61,30485.032352508722,365,Contractor
240,43,54096.11396231288,435,Employed
241,49,58559.48786222515,698,Employed
242,23,63259.1636674973,646,Employed
243,49,82229.11142685839,358,Contractor
244,21,47909.142942840306,818,Employed
245,28,58156.76869583098,536,Employed
246,34,64643.241176265285,378,Contractor
247,55,68739.9489379697,414,Employed
248,41,67445.67936769806,761,Employed
249,22,75900.1443805645,425,Employed
250,69,86095.98774104343,799,Self-Employed
251,51,74815.8528912742,401,Employed
252,23,76339.63808773046,473,Employed
253,39,25444.42083133806,751,Employed
254,28,66255.69247914202,391,Employed
255,65,76987.68870004022,684,Contractor
256,33,83223.52986426126,504,Employed
257,50,47691.23064415515,662,Employed
258,26,48524.01812778387,797,Contractor
259,23,50647.483117910044,836,Employed
260,33,78410.34749728358,533,Employed
261,46,90847.02637310521,315,Employed
262,20,54813.49731770996,440,Employed
263,37,87699.05784067622,719,Employed
264,53,68086.99522911485,755,Employed
265,36,61892.85557093909,599,Employed
266,43,59715.394254550774,638,Employed
267,20,83665.28411505393,602,Employed
268,36,73139.44541967675,375,Employed
269,37,121895.63569119094,615,Employed
270,49,43694.3839250669,799,Employed
271,24,77952.5425507494,374,Employed
272,69,51769.97475471218,665,Contractor
273,58,43267.825325283906,845,Contractor
274,50,64728.32157412569,695,Employed
275,57,68433.8119851759,530,Contractor
276,56,137954.3388765023,327,Contractor
277,35,60396.35460791995,774,Employed
278,57,36745.531762882914,594,Employed
279,18,71825.26793735965,726,Contractor
280,28,20000.0,390,Employed
281,45,62701.08043489335,414,Employed
282,42,65400.63205737901,458,Employed
283,67,84865.00957363029,557,Employed
284,40,89340.55623569617,672,Employed
285,48,52410.75952730706,389,Employed
286,47,61234.64963425168,597,Employed
287,59,45846.979234733226,330,Employed
288,52,36798.436129807655,657,Self-Employed
289,24,72747.36948451586,769,Employed
290,33,33160.36128508502,427,Employed
291,43,54634.32748570342,569,Employed
292,65,40120.651002519066,797,Employed
293,69,78742.07965725649,712,Contractor
294,66,110035.7524816622,508,Employed
295,19,32460.30042991672,605,Employed
296,18,20000.0,490,Employed
297,65,61877.82786624831,656,Employed
298,29,65392.44489894396,756,Employed
299,22,70466.48266893244,748,Employed
300,54,53841.98711914138,367,Employed
301,49,59984.0175293642,766,Employed
302,26,74187.76026351505,659,Contractor
303,58,91010.77231612097,686,Employed
304,52,20000.0,427,Employed
305,36,55776.514024213444,784,Self-Employed
306,65,70345.21984852658,543,Self-Employed
307,33,42050.597384731605,318,Employed
308,20,108279.2407941825,695,Contractor
309,37,49114.752994281575,528,Employed
310,41,63967.68282481793,667,Employed
311,50,78900.55242105728,357,Employed
312,41,50217.88027995264,580,Employed
313,69,20000.0,401,Employed
314,28,54283.636827086666,347,Employed
315,66,90736.01389817601,358,Employed
316,25,56577.621830371536,460,Self-Employed
317,53,43839.14246352554,402,Employed
318,55,88141.80523756804,711,Employed
319,57,56730.62759942368,482,Employed
320,37,52245.97965874457,716,Employed
321,52,68736.40224158273,415,Self-Employed
322,65,84268.75524046968,698,Employed
323,42,124542.83829331366,736,Employed
324,52,85680.90269143558,617,Employed
325,42,93995.9991597086,549,Self-Employed
326,46,52350.84502530361,746,Employed
327,35,39353.297350763096,796,Employed
328,63,66558.28374047807,642,Employed
329,35,67679.24788148991,726,Self-Employed
330,19,38037.18146588507,539,Employed
331,52,60617.63675239968,358,Contractor
332,33,74982.94004297827,826,Employed
333,58,74009.834875452,502,Employed
334,53,77607.19633460681,765,Employed
335,50,72274.11825343607,595,Employed
336,21,52324.7835182486,586,Self-Employed
337,50,52152.48433377892,372,Self-Employed
338,31,35026.2150501531,822,Employed
339,38,109619.37597962737,636,Employed
340,65,65336.259115482324,617,Contractor
341,37,59378.6736051287,502,Employed
342,25,41780.19796368854,530,Self-Employed
343,24,138391.44755819446,356,Contractor
344,20,38166.799194427615,719,Employed
345,34,54278.801859848165,579,Self-Employed
346,50,75395.9209071515,604,Employed
347,65,80005.32414360694,765,Employed
348,29,88948.3013803921,473,Employed
349,68,110190.21269423158,565,Employed
350,39,77653.9413865178,546,Employed
351,39,38599.23000083331,377,Self-Employed
352,63,58576.37187195546,552,Employed
353,47,72695.80931284712,774,Employed
354,55,116705.65103764558,475,Employed
355,55,30054.863039392578,720,Employed
356,62,95064.41263063069,760,Employed
357,68,69497.85923866041,553,Employed
358,25,85945.76338073701,819,Employed
359,44,62450.1320841017,406,Employed
360,44,43939.18424684184,470,Self-Employed
361,51,83771.81948503331,357,Employed
362,38,81360.77567764053,636,Employed
363,47,89301.42414349304,641,Contractor
364,50,64667.384115534114,589,Self-Employed
365,45,50004.449417003765,383,Employed
366,64,26030.325124403964,416,Employed
367,50,85484.33170348516,833,Self-Employed
368,22,75597.23706109964,518,Employed
369,65,40855.43417840102,401,Self-Employed
370,36,51535.65816758439,755,Employed
371,21,53331.029701213985,825,Employed
372,52,27925.389200439546,565,Employed
373,66,44557.94008487166,586,Employed
374,34,36654.241079841144,440,Employed
375,61,54688.02470280159,705,Employed
376,45,46532.562541760926,592,Employed
377,47,24324.876978331282,330,Contractor
378,46,115564.75576423704,470,Employed
379,63,96313.51827573076,654,Employed
380,23,45524.514462000356,504,Self-Employed
381,52,71810.53491634024,777,Employed
382,58,75436.62724553238,590,Employed
383,54,94777.14636933693,410,Employed
384,41,44534.87433349804,367,Employed
385,46,92302.66959956066,672,Employed
386,66,51302.36739482662,495,Contractor
387,63,31603.439895784664,425,Employed
388,48,83103.41398286243,561,Employed
389,52,97268.9606030607,454,Employed
390,50,129697.72433826711,407,Employed
391,69,35006.86837274466,722,Self-Employed
392,38,82472.99212701972,334,Employed
393,49,54754.96890516167,343,Employed
394,40,84583.96776310078,715,Employed
395,50,28237.761219218737,584,Employed
396,20,33430.7556075359,746,Employed
397,35,45603.129420837904,817,Employed
398,42,66974.1011417021,326,Employed
399,59,48972.96833654112,526,Contractor
400,48,81476.3585978355,724,Employed
401,20,90672.36545644786,667,Employed
402,57,79989.4385311339,609,Employed
403,63,105469.6909915217,404,Employed
404,41,75395.66573638357,317,Employed
405,67,34577.582241495824,504,Self-Employed
406,49,99084.41283845849,342,Employed
407,64,49871.09410985006,388,Employed
408,39,87760.46249213925,456,Contractor
409,40,104343.35541387767,565,Employed
410,19,76417.20026825999,433,Employed
411,44,27596.029670883756,763,Employed
412,59,42044.69583725521,431,Employed
413,19,98068.61167212839,333,Employed
414,43,60771.93285892959,382,Employed
415,34,66989.33837355414,431,Employed
416,57,83970.61040409023,727,Employed
417,50,82408.07155200808,503,Self-Employed
418,26,71969.99530963652,635,Self-Employed
419,60,59783.29071948835,796,Employed
420,65,57183.28885669107,741,Employed
421,56,86447.47063228357,557,Employed
422,46,78839.23827669483,591,Employed
423,59,58567.49998455526,424,Employed
424,43,92052.80782482852,474,Employed
425,52,61774.147121755406,791,Employed
426,67,43708.445641640166,379,Self-Employed
427,42,46025.73252741638,604,Employed
428,41,40531.479092255846,809,Contractor
429,30,58189.74958490782,643,Self-Employed
430,24,95843.10695840482,390,Employed
431,53,44872.62047423728,468,Employed
432,62,69711.89402545257,633,Employed
433,37,48582.76635931467,535,Employed
434,18,58492.27396821406,698,Employed
435,25,27248.969700368696,776,Employed
436,63,59486.54427108657,834,Employed
437,33,60157.36550487595,387,Employed
438,31,78507.19860089239,552,Contractor
439,29,70582.02283138427,657,Employed
440,68,35040.19687619887,357,Employed
441,40,92104.95610108857,698,Employed
442,32,70257.57600554988,820,Self-Employed
443,45,69959.83792943717,824,Employed
444,51,64770.44116537153,716,Self-Employed
445,19,52056.063819444505,692,Self-Employed
446,49,70445.05849371816,521,Self-Employed
447,40,76889.71089821456,628,Employed
448,39,21327.607716361126,671,Employed
449,68,51530.97906634761,810,Employed
450,42,58626.325739910266,452,Employed
451,39,71404.26514235695,779,Employed
452,39,94832.77514817815,319,Employed
453,66,45706.47963508044,527,Employed
454,69,52550.95382955395,645,Employed
455,59,52186.64723383625,318,Employed
456,23,44961.81024738646,743,Employed
457,32,56320.33762219344,667,Self-Employed
458,60,84270.05549969929,446,Employed
459,54,38654.11261589136,803,Employed
460,50,75695.35987882258,729,Employed
461,25,22452.444249541615,739,Contractor
462,61,50966.55008894485,497,Self-Employed
463,61,56762.767494550346,586,Employed
464,22,106871.49182285162,668,Employed
465,56,58129.9423811828,539,Employed
466,21,20000.0,586,Employed
467,23,20000.0,694,Self-Employed
468,62,65850.73965866702,817,Employed
469,49,80344.27139474772,359,Employed
470,69,74386.39644068132,844,Employed
471,47,69189.25264502475,602,Self-Employed
472,64,94056.48993764167,543,Employed
473,52,51510.21948157171,506,Self-Employed
474,57,87372.76390067063,674,Employed
475,69,24199.627874339567,582,Employed
476,33,42376.30417654834,777,Employed
477,30,20000.0,321,Employed
478,67,58128.86748325519,648,Self-Employed
479,59,63843.46956834144,788,Self-Employed
480,47,67852.53730566299,557,Employed
481,36,66547.08382217838,346,Employed
482,34,41811.166729706805,326,Employed
483,36,60243.97888966961,326,Employed
484,45,27563.833284856286,696,Employed
485,43,99080.72437830626,444,Employed
486,54,57409.348177549975,821,Self-Employed
487,43,52777.84702390772,420,Self-Employed
488,40,104723.50821110207,761,Employed
489,26,33943.83666126927,681,Self-Employed
490,29,36860.32214920077,717,Employed
491,18,37594.49187828587,626,Employed
492,18,63303.21545751295,690,Employed
493,64,75790.79074093993,596,Employed
494,51,83491.88670294583,383,Self-Employed
495,49,129299.88293737422,445,Self-Employed
496,65,20000.0,470,Employed
497,42,80218.38972811043,633,Employed
498,57,51071.73568569422,723,Employed
499,62,50339.621277780665,608,Employed
500,18,49505.69679365306,825,Self-Employed
501,33,42280.75822980067,646,Contractor
502,56,107113.1208650863,601,Employed
503,22,86057.43317534757,646,Self-Employed
504,39,65579.89946393437,707,Employed
505,46,98775.39381217501,432,Employed
506,20,27186.775867528107,405,Employed
507,29,31732.371716726848,470,Self-Employed
508,43,20000.0,549,Employed
509,33,47514.63649691781,843,Self-Employed
510,68,69042.46316761883,561,Employed
511,54,67571.46444830835,793,Employed
512,39,68733.54777649701,543,Employed
513,46,29723.57922334795,750,Self-Employed
514,31,85078.86856535055,589,Employed
515,45,70990.68795597495,562,Self-Employed
516,22,83326.35703664996,613,Employed
517,64,20000.0,384,Employed
518,66,72787.27146994475,714,Self-Employed
519,47,35305.86900206182,628,Employed
520,63,55066.918686215955,344,Self-Employed
521,69,78359.12246590959,632,Employed
522,22,67277.34015639783,764,Employed
523,29,43711.50050551703,499,Self-Employed
524,33,65156.828904610455,500,Self-Employed
525,43,26711.617118908922,628,Employed
526,43,93756.6848974574,539,Employed
527,65,59867.89951259372,658,Employed
528,38,92963.74860638315,659,Employed
529,56,51836.707822598924,677,Employed
530,53,51910.60028983543,684,Employed
531,50,45895.33033405384,764,Self-Employed
532,47,86904.34829232687,521,Self-Employed
533,54,47264.2210667881,664,Employed
534,40,81114.8858103794,371,Self-Employed
535,27,55438.69005826775,539,Employed
536,22,20000.0,803,Employed
537,53,50742.14830533835,713,Self-Employed
538,51,35522.2946409288,426,Self-Employed
539,69,65847.56809205844,786,Employed
540,48,35239.80660813775,826,Self-Employed
541,27,88149.37751786542,547,Employed
542,36,62723.10349117432,781,Self-Employed
543,49,60560.100131031526,611,Employed
544,18,81397.30344468956,743,Self-Employed
545,22,89097.67335189656,582,Employed
546,62,64497.53120575871,301,Employed
547,21,45719.99251126773,373,Employed
548,33,20650.75959719676,363,Employed
549,41,47848.7560741205,646,Employed
550,33,49569.693833800964,623,Contractor
551,19,67676.43632480742,538,Self-Employed
552,66,56371.32797154932,696,Employed
553,45,82198.3243012857,636,Self-Employed
554,49,49675.418218232764,640,Employed
555,44,63573.97082867646,578,Employed
556,37,94599.68607992223,652,Self-Employed
557,41,73545.63034887417,762,Employed
558,29,63499.06145778589,761,Self-Employed
559,67,49951.388951620575,592,Self-Employed
560,52,49169.21508212557,706,Employed
561,50,43734.668676201305,461,Employed
562,50,51474.82835542752,802,Employed
563,68,83891.64596860786,747,Contractor
564,60,59452.79321769328,754,Employed
565,54,31255.673265469224,564,Employed
566,29,109204.23232649459,431,Employed
567,20,72999.12977862908,419,Employed
568,18,29826.414987170763,518,Self-Employed
569,50,53953.7768189794,716,Employed
570,57,67772.15957071044,804,Contractor
571,27,107614.80233243442,599,Employed
572,60,37297.18854352827,408,Employed
573,61,89401.01798389867,537,Employed
574,46,99987.16067430857,592,Contractor
575,30,49283.64237313574,486,Employed
576,29,58062.159528494165,335,Employed
577,48,39092.26881565574,555,Employed
578,63,59913.47147299238,734,Employed
579,19,64085.25064142672,307,Employed
580,68,81491.24995205927,477,Employed
581,67,92254.58677551117,541,Employed
582,52,46297.59838445882,340,Employed
583,40,20000.0,656,Self-Employed
584,34,64468.880518093945,412,Employed
585,43,72338.43824921601,465,Employed
586,25,71235.44219212604,803,Employed
587,46,56833.1688122739,377,Employed
588,43,68118.80249159836,495,Employed
589,27,102886.12020880618,701,Employed
590,43,74543.35422406273,363,Employed
591,51,55665.78937492289,724,Employed
592,68,52495.05457260011,341,Employed
593,58,60753.691058056735,672,Contractor
594,24,105918.49904576599,605,Contractor
595,21,60417.48226184507,508,Self-Employed
596,67,64505.1413869823,766,Employed
597,62,52942.160726592425,603,Employed
598,28,92474.58393604912,691,Self-Employed
599,46,113995.93136861688,452,Employed
600,53,76265.32623578471,661,Employed
601,42,67069.32259463564,563,Employed
602,38,65919.57082935587,515,Employed
603,53,20000.0,842,Self-Employed
604,27,83628.77160712043,823,Self-Employed
605,54,68354.16039989609,493,Self-Employed
606,26,75708.55126651813,326,Self-Employed
607,41,47213.445147907376,345,Employed
608,52,55388.57802557271,357,Self-Employed
609,66,54724.37658742067,312,Employed
610,52,90540.57460182597,348,Employed
611,65,55531.004084922664,393,Employed
612,53,117066.50805274493,750,Self-Employed
613,35,75771.56047537594,678,Contractor
614,66,33107.93350010671,309,Employed
615,56,61786.34266870108,815,Employed
616,49,48708.12194608961,523,Employed
617,41,20000.0,680,Employed
618,40,104986.77350284474,840,Employed
619,49,82578.56355550009,601,Self-Employed
620,54,78330.18294748281,502,Employed
621,29,69135.0915074926,495,Employed
622,66,30449.560782689055,621,Self-Employed
623,30,52909.57151111408,717,Employed
624,40,86044.51936960031,641,Employed
625,42,38719.49925543743,688,Self-Employed
626,52,20000.0,308,Self-Employed
627,58,59322.34980547685,831,Employed
628,47,61456.061149311536,448,Employed
629,34,68389.08541036773,682,Employed
630,66,83212.9660878634,828,Employed
631,37,80940.14530578021,311,Employed
632,65,71469.24513109804,775,Employed
633,42,94888.28470216773,352,Self-Employed
634,39,27025.755479667132,735,Employed
635,30,77614.54536193475,505,Employed
636,36,80663.45908342356,353,Employed
637,66,34010.94284799401,789,Employed
638,53,27428.234782940264,643,Employed
639,29,46351.44683810997,468,Self-Employed
640,58,48461.4639371177,460,Employed
641,36,83835.48658756076,826,Employed
642,29,49636.530407722625,826,Employed
643,26,43591.287042969896,586,Employed
644,24,49709.156582636024,711,Employed
645,45,92965.80835385529,821,Employed
646,31,65326.0843594238,498,Employed
647,48,60518.72436607721,460,Employed
648,69,62249.862532473715,688,Contractor
649,36,97301.50835816306,773,Employed
650,64,46270.70683491895,680,Employed
651,33,97887.7072735026,423,Employed
652,22,70262.40747303759,371,Employed
653,52,60989.51545061631,467,Employed
654,29,127522.51244835704,583,Employed
655,42,38609.01275503509,793,Employed
656,69,56157.85601082485,335,Self-Employed
657,38,34189.2190209,474,Employed
658,53,88811.54926340423,498,Contractor
659,40,107229.72334129197,415,Self-Employed
660,33,106748.06953511597,614,Employed
661,56,95598.71882865012,519,Employed
662,62,60059.48830510086,433,Employed
663,59,55868.97556275384,421,Employed
664,56,23220.755687648372,720,Employed
665,31,115896.83837954482,791,Employed
666,48,76724.45195371169,588,Contractor
667,22,52701.077378262926,352,Employed
668,52,98201.42222467418,504,Employed
669,40,40680.88708099998,647,Employed
670,46,75165.55085556685,350,Employed
671,60,60684.27164272913,339,Self-Employed
672,28,80966.92849700752,549,Employed
673,35,63410.66152034696,517,Employed
674,64,28726.802722219392,478,Self-Employed
675,29,66889.40931675094,482,Self-Employed
676,26,91221.60354688406,463,Self-Employed
677,27,64269.58985365037,676,Self-Employed
678,61,84377.87803972715,796,Employed
679,34,38861.76285814867,760,Employed
680,55,64343.4801682537,773,Employed
681,24,49387.23862278557,336,Employed
682,63,83674.52100261775,618,Employed
683,30,65787.2890565499,711,Self-Employed
684,57,82251.84190841531,655,Employed
685,59,92192.76065394665,528,Contractor
686,26,82290.46437803471,563,Employed
687,67,71827.96085734111,786,Employed
688,44,40044.69353721487,651,Employed
689,19,64930.34723332747,741,Employed
690,22,51672.739949604176,758,Employed
691,46,56398.40108239434,324,Employed
692,54,55636.64623124373,430,Employed
693,55,40501.86063044389,669,Contractor
694,36,20000.0,735,Employed
695,25,48296.42379180583,523,Employed
696,65,69834.48629810398,651,Employed
697,62,31295.573864312748,784,Employed
698,18,65392.05591179061,496,Self-Employed
699,39,112506.71060777412,408,Self-Employed
700,69,90576.41388130598,519,Contractor
701,34,106088.53772801324,618,Employed
702,24,74778.19692331816,381,Employed
703,42,94187.74557466115,836,Self-Employed
704,62,46900.88173830531,731,Contractor
705,21,48891.49332445039,307,Contractor
706,53,20000.0,448,Self-Employed
707,23,94653.63685105747,397,Employed
708,48,103508.09949549715,400,Employed
709,36,51170.56886631825,666,Self-Employed
710,61,58651.20734006912,761,Self-Employed
711,56,46153.44715772597,713,Self-Employed
712,44,74566.3387869373,558,Employed
713,27,93123.31363258102,655,Employed
714,43,21430.700652973974,310,Employed
715,36,75235.96326605631,715,Employed
716,56,58083.20570702136,549,Employed
717,20,67834.85979916723,849,Contractor
718,62,76474.85004185728,421,Employed
719,30,60294.939030679474,364,Employed
720,67,62410.328664855486,601,Employed
721,45,59653.120811134024,424,Employed
722,37,89257.90504470703,611,Employed
723,45,75468.99900318742,490,Contractor
724,25,70514.58844343403,749,Employed
725,58,33226.20697269293,458,Employed
726,56,55535.50641967115,652,Self-Employed
727,18,87466.72900847936,562,Employed
728,20,65942.41432809808,705,Employed
729,30,81488.28673972846,316,Employed
730,45,109162.79500819085,559,Employed
731,66,90965.15173022042,654,Employed
732,42,67328.95844249356,788,Employed
733,50,52225.27074510682,513,Self-Employed
734,55,20000.0,538,Employed
735,23,60790.376938178684,479,Employed
736,61,56849.68760457877,718,Employed
737,62,74759.1548598844,442,Employed
738,49,61152.36932563281,616,Employed
739,62,56990.373514080144,543,Self-Employed
740,64,20515.026737319487,531,Employed
741,38,41500.80427124834,602,Employed
742,33,76916.27602001393,630,Contractor
743,38,107897.69077831737,547,Employed
744,28,62561.865406359415,582,Employed
745,54,73195.27683935309,586,Employed
746,53,88811.95392382014,331,Employed
747,52,44727.65159499376,799,Employed
748,36,74170.35108213605,829,Employed
749,37,46487.74734169604,680,Employed
750,35,86620.61096227528,362,Employed
751,64,68785.07619879332,427,Self-Employed
752,58,72461.295349536,827,Employed
753,66,45435.035064535274,462,Employed
754,31,82675.80899026962,550,Employed
755,32,117117.8230307754,594,Employed
756,48,39802.20761429485,478,Employed
757,18,56506.024808811904,528,Employed
758,20,70790.1868542023,693,Employed
759,33,84660.15529989541,695,Employed
760,40,51011.34286776328,371,Employed
761,28,20000.0,617,Self-Employed
762,29,98979.73735410062,678,Employed
763,27,84012.65298960356,435,Contractor
764,49,21426.31173783337,677,Self-Employed
765,33,49810.7802055111,418,Contractor
766,25,104204.56073818315,829,Self-Employed
767,55,101194.91046144665,822,Employed
768,29,88466.00056697361,686,Employed
769,41,60597.18915100343,568,Employed
770,45,67074.68547031275,823,Self-Employed
771,25,61726.85487184684,846,Employed
772,45,93205.99458172094,785,Employed
773,53,43103.939837622245,737,Employed
774,43,44855.00862789489,410,Employed
775,25,90256.8646709004,621,Employed
776,67,63890.96361221096,826,Employed
777,45,99461.6838863452,476,Self-Employed
778,45,48212.19482548635,837,Self-Employed
779,54,63630.54099152937,772,Self-Employed
780,58,41939.67537890117,687,Self-Employed
781,53,65184.06703558918,397,Employed
782,44,28036.326575030027,710,Contractor
783,34,52809.16447612593,674,Employed
784,26,29093.653376797054,469,Self-Employed
785,50,82348.08082978145,355,Employed
786,37,82914.73349399128,624,Employed
787,30,21743.431737891377,559,Self-Employed
788,45,98347.14363751432,639,Employed
789,65,127435.37816049634,703,Employed
790,46,66150.15966840852,831,Employed
791,30,48972.14349438388,473,Employed
792,63,135608.26477507615,837,Employed
793,52,32025.787542437232,459,Employed
794,23,65502.66167172746,309,Employed
795,35,69490.55681579809,555,Employed
796,68,98628.69051131036,643,Employed
797,22,73993.47437816972,835,Employed
798,64,52534.15260528871,672,Employed
799,42,41220.390740301096,734,Employed
800,19,56454.45449384661,345,Employed
801,27,39826.81597637139,354,Employed
802,47,66195.63299461707,377,Contractor
803,67,50895.095503487835,790,Self-Employed
804,62,27649.055167756233,571,Self-Employed
805,22,96378.6447093726,849,Employed
806,50,52558.18691427402,410,Employed
807,18,33296.579875617186,314,Employed
808,35,60793.521637811464,377,Employed
809,49,66709.28914919146,800,Self-Employed
810,64,21338.33186052416,717,Employed
811,66,73291.19167814407,574,Employed
812,28,38821.060782743385,793,Employed
813,38,107775.7202297697,496,Employed
814,43,78099.01280191838,675,Employed
815,42,55002.50024726709,362,Employed
816,39,46370.80574206624,660,Employed
817,44,62375.807310909404,843,Employed
818,66,80319.76853958225,409,Employed
819,30,64362.64678537001,493,Self-Employed
820,50,59571.02982157859,818,Self-Employed
821,51,66459.25727044739,758,Self-Employed
822,58,49903.52671907614,600,Employed
823,52,56419.85182892406,795,Employed
824,18,20000.0,448,Contractor
825,38,89343.15577130919,760,Employed
826,65,72469.94450804405,438,Employed
827,23,45663.60389916424,591,Employed
828,45,112468.37453388097,634,Employed
829,34,67175.41200980966,483,Employed
830,22,39096.41070062008,606,Self-Employed
831,48,86418.43553676146,561,Employed
832,22,74951.20541273156,609,Employed
833,55,74864.49963710549,643,Employed
834,20,54356.10988371023,723,Employed
835,40,76262.39309445088,813,Employed
836,54,58456.04274447264,823,Employed
837,54,78898.53629114605,560,Employed
838,27,20000.0,661,Self-Employed
839,27,54153.16342552027,468,Employed
840,36,108053.87744520487,499,Employed
841,34,45823.31361499248,684,Employed
842,38,49904.042562670336,611,Employed
843,31,53800.966538750625,611,Employed
844,26,34629.84660278392,694,Employed
845,63,20000.0,650,Self-Employed
846,18,59235.34003690968,327,Employed
847,68,68396.48560204142,432,Employed
848,62,63687.37328653369,679,Employed
849,30,61378.03595130283,827,Self-Employed
850,21,66076.0217712597,586,Employed
851,18,90571.0367887691,583,Employed
852,66,60238.84535176958,526,Self-Employed
853,57,50647.935572818256,726,Employed
854,49,57971.862877797845,326,Employed
855,51,79483.66899391939,631,Employed
856,45,100300.67196358123,416,Self-Employed
857,48,49296.40652077054,388,Self-Employed
858,25,67473.3446757221,421,Self-Employed
859,56,73458.93604839899,332,Contractor
860,43,40185.549831779426,697,Employed
861,51,65510.42918032295,824,Employed
862,20,28358.153566447625,323,Employed
863,67,20773.742406515034,624,Contractor
864,29,74168.66019730642,333,Employed
865,18,55403.13146673043,546,Contractor
866,61,70057.01019053048,318,Employed
867,22,64552.62557479125,329,Self-Employed
868,47,40589.99878340507,348,Employed
869,47,63868.64245089159,479,Self-Employed
870,34,34172.46737462862,669,Employed
871,65,99774.30895003502,694,Employed
872,64,31100.741378500905,795,Employed
873,40,60105.36822578547,730,Employed
874,32,38943.21029881879,506,Employed
875,54,79260.52933401988,334,Contractor
876,38,56714.21571796243,712,Employed
877,31,52033.33200946975,663,Employed
878,19,86330.03862628886,609,Employed
879,28,65735.76479193881,578,Employed
880,68,77916.11114839918,451,Self-Employed
881,56,40466.85158706338,526,Self-Employed
882,55,29879.57640181233,542,Contractor
883,51,67680.19905100334,309,Employed
884,55,57028.84111263172,691,Employed
885,67,80660.8668113486,347,Employed
886,51,63002.28868343626,503,Employed
887,35,70126.88348086574,456,Contractor
888,47,24415.436751468915,325,Employed
889,32,112210.92349035642,720,Employed
890,44,60893.9503741992,563,Self-Employed
891,68,82439.67425847998,828,Employed
892,51,44097.70824450934,769,Employed
893,69,72700.24755543353,553,Self-Employed
894,55,32428.880911881366,845,Employed
895,50,76301.69595649178,446,Contractor
896,41,56100.64789035418,625,Employed
897,32,65729.76259838919,637,Employed
898,47,82449.35075325244,417,Employed
899,59,34186.492219493,464,Employed
900,68,47887.706734680076,849,Employed
901,34,76433.10702716914,497,Employed
902,22,117455.53686366868,673,Employed
903,46,61547.94163346296,428,Employed
904,21,79778.40294809832,713,Employed
905,27,62325.713253538,679,Employed
906,34,113556.13986890748,300,Contractor
907,27,21319.45832586861,466,Self-Employed
908,34,67365.52611673395,315,Employed
909,37,24361.399160948473,411,Employed
910,41,20000.0,667,Employed
911,22,72436.55132794542,401,Employed
912,51,68487.44490368647,705,Employed
913,23,57879.07655644497,806,Employed
914,19,62345.14774900617,339,Employed
915,30,142457.48585178144,847,Employed
916,60,58545.62154921414,680,Self-Employed
917,60,77753.10903125186,815,Employed
918,65,48765.87950965298,796,Employed
919,28,72380.81437601507,580,Self-Employed
920,68,59044.15812360956,650,Self-Employed
921,64,54737.03793175675,633,Employed
922,40,110472.46330500812,823,Self-Employed
923,33,94429.62407960847,582,Employed
924,48,68418.66618498077,618,Employed
925,28,20000.0,713,Employed
926,33,55974.769418685755,313,Self-Employed
927,25,132575.6891101271,355,Employed
928,21,59233.4583340073,702,Employed
929,57,92580.43930134145,641,Employed
930,21,101048.56004881502,498,Employed
931,42,70474.09789639938,591,Employed
932,20,43954.459203296195,740,Employed
933,49,20000.0,377,Employed
934,20,82104.08021522386,411,Employed
935,44,44631.0999294113,834,Employed
936,46,69403.76129719231,674,Self-Employed
937,49,33754.4915102659,415,Employed
938,67,58369.061488244944,441,Employed
939,68,65842.97637252633,496,Contractor
940,36,71714.83952610745,839,Employed
941,38,37129.445316189645,598,Employed
942,22,94922.77371903381,375,Employed
943,35,50077.630381700714,829,Employed
944,45,23138.26348866887,399,Employed
945,59,62274.41450091341,778,Employed
946,39,65859.3827256615,767,Employed
947,38,69014.73582929399,591,Employed
948,23,99053.31009212698,424,Employed
949,18,59088.77908160351,818,Self-Employed
950,22,62009.50939078072,322,Self-Employed
951,58,37420.390469172664,461,Employed
952,29,85513.83757219743,805,Employed
953,43,69607.72660195259,320,Employed
954,63,54499.306817645935,763,Employed
955,51,20000.0,782,Self-Employed
956,66,101110.3048763772,801,Employed
957,31,34308.00088859857,608,Employed
958,43,50218.04976575736,502,Employed
959,62,73958.61277690009,715,Employed
960,44,35086.051784582836,441,Employed
961,26,27662.25554367141,406,Employed
962,43,20000.0,828,Employed
963,64,83024.92382264089,836,Contractor
964,39,51370.34388184195,590,Employed
965,64,138181.75231183326,610,Self-Employed
966,47,40141.123359228164,684,Self-Employed
967,60,41963.72441427696,352,Employed
968,65,50865.175742864965,482,Employed
969,34,71078.36637846223,668,Employed
970,43,53244.91653036722,312,Employed
971,53,80308.3053500628,459,Employed
972,18,40535.29025028364,583,Employed
973,25,30460.207038410474,586,Employed
974,66,20044.631514772314,307,Self-Employed
975,52,20000.0,371,Contractor
976,69,52048.27451312358,397,Employed
977,32,57475.492190169454,386,Employed
978,64,49214.07431292042,400,Self-Employed
979,39,96085.14492967905,580,Employed
980,31,95700.75524020338,588,Employed
981,43,56629.925313887456,495,Employed
982,45,20151.972170200926,690,Self-Employed
983,40,50832.37229862368,749,Employed
984,31,50004.46515207346,667,Employed
985,41,48571.62594304855,729,Employed
986,19,47557.02740254388,395,Self-Employed
987,62,48663.42760687982,560,Contractor
988,43,55336.459602556,811,Employed
989,31,49111.472529611085,420,Contractor
990,68,70208.0627156398,665,Employed
991,24,74009.21789762152,631,Employed
992,20,42233.872820437755,351,Contractor
993,64,96776.63315017584,695,Employed
994,40,40498.44245398465,617,Employed
995,63,24554.98465461657,576,Employed
996,60,74519.45178412629,493,Self-Employed
997,64,44564.79663964151,320,Self-Employed
998,62,73032.2867689347,698,Self-Employed
999,35,20000.0,501,Employed
1000,55,99811.39853707669,765,Self-Employed
1001,52,81807.33520101005,450,Employed
1002,68,27488.086270924956,458,Employed
1003,32,28030.571903842858,609,Self-Employed
1004,42,106806.6476024382,803,Employed
1005,54,46565.50241255104,325,Employed
1006,45,44145.378781684405,365,Employed
1007,27,20000.0,562,Employed
1008,56,56230.54485996115,771,Employed
1009,34,59307.00962910618,466,Employed
1010,56,82887.32741923713,453,Employed
1011,39,30023.039295388116,642,Employed
1012,43,26992.83019398476,712,Self-Employed
1013,61,76274.06586941192,483,Employed
1014,42,90168.25178067663,493,Employed
1015,34,25721.19122205292,301,Employed
1016,30,92037.85215749353,514,Self-Employed
1017,37,65938.54603717054,782,Employed
1018,42,92295.13347686615,331,Employed
1019,21,63244.490962059586,314,Contractor
1020,27,20000.0,617,Employed
1021,20,61200.815442099025,542,Contractor
1022,58,91503.59546678176,316,Employed
1023,62,42656.34952290714,833,Employed
1024,35,55300.8757773137,380,Employed
1025,64,60596.662411225545,735,Employed
1026,53,20000.0,307,Self-Employed
1027,64,106783.68938593692,586,Contractor
1028,39,42465.60800257063,485,Contractor
1029,51,77643.38581181997,823,Self-Employed
1030,64,62832.47159629478,721,Self-Employed
1031,25,96440.476408984,765,Employed
1032,57,75151.40306070202,382,Self-Employed
1033,66,59126.893211975635,782,Employed
1034,61,42662.122687017996,624,Employed
1035,36,84946.26753455348,718,Employed
1036,59,20000.0,350,Self-Employed
1037,58,81147.2605068973,326,Employed
1038,54,37523.88121112819,844,Self-Employed
1039,23,96307.091548916,361,Employed
1040,69,69032.48856656738,470,Self-Employed
1041,43,81103.09419625271,585,Contractor
1042,51,67049.72034561799,416,Employed
1043,62,21190.572621475083,303,Contractor
1044,23,43481.77091511654,365,Employed
1045,54,81809.73344028456,359,Employed
1046,50,69166.3954339961,801,Self-Employed
1047,39,94524.7476326418,528,Employed
1048,38,75081.86407592929,399,Employed
1049,23,40832.45273243351,418,Employed
1050,23,45098.39655698415,368,Employed
1051,65,67572.93476308094,520,Employed
1052,21,20000.0,522,Employed
1053,47,106836.04714057464,803,Contractor
1054,28,76043.66840943893,510,Employed
1055,47,95675.86492622181,561,Employed
1056,48,25484.90147977078,817,Contractor
1057,41,96114.1290088814,547,Contractor
1058,26,120787.47277569372,556,Self-Employed
1059,20,31978.04111556706,362,Employed
1060,68,84285.04487259417,691,Employed
1061,48,65027.748617182326,839,Employed
1062,57,26389.153793793892,716,Employed
1063,54,77322.09929629674,352,Self-Employed
1064,53,85840.08012093371,337,Employed
1065,41,49971.83618327883,607,Employed
1066,48,94147.91300638058,352,Employed
1067,23,23330.914830270056,751,Employed
1068,19,27631.096338758893,760,Employed
1069,37,68414.9348897188,785,Self-Employed
1070,45,65634.63194930679,436,Employed
1071,28,47085.66278939737,671,Employed
1072,21,85239.86089929714,555,Employed
1073,32,78272.35785539873,694,Employed
1074,23,86453.4767733504,336,Employed
1075,66,61921.58911619331,446,Employed
1076,47,80064.50669945852,307,Employed
1077,55,53858.74242425014,550,Self-Employed
1078,68,116345.46725216489,746,Employed
1079,19,44686.35574695036,562,Employed
1080,32,117632.4357364578,738,Employed
1081,28,65872.19867723521,558,Employed
1082,25,30612.227760781432,622,Employed
1083,43,99201.98376221504,829,Employed
1084,68,68147.53470987397,600,Employed
1085,62,86278.10245950596,784,Employed
1086,61,95596.39796356483,391,Employed
1087,22,73448.88885362563,463,Employed
1088,23,50193.978879679635,634,Employed
1089,43,89392.83444173125,614,Self-Employed
1090,21,65018.88768636489,537,Employed
1091,36,82146.44546521048,382,Employed
1092,37,20000.0,408,Self-Employed
1093,50,76174.5429252463,477,Employed
1094,37,49035.35437137425,549,Employed
1095,66,106332.74092946327,390,Self-Employed
1096,29,80577.18369722737,638,Employed
1097,64,70996.44364623242,468,Self-Employed
1098,18,77157.74983375554,438,Employed
1099,43,40038.97867808204,816,Employed
1100,31,105581.41726320135,483,Employed
1101,55,114784.2604604226,469,Employed
1102,54,74822.8377637054,661,Employed
1103,28,104760.08921434096,543,Employed
1104,53,50771.29503318665,437,Employed
1105,30,45072.16084437548,327,Employed
1106,60,66023.11871822306,818,Employed
1107,20,75873.52595919746,697,Contractor
1108,50,55150.33296892199,632,Self-Employed
1109,23,78444.2047592121,616,Contractor
1110,67,72659.73705183536,725,Employed
1111,27,40042.33061772362,435,Employed
1112,22,77969.82543629303,566,Employed
1113,40,86588.20606303803,406,Employed
1114,27,69286.73293975978,437,Employed
1115,61,93816.20258154231,346,Employed
1116,19,34564.9051625762,667,Employed
1117,30,76698.76055329629,305,Employed
1118,57,35742.982340080634,822,Employed
1119,19,37147.96604417281,828,Employed
1120,37,49226.72915655525,571,Employed
1121,18,41448.49541064388,365,Employed
1122,54,51300.10453147156,719,Employed
1123,26,59646.242232220284,638,Self-Employed
1124,34,85928.86215828461,797,Employed
1125,26,56971.02403235744,768,Self-Employed
1126,28,25359.357330760184,630,Employed
1127,32,93501.69616237901,430,Employed
1128,41,44072.74665962401,829,Employed
1129,55,63531.98932238428,737,Contractor
1130,52,76163.41267351779,542,Employed
1131,47,69990.26046006956,762,Employed
1132,48,92354.48868803689,649,Employed
1133,66,76975.07858481897,316,Employed
1134,22,43467.2605075723,765,Employed
1135,61,119464.05434979155,662,Employed
1136,67,69858.33658345584,509,Employed
1137,31,61316.494334462346,824,Employed
1138,28,89098.13557638928,719,Self-Employed
1139,26,71236.27364825181,432,Employed
1140,51,74980.70482348317,313,Employed
1141,29,127304.59996501717,343,Self-Employed
1142,52,58121.96429362383,676,Employed
1143,52,57055.9776495651,594,Employed
1144,18,67914.4628003116,695,Employed
1145,57,91787.89838952597,403,Employed
1146,39,27336.64924524002,744,Employed
1147,46,20000.0,361,Contractor
1148,25,50322.11823449631,711,Employed
1149,28,24151.926023517823,620,Employed
1150,58,54379.21631185904,430,Contractor
1151,54,77562.49240323226,498,Contractor
1152,31,42731.278411193416,335,Employed
1153,47,29329.33558046644,515,Self-Employed
1154,52,66733.4290428837,605,Employed
1155,38,86563.58711537925,311,Self-Employed
1156,54,22625.664037084687,382,Self-Employed
1157,22,85505.8099576496,331,Employed
1158,36,85432.65509345816,707,Employed
1159,31,88852.12755391569,385,Employed
1160,43,95462.00537179215,710,Employed
1161,21,120050.34811649041,555,Employed
1162,42,56097.69878452362,540,Self-Employed
1163,62,67739.28950194645,751,Employed
1164,59,54589.03916879936,300,Employed
1165,42,65049.42111889527,581,Self-Employed
1166,35,103321.83389090779,813,Employed
1167,57,31374.63790173328,418,Employed
1168,25,43473.75819586062,804,Employed
1169,56,99429.52341261404,379,Employed
1170,57,90500.91267255225,518,Employed
1171,31,55921.70882957305,816,Self-Employed
1172,49,86360.050028018,765,Employed
1173,68,73530.39606230083,817,Employed
1174,55,102506.8652250247,801,Employed
1175,50,66862.73984566932,357,Employed
1176,40,90640.80284681456,636,Employed
1177,32,131050.2977623155,809,Employed
1178,50,79952.47887618665,725,Self-Employed
1179,42,66233.2041448711,669,Employed
1180,34,83061.17463052449,710,Employed
1181,50,55867.97854490288,731,Employed
1182,64,124699.1926381183,495,Self-Employed
1183,19,69501.77594239953,676,Employed
1184,31,58176.66699436218,664,Employed
1185,57,44107.7748744991,704,Employed
1186,57,92430.50479016095,791,Employed
1187,68,86679.68532069348,365,Employed
1188,56,52566.14071464767,690,Self-Employed
1189,68,79411.28362806057,382,Contractor
1190,23,27286.10079467859,780,Employed
1191,23,69624.26437682891,528,Employed
1192,20,76318.90880191737,524,Employed
1193,24,107683.24523898057,412,Employed
1194,68,45729.52993178276,484,Employed
1195,25,33041.184279941896,811,Employed
1196,59,42614.30097687396,472,Employed
1197,69,31585.787492127005,822,Employed
1198,32,98416.43394397458,504,Employed
1199,64,103715.98237560091,837,Employed
1200,46,73005.41444872072,618,Employed
1201,50,95532.3736421287,458,Employed
1202,69,68348.95951450588,577,Employed
1203,47,62622.20880748085,447,Employed
1204,56,56674.05952365596,382,Self-Employed
1205,44,57240.225215560866,718,Employed
1206,53,26304.96109227422,837,Employed
1207,46,71606.36909018348,848,Employed
1208,55,63991.6522446489,691,Employed
1209,50,83634.01810194689,432,Employed
1210,54,67338.08741096524,541,Employed
1211,44,60932.40746077271,750,Employed
1212,50,43220.174249809235,499,Employed
1213,21,66803.83092054403,416,Employed
1214,39,83455.93077040405,518,Employed
1215,19,36416.52522290348,604,Employed
1216,27,67186.84384201848,542,Employed
1217,22,70826.0737882371,591,Self-Employed
1218,27,47048.38040954339,600,Employed
1219,50,50303.592377299996,687,Contractor
1220,55,70765.27121915536,508,Employed
1221,30,36664.474542684424,613,Employed
1222,48,73748.09288123481,325,Employed
1223,64,42616.14065852,378,Employed
1224,53,91571.34232583041,427,Self-Employed
1225,62,123445.6936347075,712,Employed
1226,41,43481.07995745451,436,Employed
1227,69,78355.19655936687,633,Employed
1228,32,46831.45237794952,847,Employed
1229,46,91023.85434494473,687,Employed
1230,25,33368.539772869626,529,Self-Employed
1231,22,77014.66896069281,720,Employed
1232,46,43175.27582776618,423,Employed
1233,64,59825.38527254078,387,Employed
1234,21,39224.368121317326,440,Self-Employed
1235,29,85558.76177239385,350,Self-Employed
1236,62,44075.49113901032,704,Employed
1237,19,78799.10648329569,636,Contractor
1238,44,56397.549293441676,665,Employed
1239,48,62138.19070502843,557,Employed
1240,68,68693.89768500322,687,Employed
1241,68,45954.38320852879,344,Employed
1242,53,70259.17783852217,568,Employed
1243,53,103258.36410886027,610,Employed
1244,43,45547.63035418214,577,Employed
1245,60,94295.25358184612,774,Employed
1246,44,102452.4408371946,444,Employed
1247,22,44596.1252742989,534,Self-Employed
1248,37,28623.6348727362,435,Employed
1249,28,72549.02250429412,744,Employed
1250,27,51314.811930828175,652,Employed
1251,57,111715.08047907506,693,Contractor
1252,55,65870.1885124958,574,Employed
1253,23,44945.014799120516,683,Employed
1254,25,36321.012224707214,622,Employed
1255,40,92247.62397727076,482,Self-Employed
1256,64,50720.40064789534,739,Employed
1257,43,66095.71998651071,362,Employed
1258,63,88895.06862781203,333,Employed
1259,60,52893.54120172924,776,Contractor
1260,29,63851.77928149598,386,Employed
1261,43,64585.789754437,509,Employed
1262,30,82083.1127879023,761,Employed
1263,57,79768.60838775814,380,Employed
1264,35,59497.15671862929,621,Employed
1265,42,66591.22653741295,714,Self-Employed
1266,50,55705.52471191279,489,Self-Employed
1267,64,28059.689827013884,532,Employed
1268,57,71440.02143495323,691,Employed
1269,60,112304.7940208267,468,Employed
1270,29,42907.02148272343,742,Employed
1271,61,45674.25725993242,467,Employed
1272,53,43231.80570890647,530,Employed
1273,65,83114.79446807806,449,Employed
1274,21,76212.136354911,849,Employed
1275,22,61036.55768958858,685,Self-Employed
1276,54,42049.52345902588,680,Employed
1277,25,67309.4197909981,574,Self-Employed
1278,59,25884.44681660489,361,Contractor
1279,66,68585.66417143733,766,Contractor
1280,45,86788.10965219836,827,Employed
1281,48,33720.02158415805,449,Employed
1282,26,26687.04307925841,441,Employed
1283,68,104485.94729237148,415,Self-Employed
1284,46,49706.00901238537,364,Employed
1285,31,93398.69614859554,728,Contractor
1286,57,61150.058370054205,609,Employed
1287,58,60951.12957646681,729,Employed
1288,39,75960.31748741613,460,Employed
1289,28,42900.028581338986,605,Self-Employed
1290,40,68312.42858739114,660,Employed
1291,18,55462.76462939768,577,Employed
1292,63,31987.66391487421,595,Employed
1293,54,73437.05186815998,468,Employed
1294,38,58417.304828052096,758,Employed
1295,43,61074.37928888231,306,Employed
1296,63,34745.97641464605,431,Employed
1297,53,104785.0091940701,646,Employed
1298,40,86917.8546596529,552,Contractor
1299,18,89103.89710429947,709,Contractor
1300,68,57363.88243895795,842,Employed
1301,57,21770.427762414496,654,Employed
1302,32,113822.93456223776,667,Employed
1303,38,63472.5622998533,810,Contractor
1304,64,46280.00509949865,832,Employed
1305,26,75420.03936207785,827,Employed
1306,26,94178.01970008244,827,Employed
1307,27,64423.736097863344,701,Employed
1308,69,96964.37919848436,474,Employed
1309,43,92074.9984629217,377,Self-Employed
1310,58,38090.47031494854,739,Employed
1311,52,48155.247358513094,848,Employed
1312,69,88938.42908199418,531,Employed
1313,42,20000.0,699,Self-Employed
1314,43,61263.60767087528,512,Employed
1315,28,29229.219959383205,492,Employed
1316,55,53086.154964161884,566,Employed
1317,19,57529.4977742699,425,Contractor
1318,24,56043.8905523123,681,Employed
1319,35,51193.468697184784,843,Employed
1320,44,37571.40875927965,801,Employed
1321,51,122297.78167046714,702,Self-Employed
1322,44,111686.55010403377,560,Employed
1323,34,35948.354493592924,686,Employed
1324,60,104552.91878258917,711,Employed
1325,61,55013.36273817868,645,Employed
1326,68,68229.68683329276,393,Employed
1327,41,63418.151002577106,627,Contractor
1328,42,48506.28396865085,399,Employed
1329,24,89596.30859015367,760,Contractor
1330,69,68147.16326441645,614,Employed
1331,23,53086.21441951896,324,Contractor
1332,41,32385.263904988184,793,Employed
1333,50,42660.12465702199,652,Employed
1334,66,23965.49710994758,416,Employed
1335,46,65305.588710379234,498,Employed
1336,60,35083.360192890104,578,Employed
1337,39,58360.987187036466,378,Employed
1338,43,99252.54634025927,723,Employed
1339,45,94982.48932303964,653,Employed
1340,67,64193.077647434555,825,Self-Employed
1341,38,62822.88184642125,840,Employed
1342,66,111996.8637355252,776,Contractor
1343,24,78018.90300896778,309,Contractor
1344,34,56804.838503086925,802,Employed
1345,37,29349.5470719887,559,Employed
1346,58,74846.83045411858,823,Employed
1347,66,85733.09431457156,305,Employed
1348,37,49208.711887158905,334,Employed
1349,39,72280.06887845081,474,Employed
1350,45,55910.667627124276,741,Employed
1351,57,60399.19002002493,446,Employed
1352,66,20000.0,492,Employed
1353,24,59455.46490709661,312,Self-Employed
1354,18,89234.23256020136,829,Employed
1355,49,49214.936110836046,545,Employed
1356,30,66313.15920538291,413,Employed
1357,47,46101.232332701984,532,Employed
1358,40,74011.04190731932,621,Employed
1359,68,59586.92006159566,837,Employed
1360,36,41518.96148294983,425,Employed
1361,49,98313.7866916282,612,Employed
1362,47,88223.30033830537,810,Employed
1363,46,49877.330901795634,783,Employed
1364,66,77444.70773544443,580,Employed
1365,62,78435.30007050952,582,Employed
1366,46,81057.5308752794,691,Employed
1367,47,22643.602600123057,822,Self-Employed
1368,33,90165.1635258157,681,Employed
1369,57,50757.52592685672,515,Employed
1370,36,56054.30166396833,841,Employed
1371,35,130947.043806505,415,Self-Employed
1372,18,72546.8345180253,808,Self-Employed
1373,31,55341.93811382061,799,Self-Employed
1374,68,20000.0,570,Employed
1375,64,99744.10334865889,739,Self-Employed
1376,67,31369.758229784937,590,Employed
1377,19,39914.02741251241,338,Employed
1378,45,56716.19252280377,323,Employed
1379,66,100410.29479250731,342,Employed
1380,67,84330.99966664398,469,Employed
1381,47,61054.0622539935,639,Employed
1382,55,72707.30159097053,468,Self-Employed
1383,68,49990.35767822235,837,Self-Employed
1384,21,68491.34223913377,771,Employed
1385,18,66833.41861945341,442,Employed
1386,25,89219.24739203384,400,Self-Employed
1387,46,89179.45306097374,774,Self-Employed
1388,56,77349.43455514112,610,Employed
1389,20,55941.31106134744,359,Employed
1390,49,83545.55735975316,328,Employed
1391,27,62700.788344923836,830,Employed
1392,27,37952.14078217167,372,Employed
1393,36,54917.80520222653,693,Employed
1394,63,67113.1745946081,693,Employed
1395,51,87755.39459161863,780,Employed
1396,50,60411.795696071174,772,Self-Employed
1397,40,34770.03221900985,612,Employed
1398,45,66418.54208242049,737,Employed
1399,49,67836.4010014138,623,Self-Employed
1400,67,69645.94072256883,386,Employed
1401,24,87996.78789886076,658,Employed
1402,46,90473.08100224746,496,Employed
1403,25,50144.728190458336,684,Self-Employed
1404,18,49596.413548776414,417,Contractor
1405,20,38995.03222611317,797,Employed
1406,41,82470.39175701191,761,Self-Employed
1407,40,101220.50270844289,795,Employed
1408,25,57122.95180227691,546,Self-Employed
1409,64,58964.235881875175,533,Contractor
1410,54,101669.5639224744,716,Employed
1411,20,77638.9463303752,766,Self-Employed
1412,68,75905.89262002638,781,Employed
1413,50,35227.08735065683,664,Employed
1414,45,81968.20173198548,452,Self-Employed
1415,64,41771.59148725604,571,Employed
1416,25,36649.49535162604,691,Employed
1417,51,56330.710580832194,846,Employed
1418,52,50355.18191378275,729,Self-Employed
1419,49,59460.00764037402,488,Self-Employed
1420,41,28975.459136877034,551,Employed
1421,31,88970.4076616918,694,Employed
1422,49,93192.15736291073,518,Contractor
1423,63,20000.0,489,Employed
1424,60,89461.44514166375,533,Contractor
1425,33,44736.784254459344,531,Self-Employed
1426,21,86424.38842456965,657,Employed
1427,69,63288.83768333961,777,Employed
1428,54,65719.38910202496,728,Employed
1429,38,60372.55876446953,536,Employed
1430,31,95303.23010583715,332,Employed
1431,48,34010.29968687429,512,Self-Employed
1432,65,80196.00846837522,678,Self-Employed
1433,35,92533.25412223875,301,Employed
1434,24,82908.50201351027,749,Self-Employed
1435,27,123117.47285808544,726,Employed
1436,24,51776.33093188253,578,Employed
1437,50,88932.62056483829,513,Employed
1438,40,62347.73411646449,584,Self-Employed
1439,38,95835.15190881674,842,Employed
1440,36,64807.77510696576,573,Employed
1441,65,55303.10545343826,310,Employed
1442,36,97651.80509679072,346,Employed
1443,53,52710.95152452675,814,Employed
1444,46,29681.856027486094,737,Employed
1445,35,52078.82792065429,726,Self-Employed
1446,19,80475.82366471332,731,Employed
1447,18,99800.96878967728,429,Employed
1448,64,67778.2343824128,321,Employed
1449,22,97954.92668085062,688,Contractor
1450,37,31045.62696306016,434,Employed
1451,28,53918.413379552425,831,Self-Employed
1452,59,57785.622071147474,519,Self-Employed
1453,19,62136.014313187006,632,Self-Employed
1454,20,67102.35970625491,429,Self-Employed
1455,40,82272.77393480482,331,Employed
1456,29,53879.829045737744,724,Employed
1457,37,68475.71717382815,597,Employed
1458,22,63871.92774189871,803,Self-Employed
1459,54,41852.75240272125,656,Contractor
1460,55,62158.33277296412,754,Contractor
1461,47,61408.51175257205,700,Employed
1462,26,60872.98587492385,754,Employed
1463,51,65793.98641453627,333,Employed
1464,61,66891.83851533465,547,Employed
1465,52,54192.62052231674,341,Employed
1466,69,96817.86834928162,422,Employed
1467,39,35762.98426992458,326,Contractor
1468,61,46975.74728825259,761,Employed
1469,41,134499.0906055889,446,Employed
1470,34,39050.21612526925,795,Employed
1471,27,31156.133132256036,785,Employed
1472,47,83361.91862503045,759,Contractor
1473,63,20000.0,427,Employed
1474,40,59118.152250689025,675,Employed
1475,49,118645.62312691222,382,Employed
1476,34,26376.601946164985,834,Contractor
1477,67,20000.0,822,Employed
1478,68,27520.469951057545,402,Employed
1479,34,87458.98920867464,818,Employed
1480,31,93119.41799964532,661,Employed
1481,26,52185.28007553728,555,Self-Employed
1482,57,82080.31010002672,546,Employed
1483,19,99756.38318779974,491,Employed
1484,62,109683.66036074563,834,Employed
1485,42,58841.617970503794,613,Contractor
1486,56,20000.0,575,Employed
1487,26,44478.02693975783,672,Self-Employed
1488,39,54329.89512661856,743,Employed
1489,60,58526.53008554024,494,Self-Employed
1490,63,60303.51497478201,557,Contractor
1491,21,92972.36494826674,659,Employed
1492,43,96860.71066718953,847,Employed
1493,46,60708.15865188042,407,Employed
1494,62,92462.12190129547,323,Self-Employed
1495,51,73941.53416577724,764,Employed
1496,40,66612.6493215643,321,Employed
1497,54,87663.60392774909,801,Employed
1498,28,66806.3012059479,800,Employed
1499,23,116445.27942744407,706,Employed
1500,35,29039.720830136022,629,Self-Employed
1501,38,52120.727522699555,585,Self-Employed
1502,59,61837.027576151246,446,Employed
1503,53,75986.31726144976,683,Employed
1504,58,96699.01217757723,310,Employed
1505,55,64390.03581909608,575,Self-Employed
1506,51,29444.25876234482,602,Employed
1507,34,86062.84741137511,503,Employed
1508,54,83873.96915354911,644,Employed
1509,42,20000.0,565,Self-Employed
1510,55,64904.89665823001,321,Employed
1511,29,25246.454232992553,835,Employed
1512,40,48383.72256244844,395,Employed
1513,59,42429.77682593001,744,Employed
1514,39,85231.61745604964,562,Employed
1515,38,67920.75435430459,682,Employed
1516,44,32860.22498109931,849,Employed
1517,48,87001.64907393356,691,Self-Employed
1518,23,29154.854401789642,839,Employed
1519,44,73252.8447617736,391,Employed
1520,57,44649.73326771111,458,Employed
1521,51,55858.072936737,527,Employed
1522,29,77606.7687009596,772,Employed
1523,62,78036.23497648822,671,Self-Employed
1524,24,98424.226838899,675,Employed
1525,27,62943.65750821367,336,Self-Employed
1526,62,72661.27157408351,336,Self-Employed
1527,34,54056.56693989188,400,Employed
1528,43,69549.74706556994,842,Self-Employed
1529,38,75987.1512002128,489,Employed
1530,45,62542.2538136406,811,Employed
1531,63,20000.0,389,Contractor
1532,19,73286.77240827239,305,Employed
1533,60,74114.03693388643,438,Employed
1534,18,47995.66309130123,394,Employed
1535,68,32890.32409818714,685,Employed
1536,53,101896.97876259914,422,Employed
1537,68,77286.13777236005,584,Contractor
1538,43,59272.97422695726,665,Employed
1539,46,36574.17792131282,789,Self-Employed
1540,38,44454.62928946635,624,Employed
1541,28,97564.75991965579,706,Employed
1542,57,68441.54852170116,818,Employed
1543,28,51235.32332498234,376,Employed
1544,53,77742.2307806164,533,Employed
1545,66,44640.04531384191,783,Contractor
1546,56,102521.07575700946,763,Employed
1547,57,98820.01337241812,570,Employed
1548,52,53335.64821993058,766,Employed
1549,51,49283.24382422849,768,Employed
1550,64,20000.0,846,Employed
1551,41,27960.4807112158,569,Employed
1552,39,31513.255626056096,677,Self-Employed
1553,22,68379.75852468464,476,Self-Employed
1554,50,56844.15738896601,573,Employed
1555,53,31366.612814618966,326,Employed
1556,64,57970.89893838607,359,Employed
1557,37,77633.42869118371,516,Self-Employed
1558,36,78195.98374788968,569,Self-Employed
1559,52,20000.0,415,Self-Employed
1560,69,61793.41298790423,544,Employed
1561,60,30416.480575709742,384,Employed
1562,34,87543.21742850685,749,Employed
1563,62,84603.66040883746,835,Contractor
1564,60,42549.319341888535,388,Contractor
1565,51,45848.86993999001,848,Employed
1566,26,53468.32373754232,806,Self-Employed
1567,43,20000.0,707,Contractor
1568,19,73399.20433601442,570,Employed
1569,26,58178.886341496735,823,Self-Employed
1570,26,89254.37706419648,793,Employed
1571,57,37539.76955093618,747,Employed
1572,34,49521.926293751705,842,Employed
1573,18,27336.868549022118,649,Employed
1574,42,39892.73591264367,627,Self-Employed
1575,60,35450.450098294525,585,Employed
1576,57,89899.34197116114,334,Employed
1577,59,47543.4537812152,832,Employed
1578,42,68104.39211861533,787,Employed
1579,56,55480.91490345489,786,Employed
1580,52,33263.36834967967,444,Employed
1581,20,60792.48942070893,823,Employed
1582,67,79977.58329658987,445,Self-Employed
1583,54,34806.01518641619,802,Contractor
1584,61,85227.81976828448,826,Employed
1585,61,43756.97696305759,571,Self-Employed
1586,68,52925.40184817898,833,Contractor
1587,47,78267.0780752512,394,Employed
1588,55,48414.0960695128,746,Employed
1589,51,65939.37148339664,714,Self-Employed
1590,29,57132.72928029769,556,Employed
1591,36,68234.20016759547,561,Employed
1592,54,20000.0,386,Self-Employed
1593,61,20000.0,735,Employed
1594,66,80399.17515117096,407,Self-Employed
1595,34,90929.53514122625,318,Employed
1596,27,42237.83241171196,664,Employed
1597,66,58899.29119572164,678,Employed
1598,64,72367.98132255753,459,Employed
1599,29,82330.4400414676,399,Self-Employed
1600,33,20000.0,564,Employed
1601,41,42848.99382554057,348,Contractor
1602,36,56685.51550375312,714,Employed
1603,25,82578.50493090122,358,Employed
1604,48,127460.76209303737,482,Contractor
1605,38,59299.85682975705,746,Employed
1606,34,29825.56344740028,600,Self-Employed
1607,40,75056.70193003245,653,Employed
1608,54,98024.89473851776,512,Self-Employed
1609,33,67700.35302448753,488,Employed
1610,23,42333.786371142676,646,Contractor
1611,25,88949.84853700048,436,Self-Employed
1612,42,81588.64046246087,329,Employed
1613,35,39347.978895109394,445,Employed
1614,42,74535.64043835855,767,Employed
1615,29,89931.63919147181,802,Employed
1616,32,94547.25106397233,490,Employed
1617,43,63338.7756172636,770,Employed
1618,58,56048.01384551703,644,Employed
1619,62,95681.84555203156,300,Employed
1620,43,34745.98742547787,409,Self-Employed
1621,64,75964.48227302513,363,Self-Employed
1622,49,30749.334315889268,352,Self-Employed
1623,27,91634.40680649006,561,Employed
1624,33,58548.86210972096,828,Employed
1625,24,96714.58089118674,601,Employed
1626,34,77285.31890888818,533,Contractor
1627,40,34419.49424845175,372,Employed
1628,43,100615.69330193108,656,Employed
1629,38,103781.13166069324,783,Employed
1630,39,87057.16231498039,305,Employed
1631,24,45960.3033740945,436,Employed
1632,31,57349.65114106478,703,Employed
1633,32,68635.68043514398,505,Employed
1634,24,47407.24001671417,709,Employed
1635,26,107308.66431158013,335,Employed
1636,68,68608.16179315092,529,Employed
1637,65,20000.0,526,Self-Employed
1638,25,73483.8953189055,561,Employed
1639,67,56296.06507956717,430,Employed
1640,40,63126.8360970388,747,Self-Employed
1641,46,55784.51585535751,485,Contractor
1642,35,85176.16041516718,485,Employed
1643,48,92992.19446383453,573,Employed
1644,47,72076.32905646635,651,Self-Employed
1645,69,56517.220321546025,712,Employed
1646,56,63966.569879770745,450,Contractor
1647,52,65489.990414440705,683,Employed
1648,35,44939.24900337908,335,Contractor
1649,59,79473.21621428087,625,Employed
1650,56,76501.05809651165,764,Self-Employed
1651,34,103511.03099441683,765,Employed
1652,31,96383.74450721187,394,Contractor
1653,48,47858.12706024674,433,Employed
1654,41,85507.45936272413,461,Employed
1655,52,41226.16542263821,599,Employed
1656,61,82398.30252352124,655,Contractor
1657,62,52084.6450309973,539,Employed
1658,51,39418.66941561039,466,Employed
1659,20,72001.13356743511,439,Employed
1660,54,20000.0,438,Self-Employed
1661,60,21225.6106398693,534,Employed
1662,57,60562.70290564292,302,Employed
1663,43,67061.04416587106,555,Self-Employed
1664,40,55767.030746045275,670,Self-Employed
1665,61,25514.09253206003,577,Employed
1666,56,44552.70394653737,815,Employed
1667,32,74780.23318093485,511,Employed
1668,66,79544.54426570906,515,Employed
1669,21,64594.42206010147,569,Employed
1670,46,93920.84452592472,775,Employed
1671,39,74934.92558648085,827,Contractor
1672,42,46313.60865104469,363,Employed
1673,30,57987.44866470956,759,Self-Employed
1674,35,29928.346069803636,315,Employed
1675,50,62296.52524021458,318,Employed
1676,33,92802.51548053346,624,Employed
1677,62,82132.2521177742,392,Contractor
1678,59,100050.23314797806,316,Employed
1679,61,57427.86890502517,787,Employed
1680,19,98652.49486285643,393,Employed
1681,52,60167.394338800754,309,Employed
1682,59,101789.62706424735,827,Employed
1683,51,64453.58131394691,788,Self-Employed
1684,47,82680.78434510692,443,Self-Employed
1685,30,101877.80910774639,814,Employed
1686,30,60164.30928546986,769,Contractor
1687,35,70459.72468860436,676,Employed
1688,49,97221.58563015755,793,Self-Employed
1689,49,61674.92090174841,783,Employed
1690,52,31977.69293734597,751,Self-Employed
1691,56,118575.17636462275,835,Self-Employed
1692,63,53255.88839157158,374,Contractor
1693,69,68968.90127343858,339,Employed
1694,46,93900.16673627817,601,Employed
1695,66,49787.65240671996,361,Self-Employed
1696,46,39803.302169446746,802,Self-Employed
1697,61,71343.43241937083,544,Employed
1698,33,20173.09005219026,317,Employed
1699,61,57802.34807830199,697,Employed
1700,64,71125.96660788514,488,Employed
1701,27,58251.202579370896,403,Self-Employed
1702,47,26413.726420356325,643,Self-Employed
1703,42,104854.4489051003,670,Employed
1704,56,67588.45384872939,332,Contractor
1705,37,100778.80294404353,673,Employed
1706,22,58499.093745488884,477,Employed
1707,18,42999.7004577309,311,Employed
1708,47,71729.523006379,755,Self-Employed
1709,66,59605.32184179451,548,Self-Employed
1710,20,35555.96355021605,747,Employed
1711,62,101744.6064696874,303,Employed
1712,31,49443.2444276501,535,Employed
1713,47,20000.0,472,Employed
1714,67,98204.15134893332,621,Employed
1715,21,52392.54960468442,670,Employed
1716,35,49804.40268460939,847,Self-Employed
1717,54,20865.310324250648,595,Employed
1718,42,108523.53716492477,699,Employed
1719,65,32762.985319757812,357,Employed
1720,18,66461.23701764125,829,Employed
1721,63,87815.508063511,847,Employed
1722,32,75542.92332507743,707,Employed
1723,26,63508.64220019521,812,Employed
1724,32,22458.35354281459,363,Self-Employed
1725,66,44756.879105817905,719,Employed
1726,41,69695.00845106305,445,Employed
1727,21,45320.64825032509,571,Contractor
1728,29,70083.98649996919,316,Employed
1729,54,82043.58522037855,397,Employed
1730,54,89062.57214500254,751,Employed
1731,60,34345.516054682914,542,Employed
1732,23,119916.15137447385,778,Employed
1733,56,84186.98361385326,500,Employed
1734,63,64957.146158273405,772,Self-Employed
1735,41,92238.41457691601,478,Self-Employed
1736,28,124135.19429999933,807,Employed
1737,30,29031.99747357826,752,Employed
1738,51,59368.43393771616,569,Employed
1739,42,20000.0,533,Employed
1740,24,69816.28831620062,785,Employed
1741,69,74134.85604812852,637,Employed
1742,21,64020.94711393101,747,Employed
1743,25,48636.66072504225,656,Employed
1744,37,20000.0,348,Employed
1745,46,74338.34208529422,795,Employed
1746,68,101385.86209788313,645,Employed
1747,62,50224.538606664195,592,Employed
1748,63,76001.49822557863,449,Employed
1749,27,25796.392164498735,844,Employed
1750,60,76430.32659231285,559,Employed
1751,51,55165.442556383576,621,Employed
1752,43,45939.551234927145,376,Employed
1753,58,45990.90896959674,409,Employed
1754,66,55159.71044917475,846,Self-Employed
1755,20,74560.83289231338,722,Employed
1756,23,32195.919970112052,693,Employed
1757,22,55072.116710803675,534,Employed
1758,22,63963.20555002131,629,Employed
1759,64,37524.01938670352,624,Employed
1760,40,109916.63004187543,450,Contractor
1761,66,43662.61299846646,845,Self-Employed
1762,26,48264.07715916274,331,Employed
1763,52,40542.30125443755,571,Employed
1764,37,109962.00217845294,667,Employed
1765,66,78822.63071498704,791,Employed
1766,59,41585.19984390895,615,Self-Employed
1767,52,92655.78897149922,667,Employed
1768,67,70017.46735722196,379,Employed
1769,35,71431.33552778754,471,Employed
1770,34,56388.06978118868,557,Employed
1771,41,46264.60032607567,578,Contractor
1772,20,73444.15247636504,803,Self-Employed
1773,49,51372.819250110246,790,Self-Employed
1774,52,110418.89073937762,636,Employed
1775,55,33267.72236892239,820,Employed
1776,30,103403.91932137363,625,Self-Employed
1777,64,62217.028780054985,471,Contractor
1778,42,72477.14335052765,383,Employed
1779,26,85828.94416573587,823,Contractor
1780,21,49243.76762488909,780,Employed
1781,31,86606.20961746591,843,Employed
1782,54,20000.0,717,Employed
1783,51,47000.261669451516,638,Employed
1784,28,41898.42981647336,619,Self-Employed
1785,58,33662.34969070596,603,Employed
1786,20,59626.129048026225,571,Contractor
1787,45,74643.74920454237,413,Employed
1788,46,82566.49996248265,706,Employed
1789,26,71021.91893001019,325,Self-Employed
1790,20,48357.66337766133,536,Employed
1791,42,74225.41094562918,609,Self-Employed
1792,51,68107.14237127127,532,Employed
1793,29,88401.4041984004,848,Employed
1794,59,84423.41757328791,564,Employed
1795,26,65761.91034801572,312,Contractor
1796,32,42568.67484596858,795,Employed
1797,57,48676.24610419798,615,Employed
1798,42,51255.26600904917,683,Self-Employed
1799,22,57118.34165209361,615,Employed
1800,28,71701.26068974384,555,Self-Employed
1801,51,82879.35975320145,740,Employed
1802,41,63722.032674615555,414,Employed
1803,32,65403.11969751181,598,Employed
1804,55,68582.6576250001,423,Employed
1805,25,52102.3671716915,555,Employed
1806,22,41865.1935589261,346,Employed
1807,65,21114.052567232255,762,Employed
1808,43,47621.26604807819,649,Employed
1809,35,76828.63633169467,422,Employed
1810,23,47427.214049010814,330,Employed
1811,54,59054.82406435151,354,Employed
1812,65,76660.78218530792,452,Self-Employed
1813,30,78017.23741056671,755,Employed
1814,45,38011.67869584903,585,Employed
1815,22,89926.48391134103,335,Employed
1816,30,93183.75223388713,555,Employed
1817,34,36753.753569536006,477,Employed
1818,67,44404.078258971145,847,Self-Employed
1819,57,94777.26707865478,553,Self-Employed
1820,62,61328.66196861748,807,Self-Employed
1821,49,20000.0,320,Employed
1822,46,30007.962381682846,374,Employed
1823,68,58765.75937068797,759,Contractor
1824,20,35923.933742884954,477,Employed
1825,57,54664.40573408897,681,Contractor
1826,51,65809.90534208946,336,Employed
1827,57,101556.36510086822,419,Contractor
1828,44,57738.652094305275,300,Contractor
1829,30,91813.54498931897,610,Employed
1830,62,100719.00405091926,507,Employed
1831,50,100857.7417338019,453,Employed
1832,23,72118.8648346392,614,Contractor
1833,41,20000.0,606,Self-Employed
1834,36,76520.62163509663,803,Employed
1835,33,91209.99719533852,819,Employed
1836,57,62973.322364114574,396,Self-Employed
1837,45,108614.59675188121,789,Employed
1838,50,86495.83903668645,306,Self-Employed
1839,65,79206.83442881961,311,Self-Employed
1840,58,92159.51778014595,813,Contractor
1841,30,73334.24628152195,648,Employed
1842,60,20000.0,306,Employed
1843,62,52521.52621324086,799,Employed
1844,42,94929.20068119634,774,Contractor
1845,59,44810.2164975426,823,Employed
1846,53,59413.18736907652,356,Employed
1847,44,38879.092152423225,532,Employed
1848,55,109598.06488004423,329,Employed
1849,24,107037.31143545039,666,Self-Employed
1850,22,42903.27762148177,355,Self-Employed
1851,60,68682.4500097271,309,Employed
1852,62,47987.6488058988,446,Employed
1853,68,80373.61597578446,663,Contractor
1854,48,77742.07693105823,552,Employed
1855,40,85292.63929033163,552,Employed
1856,59,73297.96119269718,742,Employed
1857,27,138385.15515971172,639,Employed
1858,49,39301.90587473153,815,Employed
1859,60,22234.916139087145,652,Employed
1860,47,55172.74498246346,622,Employed
1861,56,25800.29336099331,439,Employed
1862,48,27688.443249850177,744,Employed
1863,35,39967.133645050824,394,Self-Employed
1864,53,41945.27736420931,719,Employed
1865,19,41134.547451248494,813,Employed
1866,31,77955.47376113529,449,Employed
1867,30,52345.2734728666,650,Self-Employed
1868,46,60512.135628188,415,Employed
1869,29,87355.81936252337,536,Contractor
1870,56,45841.936880464345,569,Employed
1871,19,58386.35253238195,590,Employed
1872,49,74143.99965232289,733,Employed
1873,30,20000.0,308,Employed
1874,63,20000.0,774,Employed
1875,44,73652.93321994306,821,Employed
1876,66,77300.35701417246,836,Employed
1877,58,116605.50337131027,310,Employed
1878,34,68952.37189667024,626,Self-Employed
1879,57,85493.49293145238,575,Self-Employed
1880,48,60113.18391035066,669,Employed
1881,51,72430.68053962715,789,Employed
1882,41,106681.42104373834,644,Employed
1883,62,20000.0,667,Employed
1884,52,75340.40643929201,610,Employed
1885,65,118389.66825193416,784,Employed
1886,23,72050.85548023356,314,Employed
1887,36,106264.3240808212,303,Self-Employed
1888,47,49269.69626176394,675,Employed
1889,24,64198.812645907165,668,Employed
1890,27,65838.1175597147,764,Employed
1891,58,20000.0,832,Contractor
1892,49,35795.554303745,436,Self-Employed
1893,51,37578.12301540034,662,Employed
1894,45,85551.65195081319,515,Employed
1895,32,86803.82764210137,667,Employed
1896,47,73100.91106766333,416,Employed
1897,54,85602.57242139264,478,Employed
1898,46,60896.264681955654,545,Contractor
1899,39,95048.29173848858,427,Employed
1900,21,65219.7110658018,657,Employed
1901,37,66446.60118566891,377,Self-Employed
1902,49,58360.184168439715,592,Self-Employed
1903,53,82111.2619409107,381,Employed
1904,67,54470.02958467717,641,Employed
1905,21,89410.7844299517,637,Employed
1906,44,36696.27148209984,395,Employed
1907,34,37527.09363179516,444,Self-Employed
1908,29,82185.6688781626,820,Contractor
1909,39,62786.39463542468,696,Self-Employed
1910,34,53652.71459617179,656,Employed
1911,27,87251.4433118865,485,Self-Employed
1912,18,49818.46464784789,842,Employed
1913,39,59994.968642490756,450,Employed
1914,43,99980.69875177898,618,Employed
1915,35,103478.55864526625,358,Employed
1916,67,104309.95525675817,309,Contractor
1917,31,57946.85557665222,423,Employed
1918,64,95767.57262461176,655,Employed
1919,46,41276.17930578305,645,Employed
1920,29,42327.42813194847,536,Self-Employed
1921,53,20000.0,632,Employed
1922,52,106821.70504746324,316,Employed
1923,69,43400.50377309804,723,Self-Employed
1924,29,61836.6855063235,623,Employed
1925,24,42241.8914517929,322,Employed
1926,46,82379.13120825352,758,Employed
1927,28,55609.158482066494,759,Employed
1928,50,32379.577739176268,820,Contractor
1929,23,76041.56410465151,720,Employed
1930,64,29156.749379744288,702,Contractor
1931,32,44064.856867112714,630,Employed
1932,49,20000.0,756,Contractor
1933,68,29401.04719505983,782,Employed
1934,28,69463.22924301194,797,Employed
1935,40,20000.0,326,Employed
1936,43,27971.356884457105,696,Employed
1937,51,64940.7770966798,487,Employed
1938,63,51409.827597673684,439,Employed
1939,51,114800.91589898273,820,Employed
1940,46,110847.41365060938,391,Employed
1941,21,43301.93843122116,376,Employed
1942,34,78928.44046008705,543,Employed
1943,52,83732.06392198628,387,Self-Employed
1944,30,50063.028549389914,593,Employed
1945,58,27611.4615875449,394,Contractor
1946,56,64692.53876729856,552,Employed
1947,32,60678.858129647226,698,Contractor
1948,46,54105.88757573452,353,Employed
1949,46,76057.92170411213,542,Contractor
1950,28,46231.759824860026,409,Employed
1951,69,36200.06131052142,520,Self-Employed
1952,49,67727.0742587458,461,Self-Employed
1953,19,74649.2523142219,334,Employed
1954,64,35583.876402498674,336,Employed
1955,31,88202.26527477703,669,Self-Employed
1956,37,20737.97155559805,476,Employed
1957,39,50547.16353210891,820,Employed
1958,28,58549.78659505978,574,Employed
1959,44,49094.407183701755,404,Employed
1960,20,50873.488161220186,455,Self-Employed
1961,34,111776.86205770285,635,Employed
1962,61,43727.89777402753,325,Employed
1963,45,126030.54306179786,595,Employed
1964,46,75928.16949327629,836,Employed
1965,38,67301.3784327998,654,Contractor
1966,64,76906.00883469165,368,Employed
1967,33,128248.19373129882,626,Employed
1968,54,40160.1749017138,450,Employed
1969,37,36989.552026590274,619,Self-Employed
1970,23,46128.34508570198,751,Employed
1971,36,65803.57867411402,411,Employed
1972,22,21855.72187968567,761,Employed
1973,20,65558.4809829652,661,Employed
1974,18,107338.6783353418,502,Employed
1975,55,68785.18476561944,786,Employed
1976,32,57682.86352561808,779,Self-Employed
1977,51,49545.98878290931,303,Contractor
1978,52,87462.79261378912,428,Self-Employed
1979,66,44354.18066904881,325,Employed
1980,42,111159.8980149812,326,Employed
1981,41,113333.99369285893,341,Employed
1982,29,71418.76996654469,363,Self-Employed
1983,35,64712.122798083874,324,Employed
1984,32,90766.49520603899,371,Contractor
1985,61,92369.96255568313,781,Employed
1986,33,44850.20672351461,567,Self-Employed
1987,44,51836.12167158245,394,Employed
1988,25,31941.314132917614,694,Employed
1989,63,75226.62345835143,663,Employed
1990,42,81665.69708642227,614,Contractor
1991,34,31251.85905346818,416,Contractor
1992,46,53620.027379596024,463,Self-Employed
1993,25,31318.652060466273,605,Employed
1994,32,42530.004743904065,499,Self-Employed
1995,44,78775.4265056575,479,Employed
1996,63,46662.948333043016,657,Employed
1997,67,57479.351099192536,551,Employed
1998,69,24317.206801317116,598,Employed
1999,24,69674.75524311661,729,Employed
2000,20,63893.16700388378,303,Self-Employed
2001,46,46776.018749170944,553,Employed
2002,61,60274.64255793815,395,Employed
2003,41,69507.37201258611,466,Employed
2004,20,44628.296277266396,630,Employed
2005,37,28093.436399955513,361,Employed
2006,63,110139.36081717038,473,Employed
2007,32,49168.18238224318,552,Employed
2008,42,62580.99742032777,760,Employed
2009,47,90270.99337550784,514,Employed
2010,31,153226.3796892621,538,Employed
2011,24,33887.838752778356,714,Employed
2012,34,76245.68034316275,425,Employed
2013,61,47311.19286764735,552,Employed
2014,37,51530.24238558223,496,Employed
2015,53,46994.69947483025,712,Employed
2016,26,36858.62580498538,755,Employed
2017,55,63967.715955383464,353,Employed
2018,65,28137.432823794108,638,Self-Employed
2019,39,88670.18916279677,658,Employed
2020,19,66375.07340083437,450,Self-Employed
2021,41,75560.874322536,399,Self-Employed
2022,25,53345.284701344426,533,Self-Employed
2023,28,55819.90164470629,843,Employed
2024,30,72189.0976291832,361,Self-Employed
2025,34,35898.73418985437,495,Employed
2026,25,56050.239139666606,841,Employed
2027,38,43509.66215303865,405,Employed
2028,35,42735.77973522464,594,Contractor
2029,47,20000.0,750,Employed
2030,35,98483.16473699998,833,Contractor
2031,63,47836.53117115577,455,Employed
2032,64,94084.40137908875,705,Contractor
2033,48,91719.8080348573,674,Contractor
2034,55,32850.00733708766,754,Contractor
2035,49,37789.71910817886,501,Employed
2036,28,129012.5739838921,751,Self-Employed
2037,62,108773.14854817858,486,Contractor
2038,42,64212.037166797396,667,Employed
2039,50,71434.32766043373,639,Employed
2040,55,49228.83992632028,561,Self-Employed
2041,58,75808.8178550085,842,Employed
2042,25,47070.45248193821,605,Self-Employed
2043,28,20000.0,464,Employed
2044,39,31961.105337223722,387,Employed
2045,68,65527.31869626468,499,Employed
2046,41,36723.3191124353,570,Employed
2047,58,63318.063377161634,350,Employed
2048,34,38133.47401417843,788,Self-Employed
2049,29,45441.151937450166,497,Employed
2050,63,86329.1326603298,322,Self-Employed
2051,49,71187.01369100262,522,Self-Employed
2052,32,64758.38946716632,520,Employed
2053,33,86974.09932676629,565,Employed
2054,39,77015.21483368368,372,Employed
2055,45,101164.08228128418,376,Employed
2056,37,53503.518442121494,843,Employed
2057,50,54259.12553681228,734,Employed
2058,27,32472.268340216368,364,Contractor
2059,57,54275.4820656895,656,Employed
2060,49,89119.24735756114,317,Employed
2061,67,97499.68430655335,735,Contractor
2062,50,89007.6292021667,740,Self-Employed
2063,19,20145.203336264094,308,Self-Employed
2064,50,92078.63031651836,769,Self-Employed
2065,50,20000.0,647,Employed
2066,58,87452.93310305869,671,Self-Employed
2067,30,55805.38683572362,474,Contractor
2068,47,82563.33284834638,814,Employed
2069,50,31688.79130263585,429,Employed
2070,30,94279.19081765367,592,Employed
2071,69,28375.631347377777,652,Employed
2072,43,48288.62722867056,523,Employed
2073,39,40047.63430577412,823,Employed
2074,56,21142.878679437526,808,Employed
2075,19,67363.1891897117,667,Employed
2076,55,110152.22794592404,799,Employed
2077,56,131672.63055800024,389,Self-Employed
2078,43,67428.89467715619,371,Employed
2079,63,92917.03187668807,732,Employed
2080,67,70802.36594821342,647,Employed
2081,32,77472.07986920532,562,Employed
2082,51,56446.283721819025,570,Employed
2083,59,69876.92313556506,808,Employed
2084,61,78436.96761516071,807,Self-Employed
2085,66,50538.506778091716,719,Employed
2086,57,63062.6425026753,371,Employed
2087,28,63539.247025062796,373,Employed
2088,20,85660.08293326311,802,Employed
2089,23,38349.19570930798,445,Self-Employed
2090,26,63711.444784808715,345,Employed
2091,23,112800.13672631743,404,Self-Employed
2092,26,94101.50381464843,408,Employed
2093,56,98729.47622221764,616,Self-Employed
2094,48,65610.79600445085,420,Self-Employed
2095,49,73024.93909215058,798,Self-Employed
2096,58,90055.90416757314,342,Contractor
2097,67,104006.38823827327,398,Employed
2098,29,20000.0,610,Contractor
2099,25,32113.96732375386,513,Employed
2100,25,97736.1025350662,762,Self-Employed
2101,67,58077.76610577991,722,Employed
2102,45,48206.98026854807,688,Employed
2103,37,33645.9753251099,411,Self-Employed
2104,64,51124.582461397265,571,Employed
2105,24,29940.76791440438,401,Employed
2106,28,117277.35681831194,509,Self-Employed
2107,37,64439.098700485665,321,Employed
2108,33,63551.23645593206,458,Employed
2109,21,79701.91687919579,642,Employed
2110,23,89058.62923166424,699,Employed
2111,39,88647.20391386599,753,Employed
2112,43,91840.54859768928,442,Employed
2113,20,49228.86123022859,696,Employed
2114,58,57553.32987607847,835,Employed
2115,59,84225.7913860569,440,Employed
2116,31,51815.2734590095,539,Self-Employed
2117,28,64872.334199319375,591,Employed
2118,35,74969.09411062035,381,Self-Employed
2119,29,84629.62705775941,470,Employed
2120,40,20557.975940744967,825,Employed
2121,29,82868.64124722363,841,Employed
2122,30,59156.898553706866,409,Self-Employed
2123,42,82686.44277160952,511,Self-Employed
2124,62,84423.29230887072,737,Self-Employed
2125,68,105197.87652797894,621,Employed
2126,36,98836.34119053007,383,Self-Employed
2127,63,98664.2915652574,675,Employed
2128,53,101091.75797915595,352,Self-Employed
2129,62,72284.47462039864,795,Employed
2130,25,65804.62717592099,555,Employed
2131,46,86820.42707945836,519,Employed
2132,49,83302.02378582556,399,Employed
2133,68,57273.344081543495,428,Employed
2134,61,75120.5852202067,518,Employed
2135,35,64122.58833038514,776,Employed
2136,23,43651.6772884986,757,Contractor
2137,35,97261.51853440874,321,Employed
2138,36,66379.98106325223,628,Self-Employed
2139,39,116217.70644247127,779,Contractor
2140,54,24362.693245004186,638,Contractor
2141,49,51080.53067891584,478,Self-Employed
2142,58,65815.97091727178,720,Self-Employed
2143,20,93434.52744072286,781,Employed
2144,45,74986.73431505462,348,Employed
2145,27,72761.81885451879,329,Employed
2146,68,36818.40518614632,384,Employed
2147,52,36076.46506926321,801,Employed
2148,46,73062.61650724761,845,Employed
2149,32,30897.35015454104,628,Employed
2150,50,51703.05624276678,733,Self-Employed
2151,24,77522.93322714644,548,Employed
2152,29,40441.8931930806,433,Employed
2153,66,105133.89905904516,664,Employed
2154,47,95598.40860594725,724,Employed
2155,38,25714.500041542487,714,Contractor
2156,48,41690.71892045032,811,Employed
2157,41,20000.0,684,Employed
2158,37,45435.21593629667,687,Employed
2159,54,84159.71191430998,748,Employed
2160,21,54652.62644312858,602,Employed
2161,45,76519.93109039919,398,Employed
2162,61,26941.642042956395,605,Employed
2163,37,84949.38136454763,341,Employed
2164,41,51122.26930179125,767,Self-Employed
2165,67,65304.24205707263,739,Employed
2166,66,62678.137465173684,626,Employed
2167,68,33211.2869776929,332,Employed
2168,49,36172.89170650544,711,Employed
2169,58,89194.86172508565,413,Contractor
2170,53,74974.8039375424,807,Employed
2171,51,91251.22603883567,355,Contractor
2172,53,73116.45588756296,651,Employed
2173,19,68574.76587023042,628,Self-Employed
2174,32,21849.73453333084,845,Employed
2175,51,58240.83258097075,569,Employed
2176,53,64315.3919899064,495,Employed
2177,23,113827.67995681436,712,Employed
2178,56,82173.91580246693,378,Employed
2179,59,103401.52954273821,382,Employed
2180,68,79938.44264736821,436,Self-Employed
2181,68,47217.419326263014,838,Employed
2182,29,67928.10540374629,605,Employed
2183,20,70905.59115660582,610,Self-Employed
2184,62,41521.11075573295,687,Employed
2185,35,55390.31558517697,848,Self-Employed
2186,57,59855.8251580707,805,Employed
2187,38,105140.49581412795,687,Employed
2188,32,20000.0,592,Employed
2189,50,95145.46051790108,478,Contractor
2190,52,41580.11912601543,728,Self-Employed
2191,43,30698.020318259645,823,Contractor
2192,25,94498.5532509616,611,Employed
2193,53,83297.45173085952,379,Self-Employed
2194,65,96362.96755952974,313,Employed
2195,47,85017.54868863942,353,Employed
2196,40,116496.12504343505,746,Self-Employed
2197,59,78968.09592361213,364,Employed
2198,61,61088.065596921035,671,Employed
2199,31,73573.15943303356,802,Employed
2200,31,96086.72820864909,395,Self-Employed
2201,19,45515.616868497076,832,Employed
2202,54,48702.78543671548,559,Employed
2203,22,57275.999635052314,547,Contractor
2204,55,20000.0,426,Employed
2205,62,68451.96021043867,798,Employed
2206,58,20000.0,345,Employed
2207,64,66326.48282331547,567,Self-Employed
2208,31,86632.24390338124,841,Employed
2209,56,53078.08848390411,393,Employed
2210,42,106927.89675467178,615,Employed
2211,37,28487.477514537808,370,Employed
2212,19,94781.51704079582,748,Employed
2213,56,81878.42641017302,666,Employed
2214,23,22099.168792232776,709,Employed
2215,34,132769.8574760133,390,Contractor
2216,42,63406.367862400846,808,Self-Employed
2217,45,43062.89944610921,827,Contractor
2218,19,29822.82013039958,409,Employed
2219,52,59499.54930850815,388,Employed
2220,54,61814.828190251006,571,Employed
2221,22,67566.1382134916,546,Contractor
2222,18,57555.09609440099,660,Employed
2223,57,80830.63275287734,677,Contractor
2224,29,55309.254183418845,505,Employed
2225,53,20000.0,644,Employed
2226,62,61265.96260875897,754,Employed
2227,40,20000.0,366,Employed
2228,64,73844.26577228474,342,Employed
2229,48,40517.49424293412,528,Employed
2230,28,69084.008872895,743,Employed
2231,27,97851.87453811511,533,Employed
2232,20,41281.2826183,498,Employed
2233,31,91531.40646280294,796,Self-Employed
2234,33,54165.26083284617,331,Employed
2235,27,108829.87005163963,563,Employed
2236,46,55871.18467004466,412,Employed
2237,27,43987.67536233272,758,Self-Employed
2238,29,82180.96125988221,575,Employed
2239,47,54105.2567594091,445,Contractor
2240,58,43963.76214677479,656,Employed
2241,18,53054.003732405225,305,Employed
2242,22,63884.836695424965,639,Employed
2243,37,98554.50328112135,793,Employed
2244,25,20000.0,407,Employed
2245,60,65577.01647376052,370,Employed
2246,29,80622.58986635107,639,Employed
2247,18,69836.2143747949,399,Employed
2248,37,97746.62923583835,626,Self-Employed
2249,45,63141.36675603689,332,Employed
2250,60,60386.213945351374,442,Employed
2251,54,79808.23867533359,543,Contractor
2252,64,67482.84537378374,516,Employed
2253,54,55239.781542988225,733,Employed
2254,29,77903.60098965949,353,Self-Employed
2255,54,48686.79266958387,450,Employed
2256,66,49720.571199516824,354,Self-Employed
2257,66,51800.14945585966,816,Employed
2258,61,98826.72900416018,747,Employed
2259,45,20000.0,334,Employed
2260,64,74889.97086907356,418,Employed
2261,32,65856.79535500555,496,Employed
2262,23,22978.238519046994,813,Employed
2263,61,72743.16947840006,721,Self-Employed
2264,37,76893.7997957883,816,Self-Employed
2265,67,79740.980783935,438,Self-Employed
2266,31,20000.0,343,Self-Employed
2267,19,99159.73529636096,518,Employed
2268,26,46556.58238287898,557,Self-Employed
2269,54,82164.19366882941,812,Employed
2270,37,83526.84451705715,676,Employed
2271,43,43082.57285951768,588,Self-Employed
2272,46,81511.49880878876,769,Employed
2273,18,55362.668977191046,402,Self-Employed
2274,52,20000.0,448,Employed
2275,23,94193.54813819447,383,Employed
2276,54,45623.875924594,325,Employed
2277,22,43637.663431548644,474,Employed
2278,50,54923.35329908195,721,Self-Employed
2279,66,71805.9181331847,645,Contractor
2280,68,63568.23972944744,601,Employed
2281,31,78701.67311767927,597,Employed
2282,29,31512.765836783525,434,Employed
2283,59,46440.34073923163,354,Self-Employed
2284,37,62100.07319196166,355,Employed
2285,67,112447.18231646763,673,Contractor
2286,41,62154.686539656046,638,Employed
2287,60,92130.5565915408,756,Self-Employed
2288,51,65963.87921960794,654,Employed
2289,42,52908.53406406079,431,Employed
2290,67,58831.889397138984,792,Employed
2291,46,60789.50719927797,409,Self-Employed
2292,56,80091.14347401846,425,Self-Employed
2293,48,99365.28168941385,595,Employed
2294,64,73992.02119215802,478,Employed
2295,60,94676.94196854389,496,Contractor
2296,67,40880.25655925786,400,Contractor
2297,40,54634.237279649235,482,Employed
2298,61,46892.43664480833,308,Employed
2299,55,72861.11477187132,712,Employed
2300,37,56026.04037051466,403,Self-Employed
2301,40,83244.32342585489,425,Employed
2302,62,41724.957209188964,845,Employed
2303,69,66075.77433303204,569,Employed
2304,33,82171.4477753064,765,Employed
2305,67,20000.0,417,Employed
2306,59,118040.78268325509,391,Employed
2307,25,57921.20287800311,784,Employed
2308,67,20000.0,386,Self-Employed
2309,38,68952.34746441965,533,Contractor
2310,18,65836.08669932878,423,Employed
2311,25,62952.64051068768,502,Employed
2312,46,89779.77782316666,331,Employed
2313,49,83686.1242856764,656,Self-Employed
2314,55,72446.90477559614,762,Self-Employed
2315,22,76253.8908486662,393,Self-Employed
2316,64,62391.03876404784,821,Self-Employed
2317,39,109387.27123100121,707,Employed
2318,64,28020.09954105583,399,Employed
2319,51,68491.29185539742,543,Employed
2320,18,66625.6157797195,357,Self-Employed
2321,43,85332.01015161483,656,Employed
2322,60,43903.65306437752,790,Contractor
2323,27,21408.184940086598,619,Self-Employed
2324,47,68920.57540245482,318,Self-Employed
2325,67,72030.7623054651,656,Employed
2326,35,102239.98523619122,416,Employed
2327,34,33240.94884187284,435,Self-Employed
2328,43,93867.344167918,595,Employed
2329,25,124185.35910067803,824,Employed
2330,64,55555.87781193807,400,Contractor
2331,57,32726.444512669397,679,Self-Employed
2332,66,54825.64084066572,454,Employed
2333,29,65350.12418428452,404,Self-Employed
2334,44,79094.69687517287,825,Employed
2335,25,50215.131754048816,427,Employed
2336,42,103879.96335368355,700,Employed
2337,63,37136.69212479846,828,Self-Employed
2338,21,21519.871195679996,849,Employed
2339,50,92667.76060718294,423,Employed
2340,18,20000.0,659,Employed
2341,36,59896.755778182094,363,Contractor
2342,48,142942.0282302012,401,Employed
2343,33,64698.91117600171,576,Employed
2344,31,36980.80873259376,526,Employed
2345,65,63565.063405330155,322,Employed
2346,22,63729.980284511665,363,Employed
2347,58,69016.2485088279,456,Self-Employed
2348,43,81556.57455399049,689,Employed
2349,45,39022.22079080652,448,Contractor
2350,19,107188.70138091984,662,Employed
2351,67,71127.85710931545,763,Employed
2352,23,83169.8511600451,698,Employed
2353,26,49296.26500610894,704,Employed
2354,50,97159.55342488833,431,Contractor
2355,58,58573.68977967338,496,Self-Employed
2356,42,71938.8128373383,334,Employed
2357,65,41672.348070322274,719,Employed
2358,30,40076.70933994683,676,Employed
2359,26,82205.13266132207,698,Employed
2360,30,53909.82924481535,519,Self-Employed
2361,48,43654.42281239058,816,Self-Employed
2362,58,48920.41644932424,641,Employed
2363,28,82473.82679293552,715,Employed
2364,21,49274.053469909726,755,Employed
2365,51,62058.6267099459,596,Contractor
2366,55,65375.693757177425,630,Employed
2367,63,20000.0,638,Employed
2368,21,28221.83986566205,597,Employed
2369,55,73406.94723118906,611,Employed
2370,36,46574.26597118257,354,Employed
2371,23,91418.12278201047,833,Self-Employed
2372,51,89170.1776062636,404,Contractor
2373,35,82979.21665888593,474,Employed
2374,30,110494.29468281494,593,Employed
2375,58,62922.76680642042,674,Employed
2376,40,81222.04814759598,749,Self-Employed
2377,36,50389.97558509922,744,Employed
2378,62,126309.24782171809,359,Self-Employed
2379,28,114590.84131090049,691,Self-Employed
2380,18,65297.0108629448,689,Employed
2381,41,74664.6557476298,511,Employed
2382,24,98982.43998412014,834,Self-Employed
2383,42,61321.51237964733,539,Employed
2384,38,48584.398230007384,787,Employed
2385,32,86849.74377517206,421,Employed
2386,18,66960.98115209176,552,Employed
2387,29,69574.86124113151,440,Self-Employed
2388,24,44143.216423300866,751,Employed
2389,32,22058.19629091509,452,Employed
2390,38,70903.56024697753,607,Self-Employed
2391,36,87624.05103735499,616,Employed
2392,46,59354.83127309896,828,Self-Employed
2393,42,100910.73798897167,595,Employed
2394,50,47402.091864611386,644,Employed
2395,66,38632.38862585201,581,Employed
2396,49,63319.24232009672,507,Contractor
2397,66,62935.185616217736,395,Self-Employed
2398,52,84249.21828338056,751,Employed
2399,61,45625.92939840038,672,Contractor
2400,55,99202.35592037244,372,Self-Employed
2401,43,114172.92406270634,632,Employed
2402,28,64021.399325791455,692,Employed
2403,52,96242.76050460796,405,Employed
2404,25,38587.573234368494,400,Employed
2405,63,91880.53852954789,658,Employed
2406,31,91181.91021398656,628,Employed
2407,27,86585.93200474697,694,Employed
2408,19,64610.92277824265,334,Employed
2409,63,20000.0,456,Employed
2410,26,48956.821408696764,572,Employed
2411,20,49352.09955788495,695,Employed
2412,38,40543.626548488064,506,Employed
2413,43,68056.07511367665,605,Contractor
2414,25,54525.91386196914,835,Employed
2415,65,44384.69975587445,761,Employed
2416,19,38529.99629380451,551,Employed
2417,23,47112.17536286928,566,Employed
2418,45,93037.4802962482,508,Self-Employed
2419,46,48474.37363431265,838,Employed
2420,43,52126.53233916819,802,Employed
2421,42,53582.55962441884,813,Employed
2422,29,73474.8378452355,447,Employed
2423,22,76406.23721321332,382,Employed
2424,51,20000.0,341,Employed
2425,65,90540.88034569021,455,Employed
2426,54,100909.20085609384,752,Self-Employed
2427,32,38745.33656595826,583,Employed
2428,61,40692.54388162913,487,Employed
2429,53,53743.66530554321,773,Employed
2430,32,46099.89951358488,806,Contractor
2431,60,70598.17184866517,432,Employed
2432,65,20000.0,570,Employed
2433,40,37051.80979908151,372,Employed
2434,23,103479.93000437268,735,Employed
2435,63,41794.50081629955,592,Employed
2436,67,96085.70695257312,736,Contractor
2437,61,73883.45488975343,359,Employed
2438,60,20000.0,626,Self-Employed
2439,62,80883.22988040515,481,Employed
2440,38,62058.31744517867,733,Self-Employed
2441,40,53613.32359375649,818,Employed
2442,60,71123.9273293001,382,Employed
2443,33,76865.8371391698,327,Contractor
2444,64,82689.79554936549,565,Employed
2445,32,94456.32118870007,582,Contractor
2446,42,75203.39781945891,696,Employed
2447,53,30609.14778034095,682,Contractor
2448,28,53158.86355872022,618,Employed
2449,68,138576.20838171552,492,Self-Employed
2450,32,83112.27650954318,526,Employed
2451,21,124232.18252028743,750,Employed
2452,38,99885.85205497962,481,Self-Employed
2453,30,71045.05178889372,626,Self-Employed
2454,39,72535.17674452794,502,Employed
2455,36,64085.499003078854,701,Employed
2456,51,21554.884603837512,771,Employed
2457,31,65451.18131170561,478,Employed
2458,21,95266.86381355493,317,Employed
2459,65,50009.00012946991,762,Self-Employed
2460,69,75298.82497654523,845,Employed
2461,63,86289.77614732993,702,Employed
2462,44,42257.98901718811,692,Contractor
2463,46,53717.428391408386,599,Employed
2464,64,39552.21273807102,650,Employed
2465,45,44445.85983276483,486,Self-Employed
2466,52,32809.86790867347,646,Self-Employed
2467,25,42488.788465549325,708,Self-Employed
2468,33,100486.39201994598,370,Self-Employed
2469,59,42113.074272742684,626,Employed
2470,53,68161.48047651724,511,Employed
2471,47,52428.281158226106,608,Self-Employed
2472,35,94471.64842592347,407,Employed
2473,19,97779.05741509041,476,Employed
2474,66,86601.74955347367,726,Self-Employed
2475,30,72653.36382756889,830,Self-Employed
2476,21,59223.51157897754,717,Employed
2477,43,35203.13239521875,547,Contractor
2478,42,113588.22202805494,508,Self-Employed
2479,47,46008.17455618616,515,Contractor
2480,28,81591.15867582103,737,Contractor
2481,24,91489.13931558494,610,Employed
2482,48,51117.987577366766,682,Self-Employed
2483,61,90950.31318289906,570,Employed
2484,27,84105.33008347139,420,Self-Employed
2485,56,108199.09588454413,706,Self-Employed
2486,30,53266.33833933222,544,Employed
2487,48,32853.399568007124,365,Employed
2488,24,52362.756113887226,527,Employed
2489,66,70221.3385633583,436,Self-Employed
2490,59,66455.3181771264,493,Self-Employed
2491,59,55164.052593136235,788,Employed
2492,53,20000.0,653,Employed
2493,37,76762.07490322767,456,Self-Employed
2494,21,114308.611977055,775,Employed
2495,24,76606.2809530751,315,Employed
2496,18,80228.38797633784,377,Employed
2497,61,79311.13265387755,351,Contractor
2498,62,74926.16674706,813,Self-Employed
2499,59,88291.64917170237,803,Employed
2500,64,74884.34202964164,360,Employed
2501,30,57183.0707586681,431,Employed
2502,39,45100.27724978115,681,Self-Employed
2503,38,58775.65861798312,842,Employed
2504,39,72853.23741126664,709,Employed
2505,45,57097.925971925666,454,Employed
2506,26,72858.46707828576,350,Contractor
2507,43,75978.75334251043,394,Employed
2508,26,85829.48578175454,822,Employed
2509,32,97069.87422097451,823,Self-Employed
2510,27,66950.18546197144,654,Contractor
2511,41,32305.58587130848,344,Employed
2512,59,56372.39757952025,504,Employed
2513,25,66101.56418516499,730,Employed
2514,41,20000.0,555,Employed
2515,33,99716.61300256205,547,Employed
2516,66,68559.44781276166,832,Employed
2517,43,74533.82086450713,340,Employed
2518,44,99138.16156315664,758,Self-Employed
2519,54,49246.42924644133,576,Employed
2520,21,79351.04827210076,494,Employed
2521,67,62253.39692245161,370,Employed
2522,41,60397.828324602015,569,Employed
2523,36,45695.19030489052,634,Employed
2524,53,106640.08034216319,607,Self-Employed
2525,56,55612.49899811073,726,Employed
2526,27,82486.60617239255,498,Self-Employed
2527,42,20000.0,375,Employed
2528,35,94499.71324224466,824,Employed
2529,36,91305.27889892647,529,Employed
2530,53,67435.85275743257,384,Employed
2531,27,59326.43834655189,461,Self-Employed
2532,50,75000.00014033917,696,Self-Employed
2533,67,122219.76652200724,670,Employed
2534,22,20919.082527412873,514,Employed
2535,64,84550.68468935319,300,Employed
2536,66,42209.56744615243,676,Contractor
2537,52,64502.04009250672,711,Employed
2538,61,58802.99702303342,499,Employed
2539,51,54292.04355505611,482,Employed
2540,50,64738.37177368176,709,Employed
2541,38,36645.72136805524,697,Employed
2542,34,90729.51090319917,515,Employed
2543,39,20146.41222003499,648,Employed
2544,65,78494.11282070856,340,Employed
2545,54,56836.603686635724,302,Employed
2546,32,35726.87765481366,393,Employed
2547,52,70059.58426496739,358,Employed
2548,45,26076.222832338048,706,Employed
2549,24,65992.84554299086,317,Employed
2550,49,29428.077304711143,793,Employed
2551,28,76531.80210794578,807,Employed
2552,27,41891.06665924061,631,Employed
2553,26,53725.14957426726,468,Employed
2554,31,72348.73469857905,505,Employed
2555,30,45686.4472039441,820,Employed
2556,42,63550.90000829244,804,Contractor
2557,19,27154.23746887866,645,Employed
2558,52,80771.89008990389,603,Contractor
2559,24,109122.84513876928,414,Self-Employed
2560,38,134805.22169774905,386,Employed
2561,35,67279.20366666098,394,Contractor
2562,20,84705.10351992966,727,Employed
2563,59,20484.358177312773,749,Employed
2564,56,102568.35815763971,840,Employed
2565,58,84405.71261810265,301,Employed
2566,66,52901.66387621917,377,Employed
2567,28,95929.52000722523,623,Employed
2568,56,58638.09808386646,397,Employed
2569,41,53549.37042463609,409,Employed
2570,63,76883.37313568729,756,Employed
2571,36,38416.13750424204,787,Employed
2572,21,90540.6191099987,670,Contractor
2573,43,38600.25470182892,636,Employed
2574,55,38748.63025442034,321,Employed
2575,59,42257.75528979164,604,Employed
2576,49,83987.50093790305,571,Self-Employed
2577,56,49580.61596200731,789,Employed
2578,62,31300.105390820776,745,Contractor
2579,63,49858.00000160505,577,Employed
2580,53,64198.94073298783,676,Employed
2581,57,35475.68790839036,531,Contractor
2582,54,36207.972274141415,725,Contractor
2583,50,117782.40835248961,354,Employed
2584,53,43485.86490465283,740,Employed
2585,20,56923.94078067483,333,Self-Employed
2586,26,55819.07498001785,628,Employed
2587,25,54466.079805738955,753,Employed
2588,50,80533.66849922756,687,Employed
2589,23,88703.57376180124,729,Employed
2590,58,57351.1392117102,775,Self-Employed
2591,56,34088.04283519128,424,Employed
2592,21,96861.00569622258,822,Contractor
2593,30,62616.47272008294,781,Employed
2594,66,108258.04537142921,616,Employed
2595,19,20000.0,421,Employed
2596,22,69885.08053208301,846,Self-Employed
2597,61,112965.1583469052,612,Contractor
2598,44,56168.39661404605,786,Self-Employed
2599,49,59362.6644166341,311,Employed
2600,38,72387.79228975846,424,Contractor
2601,25,51030.104527876065,376,Contractor
2602,55,57198.201698681674,535,Employed
2603,25,56554.62264521493,553,Employed
2604,67,49314.481639340665,705,Employed
2605,20,95721.41375501399,542,Employed
2606,61,76526.95080741087,760,Contractor
2607,20,71265.70580258255,576,Employed
2608,39,85214.27517225292,768,Employed
2609,23,58391.10416991333,519,Employed
2610,19,45644.904541177486,524,Employed
2611,40,49934.39238463606,400,Self-Employed
2612,61,65044.57602761522,806,Employed
2613,19,38519.70729067745,630,Employed
2614,55,52493.47458533311,536,Contractor
2615,34,52097.08395321413,638,Self-Employed
2616,52,118113.90574572535,805,Employed
2617,51,20000.0,464,Employed
2618,40,60509.50696485917,517,Employed
2619,47,108142.34482036927,675,Self-Employed
2620,69,68046.11160331135,311,Self-Employed
2621,25,83835.43683552732,731,Employed
2622,39,67495.6578774942,382,Employed
2623,61,48316.66546958799,730,Employed
2624,53,20000.0,777,Employed
2625,22,70136.39217590757,668,Employed
2626,30,45609.834884940225,440,Employed
2627,46,44991.61484586741,755,Employed
2628,48,52525.3186005222,801,Self-Employed
2629,64,108621.53516558734,702,Employed
2630,33,125120.93855634933,587,Self-Employed
2631,59,70430.19843821002,654,Employed
2632,47,53380.819402206806,642,Self-Employed
2633,33,35569.33956371974,448,Employed
2634,29,76713.50403865172,509,Employed
2635,34,109572.6400016286,411,Employed
2636,33,58816.49032437108,835,Employed
2637,29,20000.0,348,Self-Employed
2638,25,81751.2417953881,630,Employed
2639,37,89634.99278625124,664,Employed
2640,20,25353.858990353816,310,Employed
2641,33,69412.10459157382,487,Contractor
2642,47,76280.65040340247,808,Employed
2643,62,63172.317449776536,744,Employed
2644,40,45230.72702286616,389,Self-Employed
2645,45,90398.43058908891,747,Employed
2646,68,54915.50635078293,331,Employed
2647,57,27870.345932501696,626,Employed
2648,22,20000.0,373,Employed
2649,37,96521.23799998274,550,Employed
2650,57,80416.59941177796,749,Employed
2651,61,67199.33867822922,654,Contractor
2652,18,53993.13407872991,832,Self-Employed
2653,47,51775.039644921824,595,Contractor
2654,38,38106.58378895972,597,Employed
2655,37,54213.60888600288,627,Employed
2656,23,20000.0,601,Contractor
2657,39,46598.40866328715,811,Employed
2658,35,57226.56209122265,637,Self-Employed
2659,25,80247.00117976047,673,Employed
2660,56,64001.83841566591,393,Self-Employed
2661,49,84873.07784688898,431,Contractor
2662,50,98728.37762783574,352,Employed
2663,33,91454.25234560254,795,Employed
2664,29,76762.74618446392,528,Employed
2665,55,65296.56697951961,511,Employed
2666,69,40480.29978966102,803,Employed
2667,51,83498.60128448291,794,Employed
2668,31,106993.68455553823,532,Employed
2669,53,73552.65099126045,370,Employed
2670,50,112931.47871065309,488,Employed
2671,40,26860.707298472902,307,Employed
2672,67,36145.91538051146,631,Employed
2673,62,86380.03769370656,315,Self-Employed
2674,19,71607.25525383127,392,Self-Employed
2675,58,97844.55441429518,561,Employed
2676,38,64613.20898183151,848,Employed
2677,19,43300.6144367917,460,Self-Employed
2678,44,59660.168944873934,650,Employed
2679,26,26682.90072690665,473,Employed
2680,18,36785.23317257414,616,Employed
2681,28,89311.09994795025,317,Employed
2682,20,86819.68536174025,785,Employed
2683,69,74075.10712015192,666,Contractor
2684,40,21973.06197598827,650,Employed
2685,43,56039.91061217779,827,Contractor
2686,21,34375.002783498734,734,Employed
2687,35,94413.33134469413,569,Self-Employed
2688,23,50406.94666093497,367,Employed
2689,52,37856.307230461265,329,Employed
2690,39,65744.90412803562,615,Self-Employed
2691,60,48996.138579134706,463,Self-Employed
2692,32,102093.59775509266,619,Employed
2693,39,46629.727561645224,313,Self-Employed
2694,54,30019.29351938422,578,Employed
2695,69,20000.0,731,Self-Employed
2696,59,64230.33743966462,562,Self-Employed
2697,29,50951.74715355184,821,Employed
2698,64,29277.38483720683,471,Employed
2699,66,94730.66153139464,657,Employed
2700,59,81681.12868573105,312,Contractor
2701,55,64294.55302656926,531,Employed
2702,35,99108.15610427166,775,Employed
2703,62,81563.40083496533,770,Employed
2704,52,44428.60246203919,459,Self-Employed
2705,47,39019.495900230846,560,Employed
2706,41,85449.53861134654,658,Self-Employed
2707,59,74909.17391168377,554,Contractor
2708,47,69243.69419926654,814,Employed
2709,31,43837.55492827731,579,Employed
2710,23,80198.68917514385,416,Contractor
2711,20,46112.52792165127,461,Employed
2712,33,62450.33363515805,597,Self-Employed
2713,24,101173.6036596745,596,Self-Employed
2714,69,48479.14410474636,657,Employed
2715,31,25675.268573178473,817,Employed
2716,26,38686.32020324724,677,Employed
2717,32,89857.47066719059,725,Employed
2718,38,71368.27843450524,836,Employed
2719,52,61778.06553278116,468,Employed
2720,19,52272.65486721076,814,Employed
2721,44,77133.99768882975,663,Employed
2722,19,43772.378725244416,729,Employed
2723,52,72641.6392160649,382,Contractor
2724,35,46718.63577967608,629,Employed
2725,31,42558.515368123655,432,Employed
2726,37,49062.81412937471,756,Contractor
2727,35,55614.813837900954,652,Employed
2728,27,63779.25410165742,643,Contractor
2729,42,70886.39487777786,393,Employed
2730,19,20000.0,681,Self-Employed
2731,42,44808.736056330876,594,Employed
2732,50,55210.75056609902,497,Self-Employed
2733,53,102626.55096520824,378,Self-Employed
2734,48,37999.9347904467,513,Employed
2735,31,69069.91545249781,458,Employed
2736,18,102375.75774339594,500,Self-Employed
2737,63,32175.786751318177,321,Employed
2738,33,74849.38064661007,638,Self-Employed
2739,63,44943.20415163699,541,Employed
2740,69,52384.156442769134,537,Contractor
2741,20,44922.229151167136,448,Employed
2742,52,46703.567289602855,306,Employed
2743,58,133047.8036976623,532,Employed
2744,23,86111.39680179165,376,Employed
2745,42,92543.44654465522,788,Employed
2746,30,77299.8371709124,386,Employed
2747,51,24843.580289951045,521,Employed
2748,25,74873.94925808268,712,Self-Employed
2749,38,91823.24036268366,501,Employed
2750,51,43665.01314902221,575,Self-Employed
2751,21,89133.16667902816,520,Employed
2752,42,82608.40524635198,456,Employed
2753,32,111301.00112034175,480,Employed
2754,21,54555.42468715953,428,Employed
2755,62,37559.72544310683,542,Employed
2756,29,55959.29726568636,471,Employed
2757,49,100889.27482909059,802,Employed
2758,49,20000.0,779,Employed
2759,45,20000.0,569,Employed
2760,30,67234.88197329034,720,Employed
2761,48,53935.267680646095,462,Employed
2762,31,65193.19732939212,323,Employed
2763,37,88632.79428089663,796,Employed
2764,35,51185.76634702869,492,Employed
2765,46,20000.0,689,Employed
2766,23,116112.03892999861,796,Employed
2767,49,40069.292814030596,428,Employed
2768,46,38524.071949697565,842,Employed
2769,60,92593.00034306491,335,Self-Employed
2770,19,55387.77197396205,756,Employed
2771,40,63415.25369912973,660,Employed
2772,36,77069.75310150794,514,Employed
2773,48,92089.5775777499,586,Employed
2774,68,56663.482670455705,668,Contractor
2775,22,102998.80014785749,768,Self-Employed
2776,36,20000.0,485,Employed
2777,51,83994.68092382693,773,Contractor
2778,27,44011.81104955857,360,Employed
2779,42,99306.78291519979,561,Employed
2780,19,68551.11197076362,410,Employed
2781,28,48177.366699764956,440,Employed
2782,67,81571.02732554081,834,Self-Employed
2783,48,87329.7086801813,378,Self-Employed
2784,32,81047.35307146596,793,Employed
2785,26,39257.59400917349,330,Employed
2786,40,52899.571909447885,815,Employed
2787,36,64898.17907196412,808,Self-Employed
2788,26,63968.50868374849,365,Employed
2789,52,83743.6368859587,809,Employed
2790,38,20000.0,670,Employed
2791,26,73358.17636383759,586,Self-Employed
2792,45,57750.466139084005,475,Self-Employed
2793,63,44037.48459040119,422,Employed
2794,68,46437.83055576001,530,Employed
2795,24,59636.55838705091,303,Self-Employed
2796,33,20000.0,711,Self-Employed
2797,33,47467.76073021125,549,Employed
2798,50,43104.629383842665,786,Employed
2799,21,78319.5802330656,644,Contractor
2800,21,44861.83293723699,632,Contractor
2801,56,59622.15499573775,752,Self-Employed
2802,57,103556.91569153254,457,Employed
2803,34,89858.78799538559,569,Self-Employed
2804,54,87556.78499858631,717,Employed
2805,56,52503.1892397287,739,Self-Employed
2806,69,78575.80698224131,328,Employed
2807,46,59152.55498866015,634,Employed
2808,69,60097.66973307655,537,Employed
2809,53,75242.13359366375,452,Self-Employed
2810,55,50075.16028947669,414,Employed
2811,56,102325.07761108008,698,Employed
2812,67,60996.74651005157,331,Self-Employed
2813,54,80459.01415649163,831,Employed
2814,69,101390.01198143244,352,Employed
2815,52,90791.34436437937,494,Contractor
2816,24,29777.022432736885,604,Employed
2817,44,76122.3973752471,644,Self-Employed
2818,45,86267.98486151618,381,Employed
2819,39,87296.57555401872,300,Self-Employed
2820,31,37167.62914713423,466,Self-Employed
2821,24,48574.1190745669,616,Employed
2822,54,89863.95589354054,482,Contractor
2823,39,45955.99073293386,572,Employed
2824,22,57507.598583392144,672,Self-Employed
2825,19,104396.89523754924,661,Self-Employed
2826,44,63805.018740380256,500,Employed
2827,38,46830.64655415392,491,Employed
2828,55,43059.56607842737,640,Contractor
2829,32,73317.9832396297,598,Employed
2830,38,31671.299788069773,805,Employed
2831,27,58816.60090258955,439,Employed
2832,40,73330.76337475055,605,Employed
2833,56,97478.74551369168,495,Self-Employed
2834,22,81688.70200924989,360,Employed
2835,18,47148.37205044553,659,Employed
2836,30,94460.482939093,606,Self-Employed
2837,38,57512.124061313065,779,Employed
2838,43,34107.42444876478,632,Employed
2839,67,60698.966018363186,382,Self-Employed
2840,62,100954.23002864255,633,Self-Employed
2841,38,69131.00125162314,816,Self-Employed
2842,35,65313.04660824466,773,Employed
2843,54,105930.29111757132,693,Employed
2844,62,29216.128823639323,679,Employed
2845,49,32860.0221486807,320,Employed
2846,53,24603.838225829197,476,Employed
2847,34,74316.20466200137,662,Employed
2848,52,69162.32817787811,321,Employed
2849,66,103568.4091819944,847,Employed
2850,28,71086.87692841925,549,Employed
2851,38,54896.071013017434,372,Employed
2852,69,65044.87182195268,390,Employed
2853,43,67942.68546152396,475,Employed
2854,21,23205.96816679582,425,Employed
2855,51,132758.29110837233,503,Self-Employed
2856,69,77996.7754525478,545,Self-Employed
2857,65,70250.20770056473,570,Self-Employed
2858,35,80379.0996069645,343,Employed
2859,57,82735.27451466513,847,Employed
2860,52,61486.16286243921,467,Employed
2861,58,49218.97159398248,734,Self-Employed
2862,46,79986.2671580426,329,Employed
2863,69,74642.77101328631,656,Employed
2864,46,44752.747522764796,790,Employed
2865,55,100475.8902841816,547,Employed
2866,59,72333.80090807458,552,Self-Employed
2867,38,83245.48405669077,681,Employed
2868,59,99798.02219199797,835,Employed
2869,30,65547.22052912087,718,Employed
2870,66,72923.80017460289,422,Employed
2871,58,85250.68096265291,593,Self-Employed
2872,34,46878.47290499869,442,Employed
2873,26,66351.29157115002,810,Self-Employed
2874,58,68138.71466627871,356,Employed
2875,18,41098.53620791514,341,Employed
2876,19,122940.91971684695,420,Self-Employed
2877,65,29817.66391268994,642,Contractor
2878,46,32547.402407821057,631,Employed
2879,50,97855.66439258948,755,Employed
2880,27,82831.65626991357,736,Employed
2881,67,39350.87956298055,640,Employed
2882,57,80182.22537754232,640,Employed
2883,38,101696.26112493275,715,Employed
2884,45,64243.42356007535,481,Employed
2885,28,129970.57250186455,563,Contractor
2886,51,21898.45472829911,509,Employed
2887,25,82345.58634647756,822,Contractor
2888,39,94163.20840552507,481,Self-Employed
2889,25,87283.59754013116,743,Self-Employed
2890,66,59891.106833858794,550,Contractor
2891,32,57738.962949721266,437,Self-Employed
2892,34,76103.62927718143,517,Self-Employed
2893,40,85393.86216630174,753,Employed
2894,41,80061.83590705908,386,Employed
2895,62,91001.44726983472,592,Contractor
2896,36,39528.251073331616,391,Employed
2897,22,59305.72552190913,507,Employed
2898,49,41499.601696906146,503,Self-Employed
2899,61,55347.180597846454,485,Employed
2900,18,90380.52229535763,384,Self-Employed
2901,40,67699.59801813072,455,Employed
2902,54,130171.47907874425,592,Employed
2903,25,69835.15917974293,832,Employed
2904,30,66492.29701449341,460,Contractor
2905,25,67654.57298600541,685,Employed
2906,40,49054.7826785016,784,Self-Employed
2907,60,63554.08469056016,802,Employed
2908,18,93194.70067779114,455,Employed
2909,62,67849.26670319431,442,Employed
2910,68,45163.50675291322,583,Employed
2911,41,41872.88448803412,334,Employed
2912,52,53744.952708353914,523,Employed
2913,41,66846.58586027201,692,Employed
2914,34,94839.66338690656,707,Employed
2915,22,31487.78396583908,687,Self-Employed
2916,37,57004.34305278109,596,Employed
2917,38,68607.75048587697,622,Employed
2918,57,20000.0,787,Employed
2919,48,44160.042925839836,338,Contractor
2920,63,48002.78650659534,804,Self-Employed
2921,53,45100.74065373754,802,Self-Employed
2922,28,69797.23862554118,836,Employed
2923,69,60986.00976245506,615,Self-Employed
2924,32,51117.84743497409,795,Self-Employed
2925,36,75699.06566381587,416,Contractor
2926,24,108076.86794115623,641,Employed
2927,68,105981.41291854379,539,Contractor
2928,45,20000.0,744,Employed
2929,68,79426.8045958785,786,Employed
2930,60,60549.41774840404,710,Employed
2931,22,68878.88357163391,597,Employed
2932,22,55042.92416143628,351,Employed
2933,47,67939.71574718006,603,Employed
2934,49,68785.18490180047,587,Self-Employed
2935,25,50526.20606627692,417,Employed
2936,27,42590.81130437048,723,Employed
2937,55,53782.6079345129,508,Employed
2938,64,70856.48161141913,426,Contractor
2939,49,79974.9085421066,592,Employed
2940,65,86333.72443350367,818,Employed
2941,45,52645.24942332718,521,Self-Employed
2942,34,72096.11418256842,376,Employed
2943,48,89062.56479883246,637,Employed
2944,25,94139.8723786032,574,Employed
2945,57,63529.178646711945,416,Employed
2946,42,59476.706876509685,591,Employed
2947,26,69778.1058459098,570,Employed
2948,19,36257.31317756486,746,Contractor
2949,32,60159.762224112295,456,Employed
2950,67,83614.65996182825,483,Employed
2951,20,81048.67823609253,723,Contractor
2952,66,58243.309890902776,315,Employed
2953,53,70442.95502717917,397,Employed
2954,21,44383.741492732814,599,Employed
2955,31,82587.30370562561,721,Employed
2956,58,63054.46409658817,606,Employed
2957,58,58101.213707596544,573,Contractor
2958,42,55956.904097665334,560,Employed
2959,67,63427.65332750355,538,Employed
2960,27,53803.05887670104,631,Contractor
2961,38,81453.57590006408,414,Contractor
2962,53,55117.91129959548,567,Employed
2963,29,104824.10240068453,311,Self-Employed
2964,44,101630.26258703452,372,Employed
2965,57,42711.412753637385,705,Employed
2966,19,66742.606735732,477,Employed
2967,30,48733.58446659513,558,Employed
2968,49,56833.81092028471,699,Employed
2969,48,115060.68669111992,569,Employed
2970,33,57310.71457210502,785,Employed
2971,49,74005.65092693572,358,Employed
2972,49,78533.03235020695,565,Employed
2973,51,39984.26568791898,374,Contractor
2974,28,43622.61313976988,389,Self-Employed
2975,27,34849.44071479703,804,Employed
2976,32,42850.73165255558,656,Contractor
2977,34,20000.0,453,Employed
2978,57,78614.5600198407,517,Employed
2979,35,116354.84603140174,785,Employed
2980,26,68695.51847591318,839,Employed
2981,42,29593.278516484817,429,Self-Employed
2982,57,48930.5904275013,365,Contractor
2983,31,53528.078874375075,443,Employed
2984,42,39560.380569665605,679,Employed
2985,67,86504.56595987892,612,Employed
2986,39,85256.50110938335,706,Employed
2987,69,36113.70515455851,706,Self-Employed
2988,47,83127.0261111877,576,Employed
2989,37,103170.31658943163,708,Employed
2990,38,112563.95513073899,613,Self-Employed
2991,61,136630.30057714906,848,Employed
2992,49,42450.18376392007,548,Contractor
2993,68,135605.51065988006,760,Employed
2994,63,56144.84028728029,698,Employed
2995,66,50188.36361548714,750,Employed
2996,38,73176.80937194613,770,Employed
2997,52,50448.46664767469,733,Self-Employed
2998,49,74976.10351616316,745,Employed
2999,47,31998.07030656746,402,Contractor
3000,56,59031.18494841414,627,Employed
3001,66,97139.55585904198,545,Contractor
3002,29,63573.4677142211,357,Contractor
3003,58,68539.89466849707,404,Employed
3004,64,76881.46511793279,368,Employed
3005,35,94266.5407329415,601,Self-Employed
3006,38,23619.382195264174,452,Employed
3007,30,79613.10129593586,836,Self-Employed
3008,38,58296.52151895592,334,Employed
3009,25,69165.94738279596,314,Self-Employed
3010,63,91498.75424405941,405,Employed
3011,57,35145.3337147039,373,Self-Employed
3012,63,39683.888963922764,584,Employed
3013,24,20000.0,849,Self-Employed
3014,40,51271.02645590559,496,Employed
3015,61,98260.8086094704,579,Employed
3016,49,61985.32028816326,452,Contractor
3017,28,31496.877608630355,590,Self-Employed
3018,39,52858.03138562382,441,Contractor
3019,39,27803.457412734424,611,Employed
3020,60,36870.347456720956,331,Employed
3021,42,74720.47275659283,325,Employed
3022,39,35653.16684234928,554,Employed
3023,45,92815.85763008255,355,Employed
3024,46,63221.9927292416,592,Employed
3025,30,67139.86759861314,529,Contractor
3026,35,58040.67580980265,352,Employed
3027,19,84321.19596359308,400,Contractor
3028,46,84578.99719442526,766,Employed
3029,38,73376.35879780428,566,Contractor
3030,32,79119.72764769121,301,Employed
3031,69,59697.75825198936,321,Self-Employed
3032,44,78555.07517272621,511,Employed
3033,67,56553.05561315483,535,Contractor
3034,48,65055.79055406005,828,Employed
3035,32,58133.90626584257,687,Employed
3036,68,53569.536517020104,313,Employed
3037,40,47772.205056955245,818,Employed
3038,41,76692.25259647214,521,Self-Employed
3039,61,97765.14782033658,702,Employed
3040,30,94277.54929173898,812,Self-Employed
3041,39,33585.86660136412,586,Employed
3042,60,97230.07628517183,683,Contractor
3043,54,57046.03745955178,546,Contractor
3044,50,80018.3253786398,390,Employed
3045,20,42344.61669881972,611,Employed
3046,36,68549.49784685014,736,Employed
3047,40,72843.07957242268,342,Employed
3048,46,27884.88020200868,373,Employed
3049,47,80206.67915860473,615,Employed
3050,56,98648.37519595788,443,Employed
3051,61,60633.8013579593,628,Employed
3052,64,99004.20327070032,508,Employed
3053,42,60257.662663689815,398,Employed
3054,54,86239.61327616543,413,Employed
3055,64,20000.0,474,Employed
3056,25,125469.44448283658,570,Employed
3057,59,102386.45613107392,362,Employed
3058,33,57884.362393658026,703,Self-Employed
3059,25,20000.0,524,Employed
3060,18,72200.70920763724,460,Self-Employed
3061,61,28901.86132315608,335,Employed
3062,22,76121.33843893721,680,Employed
3063,20,75289.14297910704,617,Employed
3064,18,41464.92077494938,755,Employed
3065,21,93024.17559035943,568,Self-Employed
3066,57,85139.36757015434,643,Employed
3067,52,89395.58343221409,339,Contractor
3068,49,65221.442591722385,713,Employed
3069,59,29611.898327157338,679,Employed
3070,51,89446.80680527844,521,Employed
3071,60,58240.71502160522,580,Employed
3072,42,30255.49642018327,524,Employed
3073,27,98800.98414935815,756,Employed
3074,38,117485.18801256274,453,Self-Employed
3075,63,63968.79677551992,579,Self-Employed
3076,56,118978.02886508229,652,Employed
3077,44,67282.86821528374,338,Employed
3078,44,55488.60239584122,788,Employed
3079,19,49238.53864536306,497,Employed
3080,58,105927.06019981856,575,Self-Employed
3081,65,45496.40296530571,471,Employed
3082,30,83381.73274937469,807,Self-Employed
3083,26,51020.904123519795,704,Contractor
3084,69,53492.33093564092,570,Employed
3085,53,90756.24234923917,430,Employed
3086,39,55499.07884276616,684,Employed
3087,59,54880.115514492674,696,Employed
3088,43,93320.11742937018,595,Employed
3089,29,104934.93233054059,682,Self-Employed
3090,34,81117.24508210583,811,Employed
3091,31,48630.75560940127,694,Self-Employed
3092,31,52234.787517560515,559,Self-Employed
3093,51,66997.88159350093,580,Self-Employed
3094,37,73023.25154814144,655,Employed
3095,28,40303.3522465057,719,Self-Employed
3096,33,83075.9484894966,491,Employed
3097,68,67137.83324098997,727,Employed
3098,48,22107.29203404676,647,Contractor
3099,23,41776.83793848174,728,Contractor
3100,36,52396.78315870841,691,Employed
3101,54,63178.55777897362,640,Self-Employed
3102,21,112231.9698875999,846,Employed
3103,64,70954.2826534907,701,Employed
3104,21,43980.70275253437,346,Employed
3105,37,70515.77010767908,724,Employed
3106,27,56197.806313652974,816,Employed
3107,41,73118.95598833854,627,Employed
3108,52,79514.19217589038,386,Employed
3109,43,95230.76618059845,814,Employed
3110,54,64392.837608249356,464,Employed
3111,55,105974.01318999584,522,Employed
3112,38,87700.56656340478,596,Employed
3113,57,47314.01137969531,750,Employed
3114,56,120246.3916437116,642,Employed
3115,38,73174.86283175244,640,Employed
3116,27,44121.88740069412,760,Employed
3117,55,106322.82628076055,691,Employed
3118,63,116944.43962996113,836,Contractor
3119,21,64174.36840701099,720,Employed
3120,62,52408.74349061009,680,Employed
3121,37,60690.62606365845,304,Employed
3122,34,82868.2931879425,303,Employed
3123,24,96946.41637576284,615,Employed
3124,21,79262.18327158934,377,Contractor
3125,46,67543.08021179425,830,Employed
3126,31,102450.29425761069,654,Employed
3127,20,57179.08817371195,332,Employed
3128,41,90772.98345917268,438,Employed
3129,54,57798.43004121803,571,Contractor
3130,33,75775.57395027233,495,Employed
3131,69,62160.935880238714,426,Employed
3132,21,63603.69543367973,648,Employed
3133,41,55565.33706344475,343,Employed
3134,51,98621.35077951736,543,Employed
3135,47,46676.849047286625,308,Employed
3136,35,46494.19368628229,378,Employed
3137,36,118024.83914612774,489,Employed
3138,48,89446.18911635829,385,Employed
3139,36,20000.0,784,Contractor
3140,66,50868.53151973991,570,Employed
3141,63,20000.0,812,Employed
3142,36,41232.73266461863,319,Self-Employed
3143,39,20000.0,788,Employed
3144,41,61575.26055765144,429,Employed
3145,62,36451.45452096721,306,Employed
3146,29,66497.63141991096,609,Employed
3147,47,24371.96852793688,772,Employed
3148,55,67072.796329301,401,Employed
3149,48,54627.09304699182,637,Employed
3150,53,102548.82412971489,618,Employed
3151,36,100283.92154364062,812,Employed
3152,65,84633.64007525708,324,Self-Employed
3153,62,56834.65548346969,729,Employed
3154,53,114634.50988150734,442,Employed
3155,47,26174.11805400448,448,Employed
3156,66,29911.034260908433,354,Employed
3157,50,62905.422502773385,770,Employed
3158,35,121350.95272302798,662,Employed
3159,69,59941.52732824781,508,Employed
3160,66,60418.86891976795,484,Employed
3161,45,28952.241097204773,364,Contractor
3162,64,88648.23963175947,848,Employed
3163,28,88829.40635823384,411,Employed
3164,62,84726.88003499775,562,Employed
3165,50,49269.48317881594,375,Employed
3166,34,47332.33079067485,595,Employed
3167,23,32671.94373987574,477,Employed
3168,21,67096.81254402334,300,Employed
3169,37,37989.81676803746,447,Employed
3170,65,35564.58736876778,428,Self-Employed
3171,64,54407.7320772331,812,Contractor
3172,44,52771.0956203946,801,Employed
3173,32,51550.536779451126,448,Self-Employed
3174,23,76661.11492100653,568,Self-Employed
3175,64,66976.19505375698,404,Contractor
3176,31,57796.09923722206,765,Employed
3177,28,69575.32320778705,580,Self-Employed
3178,56,40211.8239723842,706,Employed
3179,26,67631.96559774195,657,Employed
3180,43,68765.06232111584,502,Self-Employed
3181,33,27423.828516062982,580,Self-Employed
3182,22,89892.34385925905,556,Employed
3183,69,42964.15736932511,393,Self-Employed
3184,27,67257.74498016087,623,Employed
3185,67,94110.29351338177,661,Employed
3186,20,88141.91894284674,650,Employed
3187,30,65858.33471422088,361,Self-Employed
3188,60,55937.52492794829,486,Contractor
3189,66,88687.79771438918,841,Self-Employed
3190,47,81867.3744452155,603,Employed
3191,62,49540.87449889675,735,Employed
3192,23,45127.65882495774,512,Employed
3193,34,20000.0,705,Employed
3194,62,68850.79604208969,433,Employed
3195,68,62932.556374540036,518,Employed
3196,36,93404.78436606356,720,Employed
3197,59,73976.37733700917,618,Self-Employed
3198,52,98355.72985431727,456,Employed
3199,63,47565.89430209573,487,Self-Employed
3200,43,93453.75827419046,775,Employed
3201,68,51777.09052238362,461,Employed
3202,22,84439.90154480681,428,Employed
3203,46,28531.040186732665,603,Employed
3204,54,70878.38248415472,388,Employed
3205,37,20000.0,461,Employed
3206,66,58321.56285145613,335,Self-Employed
3207,38,76008.84984694784,526,Contractor
3208,27,51975.7862192226,450,Employed
3209,22,38739.05928110082,346,Employed
3210,53,86152.96173239834,530,Contractor
3211,23,62413.43025382691,838,Self-Employed
3212,43,52760.73382423321,464,Employed
3213,21,66047.39802885691,365,Self-Employed
3214,56,130916.72854863972,379,Employed
3215,56,93837.57124453859,439,Employed
3216,67,94064.34170469601,699,Employed
3217,52,75888.6579748091,429,Employed
3218,18,69162.13181442868,745,Employed
3219,41,20000.0,328,Employed
3220,53,48025.49133842169,501,Self-Employed
3221,23,52985.63966993814,536,Employed
3222,58,20000.0,638,Employed
3223,63,36064.605244614155,698,Employed
3224,61,20000.0,738,Employed
3225,48,64041.904107565686,588,Employed
3226,37,85469.1492712204,551,Self-Employed
3227,41,92669.36296560822,399,Self-Employed
3228,42,75369.61155198103,721,Employed
3229,53,40915.091470035775,317,Employed
3230,38,20000.0,770,Self-Employed
3231,47,21078.282514962455,306,Employed
3232,41,33275.435568637535,718,Employed
3233,61,42778.50754910814,679,Employed
3234,59,61006.287550210334,807,Contractor
3235,47,39645.89454682579,413,Employed
3236,39,73474.39734170654,810,Contractor
3237,45,59193.16243001318,768,Employed
3238,24,65263.64279352564,392,Employed
3239,52,93506.26381678012,791,Employed
3240,45,35494.20664499074,401,Employed
3241,31,75467.6144573092,792,Employed
3242,27,64650.669288098165,835,Employed
3243,33,56662.84297575762,784,Employed
3244,33,87131.40802164901,778,Employed
3245,48,86975.35386392518,466,Self-Employed
3246,59,41337.73010028929,439,Self-Employed
3247,42,60445.985403551895,393,Contractor
3248,30,72030.29206460163,480,Self-Employed
3249,23,58174.83129943539,303,Employed
3250,61,79625.53330719496,688,Employed
3251,26,72029.80044775689,571,Self-Employed
3252,62,110814.03100890032,431,Employed
3253,53,26743.02160175531,811,Employed
3254,60,61939.10025631506,351,Self-Employed
3255,37,42287.43721219522,589,Employed
3256,35,80102.6863859761,745,Contractor
3257,60,24570.70274886139,536,Employed
3258,38,73657.81775562216,790,Employed
3259,21,49248.78921629147,579,Self-Employed
3260,67,46645.95334697465,343,Employed
3261,50,28837.544911482815,658,Contractor
3262,44,53373.10134497485,825,Contractor
3263,24,92112.51325727314,761,Employed
3264,23,64370.28291176301,400,Employed
3265,32,80692.01044686187,760,Employed
3266,35,106616.04554915687,567,Employed
3267,49,71593.8896205644,661,Self-Employed
3268,28,51030.01069844148,707,Employed
3269,37,76681.30537956975,336,Employed
3270,41,51392.5963421427,767,Employed
3271,32,52389.43291757077,558,Employed
3272,65,27002.68000952538,808,Self-Employed
3273,24,88156.4372771098,608,Employed
3274,38,55349.93560876402,572,Employed
3275,59,69552.45614539654,409,Employed
3276,43,39100.95178483401,559,Self-Employed
3277,61,75898.69074288681,567,Self-Employed
3278,31,45951.46904662291,331,Self-Employed
3279,54,61457.2819574544,476,Employed
3280,38,86945.65078097815,403,Employed
3281,35,84768.98280581323,535,Contractor
3282,22,64449.24818707649,392,Contractor
3283,20,20796.724182332044,500,Employed
3284,40,139820.26425151603,334,Self-Employed
3285,43,108646.4742568284,416,Contractor
3286,54,83066.87062220747,757,Employed
3287,41,46169.90546022573,770,Employed
3288,66,62160.19595745088,698,Employed
3289,36,51414.489255587076,416,Contractor
3290,68,96596.3984774097,661,Employed
3291,42,71562.57227129585,503,Self-Employed
3292,38,45395.90354100418,445,Employed
3293,29,53231.12252188045,743,Employed
3294,58,93029.70356424761,596,Employed
3295,50,105002.44617051195,786,Contractor
3296,67,103208.28908715614,530,Employed
3297,21,83925.80162634944,502,Employed
3298,59,58684.37827993408,661,Contractor
3299,24,20000.0,694,Employed
3300,39,72429.00059520554,547,Self-Employed
3301,50,64954.28102889749,739,Employed
3302,34,68499.55240803384,695,Employed
3303,41,66347.43367583017,655,Employed
3304,51,31843.445951271075,700,Contractor
3305,45,78935.21392127965,540,Employed
3306,60,80805.40785079625,640,Self-Employed
3307,58,82058.46955149148,528,Employed
3308,56,88664.42508933466,842,Employed
3309,39,80101.29112304057,838,Employed
3310,66,54749.26471152723,828,Self-Employed
3311,34,63229.07880209774,566,Employed
3312,51,67278.12168133442,428,Employed
3313,23,67692.48622766546,519,Self-Employed
3314,63,89955.44139929324,381,Employed
3315,23,81091.71882556228,319,Employed
3316,51,116933.58598924882,626,Employed
3317,18,120161.72449711681,336,Employed
3318,27,66991.23956534812,681,Employed
3319,38,20000.0,338,Self-Employed
3320,22,95920.81165318166,408,Employed
3321,19,51490.59152532364,728,Employed
3322,39,44962.90195422483,363,Self-Employed
3323,65,55038.86812526583,474,Employed
3324,19,53833.92382963484,331,Contractor
3325,27,80306.74525263482,830,Employed
3326,51,26014.105521844365,405,Employed
3327,33,38056.98135520996,781,Employed
3328,65,73578.96385493541,505,Employed
3329,68,80573.6007603327,546,Employed
3330,56,81038.5411234003,388,Employed
3331,39,45324.09302666753,615,Employed
3332,29,40543.358768344,310,Employed
3333,41,52334.12915530202,348,Employed
3334,64,70996.81880711812,470,Employed
3335,57,102136.93423181374,442,Employed
3336,55,20000.0,506,Employed
3337,27,59481.78107604084,762,Employed
3338,52,31683.038974369905,808,Self-Employed
3339,68,23693.933066162754,500,Employed
3340,66,89173.91613362041,304,Employed
3341,49,78615.61436248347,510,Employed
3342,24,76235.83789868155,328,Employed
3343,38,88025.64599327484,489,Self-Employed
3344,37,53007.027580846596,487,Employed
3345,43,54184.06209166179,449,Employed
3346,21,119643.26541806436,824,Employed
3347,63,58835.72364351064,665,Contractor
3348,69,83378.30282635227,456,Self-Employed
3349,39,65159.53852408288,379,Employed
3350,32,20000.0,572,Employed
3351,57,20000.0,817,Self-Employed
3352,38,50525.39450150238,531,Employed
3353,32,91402.53129174972,459,Employed
3354,39,84707.2914159001,643,Self-Employed
3355,69,87851.92910560084,588,Employed
3356,45,40323.84552659212,504,Employed
3357,31,105396.81225305784,604,Employed
3358,44,40877.66749534039,659,Contractor
3359,58,70320.60996674922,699,Employed
3360,57,64741.19275230658,748,Self-Employed
3361,45,60653.15449213534,405,Employed
3362,43,98464.80345739017,381,Contractor
3363,66,47372.23699585099,641,Contractor
3364,19,31259.868607201803,720,Employed
3365,42,65499.88715516048,348,Employed
3366,20,55004.33164283684,505,Employed
3367,25,149434.57297706616,517,Employed
3368,61,81912.68691099937,735,Employed
3369,50,54766.48561953439,621,Self-Employed
3370,59,38597.21077032284,530,Employed
3371,69,20000.0,786,Employed
3372,52,39369.522856564174,728,Employed
3373,23,67873.5442939783,583,Employed
3374,56,100683.21628986923,785,Employed
3375,69,93042.22855969798,575,Contractor
3376,40,70727.37079115948,732,Employed
3377,42,56920.80835743788,484,Contractor
3378,67,71720.30891030385,515,Self-Employed
3379,60,52034.0500628856,396,Self-Employed
3380,36,107959.0998940969,418,Employed
3381,22,60270.245468123,664,Employed
3382,68,62841.553543831826,702,Employed
3383,28,20000.0,696,Employed
3384,29,60114.128836930904,757,Contractor
3385,27,85912.10344912353,617,Employed
3386,25,38306.93557403637,681,Employed
3387,41,46231.991637679675,441,Employed
3388,45,84817.77544334161,756,Employed
3389,58,28083.569412048666,800,Employed
3390,53,91445.02518854797,622,Employed
3391,54,51696.40274567245,567,Self-Employed
3392,38,55285.794487719926,786,Employed
3393,25,36903.03987186015,459,Employed
3394,26,74451.15651069708,313,Employed
3395,64,126496.79962573451,454,Employed
3396,32,84537.4309865158,400,Employed
3397,65,43392.8684514866,342,Contractor
3398,63,93390.5146372869,492,Employed
3399,57,57083.01135164376,610,Employed
3400,35,99362.12453568898,764,Contractor
3401,59,85166.91005410907,462,Self-Employed
3402,37,20000.0,650,Employed
3403,23,39898.00917612431,533,Employed
3404,29,88609.63057088474,702,Self-Employed
3405,19,68791.43180362544,650,Employed
3406,24,39406.10130730373,466,Employed
3407,33,49160.26211265468,447,Employed
3408,20,20000.0,327,Employed
3409,62,62790.6678118401,558,Employed
3410,20,120267.2431503941,741,Employed
3411,44,85123.33476830814,826,Employed
3412,67,119760.42502971058,510,Self-Employed
3413,60,87059.9272447495,842,Employed
3414,57,90686.98358381729,744,Employed
3415,55,114351.9671936256,752,Employed
3416,50,74431.58148355567,703,Self-Employed
3417,45,60319.316962328,365,Employed
3418,18,90816.43791555031,704,Self-Employed
3419,25,101346.00592804712,734,Employed
3420,54,53000.883932194774,527,Employed
3421,49,46960.772941499265,775,Self-Employed
3422,65,68471.400810772,767,Self-Employed
3423,60,85787.47167329155,400,Employed
3424,54,84952.27621653904,722,Employed
3425,21,29395.809995310025,655,Employed
3426,47,112790.15167658305,438,Employed
3427,23,48970.87676507874,430,Employed
3428,63,58373.37507778552,848,Employed
3429,36,42433.6410003045,767,Contractor
3430,49,132458.2208984272,779,Self-Employed
3431,26,71051.76675719919,410,Employed
3432,29,43725.62298296088,452,Employed
3433,28,86598.08874906115,541,Self-Employed
3434,63,84228.39448275082,578,Employed
3435,33,60306.8244105029,662,Employed
3436,18,86015.16781958457,707,Employed
3437,62,44367.70097922839,474,Employed
3438,38,52677.04312626869,434,Employed
3439,47,20000.0,805,Contractor
3440,30,31901.22289451093,593,Employed
3441,51,110190.77014176713,794,Employed
3442,21,106035.71569305786,718,Employed
3443,45,66644.71621622406,505,Self-Employed
3444,55,106573.28617974595,617,Self-Employed
3445,48,60998.13783479238,372,Employed
3446,44,58914.7424358023,558,Self-Employed
3447,22,66412.76621163891,657,Employed
3448,42,61876.960116910865,447,Employed
3449,20,59620.09191099549,524,Employed
3450,50,93584.95267873882,404,Employed
3451,21,68753.39134890508,655,Employed
3452,42,82812.0441108451,837,Employed
3453,37,90784.51313193327,560,Employed
3454,51,74704.64489136834,369,Employed
3455,43,40743.216852294034,746,Employed
3456,22,31178.35277589903,746,Employed
3457,52,68719.51587018263,556,Employed
3458,45,60718.59237937664,830,Employed
3459,46,67184.78572300305,418,Self-Employed
3460,26,64598.64901878535,365,Contractor
3461,69,129589.34150416419,544,Employed
3462,55,31744.34360896655,356,Employed
3463,67,20000.0,343,Employed
3464,23,73309.42083799024,823,Contractor
3465,36,55589.43613529512,723,Employed
3466,61,72901.69674324879,835,Self-Employed
3467,28,79597.07555710003,694,Employed
3468,19,97102.61737947245,749,Contractor
3469,64,27319.354490401543,556,Employed
3470,61,51082.052553570924,660,Contractor
3471,61,75719.0314720191,679,Employed
3472,26,84261.58989218067,742,Contractor
3473,38,119836.23875720965,833,Employed
3474,41,88892.59927784668,773,Employed
3475,51,63580.285102843074,456,Self-Employed
3476,39,42739.10617643346,388,Self-Employed
3477,20,50892.75368202452,501,Employed
3478,29,50182.42942607234,761,Employed
3479,45,81380.84071284402,780,Self-Employed
3480,47,71424.93613964577,753,Contractor
3481,43,31908.760728945526,769,Employed
3482,65,54102.46327273917,679,Employed
3483,38,86938.68883628552,700,Self-Employed
3484,45,73791.55887435147,378,Employed
3485,43,79216.11540031926,685,Self-Employed
3486,50,74573.04275143158,642,Self-Employed
3487,38,105660.76836522148,744,Self-Employed
3488,52,70901.07659560925,351,Self-Employed
3489,69,55349.43005323255,550,Contractor
3490,51,42106.123971660985,628,Self-Employed
3491,58,71240.23645524279,793,Self-Employed
3492,68,20000.0,649,Employed
3493,64,60392.7749541822,758,Employed
3494,35,59854.0035019664,797,Employed
3495,28,30888.228659567976,424,Self-Employed
3496,40,41793.3540336001,503,Employed
3497,65,85241.43825370603,320,Employed
3498,39,70767.79372687406,661,Employed
3499,34,67544.70834268318,660,Self-Employed
3500,22,72658.68834830057,415,Self-Employed
3501,61,67315.68969872309,354,Contractor
3502,28,96071.56407145786,591,Employed
3503,47,68085.72954259122,350,Employed
3504,32,28544.67215453124,553,Employed
3505,44,105753.24912186025,791,Employed
3506,52,74258.50668322115,524,Employed
3507,50,50268.65673012331,768,Employed
3508,37,33664.957042624534,402,Employed
3509,33,74897.85552395113,347,Employed
3510,51,62070.69987564061,641,Employed
3511,19,104353.66965081022,532,Employed
3512,52,56352.3179833293,527,Employed
3513,57,44065.480257938325,821,Employed
3514,45,87394.90545589822,312,Employed
3515,64,88132.04731792078,798,Employed
3516,56,69216.28419025488,744,Employed
3517,23,81908.92619187271,639,Contractor
3518,26,64057.82198144405,623,Employed
3519,37,70846.62752523118,456,Employed
3520,18,94124.77206409807,730,Contractor
3521,25,80632.95835053758,706,Employed
3522,40,60768.13904168438,457,Employed
3523,20,98809.06364815377,484,Employed
3524,21,20000.0,790,Employed
3525,42,116301.83278554838,835,Employed
3526,64,22351.022627731618,656,Employed
3527,55,49322.6793806926,661,Self-Employed
3528,32,63977.06162012328,523,Employed
3529,38,61337.983231795966,503,Contractor
3530,52,90160.27600066387,307,Contractor
3531,63,38554.084534744135,771,Contractor
3532,69,71519.17043707658,471,Self-Employed
3533,31,50544.697544506154,395,Employed
3534,53,72378.52448343541,605,Self-Employed
3535,29,63380.69350505309,557,Employed
3536,34,67323.39131707445,773,Self-Employed
3537,56,51251.87918839136,599,Employed
3538,26,52248.40124759794,764,Employed
3539,52,72181.81285068567,627,Contractor
3540,30,88592.88764390111,409,Employed
3541,32,50043.01664505381,428,Employed
3542,35,43280.811385677254,436,Employed
3543,68,80336.50414179593,838,Self-Employed
3544,50,64187.402673557765,463,Employed
3545,23,85762.4533496488,648,Employed
3546,44,42355.06966572131,762,Self-Employed
3547,40,20514.026864414227,803,Employed
3548,44,51674.89795434164,450,Employed
3549,51,45841.1847683746,545,Self-Employed
3550,63,63030.2899979925,409,Employed
3551,55,49078.869643240265,574,Employed
3552,31,83525.42378341123,366,Employed
3553,53,57796.243439437094,349,Employed
3554,25,68761.86246934753,814,Employed
3555,52,68940.8639610236,525,Employed
3556,36,69873.87731030468,805,Employed
3557,47,64396.772238625665,454,Employed
3558,31,77765.01726025784,779,Employed
3559,37,45108.62165435481,410,Self-Employed
3560,66,99985.44816634708,782,Self-Employed
3561,42,59086.56541578662,573,Employed
3562,57,32211.271552532955,454,Employed
3563,41,69701.83392479432,466,Contractor
3564,31,43720.487938812876,318,Employed
3565,43,81633.36336272188,644,Contractor
3566,55,120240.13940105944,593,Employed
3567,40,45335.69771105375,761,Self-Employed
3568,39,73309.30833059963,637,Employed
3569,65,21112.36028238431,751,Employed
3570,36,76347.63073603368,643,Contractor
3571,63,42857.15500500775,384,Contractor
3572,68,49379.134539137944,688,Employed
3573,20,37467.8377540043,526,Contractor
3574,59,83303.78065136839,585,Employed
3575,36,90182.60893683156,583,Employed
3576,26,65584.63036646269,408,Employed
3577,45,43389.33236660701,434,Employed
3578,37,104738.07590259655,590,Self-Employed
3579,62,46239.7468061336,807,Employed
3580,24,20000.0,328,Employed
3581,31,76459.72524892671,693,Employed
3582,26,37380.63315896208,326,Employed
3583,36,89715.21983747937,766,Employed
3584,64,55471.557583164526,312,Employed
3585,69,80092.83101360491,744,Self-Employed
3586,31,100037.50866380395,523,Employed
3587,55,34778.52838448195,762,Employed
3588,53,50851.571727689865,320,Employed
3589,57,63108.22318357341,686,Employed
3590,34,103438.78297585859,625,Employed
3591,47,48540.43205148887,766,Employed
3592,26,50137.40760127482,821,Employed
3593,50,76953.51438889522,524,Self-Employed
3594,69,50569.28185723573,774,Employed
3595,42,68813.14707244042,757,Self-Employed
3596,31,26211.564475796833,512,Employed
3597,28,120358.24856391491,780,Employed
3598,52,31307.269242264912,479,Employed
3599,58,56956.18240024479,837,Employed
3600,31,64187.974103947636,826,Employed
3601,47,112817.20335891988,321,Contractor
3602,58,31878.8554766815,644,Employed
3603,21,114592.60338696878,320,Employed
3604,21,83929.42052755057,707,Employed
3605,45,75427.38311058116,786,Employed
3606,25,40384.15782455112,827,Employed
3607,19,79278.53105095185,715,Self-Employed
3608,58,46912.834439505,571,Employed
3609,63,96666.5313299603,504,Self-Employed
3610,39,40723.44927230667,597,Employed
3611,58,62171.0376385979,407,Employed
3612,33,51118.17279967071,451,Employed
3613,46,40311.925939325134,312,Employed
3614,66,83532.99542269786,378,Employed
3615,65,78386.46868524083,468,Employed
3616,47,95225.25497252493,548,Employed
3617,29,20503.122294795816,420,Self-Employed
3618,52,91604.2675585261,686,Employed
3619,28,127636.22263392234,738,Self-Employed
3620,63,53708.97277057633,571,Employed
3621,67,112378.71530272425,599,Self-Employed
3622,38,58420.968198504335,772,Employed
3623,38,30689.756560967326,457,Employed
3624,22,57359.188939830114,526,Contractor
3625,65,91205.09919188189,720,Employed
3626,37,44045.58794171171,323,Employed
3627,54,49991.533524837825,837,Employed
3628,20,79838.48580732977,839,Employed
3629,61,65076.50291846432,427,Contractor
3630,50,79615.57381216851,393,Self-Employed
3631,26,70945.7385189584,720,Self-Employed
3632,26,76990.63298878932,571,Contractor
3633,21,54192.47035476148,783,Employed
3634,52,70793.27355075981,304,Employed
3635,34,41815.674857601654,456,Self-Employed
3636,51,97210.84056258472,351,Employed
3637,41,49143.132079567156,542,Employed
3638,49,93221.18718873474,719,Employed
3639,18,59159.825975428364,724,Contractor
3640,25,70049.97526893303,379,Employed
3641,62,52625.88622773248,653,Self-Employed
3642,40,39600.114220799274,592,Employed
3643,64,21380.990309867462,415,Employed
3644,57,38616.89603518851,828,Self-Employed
3645,29,56902.278669601954,779,Contractor
3646,29,70296.9794707221,587,Employed
3647,63,90259.48283208159,776,Employed
3648,64,53856.06350507878,324,Employed
3649,32,42950.98089332065,730,Self-Employed
3650,58,28932.130349932188,577,Employed
3651,36,77001.59044760259,616,Employed
3652,43,99579.86288323358,657,Self-Employed
3653,69,96658.25669890722,575,Employed
3654,46,82748.31870368094,643,Employed
3655,39,80963.58293168998,730,Self-Employed
3656,57,107440.59449273352,738,Contractor
3657,38,73302.03653542027,761,Contractor
3658,68,81153.24190060429,569,Employed
3659,55,56980.403453700026,730,Contractor
3660,37,30948.915728631066,320,Self-Employed
3661,46,47903.7774875106,442,Employed
3662,68,64771.024036633615,652,Employed
3663,21,66519.63431253257,764,Employed
3664,24,113157.14637138482,767,Self-Employed
3665,45,67031.92918977671,812,Self-Employed
3666,45,94471.08610064109,763,Self-Employed
3667,21,54123.0689605921,693,Employed
3668,39,57208.10285586915,357,Employed
3669,29,31774.809069413794,425,Employed
3670,62,46441.79967808571,760,Contractor
3671,20,78174.53478409383,351,Employed
3672,39,65189.00450985333,568,Employed
3673,61,88573.46549743085,395,Employed
3674,19,69531.34870862626,572,Employed
3675,41,56188.65670905646,622,Employed
3676,51,118707.42159467397,432,Self-Employed
3677,44,62652.41078217382,388,Employed
3678,58,94075.0242426326,304,Employed
3679,18,54969.76983638306,656,Employed
3680,25,82739.98698458917,642,Employed
3681,40,88200.39147879217,503,Contractor
3682,55,70212.29926438951,770,Employed
3683,23,20000.0,763,Employed
3684,39,65456.31152140282,796,Contractor
3685,42,95761.50119399939,362,Employed
3686,35,78187.02082569327,538,Self-Employed
3687,34,76145.97188073117,839,Employed
3688,29,21943.576651062023,497,Employed
3689,23,46988.62323312353,329,Employed
3690,43,75283.94077878598,508,Employed
3691,44,75259.5819196723,362,Self-Employed
3692,25,95366.66950332257,356,Self-Employed
3693,36,61378.33112134764,732,Employed
3694,59,75145.60216684536,607,Employed
3695,18,65409.356048282345,765,Self-Employed
3696,46,40326.43158746108,406,Employed
3697,62,20000.0,600,Employed
3698,66,75775.24230325191,345,Employed
3699,52,69348.68021032028,376,Employed
3700,57,49545.62394749578,468,Employed
3701,31,24520.67358710338,428,Employed
3702,52,80743.48786021845,567,Employed
3703,65,58351.998145111196,718,Self-Employed
3704,62,78921.86805920364,460,Employed
3705,37,111601.21326029397,357,Employed
3706,66,20000.0,683,Employed
3707,30,47509.9797824409,809,Self-Employed
3708,55,59765.60966720217,729,Employed
3709,66,101370.65435366626,639,Employed
3710,63,24089.924519837878,325,Self-Employed
3711,66,113396.52564201511,671,Employed
3712,25,68396.39753915726,335,Employed
3713,60,62599.98345665354,830,Contractor
3714,37,60048.50591952734,566,Employed
3715,50,54093.424195499276,731,Employed
3716,43,91202.91898172887,318,Employed
3717,56,38286.981147939034,638,Self-Employed
3718,38,73635.35454109634,439,Employed
3719,66,55395.45835732561,366,Self-Employed
3720,59,45946.663787147554,829,Self-Employed
3721,60,129649.37939209738,668,Employed
3722,58,75476.2683688365,560,Self-Employed
3723,26,80331.6386165286,502,Employed
3724,41,93444.41951671656,709,Employed
3725,54,29466.25136703632,379,Employed
3726,66,108807.29772805079,412,Employed
3727,58,20000.0,436,Employed
3728,34,45780.83974903698,488,Employed
3729,41,53524.20817052749,576,Employed
3730,38,79543.08412426265,402,Employed
3731,68,70467.9566535372,406,Self-Employed
3732,56,60829.63148254017,472,Employed
3733,58,64700.066384306905,630,Self-Employed
3734,56,40549.42441193579,490,Self-Employed
3735,30,27569.190137895668,524,Employed
3736,28,83162.79055840151,622,Employed
3737,63,82342.65281340462,807,Employed
3738,36,104612.35937892646,847,Self-Employed
3739,28,45249.572579619795,433,Employed
3740,30,82320.38025752307,336,Employed
3741,63,57907.331790881704,392,Employed
3742,62,94761.87462983705,374,Employed
3743,18,90549.06941695354,482,Employed
3744,57,70280.23498061142,758,Employed
3745,61,56511.746083350336,708,Employed
3746,36,89023.30446520654,506,Contractor
3747,29,81172.61308141415,544,Contractor
3748,25,47888.98994784543,632,Employed
3749,25,31805.033163014225,824,Self-Employed
3750,62,57786.67748295509,593,Contractor
3751,29,102885.34538370522,572,Employed
3752,65,93662.17896832596,678,Employed
3753,50,37191.81325823548,325,Contractor
3754,62,35806.064602501974,843,Employed
3755,43,96867.09624198716,390,Contractor
3756,56,36609.10238105427,775,Employed
3757,45,77732.3830910502,487,Employed
3758,22,49598.21961659191,494,Employed
3759,25,105426.12311304206,833,Employed
3760,42,45739.38002155303,384,Employed
3761,44,93584.0382551457,376,Employed
3762,63,69621.46635150912,629,Employed
3763,40,71304.87135585716,682,Employed
3764,47,20000.0,732,Employed
3765,62,20000.0,676,Self-Employed
3766,64,59485.851493317154,640,Employed
3767,40,71172.6515854153,476,Self-Employed
3768,66,36870.05430655692,725,Self-Employed
3769,64,37782.66473809145,723,Employed
3770,37,79036.81574565332,473,Employed
3771,35,79071.36201142827,705,Contractor
3772,35,61556.473490301825,381,Self-Employed
3773,19,84505.04302965188,320,Employed
3774,21,35644.94260699634,697,Self-Employed
3775,47,56101.62707282573,629,Employed
3776,50,106196.94014459183,524,Employed
3777,53,66708.05324849545,701,Employed
3778,35,68157.81286467498,737,Employed
3779,54,122648.6646491935,571,Contractor
3780,36,30016.44585378073,579,Self-Employed
3781,64,84910.75916605277,522,Employed
3782,45,106599.65699520249,808,Employed
3783,57,56878.551837536346,641,Employed
3784,37,86490.76967137115,341,Employed
3785,66,40449.512569727376,475,Employed
3786,50,47831.69011081621,544,Employed
3787,29,74624.16040119086,552,Employed
3788,68,84964.16682776475,573,Employed
3789,32,93023.41281015615,633,Contractor
3790,58,104240.71467348732,310,Contractor
3791,56,63313.83603612045,451,Employed
3792,19,94840.2938793147,488,Employed
3793,46,56442.378913771274,510,Employed
3794,58,87552.2827897067,396,Employed
3795,27,70187.21994630454,638,Contractor
3796,19,76141.9476770481,346,Employed
3797,68,75587.69685055094,356,Employed
3798,28,24882.374755054698,374,Employed
3799,30,36896.95352848066,553,Contractor
3800,27,67563.53599543805,469,Employed
3801,31,22818.023008970784,445,Employed
3802,35,85780.2775799939,332,Contractor
3803,68,86788.89915720354,814,Employed
3804,26,73179.26382194475,556,Employed
3805,56,36971.649681051946,425,Employed
3806,45,99503.47347171287,412,Self-Employed
3807,20,115930.26599295894,641,Self-Employed
3808,37,68676.92068614934,347,Employed
3809,23,77763.3844612809,663,Employed
3810,44,70043.4663699011,697,Employed
3811,19,78259.22972496998,494,Employed
3812,46,62011.031084340095,620,Employed
3813,55,64135.89400390492,437,Employed
3814,20,87642.94001243413,654,Employed
3815,33,123640.604047411,369,Contractor
3816,47,29998.219139956534,782,Employed
3817,57,62404.68788992583,358,Employed
3818,19,35488.48786919795,688,Employed
3819,34,104800.62246440208,650,Employed
3820,58,50306.55076700254,638,Employed
3821,29,28919.98015535515,735,Employed
3822,52,80954.67497121434,749,Self-Employed
3823,60,108607.77786857777,676,Contractor
3824,18,81589.94671401907,690,Employed
3825,62,70119.94693204793,780,Employed
3826,32,75228.52306939985,413,Employed
3827,43,100371.01657063887,471,Self-Employed
3828,54,43145.01824964625,317,Employed
3829,38,62203.822397842174,534,Employed
3830,66,53682.74628726167,609,Contractor
3831,48,35803.36731770725,580,Self-Employed
3832,42,56790.61851457994,495,Self-Employed
3833,40,92693.02739956122,414,Self-Employed
3834,41,79165.05370981814,696,Employed
3835,55,81107.76250270501,717,Self-Employed
3836,45,68661.89029133295,583,Employed
3837,38,78083.09456821471,627,Contractor
3838,60,44985.24144129736,640,Employed
3839,35,57262.25285181927,520,Employed
3840,53,69800.10592421691,308,Employed
3841,52,71937.89647204726,381,Employed
3842,62,73004.69637304683,593,Employed
3843,26,61541.61794959055,674,Employed
3844,55,55564.41497174176,833,Employed
3845,47,143944.28207610745,714,Employed
3846,61,87669.68182330996,398,Employed
3847,51,75328.68689881556,681,Employed
3848,49,59169.787544840154,803,Employed
3849,20,53719.529326403084,746,Self-Employed
3850,20,61729.98515682611,643,Employed
3851,45,72320.72108966709,724,Employed
3852,61,20000.0,605,Employed
3853,32,25765.26011563291,447,Self-Employed
3854,58,49077.94027652606,753,Employed
3855,40,70178.48591946422,332,Employed
3856,57,59018.171321203714,800,Self-Employed
3857,28,101953.0306524871,618,Self-Employed
3858,65,27940.08032510578,492,Self-Employed
3859,49,46216.36325991574,479,Employed
3860,53,103002.29352477753,817,Self-Employed
3861,50,68277.98311687868,690,Employed
3862,41,87121.06457002896,820,Self-Employed
3863,56,116281.17358173658,656,Self-Employed
3864,51,47654.889552454435,763,Self-Employed
3865,45,62517.141555199196,398,Employed
3866,54,58189.32747672821,447,Self-Employed
3867,24,20000.0,615,Employed
3868,21,57240.07990610077,481,Employed
3869,54,87026.55468451664,846,Employed
3870,18,78514.73854530603,602,Employed
3871,18,80477.07923470026,303,Employed
3872,64,55612.27548401251,406,Employed
3873,37,48597.56909985896,374,Employed
3874,36,96731.3917974655,339,Employed
3875,46,52567.07134105826,418,Self-Employed
3876,27,72352.05096983035,372,Self-Employed
3877,35,69083.36701693846,503,Employed
3878,45,101542.92540642797,395,Contractor
3879,52,89285.308941809,578,Employed
3880,60,32618.53448332198,442,Self-Employed
3881,64,35311.170830624,414,Employed
3882,48,79472.74545172835,775,Contractor
3883,44,63391.55881552084,432,Self-Employed
3884,28,53620.7054011559,467,Employed
3885,66,90390.69709986178,544,Employed
3886,66,69686.48455222277,576,Employed
3887,55,66311.4346722361,558,Employed
3888,22,84495.71601887624,345,Employed
3889,25,55622.27512641089,645,Employed
3890,51,104212.97463681386,536,Employed
3891,65,45298.809419174795,352,Employed
3892,69,81423.2266585522,447,Self-Employed
3893,29,100845.82096649612,832,Self-Employed
3894,55,30567.612768197505,389,Employed
3895,18,56416.62060368877,532,Employed
3896,48,93555.18482213895,350,Employed
3897,21,93931.11369327563,693,Employed
3898,66,60712.60999029402,513,Employed
3899,62,46633.22265807851,750,Self-Employed
3900,67,88898.39555826905,638,Contractor
3901,22,94588.72756454011,650,Employed
3902,47,35883.416287190135,584,Employed
3903,41,34902.15877584049,544,Self-Employed
3904,20,70631.41704958999,849,Contractor
3905,28,80734.0158357223,525,Contractor
3906,62,57523.27286924863,740,Employed
3907,21,81982.34549955872,773,Employed
3908,43,47246.58482906545,743,Employed
3909,44,20000.0,711,Employed
3910,63,54402.4731916851,545,Self-Employed
3911,60,66580.80366282753,799,Employed
3912,44,58104.001002588586,849,Self-Employed
3913,59,36034.918408512865,416,Employed
3914,68,20000.0,663,Contractor
3915,67,52147.77989080256,503,Employed
3916,23,87441.39429124359,650,Employed
3917,32,96404.93598534206,618,Employed
3918,47,94692.83460346138,658,Employed
3919,59,44602.261621286176,816,Self-Employed
3920,54,36157.3419092409,788,Employed
3921,54,77415.86537449739,406,Self-Employed
3922,59,80877.50028994813,471,Employed
3923,54,75004.24013001243,818,Employed
3924,52,20000.0,827,Self-Employed
3925,40,43327.885377913335,619,Contractor
3926,23,64257.78024285054,336,Employed
3927,21,77180.45486576068,798,Contractor
3928,35,84182.68406506217,564,Employed
3929,26,68606.338057051,701,Employed
3930,66,73269.5951634559,517,Self-Employed
3931,46,67121.6364590276,629,Employed
3932,30,82140.48435546207,485,Employed
3933,64,72821.64128727278,680,Employed
3934,69,66643.44150118218,508,Employed
3935,34,58290.78002156548,587,Employed
3936,62,67032.28562606203,387,Employed
3937,49,77114.78447098187,435,Self-Employed
3938,65,71686.88472245153,457,Employed
3939,39,74520.66045863135,454,Employed
3940,21,98568.04653377965,762,Self-Employed
3941,22,71629.09806866468,519,Employed
3942,54,48775.03698817106,758,Self-Employed
3943,58,87090.16964985423,466,Contractor
3944,66,30845.041558277066,621,Self-Employed
3945,30,37964.66548151782,811,Employed
3946,51,73396.18161800172,386,Employed
3947,62,77909.91669466447,844,Employed
3948,39,33873.719412400125,574,Employed
3949,40,55429.56297533125,440,Employed
3950,68,49847.904194508534,652,Employed
3951,20,52833.09192796008,304,Employed
3952,59,88589.94440682365,681,Employed
3953,51,82662.63658868131,633,Employed
3954,49,64521.94550365731,774,Self-Employed
3955,62,51350.9518221268,329,Employed
3956,68,31258.758244496486,646,Employed
3957,66,100504.62346954872,792,Employed
3958,38,79802.84750712296,794,Employed
3959,63,47333.27239817149,687,Employed
3960,61,82989.9874406223,552,Employed
3961,38,63244.40948563436,329,Employed
3962,61,57822.26237844143,641,Self-Employed
3963,28,75880.28820724005,586,Employed
3964,56,46462.543752181875,696,Employed
3965,21,56406.08701224725,808,Employed
3966,68,68036.52660498864,543,Employed
3967,18,52513.72017786966,520,Employed
3968,45,81727.1302566881,455,Employed
3969,41,111726.66259195653,682,Contractor
3970,52,46142.54668482143,619,Employed
3971,30,23371.867592398892,672,Employed
3972,64,20000.0,830,Employed
3973,51,61238.29646262545,514,Self-Employed
3974,28,48420.88524684543,666,Employed
3975,53,70196.51252667702,413,Employed
3976,68,68314.94180065252,499,Self-Employed
3977,34,24919.578834647597,324,Contractor
3978,52,20000.0,420,Employed
3979,35,72398.33100865239,302,Employed
3980,57,68385.72086799893,744,Employed
3981,39,54354.55004083622,553,Employed
3982,41,23571.410371692386,319,Employed
3983,36,76784.78156912477,503,Self-Employed
3984,54,96797.4886355986,656,Self-Employed
3985,56,71949.56100547305,427,Employed
3986,38,43813.15273587339,657,Self-Employed
3987,25,66113.80413927879,591,Contractor
3988,45,30847.147976657878,473,Contractor
3989,22,91449.01784596982,654,Self-Employed
3990,34,67046.10836323847,336,Employed
3991,54,20796.077206169204,609,Employed
3992,53,57483.14098890794,383,Employed
3993,36,76582.53775585577,809,Employed
3994,44,56673.80947561194,743,Employed
3995,51,58102.606963995655,719,Employed
3996,28,34389.94482381821,504,Employed
3997,62,79163.52467704141,787,Employed
3998,64,48788.269999521566,387,Employed
3999,29,20000.0,551,Employed
4000,38,55718.56573324015,330,Employed
4001,28,89528.74288925882,720,Employed
4002,56,55326.763835001315,360,Employed
4003,45,108449.624628088,525,Contractor
4004,22,75724.19871371293,634,Employed
4005,34,73468.95405700915,410,Employed
4006,37,61790.04335205978,790,Employed
4007,58,63292.84480589273,571,Employed
4008,63,58414.4091220124,333,Employed
4009,29,57443.26519793684,511,Employed
4010,23,78271.67905167872,599,Contractor
4011,34,41604.21925523586,672,Self-Employed
4012,68,38102.65428189351,424,Employed
4013,36,36920.12372811556,402,Employed
4014,43,116141.36369192885,419,Employed
4015,65,78258.5725417645,846,Employed
4016,61,72612.30504200362,630,Self-Employed
4017,61,38562.13324266421,608,Employed
4018,69,80583.55751687071,711,Employed
4019,49,62085.71633866678,698,Employed
4020,23,70354.22352829375,605,Employed
4021,53,40584.4921034111,462,Self-Employed
4022,55,69006.72143543942,364,Employed
4023,28,54404.161544837916,515,Employed
4024,50,45859.7210742453,325,Employed
4025,41,83352.65839518122,343,Employed
4026,40,26557.30478674994,389,Employed
4027,32,79119.40660785376,432,Employed
4028,44,82112.15333882491,460,Employed
4029,28,43008.90811121898,679,Employed
4030,68,44491.78847168831,560,Employed
4031,67,59424.357968339944,682,Employed
4032,34,72050.90526155551,668,Employed
4033,68,61178.62520464436,410,Employed
4034,31,75839.06150479698,376,Contractor
4035,44,109074.49131343498,508,Employed
4036,35,52307.080771257155,312,Employed
4037,45,22120.50073241449,847,Self-Employed
4038,68,85648.08957576632,324,Employed
4039,64,107082.86439818825,845,Self-Employed
4040,64,74819.20907627812,439,Self-Employed
4041,21,37806.2831161583,574,Employed
4042,24,61902.690919119974,669,Contractor
4043,62,37036.912894709196,521,Employed
4044,52,81071.38734907369,336,Employed
4045,65,31217.739932539138,428,Self-Employed
4046,26,57496.780329295,615,Employed
4047,25,39891.554342652336,622,Employed
4048,69,68170.61712837404,732,Self-Employed
4049,62,55841.45807155606,517,Contractor
4050,34,69419.05258125659,547,Employed
4051,34,65558.76387415914,410,Contractor
4052,66,40333.52430689724,446,Employed
4053,50,80671.92658822554,643,Employed
4054,49,63780.85870392212,808,Employed
4055,25,40286.774803352484,804,Employed
4056,36,121023.16390514481,433,Employed
4057,55,76910.75416792813,763,Employed
4058,20,61168.48616501736,490,Employed
4059,22,100380.11316754558,462,Employed
4060,30,111045.39023466519,755,Contractor
4061,64,61366.26444215287,360,Employed
4062,63,73684.93716086904,304,Employed
4063,48,40299.92954992648,336,Self-Employed
4064,33,61320.18123079971,759,Employed
4065,67,60023.436156003256,516,Self-Employed
4066,49,69620.67584054136,438,Employed
4067,39,73319.01196592525,398,Employed
4068,46,78995.7112207015,563,Employed
4069,39,70941.06640749898,523,Employed
4070,60,34731.43433427089,310,Employed
4071,20,41538.322356472876,626,Employed
4072,27,51339.809513408174,649,Self-Employed
4073,59,57943.98520191928,678,Employed
4074,38,91269.35726180283,530,Employed
4075,33,35926.52532867718,440,Self-Employed
4076,29,56064.62379573251,348,Employed
4077,19,88825.23745535125,750,Self-Employed
4078,58,57503.06313758469,790,Employed
4079,41,76510.3912460706,504,Employed
4080,52,61511.44892680241,708,Employed
4081,47,71419.58143311807,706,Employed
4082,47,59288.18640476149,350,Employed
4083,64,81676.63681820885,474,Contractor
4084,52,26373.58981483912,560,Employed
4085,36,55917.19979028637,779,Employed
4086,67,72414.3169173577,522,Employed
4087,25,78342.38120015482,568,Employed
4088,43,102323.81556884569,617,Employed
4089,66,55224.38332836059,684,Employed
4090,57,101987.04404652183,518,Employed
4091,24,48524.40433350824,353,Employed
4092,47,98216.16028861608,499,Self-Employed
4093,24,85436.67816745931,638,Employed
4094,20,42163.53550919443,604,Employed
4095,18,72675.98093129555,544,Self-Employed
4096,53,63719.10411169521,507,Contractor
4097,42,80639.61484187501,810,Employed
4098,54,59418.21028916726,558,Self-Employed
4099,18,57318.844358456714,679,Employed
4100,32,99227.36456907127,462,Employed
4101,54,62531.97763860818,640,Self-Employed
4102,30,85660.55810479415,829,Contractor
4103,57,59366.212873895005,333,Employed
4104,25,106666.58148068808,622,Employed
4105,22,48041.634266612666,480,Employed
4106,26,49646.41171882038,646,Employed
4107,18,103112.92952789758,491,Self-Employed
4108,53,53876.34022761868,545,Employed
4109,52,105026.85765410982,544,Employed
4110,19,87296.01448987031,432,Employed
4111,57,61133.757335979164,496,Self-Employed
4112,40,20000.0,646,Employed
4113,26,64517.04239320411,348,Employed
4114,51,67540.75133833561,363,Contractor
4115,63,94180.44333260933,403,Employed
4116,31,104711.1794060028,512,Self-Employed
4117,21,47875.320521406305,816,Employed
4118,47,85029.54409970457,418,Employed
4119,48,84135.05390033373,541,Employed
4120,55,91835.31756026113,579,Employed
4121,28,77467.24780338861,723,Employed
4122,52,20000.0,662,Employed
4123,25,61114.439186806005,605,Employed
4124,20,36107.310627077124,785,Employed
4125,31,59934.85567704815,613,Employed
4126,30,89500.10590334734,812,Employed
4127,62,72628.77089687431,466,Employed
4128,49,93702.27165993582,693,Employed
4129,51,73543.84801783848,362,Employed
4130,62,32541.851508277436,571,Employed
4131,36,20000.0,336,Employed
4132,55,68720.21904198975,315,Employed
4133,33,59651.838341220864,642,Employed
4134,19,40576.35651545295,645,Employed
4135,57,22484.318758715555,838,Self-Employed
4136,34,46631.41966318227,532,Employed
4137,51,60137.7128783806,715,Employed
4138,59,81646.94559265976,566,Employed
4139,33,69715.7770391995,625,Contractor
4140,55,105201.68117931823,742,Employed
4141,19,39109.89859886514,375,Employed
4142,19,87026.47230143583,546,Contractor
4143,43,66182.46857821819,612,Employed
4144,30,82366.72810296461,642,Employed
4145,64,54087.12841836141,481,Employed
4146,48,91792.00934726474,698,Employed
4147,51,72380.61895863106,540,Employed
4148,56,48013.87537705626,591,Employed
4149,20,64699.3992771703,353,Self-Employed
4150,25,59011.103526572515,444,Employed
4151,40,77229.45876594484,655,Self-Employed
4152,31,35505.58126563729,776,Self-Employed
4153,44,64266.207447107634,321,Employed
4154,46,74882.68131623327,630,Employed
4155,56,65825.58267982583,591,Employed
4156,56,98673.53110972489,535,Employed
4157,18,84350.56935177631,328,Employed
4158,34,64812.980081481335,459,Employed
4159,58,70417.22743744183,829,Self-Employed
4160,47,72391.63878704999,849,Employed
4161,30,75082.4901041706,400,Employed
4162,38,20000.0,589,Self-Employed
4163,36,57461.842605766324,676,Employed
4164,36,27889.02329516434,472,Employed
4165,42,96957.02368648717,642,Employed
4166,39,63478.761999926806,490,Employed
4167,48,60166.47625800943,738,Employed
4168,34,87419.93330083087,642,Contractor
4169,40,75558.11993624686,424,Employed
4170,49,36784.13714051982,659,Employed
4171,27,63227.36593681578,802,Employed
4172,27,56620.82566934038,472,Employed
4173,53,21386.677784848645,693,Employed
4174,25,47743.09416906988,760,Employed
4175,69,60411.49194958836,419,Employed
4176,37,62126.22671270394,572,Employed
4177,49,27944.21440806728,657,Employed
4178,67,93791.63957618689,685,Contractor
4179,31,62447.423527714025,618,Employed
4180,67,65938.82691651407,560,Employed
4181,45,75016.04095849591,580,Employed
4182,63,45298.09365240822,628,Employed
4183,69,76408.8993283174,423,Self-Employed
4184,41,55823.133849545426,775,Employed
4185,32,42585.36148382021,577,Contractor
4186,39,79336.18733388497,392,Self-Employed
4187,47,102291.84647004519,846,Employed
4188,21,83120.7343371458,427,Self-Employed
4189,30,88074.43912851077,831,Self-Employed
4190,40,51984.23483594252,466,Employed
4191,25,25059.50677078859,535,Employed
4192,35,102253.43805249603,331,Employed
4193,29,116362.872235119,530,Employed
4194,48,103570.16934424205,490,Employed
4195,31,56605.35152550626,807,Employed
4196,51,36134.14153177889,756,Employed
4197,35,38357.93255451084,554,Employed
4198,51,22906.685809648785,578,Contractor
4199,28,62315.53453974886,355,Employed
4200,58,105141.94895206136,405,Employed
4201,29,61458.434203193916,491,Employed
4202,66,72558.07250870687,577,Employed
4203,32,99389.92410760521,843,Contractor
4204,48,54897.617204190006,474,Employed
4205,66,115888.28641798988,384,Self-Employed
4206,46,114802.36018743634,515,Employed
4207,43,61722.216532987935,313,Self-Employed
4208,35,50561.64339951968,336,Self-Employed
4209,49,82430.95115975782,326,Contractor
4210,39,56311.87643702855,369,Employed
4211,55,36086.119573316595,453,Employed
4212,34,97030.9663380745,737,Employed
4213,40,95411.184681927,570,Employed
4214,41,68887.79009408902,840,Employed
4215,67,33428.381156795556,373,Employed
4216,25,34261.843719565346,448,Self-Employed
4217,58,67680.73221047882,805,Employed
4218,23,52503.22413737419,309,Self-Employed
4219,22,56472.67669645979,801,Employed
4220,61,90549.07887650009,361,Employed
4221,46,83329.48293556394,687,Employed
4222,45,99453.56701244033,531,Employed
4223,28,40234.419415568555,827,Employed
4224,18,56420.210782832204,849,Self-Employed
4225,60,83974.54238650281,744,Employed
4226,36,76201.95852532229,620,Self-Employed
4227,26,103309.50956469055,382,Self-Employed
4228,44,75513.41764760173,733,Employed
4229,51,111202.72760263881,316,Contractor
4230,61,78500.44504307852,668,Self-Employed
4231,21,91554.1861897165,554,Contractor
4232,53,56912.12633038857,755,Self-Employed
4233,35,65357.18029709972,832,Self-Employed
4234,32,87773.61009598688,691,Employed
4235,68,105324.45426482636,619,Employed
4236,30,83230.92373276883,519,Contractor
4237,36,62920.70570163451,713,Self-Employed
4238,66,99433.37573820855,331,Employed
4239,23,20000.0,315,Employed
4240,65,29444.13746232816,708,Employed
4241,29,82040.85559170973,472,Employed
4242,68,65352.708906328124,478,Employed
4243,54,80137.84127810413,796,Employed
4244,34,66610.18806079855,403,Self-Employed
4245,40,79273.64236509682,616,Employed
4246,43,44639.92947517024,480,Employed
4247,46,79262.15215199227,431,Self-Employed
4248,50,89860.36320518961,454,Self-Employed
4249,44,95513.76509828081,658,Employed
4250,42,115338.8573662175,534,Employed
4251,27,71102.46108755967,464,Employed
4252,64,71847.77717117948,726,Self-Employed
4253,40,26920.688395653808,787,Employed
4254,38,51714.714971539375,512,Employed
4255,38,60172.94814983469,456,Self-Employed
4256,60,91257.98880690888,374,Contractor
4257,30,49724.97189775927,734,Employed
4258,54,84908.50049372081,477,Employed
4259,50,64959.457075915496,611,Employed
4260,41,60570.797122130956,426,Employed
4261,61,71222.34922833141,676,Employed
4262,28,55221.09069367894,644,Employed
4263,34,54274.06879768336,524,Employed
4264,21,22380.352355247138,316,Employed
4265,64,58801.14481680276,796,Self-Employed
4266,42,53000.79634628184,772,Employed
4267,47,52100.47526627301,610,Employed
4268,26,75421.82656475101,436,Contractor
4269,38,81465.79881976274,774,Employed
4270,37,70804.86261605819,516,Contractor
4271,36,89885.37976123687,495,Employed
4272,36,79389.04814575912,500,Employed
4273,29,57623.59525485895,665,Employed
4274,54,53428.59285714051,827,Employed
4275,59,72820.55591917117,699,Employed
4276,34,79344.17774754752,824,Employed
4277,54,99946.10767578745,513,Employed
4278,65,94779.3261235024,640,Employed
4279,56,51463.174837320774,628,Employed
4280,45,62449.84299681846,418,Employed
4281,58,81775.44512294425,724,Employed
4282,52,91699.9444514743,672,Contractor
4283,64,88474.2367176198,478,Employed
4284,65,63403.054179216335,731,Contractor
4285,35,33649.43368928709,701,Employed
4286,31,40026.59059386022,693,Employed
4287,52,71815.83785798536,378,Employed
4288,61,73555.63948560864,723,Self-Employed
4289,58,37533.015664140374,417,Self-Employed
4290,24,66114.2402722318,667,Self-Employed
4291,58,80780.60892429457,405,Employed
4292,30,36219.33356232139,404,Self-Employed
4293,35,92624.93004511036,602,Employed
4294,54,55561.72128600437,447,Employed
4295,30,96440.32781441628,449,Employed
4296,53,51663.688855602486,555,Employed
4297,48,39334.36292789553,381,Self-Employed
4298,19,53546.57525395701,315,Employed
4299,33,62621.296923067,492,Employed
4300,26,55288.002330712974,373,Employed
4301,26,59599.96446067216,576,Contractor
4302,55,73349.12874190476,360,Employed
4303,28,60720.51575509002,835,Employed
4304,39,63347.19015119982,834,Employed
4305,50,22269.3400199351,642,Self-Employed
4306,53,74792.45040026182,694,Contractor
4307,62,62769.9175577083,557,Employed
4308,40,105257.32451207178,497,Employed
4309,62,41510.87081865105,352,Self-Employed
4310,62,20000.0,570,Contractor
4311,51,80451.71234825105,500,Employed
4312,26,73663.17545782501,695,Employed
4313,41,39789.17448672136,677,Self-Employed
4314,25,26756.27612489771,834,Employed
4315,24,103434.91826710725,387,Employed
4316,53,100352.75976516955,697,Employed
4317,35,20000.0,481,Employed
4318,20,53544.42426858748,582,Employed
4319,45,106604.80136959748,832,Contractor
4320,23,53098.43605555333,489,Employed
4321,61,52734.694149333685,504,Self-Employed
4322,61,57931.01680926579,343,Self-Employed
4323,38,36977.57565579601,599,Employed
4324,45,22380.60639429889,578,Self-Employed
4325,57,91313.68276836872,684,Employed
4326,18,20000.0,610,Employed
4327,53,71181.7863027189,827,Employed
4328,38,87164.48731894125,573,Employed
4329,60,28719.34252747104,781,Employed
4330,52,41893.28993512321,750,Employed
4331,30,95329.47970978974,831,Employed
4332,66,78322.293005676,830,Employed
4333,27,49567.85732802782,824,Contractor
4334,61,95056.22508402928,316,Contractor
4335,64,95163.39308635757,329,Employed
4336,27,71726.31732539268,769,Employed
4337,63,42495.994303158426,603,Employed
4338,30,54663.78241320512,392,Employed
4339,54,72159.66859888476,461,Self-Employed
4340,55,60285.12927131279,627,Contractor
4341,41,88473.92945587129,553,Employed
4342,19,26755.64799726659,739,Employed
4343,39,27643.41177334403,843,Employed
4344,34,69521.77778706081,419,Employed
4345,53,52711.389654827384,813,Self-Employed
4346,31,49323.784632556475,848,Employed
4347,27,20798.582020640068,396,Self-Employed
4348,52,65488.646119954545,669,Employed
4349,42,63681.12229998086,716,Employed
4350,20,81336.97454879351,556,Employed
4351,64,66722.6533280243,427,Employed
4352,55,61684.89804398758,658,Self-Employed
4353,34,94425.01591975843,455,Self-Employed
4354,29,32188.31741378625,356,Self-Employed
4355,69,78409.73047118941,375,Employed
4356,41,23221.320880116276,457,Self-Employed
4357,46,44040.95299997981,384,Employed
4358,60,34683.571684417155,621,Employed
4359,42,84548.56338629796,608,Employed
4360,53,63364.74416011515,829,Employed
4361,43,64662.41888517558,583,Self-Employed
4362,55,37331.675306763726,341,Employed
4363,18,57507.66260167777,433,Employed
4364,37,45913.36741727221,703,Employed
4365,45,74586.3753713554,792,Employed
4366,33,40222.72161670966,521,Employed
4367,64,98244.85913012689,528,Employed
4368,34,23110.48875939764,751,Self-Employed
4369,57,44837.00418858597,605,Employed
4370,45,106930.0127491524,418,Self-Employed
4371,29,54121.53130094914,623,Employed
4372,44,32128.0333898897,458,Employed
4373,59,70476.78906344171,538,Employed
4374,64,53115.19394463644,695,Self-Employed
4375,47,44103.243609542355,619,Employed
4376,58,37603.229730032064,488,Employed
4377,51,134209.3401406486,608,Contractor
4378,54,58711.20249539659,548,Employed
4379,23,20000.0,837,Contractor
4380,24,102342.74397513835,805,Employed
4381,49,80276.77262776427,693,Self-Employed
4382,49,45838.33922450531,705,Employed
4383,42,41672.022782846456,480,Employed
4384,50,81836.81990395577,320,Employed
4385,24,58827.04181276364,454,Employed
4386,69,20000.0,493,Self-Employed
4387,29,109680.99911511672,523,Self-Employed
4388,33,54150.23844460108,698,Employed
4389,33,102389.29341206065,579,Employed
4390,60,96960.87394914287,309,Employed
4391,53,39974.76138792964,675,Employed
4392,30,90829.74660907869,771,Employed
4393,24,48713.93625340797,451,Employed
4394,53,20000.0,423,Employed
4395,64,54385.04584944644,723,Employed
4396,68,74940.93754440697,822,Employed
4397,26,53431.583800091554,812,Employed
4398,49,57323.791476872466,470,Employed
4399,28,93589.15112321533,424,Employed
4400,25,67662.3495072523,474,Self-Employed
4401,50,43917.54221787619,803,Employed
4402,40,82550.75809168316,684,Employed
4403,42,69941.88917385612,405,Self-Employed
4404,25,20000.0,827,Employed
4405,62,75708.82284428622,337,Employed
4406,39,74795.71769290254,694,Employed
4407,21,65503.028239521496,776,Employed
4408,57,87292.51452673938,766,Employed
4409,20,48190.160391837446,804,Employed
4410,46,73412.49472052252,614,Self-Employed
4411,58,25826.015720816176,584,Employed
4412,46,75177.2595849708,763,Employed
4413,51,113826.49238849741,563,Self-Employed
4414,51,40128.591188311475,728,Employed
4415,45,46004.94670030562,664,Employed
4416,30,47249.613927711194,480,Employed
4417,32,68249.95564503988,543,Employed
4418,40,38424.09317865704,612,Self-Employed
4419,61,75531.1844672745,375,Self-Employed
4420,43,86170.99863672913,561,Employed
4421,21,78358.68033634461,530,Self-Employed
4422,43,20789.614359048188,679,Employed
4423,57,89879.19162896516,608,Employed
4424,26,88434.185356342,687,Employed
4425,22,85754.0343086576,624,Employed
4426,49,74321.05621639562,755,Employed
4427,37,70504.73285512831,811,Employed
4428,67,90809.73495315992,642,Employed
4429,28,113087.83719008637,815,Contractor
4430,32,41173.98841587875,741,Self-Employed
4431,49,91953.13489486929,848,Employed
4432,45,62844.57254981368,561,Employed
4433,39,61758.173699284984,762,Employed
4434,58,26586.732740449042,526,Contractor
4435,34,57880.264762115126,822,Contractor
4436,43,40068.376050789615,488,Employed
4437,61,53403.63926235136,508,Employed
4438,24,37545.34040554626,312,Employed
4439,59,53777.29031717484,461,Employed
4440,43,54847.24107441492,792,Employed
4441,42,67418.87296097001,734,Employed
4442,27,24631.253442716727,304,Employed
4443,62,28862.046306366916,501,Employed
4444,36,74047.85676826317,715,Employed
4445,28,45064.04707324752,311,Self-Employed
4446,30,91863.24475574828,696,Employed
4447,25,70631.74305037617,640,Self-Employed
4448,57,80169.05375516019,672,Employed
4449,21,100267.30801052236,677,Employed
4450,64,57257.229704835685,524,Employed
4451,48,50637.83236459311,481,Contractor
4452,45,86792.56463997034,596,Employed
4453,28,77737.83909824214,606,Employed
4454,60,60316.74225446748,730,Employed
4455,18,99786.44917389855,417,Employed
4456,66,59693.89225400174,651,Employed
4457,64,65819.34093889453,345,Contractor
4458,69,65530.56627085646,526,Contractor
4459,55,41635.15262753822,655,Self-Employed
4460,41,66939.63473715978,593,Contractor
4461,64,99919.00443496229,539,Employed
4462,48,76124.2078844044,647,Employed
4463,58,65776.58565997328,440,Employed
4464,63,60955.817970858276,503,Employed
4465,67,73271.67571015879,568,Contractor
4466,43,83744.16571222963,612,Employed
4467,66,80230.97077224382,717,Self-Employed
4468,67,56703.37845445052,436,Self-Employed
4469,22,73119.53985275286,650,Employed
4470,37,76998.49352870697,460,Employed
4471,69,39820.12531182554,472,Employed
4472,58,69205.76352959235,429,Employed
4473,28,20000.0,378,Employed
4474,50,77063.34274552963,356,Employed
4475,67,81508.57636406703,699,Employed
4476,55,83688.65314466148,662,Self-Employed
4477,44,55123.828695760814,634,Employed
4478,51,72726.17087560087,433,Employed
4479,32,100598.84613852917,313,Self-Employed
4480,49,100344.24120728148,582,Employed
4481,38,64270.682519335984,720,Employed
4482,63,68482.99076823899,426,Self-Employed
4483,22,92772.77861836083,517,Contractor
4484,23,27479.94961844563,788,Contractor
4485,55,56923.10643307438,559,Employed
4486,39,98389.2613884189,517,Employed
4487,35,89380.01354211915,788,Employed
4488,31,74231.59444124761,742,Contractor
4489,27,27354.189866734487,398,Employed
4490,63,63752.24417397095,481,Employed
4491,30,50252.11509375167,468,Self-Employed
4492,48,73275.97257043034,532,Contractor
4493,47,44766.33288012799,392,Employed
4494,20,39356.91512563481,771,Employed
4495,47,20000.0,815,Employed
4496,23,95545.11712441753,384,Self-Employed
4497,46,55005.73721392357,818,Employed
4498,25,68928.64459256336,680,Employed
4499,61,64944.047088145475,706,Employed
4500,62,38314.151675987516,531,Self-Employed
4501,60,33523.37721379517,550,Employed
4502,61,39867.12185006912,384,Self-Employed
4503,50,46920.78902926517,618,Employed
4504,34,74165.15617534512,492,Employed
4505,65,45107.05841198471,599,Contractor
4506,28,108662.26578986555,657,Employed
4507,30,90678.77589732877,752,Employed
4508,67,85208.98874164271,805,Employed
4509,28,62008.527438171244,364,Employed
4510,48,102857.01839301208,521,Self-Employed
4511,45,59549.8592219719,765,Self-Employed
4512,61,64218.464646143846,371,Employed
4513,23,69249.36349373174,773,Employed
4514,58,82545.5760135836,318,Employed
4515,33,80922.70197507464,821,Contractor
4516,21,53121.86803888492,714,Employed
4517,52,51675.157014351156,663,Self-Employed
4518,65,80997.57392880211,827,Employed
4519,43,82880.91459728082,379,Contractor
4520,29,55166.22187942818,489,Contractor
4521,28,25320.298258038652,447,Employed
4522,54,59817.09759979389,742,Self-Employed
4523,42,80588.14497064646,564,Employed
4524,35,110135.42116049452,808,Employed
4525,36,35051.05094148345,600,Employed
4526,40,54335.71867923566,765,Employed
4527,55,55264.910961865586,664,Employed
4528,35,98895.13348578753,698,Employed
4529,43,64126.462488534184,792,Employed
4530,23,42316.83601569336,841,Employed
4531,21,78967.38207304548,779,Employed
4532,61,54884.03699897634,467,Employed
4533,68,34390.31816605114,390,Employed
4534,46,42680.66731809623,599,Employed
4535,51,108351.04886056547,473,Self-Employed
4536,34,74605.23054123655,672,Employed
4537,60,67694.00138631357,323,Employed
4538,60,58752.656604698845,500,Employed
4539,33,72303.72105296997,306,Employed
4540,19,72005.89865006236,305,Employed
4541,51,72304.22070518315,460,Employed
4542,25,67871.12725694383,547,Employed
4543,30,86719.95845763873,465,Employed
4544,59,65577.60865001827,727,Employed
4545,25,40551.529111184034,444,Employed
4546,47,49689.427727478294,810,Employed
4547,49,20000.0,842,Employed
4548,53,115670.42790105981,808,Employed
4549,64,86568.86479881717,519,Employed
4550,47,44248.237621769076,375,Employed
4551,18,57953.8787650725,618,Contractor
4552,60,49078.08814483917,337,Self-Employed
4553,56,103563.68028435291,813,Employed
4554,34,29503.070893226773,545,Employed
4555,37,67861.90147046949,439,Employed
4556,41,62286.8039358788,557,Employed
4557,67,85670.96576772786,680,Employed
4558,39,62399.76930688263,777,Employed
4559,46,21044.778083614125,484,Employed
4560,39,58722.054133938975,602,Employed
4561,61,40695.94455141688,793,Employed
4562,26,66989.48866391402,463,Employed
4563,54,100854.42591300816,502,Self-Employed
4564,27,21514.368894193045,707,Employed
4565,53,44994.43161500241,509,Employed
4566,54,51182.67615541258,400,Employed
4567,45,55459.22261466972,745,Employed
4568,45,83503.1416026311,667,Employed
4569,59,60661.38956096531,538,Employed
4570,60,75395.06814301113,590,Employed
4571,38,49355.67390670559,671,Self-Employed
4572,41,70748.10863544844,730,Employed
4573,59,84444.94077194287,579,Employed
4574,57,46692.51125657279,766,Contractor
4575,19,84533.95299516286,615,Employed
4576,25,66309.31921818921,376,Self-Employed
4577,65,91136.50601205631,450,Self-Employed
4578,44,59964.502498075664,695,Employed
4579,39,74531.11637905247,795,Employed
4580,54,63984.84420803675,596,Self-Employed
4581,44,62594.69344898553,706,Self-Employed
4582,46,71473.26070564224,586,Employed
4583,20,78420.18673062259,792,Employed
4584,61,33760.87720189987,835,Employed
4585,30,100840.84022044695,755,Self-Employed
4586,62,20000.0,791,Employed
4587,27,47879.6972565276,308,Contractor
4588,53,62643.27323087749,431,Contractor
4589,26,75308.89922714871,376,Self-Employed
4590,44,104404.31319353447,430,Employed
4591,51,20000.0,711,Employed
4592,68,52307.64679025723,389,Employed
4593,18,20000.0,797,Employed
4594,49,65790.5493477562,653,Employed
4595,42,71792.08961250077,570,Employed
4596,46,104769.89355428131,691,Employed
4597,24,68015.86902233635,731,Employed
4598,66,91100.62823605949,771,Self-Employed
4599,20,79595.92703847648,607,Employed
4600,37,54118.795074870795,807,Employed
4601,37,29775.981330199014,354,Employed
4602,47,71875.05745729528,336,Contractor
4603,52,27697.449571365905,354,Self-Employed
4604,52,97380.1768167411,823,Employed
4605,66,60948.4474490794,762,Employed
4606,56,94879.43528778541,777,Contractor
4607,44,52994.63914669001,510,Employed
4608,43,71721.2696600248,525,Employed
4609,31,70233.72143336722,306,Employed
4610,34,63873.897049726904,839,Employed
4611,35,54183.512165085194,511,Employed
4612,62,74811.400461763,488,Employed
4613,69,41845.9184129198,374,Employed
4614,46,34764.11677602353,413,Employed
4615,37,96070.67233317069,450,Employed
4616,44,83179.19972230251,735,Employed
4617,35,66647.290215056,383,Employed
4618,21,106628.55956359454,511,Employed
4619,18,58305.86203187888,760,Employed
4620,67,98067.58049972448,476,Employed
4621,18,69389.35212314555,611,Employed
4622,43,39381.23124809025,458,Employed
4623,62,111201.00479427124,485,Employed
4624,37,89767.77116560213,770,Employed
4625,69,61974.474224760896,608,Employed
4626,40,83179.28148834873,545,Employed
4627,27,54907.414150052326,683,Employed
4628,28,85728.72587648855,341,Employed
4629,58,20000.0,584,Self-Employed
4630,58,39504.96665763516,599,Self-Employed
4631,22,89481.49360717407,735,Self-Employed
4632,18,58758.61154452702,668,Employed
4633,34,70188.55737221855,785,Employed
4634,39,31330.358447114137,735,Self-Employed
4635,51,111196.67489255258,727,Employed
4636,62,94763.24109294191,480,Employed
4637,58,59982.86954061675,639,Employed
4638,46,54882.60357841684,790,Contractor
4639,21,90740.10903549232,794,Employed
4640,22,114561.7612542232,462,Employed
4641,28,88844.00639528384,755,Employed
4642,68,119295.06668491504,391,Employed
4643,38,41941.21677345205,404,Contractor
4644,52,44515.32923753023,738,Employed
4645,29,35276.472048666285,797,Employed
4646,43,76044.01624123698,627,Employed
4647,68,69390.08874510926,840,Self-Employed
4648,36,61201.22191320035,808,Self-Employed
4649,62,85231.46570308247,550,Self-Employed
4650,24,95808.2151303666,490,Self-Employed
4651,64,26858.439767828946,346,Employed
4652,24,50075.699302472116,550,Contractor
4653,43,85503.5898530765,363,Employed
4654,57,53306.53290353545,619,Self-Employed
4655,22,45044.84809104615,823,Employed
4656,38,90463.43569125986,591,Employed
4657,31,32762.4982569005,328,Employed
4658,21,57460.50480522237,736,Employed
4659,40,73216.10064512021,346,Employed
4660,59,50654.502152247034,716,Employed
4661,37,84578.89140032938,750,Employed
4662,32,50778.07562006578,373,Contractor
4663,67,100215.48733614798,352,Contractor
4664,69,61856.342562605685,532,Self-Employed
4665,62,81781.75341763384,499,Self-Employed
4666,46,83650.5988245704,848,Employed
4667,25,49311.49993139818,396,Employed
4668,58,20000.0,348,Employed
4669,65,74018.89386659587,821,Contractor
4670,36,66807.20867812174,339,Self-Employed
4671,65,78895.65068937818,452,Self-Employed
4672,56,59336.81319042905,405,Contractor
4673,63,54239.30752998211,510,Employed
4674,45,115211.8252745425,501,Employed
4675,63,28191.148462230558,732,Contractor
4676,44,83348.76195910596,446,Employed
4677,21,50634.95354541522,798,Employed
4678,32,56605.53455648945,581,Employed
4679,52,57072.42918565086,609,Employed
4680,54,44914.14314571857,350,Self-Employed
4681,18,79280.60525590599,794,Employed
4682,20,99766.08989874893,708,Employed
4683,64,76750.34153116653,572,Employed
4684,41,67584.54990530238,757,Employed
4685,44,40338.98752251884,419,Contractor
4686,57,77920.63164561127,345,Employed
4687,53,118908.74079323247,542,Employed
4688,51,55482.63440512269,610,Employed
4689,46,55600.410516203345,630,Contractor
4690,41,50972.77172547507,310,Employed
4691,41,52764.644137639494,723,Contractor
4692,59,20000.0,347,Employed
4693,21,75125.88464639282,676,Employed
4694,20,43861.19559113466,307,Self-Employed
4695,51,24743.422030204994,825,Employed
4696,66,83829.74874331371,669,Employed
4697,40,37949.555373951596,739,Employed
4698,69,56533.273652906064,783,Employed
4699,40,101661.0597797145,572,Employed
4700,62,29769.605049387166,430,Employed
4701,22,26685.04413505595,820,Employed
4702,48,71732.65473905846,413,Employed
4703,58,93737.18410025921,831,Self-Employed
4704,23,25641.45705670093,798,Employed
4705,54,75192.24342092943,638,Employed
4706,27,79524.9884990423,320,Employed
4707,57,20000.0,332,Employed
4708,24,84962.5334476805,432,Employed
4709,56,86915.14699605448,325,Self-Employed
4710,55,57205.36066859938,663,Self-Employed
4711,38,96308.6590574502,391,Employed
4712,37,93411.38935812113,844,Employed
4713,20,67577.94814293012,537,Employed
4714,68,53713.86524187666,317,Contractor
4715,39,40679.30268542607,573,Employed
4716,64,64060.91226584522,588,Employed
4717,21,79243.97299260448,326,Employed
4718,45,56895.57847398397,733,Employed
4719,29,20000.0,407,Employed
4720,55,96717.84736441425,623,Self-Employed
4721,68,69755.58054612235,830,Employed
4722,53,55509.38758307915,403,Employed
4723,64,86428.95971058222,631,Employed
4724,58,103115.96491206891,661,Employed
4725,22,20000.0,588,Employed
4726,30,75856.59124805179,743,Self-Employed
4727,40,29333.769729741318,336,Employed
4728,67,77477.76266997353,647,Employed
4729,47,68198.18005936449,342,Self-Employed
4730,54,80893.16316101374,425,Employed
4731,42,52518.80963763362,308,Employed
4732,65,20000.0,825,Employed
4733,44,53740.7952185833,430,Self-Employed
4734,68,75171.19087849458,624,Employed
4735,31,90384.80821688058,483,Employed
4736,65,35704.21748818687,581,Employed
4737,64,90676.51067182544,352,Employed
4738,53,48803.192758836965,832,Self-Employed
4739,56,74061.24703986317,676,Employed
4740,33,52252.651178359185,594,Self-Employed
4741,39,69554.26569280254,507,Employed
4742,38,87296.94086425686,776,Employed
4743,38,34324.648067786606,368,Self-Employed
4744,25,48002.352581329214,736,Employed
4745,66,69624.06468355216,600,Employed
4746,33,125039.5915257588,326,Employed
4747,48,43420.2571958293,405,Employed
4748,59,116003.34714992298,310,Employed
4749,27,115110.58259187927,515,Contractor
4750,49,62567.22123246022,620,Self-Employed
4751,51,57546.18684500249,759,Contractor
4752,26,47698.37003338271,825,Contractor
4753,34,63294.936741683276,459,Employed
4754,28,29832.014186011053,763,Employed
4755,49,63094.02456698506,821,Employed
4756,27,102422.0068462714,572,Self-Employed
4757,39,49722.87343808206,540,Employed
4758,34,58981.89240027373,466,Employed
4759,21,22471.48814331896,626,Employed
4760,65,74351.5522032761,828,Employed
4761,69,71612.04212378435,572,Employed
4762,64,66592.55899414427,675,Employed
4763,42,59579.32374444642,674,Self-Employed
4764,38,57681.05203068863,633,Employed
4765,54,77547.5058425168,302,Contractor
4766,55,64279.58496028442,542,Employed
4767,66,72874.29678888331,350,Contractor
4768,18,70374.5704363637,649,Employed
4769,42,93085.68217739405,473,Self-Employed
4770,68,81924.85243437636,415,Employed
4771,53,69821.54607875476,660,Employed
4772,34,102960.5507663045,654,Self-Employed
4773,58,75506.71322641404,375,Employed
4774,41,97624.06721976047,380,Employed
4775,19,80173.56520966595,528,Employed
4776,57,20000.0,371,Employed
4777,32,97620.86908298323,702,Employed
4778,49,68379.40603356673,517,Employed
4779,56,63701.13072748055,751,Employed
4780,23,72033.70868723943,666,Employed
4781,18,56375.42095107331,611,Self-Employed
4782,64,70675.72150972363,597,Employed
4783,40,50203.098341422694,323,Employed
4784,56,96856.80646835925,409,Employed
4785,34,62160.29715947374,351,Employed
4786,51,55435.40393193916,589,Employed
4787,58,41876.85460701815,743,Employed
4788,46,71719.39472871604,766,Contractor
4789,26,69677.6775031273,558,Self-Employed
4790,30,74710.61534193766,623,Employed
4791,23,39318.702812371776,637,Employed
4792,23,24970.470029710676,721,Employed
4793,37,80639.782562664,558,Contractor
4794,69,102116.0465469127,364,Contractor
4795,20,39341.159440252595,462,Employed
4796,34,104736.03208904246,463,Employed
4797,66,72097.77646840952,338,Employed
4798,29,64823.427386229254,619,Employed
4799,65,55061.28258635555,659,Employed
4800,64,30387.04951437508,568,Employed
4801,62,89693.21289811499,623,Employed
4802,18,45609.84096405993,625,Employed
4803,34,45504.83310655999,556,Employed
4804,20,89798.15774717387,499,Self-Employed
4805,43,20000.0,737,Employed
4806,32,26910.05473329583,403,Employed
4807,53,64546.64391229796,671,Self-Employed
4808,49,72332.1107251213,463,Employed
4809,49,77118.36619922309,412,Employed
4810,21,57455.03766509368,848,Employed
4811,35,128259.24171604223,405,Employed
4812,66,59302.68603085415,663,Employed
4813,36,59230.34619743195,320,Self-Employed
4814,60,45075.33327965306,428,Employed
4815,69,68097.67041302678,782,Employed
4816,52,80374.03080116937,498,Self-Employed
4817,57,95089.4513633365,820,Employed
4818,31,27767.893388994547,719,Employed
4819,50,58850.116541107476,525,Employed
4820,31,76167.5902702286,508,Employed
4821,51,79676.4383648634,544,Employed
4822,21,65163.71644511348,587,Self-Employed
4823,41,78560.59923830254,365,Employed
4824,46,44775.90267685499,452,Employed
4825,36,103947.63580795893,790,Contractor
4826,23,89815.70257448574,734,Employed
4827,50,31376.80532337069,517,Employed
4828,66,38122.42379708111,728,Self-Employed
4829,57,38826.95624732735,801,Self-Employed
4830,36,81949.2492724132,520,Employed
4831,18,32881.80583956332,734,Self-Employed
4832,22,56724.39164479799,579,Employed
4833,44,76367.60991041936,391,Self-Employed
4834,33,63345.85163633913,823,Contractor
4835,23,71472.18789281764,438,Employed
4836,57,38354.93221628104,322,Employed
4837,30,79871.35933493111,716,Employed
4838,65,49669.702688100086,647,Self-Employed
4839,52,56884.50814005147,536,Self-Employed
4840,36,70943.29319764965,482,Employed
4841,29,67576.9555382712,807,Self-Employed
4842,33,65599.50047538982,497,Self-Employed
4843,60,46234.329450581106,422,Self-Employed
4844,27,57511.2647200202,845,Self-Employed
4845,42,65054.5897709259,680,Employed
4846,37,30622.86917082288,814,Employed
4847,48,53436.67584216553,305,Self-Employed
4848,21,74691.99697582117,603,Contractor
4849,61,33064.08490386643,491,Employed
4850,40,93914.54128985599,675,Employed
4851,19,96740.33156499607,824,Self-Employed
4852,39,33871.23560099786,335,Self-Employed
4853,68,98940.49082625349,369,Employed
4854,54,61410.46028219664,588,Employed
4855,25,75462.86397892637,404,Self-Employed
4856,24,52583.72369679384,612,Self-Employed
4857,31,88076.12068066905,354,Self-Employed
4858,20,75152.35047121668,406,Self-Employed
4859,67,44646.16858505992,606,Employed
4860,33,35869.950000867786,335,Contractor
4861,36,28492.439119769435,432,Self-Employed
4862,68,69698.54441081891,324,Employed
4863,35,79311.7852944934,336,Contractor
4864,69,81274.14196948604,318,Contractor
4865,33,62050.47263481555,334,Self-Employed
4866,25,36075.0886083909,662,Employed
4867,50,47948.13004940542,717,Employed
4868,66,93808.71597404814,729,Employed
4869,29,52884.28588499797,817,Employed
4870,28,68585.4407670369,766,Employed
4871,22,38108.73791062781,498,Employed
4872,44,73414.57613647587,845,Employed
4873,29,53557.88595802306,510,Contractor
4874,34,91167.8178443941,800,Employed
4875,23,84338.94265517034,540,Employed
4876,50,52607.35133562751,469,Employed
4877,22,61833.399316308416,593,Employed
4878,45,51222.09399898428,614,Self-Employed
4879,31,29514.170086374754,426,Employed
4880,22,43563.93926131958,767,Employed
4881,50,69955.43319302051,666,Employed
4882,67,73131.48745573955,320,Employed
4883,65,68713.69758981597,615,Employed
4884,58,57456.67365103411,389,Employed
4885,36,88326.66514302464,703,Employed
4886,39,66588.54761402344,817,Employed
4887,22,82581.34570239868,750,Self-Employed
4888,19,20655.621694937035,449,Employed
4889,47,20000.0,745,Employed
4890,64,72094.70069595201,379,Employed
4891,56,29380.858656962766,316,Employed
4892,21,59688.7074321736,437,Employed
4893,50,57447.57397438486,807,Employed
4894,30,104685.01506038842,373,Employed
4895,37,74999.91382359016,373,Employed
4896,24,69146.47566996682,349,Employed
4897,32,85924.77886584184,309,Employed
4898,40,74212.43967097597,402,Contractor
4899,31,53558.075175289174,687,Employed
4900,40,91786.89825636399,684,Employed
4901,36,37256.246802793146,598,Contractor
4902,46,73081.17968833906,638,Employed
4903,37,26310.755146592222,688,Employed
4904,46,70098.59643789988,773,Employed
4905,41,69824.74104432324,441,Employed
4906,35,106911.37404786656,469,Employed
4907,27,25875.652663955516,312,Contractor
4908,58,49977.82060365468,748,Employed
4909,25,85567.0606643536,473,Employed
4910,43,73382.93140993269,431,Employed
4911,46,69507.62628343758,839,Employed
4912,27,41096.60742603652,568,Employed
4913,34,50229.54129771427,550,Employed
4914,19,96126.02520558142,669,Employed
4915,23,63712.270156151804,825,Employed
4916,22,74383.99240361183,805,Self-Employed
4917,45,62120.29178058803,477,Employed
4918,58,35422.86211875587,846,Employed
4919,22,88345.26065187491,558,Employed
4920,35,77580.8096133124,559,Employed
4921,43,122640.92093417974,434,Employed
4922,37,39610.46550873637,760,Self-Employed
4923,58,85564.32303001202,788,Employed
4924,66,32211.40084907497,380,Employed
4925,44,68933.66419182695,666,Contractor
4926,66,89412.66472657911,358,Employed
4927,29,20000.0,373,Self-Employed
4928,24,59876.6881439598,538,Employed
4929,20,50919.75664893449,428,Employed
4930,27,47451.06754262195,711,Contractor
4931,51,74630.31630648386,614,Self-Employed
4932,42,93017.14266056489,673,Employed
4933,52,61668.03211927111,736,Employed
4934,33,70137.1606890005,437,Employed
4935,19,67857.7188264812,754,Employed
4936,41,65045.08765891036,308,Contractor
4937,27,37766.434057197344,531,Employed
4938,55,92711.11504307232,696,Employed
4939,39,72379.8842039709,617,Self-Employed
4940,43,74872.03725006444,806,Self-Employed
4941,60,44837.25927436045,821,Employed
4942,56,53519.490050268985,386,Self-Employed
4943,44,60596.64505723054,617,Employed
4944,46,26646.882663778713,632,Self-Employed
4945,64,22799.141870058047,659,Employed
4946,55,49981.301734035806,540,Contractor
4947,37,78063.01916105975,355,Employed
4948,44,48671.56525175148,409,Employed
4949,58,39529.87006023216,348,Employed
4950,37,44632.858669058245,315,Self-Employed
4951,61,53616.439421367184,372,Self-Employed
4952,36,56153.52592949741,501,Employed
4953,37,119138.03630516391,392,Employed
4954,52,91365.51571218295,332,Employed
4955,64,90619.35280704321,718,Employed
4956,19,94214.50910683454,502,Employed
4957,47,40029.47826664876,611,Employed
4958,51,34440.88462531902,768,Employed
4959,39,37328.24271164858,693,Employed
4960,20,98362.65333344595,510,Contractor
4961,23,51320.205277937726,455,Employed
4962,32,33716.09544401783,621,Employed
4963,44,54225.094994504674,734,Employed
4964,27,59034.86170713432,339,Employed
4965,26,71710.33184236406,339,Employed
4966,50,71273.77551780107,752,Employed
4967,49,44295.4859031623,489,Employed
4968,65,82141.40981284277,314,Employed
4969,23,49020.16165624605,423,Employed
4970,58,61093.09158237393,579,Employed
4971,53,82169.35176258387,347,Employed
4972,19,48954.46490139147,488,Employed
4973,46,50766.21441047156,603,Employed
4974,21,79791.70124232827,404,Employed
4975,18,43556.67058487452,668,Employed
4976,36,55380.19940989823,800,Self-Employed
4977,43,78893.55445107231,759,Contractor
4978,42,116352.31103589939,546,Employed
4979,27,80135.11261906866,563,Employed
4980,32,76815.99407475028,505,Employed
4981,39,78270.03959181823,806,Employed
4982,68,38170.24314832377,829,Employed
4983,65,67889.9184669977,663,Employed
4984,38,64255.837791589955,639,Self-Employed
4985,39,73039.61350931891,706,Employed
4986,53,67912.70131189677,752,Contractor
4987,51,74492.49193542781,449,Employed
4988,47,57213.32012751996,492,Employed
4989,42,66465.22293429481,446,Employed
4990,62,34304.28584857519,705,Employed
4991,45,57002.318049927155,482,Contractor
4992,18,99770.83870441609,405,Employed
4993,66,72970.2084907064,535,Employed
4994,62,64476.97406542308,478,Employed
4995,21,112403.08190635867,731,Employed
4996,24,30979.12554247302,700,Employed
4997,66,37263.611113844505,824,Employed
4998,26,107817.7852819068,839,Employed
4999,53,66149.02340122334,622,Contractor
5000,36,58935.42409275516,560,Employed
5001,18,35019.89187260892,698,Employed
5002,27,76192.4066598753,636,Employed
5003,53,78611.49673818656,599,Self-Employed
5004,26,37637.640979127595,418,Employed
5005,62,61493.11036123929,712,Contractor
5006,63,56612.10419917335,683,Employed
5007,59,71399.42866046928,779,Employed
5008,49,37018.743944483904,604,Employed
5009,49,96298.68636282893,495,Contractor
5010,23,87895.59453994011,632,Employed
5011,65,55920.6110316796,319,Employed
5012,55,59589.53220904072,732,Employed
5013,34,61589.446243059596,725,Employed
5014,27,45542.28617483741,528,Employed
5015,67,53914.264544124104,823,Self-Employed
5016,44,58243.240808134775,516,Contractor
5017,67,105321.7092676782,674,Contractor
5018,52,88665.45770826092,335,Employed
5019,69,88366.36768341559,327,Employed
5020,38,74248.14032510977,671,Employed
5021,42,37066.824776719135,385,Employed
5022,45,63962.72238556552,487,Self-Employed
5023,64,89262.2114903345,604,Employed
5024,32,33543.384265817804,721,Self-Employed
5025,21,80913.8301718316,379,Self-Employed
5026,46,123065.23063156915,485,Employed
5027,26,91545.4161497433,304,Employed
5028,44,100350.72838904968,796,Employed
5029,43,70458.46876105401,808,Employed
5030,36,89198.29871912475,301,Employed
5031,45,47053.669641149114,516,Contractor
5032,34,84896.59530853067,836,Employed
5033,60,81359.70335151909,556,Employed
5034,58,72247.77935094158,752,Self-Employed
5035,59,97900.18549296245,723,Self-Employed
5036,67,51530.37905381528,623,Self-Employed
5037,37,60323.56208815843,798,Employed
5038,62,67386.55103395741,496,Employed
5039,57,39259.72572276498,803,Employed
5040,56,70673.2985950062,571,Employed
5041,66,22026.739676153826,317,Employed
5042,40,91173.86336070523,406,Employed
5043,64,66165.93416414915,828,Contractor
5044,49,51977.67740240592,424,Employed
5045,69,44140.659692621964,782,Employed
5046,64,59135.52425952031,303,Employed
5047,50,82206.49276931034,650,Employed
5048,63,78693.47446843902,650,Employed
5049,22,47361.55131803847,527,Employed
5050,60,43849.00818430914,315,Contractor
5051,65,81422.46765799119,724,Employed
5052,51,46941.31488462427,763,Employed
5053,57,66497.7443519876,545,Employed
5054,28,68093.86606310692,476,Employed
5055,67,72801.55329316846,842,Contractor
5056,20,86456.76075454679,808,Employed
5057,50,33425.92657831693,532,Employed
5058,28,20000.0,337,Employed
5059,33,50813.81796929121,790,Self-Employed
5060,35,110038.21019580466,743,Employed
5061,47,115554.35250218445,319,Employed
5062,65,110779.42838914719,410,Employed
5063,27,60175.46580598276,786,Contractor
5064,35,20447.12295037928,388,Self-Employed
5065,55,20000.0,618,Employed
5066,36,49649.045961264725,417,Self-Employed
5067,53,60048.159246266,733,Employed
5068,30,97515.63502639897,538,Employed
5069,63,86695.13648856114,371,Employed
5070,20,70685.12697479052,698,Self-Employed
5071,27,42753.880726471456,703,Employed
5072,55,40980.51104387775,550,Self-Employed
5073,18,71353.19217678589,494,Employed
5074,44,82426.27447099317,521,Self-Employed
5075,63,74797.03155613961,481,Employed
5076,25,39135.05100983363,555,Employed
5077,68,81266.69071980215,387,Employed
5078,63,75647.77417753529,791,Employed
5079,59,38233.339845245544,635,Employed
5080,34,45391.97574249361,837,Employed
5081,26,82212.39936403916,706,Contractor
5082,23,59137.311621352725,588,Employed
5083,60,104728.68254091142,661,Employed
5084,42,77528.2319016144,740,Employed
5085,56,52834.22029526827,329,Employed
5086,66,64744.85999022668,847,Employed
5087,45,66584.58481594296,522,Self-Employed
5088,50,46790.24216895725,423,Employed
5089,54,42185.29504555934,514,Self-Employed
5090,26,82534.74734523748,417,Employed
5091,35,86131.8324260524,526,Contractor
5092,38,80094.53673882397,743,Employed
5093,19,102882.95235809505,848,Employed
5094,60,51455.66909970995,736,Employed
5095,55,106856.76915177825,311,Contractor
5096,57,42476.97203614618,421,Employed
5097,53,39682.86091578768,846,Employed
5098,67,21001.027946268747,788,Employed
5099,60,53855.11715432958,550,Contractor
5100,54,52406.94157926366,781,Employed
5101,32,78148.43200636626,849,Employed
5102,45,71097.27354051128,579,Self-Employed
5103,35,35175.665724521576,636,Self-Employed
5104,51,55181.84403935456,467,Self-Employed
5105,39,55713.449472807864,627,Contractor
5106,28,20600.443825952687,545,Employed
5107,30,40476.33182466576,600,Employed
5108,21,45729.65923464777,499,Employed
5109,39,100840.62549552365,799,Self-Employed
5110,24,69786.26789893382,312,Self-Employed
5111,60,81554.2188486875,665,Contractor
5112,41,27534.112571269703,396,Employed
5113,21,94855.3620753498,370,Employed
5114,45,97527.55157560232,656,Employed
5115,32,20000.0,843,Employed
5116,18,47367.08190210379,549,Employed
5117,20,77394.13932538776,553,Self-Employed
5118,31,81109.71133845455,481,Employed
5119,55,48037.63173781945,465,Employed
5120,67,57362.513423658675,303,Employed
5121,18,50065.47347387143,762,Self-Employed
5122,55,67760.45117365298,444,Employed
5123,55,94929.46328654782,464,Self-Employed
5124,38,45723.94607146988,643,Employed
5125,65,90020.51244421036,404,Employed
5126,46,45458.198191327814,847,Employed
5127,22,43809.319687577896,613,Self-Employed
5128,66,85464.86545858033,468,Employed
5129,27,88048.40945019042,819,Contractor
5130,45,86285.24841906635,735,Employed
5131,38,32105.064794546473,811,Employed
5132,67,53351.22554819873,708,Employed
5133,24,85574.71480008303,735,Employed
5134,20,66038.54601409736,614,Employed
5135,62,38157.67884506339,841,Employed
5136,64,76457.94847813604,362,Self-Employed
5137,37,47129.81852521324,331,Employed
5138,36,109863.12120980531,510,Employed
5139,52,103621.03656045647,762,Employed
5140,21,80102.43565888918,379,Employed
5141,22,99025.16761924434,642,Employed
5142,18,66619.78375308453,531,Contractor
5143,21,84135.9373593754,428,Employed
5144,29,101943.00738255188,318,Self-Employed
5145,44,71137.46704485781,656,Employed
5146,59,58620.32071214291,718,Employed
5147,40,22384.451045572103,380,Employed
5148,42,62921.66185696265,417,Employed
5149,38,85585.57961405779,793,Employed
5150,69,88640.83568919075,791,Employed
5151,41,77609.12664296024,524,Self-Employed
5152,42,51467.522625944,718,Contractor
5153,62,20000.0,436,Employed
5154,63,52619.62254988162,525,Self-Employed
5155,49,57391.37822365121,633,Employed
5156,49,57176.77582024965,528,Employed
5157,22,80463.90892444811,622,Contractor
5158,53,114641.91027537099,407,Employed
5159,63,68088.23004602733,744,Self-Employed
5160,59,59581.70527108846,306,Employed
5161,66,58519.454674897686,427,Employed
5162,59,68109.61917269285,652,Employed
5163,56,44292.65599129003,566,Self-Employed
5164,33,68004.96396865138,513,Employed
5165,50,76270.308408295,546,Employed
5166,66,70242.1515893622,673,Employed
5167,38,76438.54835011953,720,Employed
5168,26,75843.69023371338,340,Employed
5169,23,20702.582943838905,647,Self-Employed
5170,68,80921.75395988509,442,Self-Employed
5171,62,48224.628858438664,440,Self-Employed
5172,52,37604.02092490105,406,Contractor
5173,56,37388.7043036251,332,Self-Employed
5174,39,75838.54026181324,499,Contractor
5175,58,59435.626819378675,418,Employed
5176,22,22950.780400364732,528,Employed
5177,59,76950.94537980709,484,Contractor
5178,40,29009.796730029317,514,Employed
5179,34,68495.53396295528,429,Self-Employed
5180,29,70962.47314182635,571,Employed
5181,40,87139.42704237612,307,Self-Employed
5182,33,109542.11966167128,702,Employed
5183,20,30883.09185248646,668,Employed
5184,47,63688.15359842376,836,Employed
5185,39,58091.61762389456,352,Employed
5186,26,75843.74214902405,546,Contractor
5187,46,70391.71927334047,636,Employed
5188,64,56186.3439315845,580,Contractor
5189,54,53977.445284728616,332,Employed
5190,40,37088.72862039881,847,Contractor
5191,30,89696.53956016272,642,Employed
5192,49,76480.10453998823,538,Employed
5193,63,87944.20494487844,791,Employed
5194,69,57240.09658811216,476,Contractor
5195,64,48579.11328263924,343,Employed
5196,65,38042.1233342693,603,Employed
5197,40,73972.9395935165,568,Employed
5198,62,39005.169386794136,699,Employed
5199,34,111216.57672416375,730,Self-Employed
5200,57,32308.93547266399,720,Employed
5201,38,71841.50298031255,430,Employed
5202,19,104171.36768034464,709,Contractor
5203,54,79977.24398159522,524,Employed
5204,23,69391.84281229449,442,Self-Employed
5205,61,40787.90882595261,839,Employed
5206,35,30455.770285807404,424,Contractor
5207,47,84251.25272293965,511,Employed
5208,39,102653.68101937367,727,Self-Employed
5209,50,54028.750238045715,736,Employed
5210,47,36523.462309591225,537,Employed
5211,34,20000.0,627,Employed
5212,60,40480.878908436556,418,Employed
5213,49,62158.578937524,345,Employed
5214,59,104978.08102091835,383,Employed
5215,68,81828.34230582422,651,Contractor
5216,31,72627.13511766882,312,Employed
5217,27,54997.00846747172,471,Employed
5218,64,50420.85706860109,533,Employed
5219,68,100141.18993769909,480,Employed
5220,53,70018.46351895973,350,Employed
5221,51,20000.0,694,Contractor
5222,26,48161.50880256893,728,Self-Employed
5223,59,43544.59920570933,573,Employed
5224,45,51343.39977056338,506,Employed
5225,28,79072.76650712713,447,Employed
5226,31,62313.87795514376,599,Employed
5227,56,63078.36482490845,752,Employed
5228,64,97836.82903313093,848,Self-Employed
5229,36,47588.47275533279,682,Employed
5230,32,111604.98814718374,833,Contractor
5231,45,48217.31021572285,532,Employed
5232,41,67229.95491531429,428,Employed
5233,25,57969.910114930826,536,Contractor
5234,60,68085.47833752402,784,Employed
5235,26,76114.79987682823,540,Employed
5236,64,75845.88100222191,522,Employed
5237,50,46172.0667344855,398,Employed
5238,50,36927.13306381073,572,Employed
5239,36,127579.29477264277,698,Employed
5240,20,52900.39150998618,816,Employed
5241,27,82480.31096679966,729,Self-Employed
5242,57,24808.967236920078,822,Employed
5243,64,58009.68200238308,647,Employed
5244,59,61820.015400438926,750,Employed
5245,18,76820.37674819582,341,Employed
5246,46,20000.0,393,Employed
5247,67,69153.51532695827,785,Employed
5248,51,36256.46361580268,816,Employed
5249,68,73108.6427798731,449,Employed
5250,30,39091.77007904593,798,Self-Employed
5251,18,43612.93260186046,670,Self-Employed
5252,51,58159.3097401683,784,Employed
5253,46,38691.76325992012,682,Employed
5254,65,53111.63883161613,491,Employed
5255,64,35165.605786417116,520,Employed
5256,30,20000.0,346,Employed
5257,65,90448.92631073398,426,Contractor
5258,66,32598.782679401793,306,Employed
5259,46,60532.97780980041,415,Contractor
5260,56,83822.27703734463,665,Employed
5261,41,49626.39743709892,345,Employed
5262,43,44370.85250636155,692,Employed
5263,34,70655.95221668553,322,Self-Employed
5264,24,92948.3455681788,430,Employed
5265,30,35767.118372838275,426,Employed
5266,22,61246.30419956402,744,Employed
5267,43,21687.635125816814,608,Self-Employed
5268,66,55169.97490794525,732,Self-Employed
5269,20,65855.11711345188,772,Employed
5270,24,43634.38395612336,347,Employed
5271,66,53575.20415436922,381,Contractor
5272,56,29794.330792313747,408,Self-Employed
5273,18,66926.96528453733,562,Employed
5274,66,91392.35622207874,330,Self-Employed
5275,34,37571.403255738405,657,Employed
5276,60,49433.20583619043,779,Employed
5277,42,77563.65616135455,488,Employed
5278,20,95302.2679830684,304,Employed
5279,32,27670.25469477672,585,Self-Employed
5280,46,60780.381564601266,693,Employed
5281,60,72078.27055798813,754,Employed
5282,49,62448.5902342788,725,Self-Employed
5283,43,20000.0,326,Self-Employed
5284,33,77527.25023271929,426,Employed
5285,42,102983.4087772661,434,Employed
5286,45,67916.54377923759,834,Self-Employed
5287,26,39222.34866764342,630,Self-Employed
5288,18,52171.81884089293,691,Self-Employed
5289,46,109247.82669138983,307,Employed
5290,39,87749.06352151396,560,Employed
5291,33,81000.66545960824,498,Self-Employed
5292,58,73910.3145883594,685,Self-Employed
5293,68,48471.572195225686,771,Employed
5294,61,59985.720483605786,478,Employed
5295,68,63051.931608037106,749,Self-Employed
5296,58,78739.3579016111,539,Employed
5297,24,102722.97235667259,823,Employed
5298,31,92958.4534198282,482,Employed
5299,46,29515.391105098985,657,Employed
5300,36,70599.87422252622,675,Employed
5301,36,83419.08362919743,837,Employed
5302,19,80471.50825361589,381,Employed
5303,58,49269.15591531451,657,Contractor
5304,62,137852.73039420904,484,Contractor
5305,32,33072.88594172202,587,Contractor
5306,20,37920.28883334875,361,Self-Employed
5307,28,70839.8770315394,806,Employed
5308,63,117920.07637409633,761,Employed
5309,47,44095.12873239573,329,Employed
5310,57,58354.29085882519,330,Employed
5311,35,91932.34182539232,592,Employed
5312,68,64553.44612780666,472,Employed
5313,65,56634.90363674261,427,Contractor
5314,19,79140.822547168,385,Employed
5315,49,71812.94975573983,614,Employed
5316,25,90760.9696409198,327,Employed
5317,39,97286.72222663408,421,Employed
5318,23,72675.07650013405,550,Contractor
5319,29,72293.31813445773,702,Employed
5320,64,70352.77455715335,742,Employed
5321,57,77228.26391623219,571,Contractor
5322,53,66379.2659467866,412,Employed
5323,32,64984.78794194276,693,Employed
5324,45,94915.67802068105,318,Employed
5325,69,102902.90450887608,764,Self-Employed
5326,66,27311.17638416448,490,Employed
5327,62,65250.528793514226,792,Self-Employed
5328,35,47782.63916386913,462,Contractor
5329,19,57225.713337848196,594,Employed
5330,30,75062.90524338304,372,Employed
5331,62,81735.95928856172,608,Self-Employed
5332,32,62196.838909716374,601,Employed
5333,37,20000.0,607,Contractor
5334,46,40873.860485595505,423,Employed
5335,59,87412.49175500416,560,Employed
5336,46,20000.0,494,Employed
5337,20,94685.67879204999,650,Employed
5338,36,78030.74976611353,788,Employed
5339,20,97904.40203825056,499,Self-Employed
5340,31,60035.77032797599,807,Employed
5341,57,20000.0,745,Self-Employed
5342,21,75759.06603766244,379,Employed
5343,69,96866.32810095853,768,Employed
5344,28,88118.04513783552,741,Self-Employed
5345,48,48432.712912799114,571,Contractor
5346,60,67169.02688656616,642,Self-Employed
5347,49,51679.0932805019,423,Self-Employed
5348,44,44518.3383952657,522,Employed
5349,47,88884.71427949627,789,Self-Employed
5350,60,35061.69221837095,596,Employed
5351,19,42654.58923545969,418,Employed
5352,66,37399.35916319036,375,Employed
5353,26,27743.81191752383,557,Self-Employed
5354,45,68660.35729606509,831,Employed
5355,48,94037.5762120494,650,Employed
5356,51,60378.08109386836,576,Employed
5357,32,27356.30498589584,554,Employed
5358,65,85998.61349355069,563,Self-Employed
5359,42,107142.5438508743,328,Employed
5360,53,48843.941896335135,766,Employed
5361,25,53036.14333205704,334,Employed
5362,26,77891.51575208486,593,Employed
5363,54,105546.84369462628,502,Employed
5364,65,52004.14635686934,367,Employed
5365,62,31688.755475044876,430,Employed
5366,56,80785.46515681015,410,Employed
5367,49,84976.70182855749,823,Self-Employed
5368,69,65153.28626088067,587,Contractor
5369,34,51046.66850856374,342,Employed
5370,52,89859.46827480115,593,Employed
5371,54,78200.90011369911,584,Self-Employed
5372,36,45789.112077412676,318,Employed
5373,61,66227.3682826418,806,Employed
5374,46,31207.311699383834,846,Employed
5375,24,82147.261410948,347,Contractor
5376,45,58444.160765428605,518,Employed
5377,26,54107.22919038157,487,Employed
5378,45,64178.137871189145,330,Employed
5379,23,66007.69248325619,558,Employed
5380,46,87373.25153913902,643,Employed
5381,34,79777.26328313054,607,Employed
5382,33,61089.768030179934,370,Self-Employed
5383,40,84091.70374297487,606,Employed
5384,48,75018.43134229032,398,Employed
5385,20,54335.009092849075,320,Employed
5386,38,61882.04604408785,305,Employed
5387,43,61294.42777892198,530,Contractor
5388,53,77631.53357935505,381,Employed
5389,59,55824.43463195895,516,Employed
5390,54,55239.770339459166,634,Employed
5391,39,114218.93273584897,758,Employed
5392,59,88493.3870436776,386,Contractor
5393,29,45984.983389371526,814,Employed
5394,59,79273.52484855495,812,Employed
5395,30,67958.75164137944,777,Employed
5396,28,74788.77938150235,797,Self-Employed
5397,33,68433.53311412761,748,Employed
5398,25,94741.0661371309,559,Employed
5399,57,73640.50861628614,836,Employed
5400,57,63447.78254464282,499,Contractor
5401,62,91054.76442457543,762,Employed
5402,19,70832.1260271968,393,Employed
5403,47,68036.96448322645,651,Employed
5404,47,72850.56506215286,407,Employed
5405,29,62659.77441584084,654,Employed
5406,27,65230.67482488672,768,Employed
5407,61,50332.63528095318,394,Employed
5408,28,46220.81950940303,390,Employed
5409,32,40035.740337939016,343,Employed
5410,33,30200.4178300731,755,Employed
5411,34,43007.06596538609,683,Employed
5412,43,60643.32413832686,322,Self-Employed
5413,19,67577.93956114093,322,Employed
5414,67,58217.585921308986,533,Employed
5415,29,20000.0,610,Self-Employed
5416,68,104364.65894405855,716,Employed
5417,43,92162.00307225954,632,Employed
5418,40,76143.99628042821,402,Employed
5419,35,112687.2668138317,799,Employed
5420,49,40565.89706290723,782,Employed
5421,66,112190.62801565012,488,Employed
5422,55,40869.6480812363,759,Employed
5423,64,70968.44813228391,488,Self-Employed
5424,20,33154.06687164489,650,Employed
5425,55,65367.35238860917,413,Self-Employed
5426,20,74654.16244995972,403,Contractor
5427,47,61132.741721636135,807,Employed
5428,18,82846.93610225344,644,Self-Employed
5429,47,67475.36123718144,320,Employed
5430,62,51939.63179056227,686,Employed
5431,49,50829.66705494152,508,Contractor
5432,45,85272.8443153924,782,Employed
5433,38,48656.44925482581,772,Employed
5434,63,87885.07426212342,692,Employed
5435,30,95567.79482079827,815,Employed
5436,44,23282.153441346753,487,Employed
5437,53,93323.15968252587,645,Employed
5438,24,116510.56746111748,651,Employed
5439,39,71300.09403004822,840,Employed
5440,27,79977.10463237055,346,Employed
5441,56,90925.13310922896,376,Employed
5442,32,58112.94212052444,642,Employed
5443,32,69557.00558844674,490,Employed
5444,21,32145.01175942227,842,Employed
5445,49,68465.87571326128,335,Self-Employed
5446,40,77452.79989111354,723,Employed
5447,23,77904.07557316174,650,Employed
5448,41,91635.61808993951,487,Self-Employed
5449,37,45629.94554661177,826,Employed
5450,54,51684.831083162586,633,Employed
5451,37,112387.68364978388,782,Employed
5452,29,61241.79065590725,515,Employed
5453,50,70000.8446828082,457,Employed
5454,45,63324.74895686947,540,Contractor
5455,25,44457.97934237444,595,Employed
5456,18,105588.23027229516,761,Employed
5457,54,51807.464701984856,344,Self-Employed
5458,39,36817.86190732675,794,Employed
5459,23,53731.493067431205,474,Employed
5460,38,20000.0,645,Employed
5461,49,48717.813375420454,355,Employed
5462,52,40796.785053691834,640,Self-Employed
5463,32,80435.71577318311,407,Employed
5464,22,48164.64401100318,513,Self-Employed
5465,63,87195.09838947121,798,Employed
5466,67,99962.09982673303,696,Self-Employed
5467,65,84529.38340718998,849,Employed
5468,23,59615.292778498086,796,Self-Employed
5469,42,68527.86241763983,472,Employed
5470,63,26875.37649639851,404,Self-Employed
5471,57,61655.51568696901,778,Employed
5472,46,43489.03829832917,698,Employed
5473,24,82358.15952873247,733,Employed
5474,57,129318.80973111185,493,Employed
5475,30,77495.54089934523,765,Employed
5476,55,20000.0,640,Employed
5477,35,55969.24517714068,358,Employed
5478,19,68062.27313436137,837,Self-Employed
5479,25,67183.9356315066,777,Employed
5480,28,46729.67185978117,402,Employed
5481,50,71132.29356592338,832,Employed
5482,55,33937.47907701532,621,Employed
5483,65,41377.281932873324,848,Contractor
5484,44,81144.94104009279,313,Employed
5485,37,39608.41922800435,755,Employed
5486,29,78455.29013730644,520,Employed
5487,60,30763.40563359855,690,Employed
5488,48,109120.6470947934,472,Employed
5489,44,45643.25193989863,380,Employed
5490,49,59408.335704913894,635,Employed
5491,27,73265.33152726015,524,Employed
5492,20,50866.25118747264,334,Employed
5493,62,68585.14902678262,487,Employed
5494,44,79383.91811300314,523,Employed
5495,52,89015.33081258714,793,Contractor
5496,48,84787.43589932393,610,Contractor
5497,32,60704.73840493315,820,Self-Employed
5498,33,61334.20564890994,839,Self-Employed
5499,30,123727.71395062582,668,Employed
5500,66,88747.2267062323,774,Employed
5501,52,41954.40859199466,330,Employed
5502,69,67499.7040941388,531,Employed
5503,28,56621.42153054519,796,Self-Employed
5504,38,61616.64415192226,474,Employed
5505,68,34262.6210572978,597,Employed
5506,28,54701.91914035117,664,Employed
5507,47,110288.89432984783,385,Employed
5508,65,79476.90752188758,388,Employed
5509,52,20000.0,353,Employed
5510,39,95418.08731244867,660,Contractor
5511,55,92240.73807272903,775,Employed
5512,48,56017.86739233958,528,Employed
5513,31,82931.58859458037,833,Employed
5514,41,43515.01972956998,672,Employed
5515,67,53243.60709334107,768,Employed
5516,66,102463.65901674634,719,Employed
5517,49,58206.74900325729,831,Employed
5518,53,20000.0,699,Employed
5519,49,63417.41943046658,483,Employed
5520,32,63035.29017714108,389,Employed
5521,60,94959.21423433648,682,Self-Employed
5522,52,65358.410554394,668,Employed
5523,20,54460.44221399268,373,Employed
5524,33,91126.40363078014,568,Self-Employed
5525,22,68019.75581252776,314,Employed
5526,38,46249.43296085707,628,Employed
5527,27,93874.93901354044,691,Employed
5528,36,69841.54411291998,733,Self-Employed
5529,42,65073.149166985946,643,Self-Employed
5530,21,69447.70978529136,494,Employed
5531,46,38233.29071458508,335,Employed
5532,36,51808.65559554157,504,Employed
5533,60,65089.56504581958,356,Contractor
5534,19,60133.407624383,409,Employed
5535,27,96810.70957041488,795,Self-Employed
5536,60,70435.14631817509,524,Employed
5537,42,86372.59806591006,685,Employed
5538,37,65234.88386439624,363,Employed
5539,65,91407.21209365307,651,Self-Employed
5540,36,74938.19391432885,762,Employed
5541,40,65335.512134711505,619,Employed
5542,41,64667.92277602451,656,Employed
5543,28,41139.03434272592,392,Employed
5544,63,77672.89300340776,599,Self-Employed
5545,51,63994.88163659053,793,Employed
5546,45,52450.20099546989,688,Employed
5547,22,92661.54427030179,733,Employed
5548,22,33744.59935262997,401,Employed
5549,68,54437.60261418915,677,Self-Employed
5550,38,90692.96871948833,637,Employed
5551,29,72888.07352300633,791,Self-Employed
5552,67,63803.52680868107,359,Employed
5553,21,71275.08857875367,808,Employed
5554,66,69485.35427622103,691,Employed
5555,59,27083.436342851965,418,Contractor
5556,37,56268.45286630096,770,Employed
5557,55,105413.04136284372,627,Employed
5558,42,48516.896630570816,320,Self-Employed
5559,31,57042.474647391646,396,Contractor
5560,28,51459.48091727031,812,Employed
5561,49,62824.61941704657,649,Employed
5562,28,50421.929216892546,431,Employed
5563,35,77168.5375539515,845,Employed
5564,44,69932.83530725667,331,Employed
5565,35,84338.69037767545,558,Contractor
5566,40,38726.47084527599,775,Employed
5567,28,56491.48792792742,332,Employed
5568,38,59356.93420969663,687,Self-Employed
5569,61,76391.17275221487,755,Employed
5570,22,45169.470069824136,443,Employed
5571,40,87891.3451064586,523,Self-Employed
5572,58,94660.38976294022,516,Contractor
5573,42,40278.19130911041,455,Employed
5574,58,52728.17762766086,819,Employed
5575,27,51701.71229269769,335,Employed
5576,39,130809.65511693746,308,Employed
5577,36,54252.49736980283,339,Employed
5578,18,106940.63605390336,768,Employed
5579,24,33334.20012233476,478,Self-Employed
5580,21,40258.72584589091,800,Self-Employed
5581,18,47834.88670379498,672,Self-Employed
5582,32,43857.76721383694,367,Employed
5583,57,58302.53164603753,723,Employed
5584,29,47280.54493196255,814,Self-Employed
5585,39,44516.46018163566,663,Self-Employed
5586,39,93961.7999118332,750,Self-Employed
5587,67,95594.84056282914,815,Contractor
5588,64,88732.41245938289,628,Self-Employed
5589,34,78099.9738896082,669,Employed
5590,46,67318.57664448881,686,Employed
5591,63,52574.232733352284,846,Employed
5592,31,41171.0623811227,413,Employed
5593,67,74074.89258581719,337,Employed
5594,37,35659.24018633005,844,Self-Employed
5595,67,40151.97677061517,676,Employed
5596,65,93822.83140512025,698,Self-Employed
5597,50,112516.22604305217,502,Employed
5598,60,74832.37845416201,501,Employed
5599,32,92661.4288073661,399,Self-Employed
5600,29,58853.792063900415,697,Employed
5601,57,31558.1453478079,749,Employed
5602,37,80304.2904654646,417,Employed
5603,47,79232.23308175159,720,Self-Employed
5604,55,66791.7138470061,542,Self-Employed
5605,20,58940.61354737222,840,Contractor
5606,45,89055.26446452746,526,Self-Employed
5607,43,40356.67416431314,800,Self-Employed
5608,47,45655.48552773356,512,Employed
5609,30,39797.3373309893,412,Employed
5610,30,67124.32406589568,672,Employed
5611,19,37802.67469726854,598,Employed
5612,54,47893.94548711891,318,Self-Employed
5613,66,47356.110944320055,310,Employed
5614,55,58484.791691651044,307,Employed
5615,19,27815.63883990058,452,Employed
5616,53,67180.12480093168,849,Employed
5617,43,96182.59126661695,434,Employed
5618,28,68387.28430791905,672,Employed
5619,25,103533.02862003302,760,Self-Employed
5620,61,98349.95464692313,534,Employed
5621,57,84443.37618119636,554,Contractor
5622,60,66867.14606592213,627,Employed
5623,39,65562.50970613598,661,Employed
5624,37,84094.99430908149,673,Employed
5625,25,55208.23476239919,508,Employed
5626,46,20000.0,566,Employed
5627,57,77300.101352574,805,Employed
5628,43,36723.28425162572,720,Employed
5629,47,40946.469295240386,607,Self-Employed
5630,34,65005.598699894705,436,Employed
5631,37,62621.878061163254,718,Employed
5632,69,29698.10984210924,494,Employed
5633,33,69137.28910332851,394,Employed
5634,63,89153.49152152622,789,Employed
5635,60,36791.460743355434,557,Self-Employed
5636,24,96812.08327121899,324,Employed
5637,33,25995.729371751404,531,Contractor
5638,62,117933.10360927384,631,Employed
5639,64,54718.489237912916,520,Employed
5640,65,68640.42492067227,596,Contractor
5641,44,20000.0,502,Employed
5642,40,63446.598338267286,642,Self-Employed
5643,41,70712.05444295479,504,Employed
5644,26,62845.94739751264,376,Employed
5645,52,50922.97307369066,849,Employed
5646,68,41335.887036804634,341,Self-Employed
5647,37,93263.16548843277,754,Employed
5648,54,65770.17837494875,481,Employed
5649,59,103518.8094129193,494,Contractor
5650,34,51837.94113012693,687,Employed
5651,64,54130.132665694575,440,Employed
5652,48,85389.85611490408,326,Contractor
5653,25,24425.6259499109,614,Employed
5654,32,34663.415996176926,620,Employed
5655,48,92437.1242838291,747,Self-Employed
5656,47,35701.65176942013,592,Employed
5657,63,20000.0,535,Employed
5658,37,111713.17970182726,756,Employed
5659,56,30154.558803144864,366,Self-Employed
5660,29,69602.98495820424,475,Employed
5661,66,66727.12981810678,809,Employed
5662,34,20000.0,390,Employed
5663,59,58317.074420804776,465,Employed
5664,47,76210.33123697774,737,Employed
5665,46,73857.73453797151,350,Employed
5666,36,87588.01709508753,565,Employed
5667,63,55312.71712736415,820,Employed
5668,28,82812.61105230401,386,Employed
5669,51,47766.7732979982,351,Employed
5670,67,29738.314589680624,478,Employed
5671,24,32556.790607969186,577,Employed
5672,61,28447.23862011463,538,Employed
5673,51,90239.64919727985,638,Employed
5674,37,27135.662273536087,371,Employed
5675,67,71850.97101623258,673,Employed
5676,55,58351.89514818917,816,Contractor
5677,41,62433.78566373421,537,Employed
5678,27,99090.1823799925,765,Employed
5679,49,54039.31581961816,420,Self-Employed
5680,69,80290.03903874208,712,Employed
5681,32,65939.08378452779,342,Self-Employed
5682,54,61199.52735918255,803,Contractor
5683,37,122499.22810966184,496,Employed
5684,20,28966.456357115756,371,Self-Employed
5685,54,97228.29588593612,390,Employed
5686,57,81410.1641372493,848,Employed
5687,25,53011.8751342054,790,Employed
5688,57,105732.9629360403,682,Employed
5689,61,20000.0,765,Employed
5690,40,51955.83356752321,453,Employed
5691,57,34787.944893273096,469,Self-Employed
5692,28,75302.0866217865,571,Employed
5693,63,37173.39747032056,409,Employed
5694,25,75826.59866853297,450,Employed
5695,46,60339.08960446115,730,Employed
5696,47,53016.15143359789,750,Employed
5697,27,74716.18115083277,322,Self-Employed
5698,56,58284.459401548396,666,Employed
5699,45,37784.12892352403,538,Employed
5700,66,135034.32474087446,733,Employed
5701,53,52820.820424271384,426,Employed
5702,30,20000.0,840,Employed
5703,49,43947.53275696529,497,Employed
5704,53,33318.08279068174,781,Employed
5705,54,85653.64040101289,478,Employed
5706,43,73041.31648978965,822,Self-Employed
5707,39,74967.8200447586,736,Self-Employed
5708,21,55749.438354068894,613,Employed
5709,48,58016.243823576966,318,Self-Employed
5710,35,55726.722409808295,459,Self-Employed
5711,55,62970.170396613255,421,Employed
5712,41,85883.33588412088,371,Employed
5713,40,73401.88531263366,354,Employed
5714,39,77502.82074052167,759,Employed
5715,19,77488.97270623007,468,Employed
5716,48,87111.06093454345,448,Employed
5717,28,72203.75103850637,325,Employed
5718,45,73971.20181697297,547,Employed
5719,63,94720.15602982891,526,Employed
5720,49,48373.8520499222,783,Employed
5721,22,43606.43550121232,309,Employed
5722,55,35351.9600203286,394,Employed
5723,27,69572.8640905064,420,Employed
5724,57,20000.0,425,Self-Employed
5725,63,76553.85240149194,848,Employed
5726,41,62270.17263748618,368,Employed
5727,52,93365.99249552641,596,Employed
5728,61,48202.06723837524,800,Employed
5729,65,59917.04286456233,344,Employed
5730,40,93055.08333233422,681,Employed
5731,34,99578.39116945381,326,Employed
5732,18,47996.1908562045,796,Employed
5733,48,69544.530814679,435,Employed
5734,48,72360.4744421012,348,Employed
5735,59,74341.33514052871,806,Self-Employed
5736,59,58435.608517109446,420,Employed
5737,51,97034.58495309087,516,Employed
5738,26,20000.0,825,Self-Employed
5739,39,54471.744129972896,342,Self-Employed
5740,30,76198.26831932367,395,Employed
5741,42,76430.62029873359,326,Employed
5742,65,98818.97576536908,541,Employed
5743,35,94955.63483003217,786,Employed
5744,68,57861.4593673194,539,Employed
5745,29,97496.78108826511,603,Contractor
5746,57,47148.95640556363,366,Employed
5747,34,88272.18456979594,580,Contractor
5748,32,110263.06196052482,491,Employed
5749,59,95373.60267137423,418,Self-Employed
5750,32,67644.25958810309,451,Employed
5751,32,56705.53070569695,691,Employed
5752,56,26785.217593517846,530,Self-Employed
5753,30,72763.4909478551,650,Employed
5754,34,37119.56930072702,828,Employed
5755,49,45171.63340965158,470,Employed
5756,26,35231.35498158321,431,Employed
5757,57,53490.191683583624,656,Employed
5758,37,64300.76463782544,341,Employed
5759,43,71840.36452914262,604,Self-Employed
5760,44,49987.33411465092,305,Employed
5761,38,91732.09265987958,628,Employed
5762,35,59794.86855025085,469,Employed
5763,30,45306.93916836202,637,Self-Employed
5764,33,70657.3066810859,368,Employed
5765,26,114088.82083859539,838,Employed
5766,29,73379.01416337794,806,Employed
5767,61,55928.60931565982,785,Employed
5768,55,26813.466097032397,742,Employed
5769,36,59514.69197569824,350,Employed
5770,24,70873.20312720288,448,Employed
5771,52,55310.47771861075,391,Employed
5772,65,23365.384043975013,667,Self-Employed
5773,35,43735.865262414154,375,Employed
5774,33,101363.46152219395,385,Employed
5775,56,100850.02509326153,526,Employed
5776,21,42834.02076988505,662,Employed
5777,42,81818.91967998556,323,Employed
5778,49,35535.68038074566,327,Employed
5779,57,100107.90704987381,420,Employed
5780,30,71130.8961973559,789,Employed
5781,62,88741.03746541335,644,Employed
5782,34,22122.666320436525,330,Employed
5783,66,81940.9275481222,526,Employed
5784,54,64808.14840788741,549,Employed
5785,23,86298.22676977106,349,Self-Employed
5786,36,87871.69495244624,688,Employed
5787,30,66644.61723686874,587,Employed
5788,43,49979.259022602135,774,Self-Employed
5789,31,84492.40455448735,305,Self-Employed
5790,48,63496.13751487181,711,Employed
5791,21,43180.376161808934,623,Employed
5792,56,41996.19421355786,698,Self-Employed
5793,25,28070.889592190462,581,Self-Employed
5794,42,52242.721010923415,490,Self-Employed
5795,30,92567.30115185946,799,Employed
5796,49,69445.74499263585,733,Employed
5797,55,51755.807351923984,362,Employed
5798,55,85121.39845450199,752,Contractor
5799,45,44188.08445691528,792,Self-Employed
5800,47,67383.75685831947,741,Self-Employed
5801,20,60509.24068186212,606,Employed
5802,45,84478.26563970881,425,Employed
5803,20,25569.290727012478,564,Employed
5804,62,43745.056354633605,306,Self-Employed
5805,51,24043.858522636663,712,Employed
5806,33,58510.08195476825,505,Contractor
5807,39,95285.68759081076,478,Employed
5808,49,52363.81975866182,767,Employed
5809,55,52232.90154510873,795,Contractor
5810,25,86793.11060460341,742,Employed
5811,25,91713.73896138249,527,Employed
5812,23,62785.72331828025,445,Self-Employed
5813,31,82117.8713512473,595,Employed
5814,49,38076.13647805134,540,Self-Employed
5815,52,99449.35834813534,586,Employed
5816,27,118717.65734842629,325,Self-Employed
5817,20,78030.39477971812,751,Employed
5818,29,20000.0,405,Employed
5819,66,51044.24344005539,539,Employed
5820,48,80320.63304173303,717,Employed
5821,46,54462.92507084093,631,Employed
5822,22,96804.96385625243,341,Contractor
5823,69,79703.93161089663,334,Self-Employed
5824,42,47338.11248085508,646,Contractor
5825,58,65806.62026928132,683,Employed
5826,48,42654.16948402274,812,Employed
5827,38,60435.378039688956,587,Employed
5828,37,51135.168989186204,332,Contractor
5829,56,94369.04500582596,394,Employed
5830,39,117900.30142077488,504,Employed
5831,21,29220.2916691062,329,Employed
5832,30,20000.0,565,Employed
5833,62,58870.68945371536,322,Contractor
5834,59,27039.607529282934,338,Employed
5835,67,66155.29009177293,472,Contractor
5836,66,83723.40284514817,712,Employed
5837,37,102353.54743167062,713,Self-Employed
5838,69,70034.86396788203,508,Employed
5839,30,60171.11937876052,321,Employed
5840,34,20000.0,304,Employed
5841,53,65654.62872964496,513,Employed
5842,50,66782.18151373655,438,Employed
5843,18,80973.92035531864,616,Employed
5844,32,47287.79746177272,455,Employed
5845,30,54123.68499410351,723,Employed
5846,34,28049.943617395395,799,Employed
5847,41,20000.0,390,Employed
5848,25,37287.572730080414,341,Self-Employed
5849,67,25741.85464367459,594,Contractor
5850,44,73417.80738551528,636,Employed
5851,62,52046.64858332857,300,Employed
5852,40,51544.07174813027,408,Employed
5853,63,40389.6738456197,424,Employed
5854,25,20000.0,363,Self-Employed
5855,25,102707.76871868876,505,Employed
5856,43,39993.23693058029,714,Employed
5857,64,54689.498253752325,543,Employed
5858,30,28627.695867767237,515,Self-Employed
5859,56,89298.25858601584,827,Employed
5860,54,68585.72342593312,679,Contractor
5861,66,44340.867868353285,378,Contractor
5862,45,55194.25971639941,714,Employed
5863,42,106954.49805312176,752,Employed
5864,33,63175.76420296804,448,Employed
5865,19,60456.661559602355,337,Employed
5866,35,41465.46284651837,456,Employed
5867,34,20000.0,632,Employed
5868,47,60999.03316051639,587,Employed
5869,56,73137.12780811545,411,Employed
5870,30,92489.61160819174,390,Self-Employed
5871,49,20000.0,348,Contractor
5872,67,36872.59182442428,460,Employed
5873,46,50481.47273608874,815,Employed
5874,63,64912.978785669955,701,Employed
5875,47,61374.15771178944,619,Self-Employed
5876,35,61957.78285781826,663,Contractor
5877,30,75202.40146424861,741,Employed
5878,60,42417.672230522265,774,Employed
5879,38,88353.53605584236,611,Employed
5880,47,75836.31104248701,831,Employed
5881,38,57004.193396798015,519,Employed
5882,65,105022.69979722289,796,Employed
5883,34,103910.40088929416,642,Contractor
5884,57,88322.38387984522,393,Employed
5885,36,20000.0,432,Self-Employed
5886,69,104473.62731794937,800,Employed
5887,32,84868.96306179835,471,Employed
5888,26,115160.21594282342,308,Self-Employed
5889,69,95936.61479333846,620,Contractor
5890,27,104458.56693743213,397,Self-Employed
5891,61,86966.37125450947,468,Self-Employed
5892,48,98717.3299661378,610,Self-Employed
5893,40,114853.093518361,642,Employed
5894,69,70413.86845945515,729,Self-Employed
5895,47,25694.236398046756,799,Self-Employed
5896,50,57313.47749962145,584,Employed
5897,69,74748.63998458591,559,Employed
5898,26,66872.18960928894,794,Self-Employed
5899,64,33835.95084601434,654,Self-Employed
5900,18,24223.309370125527,513,Employed
5901,61,46470.93328412926,499,Self-Employed
5902,52,85193.48889960378,535,Self-Employed
5903,28,104508.49427057424,435,Employed
5904,51,87914.19034444253,721,Self-Employed
5905,33,91435.6821778534,640,Employed
5906,26,62979.61067091106,641,Employed
5907,49,21447.9385573509,829,Employed
5908,32,53619.485477932365,687,Contractor
5909,29,58530.88970319053,303,Employed
5910,50,52573.68782910794,698,Self-Employed
5911,62,66367.37163436566,721,Employed
5912,31,76035.49399732376,710,Self-Employed
5913,25,86325.37970608743,512,Self-Employed
5914,25,58047.00339084165,347,Self-Employed
5915,44,20000.0,486,Self-Employed
5916,29,52928.05701772163,801,Self-Employed
5917,18,66092.7599247996,830,Employed
5918,60,95570.1980533352,774,Employed
5919,57,50804.80394539736,341,Employed
5920,59,77813.59070998504,560,Self-Employed
5921,68,72252.19749088581,347,Employed
5922,28,66097.51332808471,745,Employed
5923,56,88263.33298311479,520,Self-Employed
5924,60,48478.970081185485,642,Self-Employed
5925,48,50620.33875891209,537,Self-Employed
5926,34,64702.4794226443,454,Employed
5927,50,48996.33737265751,355,Employed
5928,49,77700.307276365,686,Employed
5929,46,47170.192390846685,614,Employed
5930,38,70657.60519362836,337,Employed
5931,38,62495.68078033109,640,Employed
5932,57,70373.14911941765,530,Employed
5933,40,53506.46512342402,751,Employed
5934,23,56522.79263682933,641,Employed
5935,39,67400.23169992625,752,Employed
5936,67,70051.86265403281,556,Self-Employed
5937,55,64894.952115221095,733,Self-Employed
5938,54,107634.05891282711,508,Self-Employed
5939,62,40231.577031467896,500,Employed
5940,68,63394.90512618216,436,Contractor
5941,25,25659.274447075382,693,Contractor
5942,58,74302.03696668465,335,Employed
5943,66,37118.83659057965,514,Employed
5944,52,58042.24360308559,326,Employed
5945,68,55698.391866716855,317,Self-Employed
5946,28,72022.27816502929,436,Employed
5947,41,51180.2270613705,329,Contractor
5948,66,50117.35755765044,372,Employed
5949,38,100896.41160214745,422,Contractor
5950,68,72114.16976186316,527,Self-Employed
5951,19,50973.7286994433,637,Contractor
5952,57,58729.15820471923,572,Employed
5953,36,106133.87380676862,736,Employed
5954,56,59120.87804372257,338,Self-Employed
5955,45,47768.08442119031,725,Self-Employed
5956,34,47875.096246840185,614,Employed
5957,23,51271.83797526057,808,Self-Employed
5958,36,50137.55693933194,456,Employed
5959,55,33008.803791268925,556,Employed
5960,45,36894.99757632555,755,Employed
5961,19,44266.990640965756,346,Contractor
5962,55,79789.27546132744,631,Employed
5963,54,55469.06781817816,309,Self-Employed
5964,68,59820.957772648995,443,Employed
5965,69,96752.20063137243,730,Self-Employed
5966,21,97375.17874846046,451,Contractor
5967,39,57946.876421556626,786,Employed
5968,43,49228.41223291478,435,Employed
5969,66,43389.24215816155,325,Employed
5970,60,82319.39424270595,306,Contractor
5971,53,59882.31916194281,314,Employed
5972,30,55337.62774193024,731,Employed
5973,69,44658.38562156118,699,Employed
5974,49,45758.33977471529,506,Employed
5975,34,73001.45478733111,515,Employed
5976,58,32114.04335281845,801,Contractor
5977,53,89871.71734469847,758,Employed
5978,63,51653.88390462704,558,Employed
5979,36,61259.10139370519,628,Self-Employed
5980,52,31575.551046486144,753,Employed
5981,63,64690.85154394089,674,Employed
5982,57,56791.976432736,763,Self-Employed
5983,45,63747.98502858834,374,Employed
5984,18,101792.72245904726,541,Employed
5985,59,69442.45114475599,316,Employed
5986,35,45133.5203963549,558,Employed
5987,65,47217.0022363358,422,Employed
5988,57,79878.27964784422,610,Contractor
5989,50,97467.3322748356,410,Employed
5990,29,72047.95051877626,555,Self-Employed
5991,25,82217.81861386924,533,Employed
5992,41,80243.44308341763,796,Contractor
5993,33,100476.61033393804,339,Self-Employed
5994,67,20000.0,421,Self-Employed
5995,21,81680.4734826132,749,Employed
5996,55,89593.4010975891,818,Employed
5997,61,31531.907346610664,391,Employed
5998,44,42858.2953998396,660,Self-Employed
5999,26,43730.431284296166,422,Self-Employed
6000,64,46780.24509056541,636,Employed
6001,33,52957.07372661185,812,Contractor
6002,29,71065.07032637353,727,Contractor
6003,48,86641.86627918424,732,Employed
6004,41,92032.92394421341,306,Employed
6005,31,44054.42347080546,419,Self-Employed
6006,62,43882.42503242543,686,Employed
6007,42,97895.54600040556,649,Self-Employed
6008,51,81168.59838546612,397,Self-Employed
6009,20,67071.6210467249,342,Employed
6010,41,76833.41688887417,482,Employed
6011,59,64254.90545371398,534,Employed
6012,26,78114.61707619036,745,Contractor
6013,43,56598.33258735649,499,Employed
6014,37,71720.12336098077,812,Employed
6015,57,27236.348740762594,825,Self-Employed
6016,27,47805.39262936423,512,Employed
6017,36,48074.72058024141,677,Employed
6018,20,55640.24916982715,845,Employed
6019,41,41837.1686305063,785,Employed
6020,22,51661.409354422954,660,Employed
6021,20,27139.648440046985,467,Employed
6022,44,78717.51190987251,703,Contractor
6023,33,62937.16202721514,436,Employed
6024,66,22369.80980559958,532,Employed
6025,32,44129.252236333174,414,Employed
6026,52,73415.03568905417,551,Employed
6027,29,51424.451340355256,792,Employed
6028,58,47576.463496547585,588,Employed
6029,61,63135.18307479809,348,Contractor
6030,43,73589.9383794554,751,Employed
6031,64,29091.188574020984,815,Employed
6032,51,78753.21203044699,571,Employed
6033,40,44992.66795981558,730,Employed
6034,48,64551.80079375503,325,Employed
6035,67,64114.49648271226,369,Employed
6036,37,51823.34704400565,592,Employed
6037,29,39408.50634673214,705,Employed
6038,40,57857.83629769341,533,Employed
6039,21,105633.25772687988,530,Employed
6040,40,30958.124238409226,562,Employed
6041,65,107307.8254776219,420,Employed
6042,65,58506.97072308669,762,Contractor
6043,18,65884.28542721597,817,Self-Employed
6044,42,37832.22971538182,323,Contractor
6045,19,45718.26458306298,676,Employed
6046,47,52427.25874904952,799,Employed
6047,20,38857.6257280522,736,Employed
6048,38,59777.05106572821,798,Self-Employed
6049,42,54824.60270483072,473,Employed
6050,37,111269.52856089333,808,Employed
6051,66,35850.64535798847,609,Employed
6052,69,67567.26291871468,369,Employed
6053,39,71196.15704754562,504,Employed
6054,38,38241.986283704064,640,Employed
6055,50,82170.68738632096,331,Employed
6056,69,55041.824677959296,342,Contractor
6057,55,20000.0,417,Self-Employed
6058,32,81496.24030261413,314,Employed
6059,63,37076.477897440906,621,Employed
6060,69,38805.62634652252,636,Employed
6061,32,82197.55207230995,831,Employed
6062,63,56320.96293953875,680,Employed
6063,42,87944.30376378751,810,Employed
6064,38,95254.15238413296,419,Self-Employed
6065,41,48876.788491942556,325,Employed
6066,22,84831.56239887577,833,Employed
6067,23,46113.479965177954,363,Employed
6068,66,120827.89792830442,759,Employed
6069,60,47676.07488671962,613,Self-Employed
6070,65,90652.1860240001,515,Employed
6071,61,86094.75064703939,755,Employed
6072,64,72902.19555272335,839,Employed
6073,40,48236.420964582925,772,Employed
6074,21,61215.06270146477,658,Employed
6075,44,20000.0,425,Employed
6076,35,70610.50095955626,386,Employed
6077,38,73740.38327570964,642,Employed
6078,45,68337.48547653429,694,Self-Employed
6079,52,20000.0,783,Employed
6080,39,33359.08887275473,755,Employed
6081,57,46297.72542878344,775,Contractor
6082,40,72291.47332972616,509,Employed
6083,20,72233.47264107461,824,Contractor
6084,57,60744.40520072052,606,Employed
6085,67,80881.13841509892,375,Self-Employed
6086,27,39343.9406174275,321,Employed
6087,42,80255.8751423499,359,Self-Employed
6088,69,76868.55262099727,685,Employed
6089,66,74438.86832094776,355,Employed
6090,25,60448.9892228586,467,Employed
6091,28,110768.59562078155,711,Contractor
6092,22,77329.89221224697,490,Employed
6093,62,40791.60341866103,781,Contractor
6094,54,71207.6368933996,715,Employed
6095,62,83812.08442685546,639,Employed
6096,55,50297.28502689226,558,Employed
6097,46,92231.80617327747,649,Employed
6098,22,74550.84264290027,736,Self-Employed
6099,26,20000.0,521,Employed
6100,65,72491.79943344816,712,Contractor
6101,19,54849.27113968212,649,Employed
6102,18,78429.4953635434,781,Employed
6103,57,88605.37100629536,358,Self-Employed
6104,68,69879.05117854544,451,Employed
6105,47,106631.3058486174,839,Employed
6106,28,60532.32788591261,524,Employed
6107,45,80620.44557634689,617,Employed
6108,61,85123.56434093369,578,Contractor
6109,29,62566.350777681684,773,Contractor
6110,56,84469.35769944456,323,Self-Employed
6111,43,50133.17532094578,818,Self-Employed
6112,30,54435.78952446954,667,Employed
6113,25,32187.782741592186,634,Employed
6114,45,71035.22790925117,732,Self-Employed
6115,47,73131.2918963586,302,Employed
6116,26,94481.57896448072,557,Employed
6117,56,84778.50010889709,562,Self-Employed
6118,48,57880.11108381417,420,Employed
6119,38,35545.507816643076,320,Employed
6120,64,75821.26006299935,439,Self-Employed
6121,51,92768.82931036605,776,Employed
6122,48,83879.62434509858,588,Self-Employed
6123,69,92111.93812143219,505,Employed
6124,42,59702.761720043934,342,Employed
6125,29,53334.52579560886,417,Employed
6126,18,46577.46619420503,304,Self-Employed
6127,39,63602.58833466011,506,Employed
6128,57,63035.23010077952,644,Employed
6129,54,70166.9407134779,441,Employed
6130,64,61767.5635741123,671,Employed
6131,18,61659.306756830716,531,Employed
6132,18,45582.6486756964,463,Employed
6133,59,88540.47533878728,846,Employed
6134,59,66912.95155609278,663,Employed
6135,38,60638.901642867946,634,Employed
6136,32,46314.26866876988,310,Employed
6137,34,31702.172240222848,707,Employed
6138,39,97699.10481373359,374,Employed
6139,55,78865.96770329517,599,Employed
6140,52,24402.053935750817,680,Contractor
6141,62,84078.55751774143,327,Employed
6142,33,88062.02925582773,762,Employed
6143,25,68109.40305752323,695,Employed
6144,64,104952.77239379397,675,Self-Employed
6145,34,70417.99105307208,720,Contractor
6146,34,29579.411801270253,663,Employed
6147,43,74129.22502620802,515,Self-Employed
6148,30,71122.43254281823,400,Employed
6149,34,49917.57878054613,392,Employed
6150,55,79338.97092193563,565,Employed
6151,34,23308.368345228453,505,Employed
6152,65,89764.17068606973,379,Employed
6153,31,43046.95740986368,336,Employed
6154,62,40376.346872074195,310,Employed
6155,23,62154.380692313076,389,Self-Employed
6156,52,75824.32320109088,318,Employed
6157,63,69098.10158983574,673,Employed
6158,31,46433.52085569054,393,Employed
6159,64,52347.767720202784,331,Employed
6160,25,36673.941315563454,439,Employed
6161,32,59383.00245925325,320,Employed
6162,44,91875.53036277274,448,Employed
6163,30,64893.4265589031,520,Employed
6164,66,86485.35636898632,518,Self-Employed
6165,48,101385.0334431548,840,Employed
6166,52,50299.53702407583,357,Employed
6167,23,60335.66867361588,724,Employed
6168,22,119279.82152656239,574,Contractor
6169,39,101108.58529949863,439,Employed
6170,66,23189.886854691184,322,Employed
6171,40,74678.70790152266,677,Employed
6172,42,65013.99980849239,672,Employed
6173,51,85661.32777146906,362,Employed
6174,43,46375.53081287362,641,Employed
6175,64,44009.7906989832,466,Employed
6176,22,48098.23211765976,450,Employed
6177,43,50701.78634503918,822,Employed
6178,37,85383.10417022536,800,Self-Employed
6179,23,35469.970671278,647,Employed
6180,23,49434.65250101703,571,Self-Employed
6181,67,20274.69023746397,729,Employed
6182,35,90177.94558530932,532,Employed
6183,21,96775.75248577852,507,Employed
6184,34,56823.16422840534,752,Employed
6185,31,57551.26587966942,800,Employed
6186,31,76330.54755707244,518,Self-Employed
6187,30,101862.0501844564,380,Employed
6188,24,75215.26868909792,848,Self-Employed
6189,61,47561.45143812214,840,Employed
6190,32,24529.43570033899,550,Employed
6191,36,37121.84343341281,714,Self-Employed
6192,60,66830.48625781163,385,Employed
6193,64,48616.811919980144,516,Employed
6194,61,69874.19264976897,495,Employed
6195,52,51176.89959409415,596,Employed
6196,34,38546.33921763971,343,Self-Employed
6197,52,35574.209213673224,692,Employed
6198,36,104058.86273433073,742,Employed
6199,37,87224.69372959108,389,Self-Employed
6200,53,108262.94879569896,454,Self-Employed
6201,52,78498.77251887757,777,Employed
6202,49,54250.214784629025,358,Employed
6203,65,98083.52306224845,409,Employed
6204,61,64173.299965955805,778,Employed
6205,57,70521.0442572588,348,Employed
6206,41,63929.39052311202,676,Employed
6207,34,20000.0,331,Employed
6208,24,105118.37530737133,785,Employed
6209,60,77275.09864894384,830,Employed
6210,67,73245.57652171275,302,Employed
6211,18,63455.598443235984,677,Employed
6212,52,69085.69550965328,541,Employed
6213,49,50068.026603843806,840,Employed
6214,53,80414.48380768178,656,Employed
6215,30,32322.541390021688,496,Employed
6216,23,69651.71081176367,718,Employed
6217,31,79039.33676427761,572,Employed
6218,54,60033.27165442742,801,Self-Employed
6219,65,74271.69481177561,334,Self-Employed
6220,32,40216.64019414374,760,Employed
6221,64,40854.3307276009,552,Employed
6222,21,70917.92802565983,811,Self-Employed
6223,57,81963.7413655263,347,Self-Employed
6224,33,20000.0,484,Contractor
6225,45,78050.51587776917,790,Employed
6226,33,51419.96249059157,572,Contractor
6227,21,60179.84781731469,826,Employed
6228,62,31512.05191087407,427,Employed
6229,43,43709.5689953323,509,Employed
6230,45,89153.13313825778,441,Employed
6231,49,65821.58434950533,472,Employed
6232,62,55430.53995726103,746,Employed
6233,19,62087.79118422413,418,Self-Employed
6234,48,77230.29561660753,310,Employed
6235,20,76012.36240408344,603,Contractor
6236,25,63124.32499007998,453,Employed
6237,41,92323.9777724167,622,Employed
6238,32,89261.56592266666,836,Employed
6239,60,75334.3007282599,744,Employed
6240,48,66365.29457275177,641,Self-Employed
6241,26,81433.02737798847,520,Employed
6242,56,72856.68554502958,409,Employed
6243,62,91520.0017951487,709,Self-Employed
6244,19,87489.0344184577,717,Employed
6245,25,39543.652464556784,804,Employed
6246,24,37850.92073145734,339,Employed
6247,61,47468.76138989809,808,Employed
6248,68,89403.46725167302,758,Employed
6249,56,25592.275080718857,562,Employed
6250,59,74868.93472769983,417,Employed
6251,33,74063.57727732403,749,Employed
6252,52,94066.20146715481,713,Self-Employed
6253,47,69508.46726659719,825,Self-Employed
6254,27,31419.765235402483,760,Employed
6255,55,41016.12598379693,417,Employed
6256,35,35450.11195255438,516,Employed
6257,67,51551.40084167149,376,Employed
6258,22,60427.46081440183,720,Employed
6259,46,35863.96184447358,471,Self-Employed
6260,56,101766.54976630723,689,Self-Employed
6261,51,31867.965701188972,325,Employed
6262,60,98652.58559656201,427,Employed
6263,62,94629.07578598351,673,Employed
6264,40,87457.56374222589,323,Self-Employed
6265,22,47655.83481258123,769,Self-Employed
6266,47,73561.27197942254,722,Employed
6267,23,33065.72166123455,476,Employed
6268,63,87772.67587584374,837,Employed
6269,61,63150.380461593275,565,Employed
6270,21,54766.99463533287,569,Employed
6271,46,34406.37883359327,628,Employed
6272,40,20000.0,754,Employed
6273,23,39036.478574106106,594,Employed
6274,49,92819.95489032267,421,Employed
6275,59,54929.1642881299,458,Employed
6276,35,60766.77857212382,477,Employed
6277,32,81388.85895721131,627,Employed
6278,57,110141.72195290664,606,Self-Employed
6279,49,98125.11637364097,388,Employed
6280,26,40691.6249045953,337,Employed
6281,54,20000.0,645,Employed
6282,27,123990.35647750259,551,Employed
6283,37,121724.79029148634,448,Employed
6284,23,69711.33991073207,315,Employed
6285,65,33237.79386045446,666,Self-Employed
6286,20,89080.66334734848,417,Employed
6287,59,62300.40784968474,616,Self-Employed
6288,28,62175.471922334735,587,Employed
6289,60,87361.47107762823,650,Employed
6290,34,73359.36867183246,596,Employed
6291,49,35354.62722462637,493,Self-Employed
6292,21,56881.451622950655,691,Contractor
6293,21,81528.82321653367,742,Self-Employed
6294,34,77756.30556012546,580,Employed
6295,58,71550.41435896189,600,Employed
6296,36,88335.57386189661,725,Employed
6297,22,55957.07530456838,549,Employed
6298,49,69466.7443804768,814,Employed
6299,39,20000.0,705,Employed
6300,23,53758.74515392965,543,Employed
6301,52,84097.5727143911,666,Employed
6302,39,55240.138322071434,419,Employed
6303,18,53344.3152070722,739,Self-Employed
6304,37,38963.67620562954,803,Employed
6305,39,90084.14731822864,732,Employed
6306,65,78711.58183851426,482,Employed
6307,28,85635.36494557712,760,Employed
6308,30,21844.65095105276,417,Employed
6309,59,60988.74891835915,330,Self-Employed
6310,20,57997.22480624985,448,Employed
6311,26,57985.70733503619,827,Employed
6312,29,49599.31140705111,572,Employed
6313,40,56347.39320549962,684,Employed
6314,31,86241.11956766629,401,Employed
6315,50,20000.0,371,Employed
6316,35,109432.36920076134,707,Employed
6317,66,77096.02812566154,646,Contractor
6318,58,63941.702608494685,666,Employed
6319,26,87670.85365932315,848,Employed
6320,40,28704.131370789124,590,Employed
6321,27,48382.47737122465,721,Employed
6322,36,61973.114190236156,480,Employed
6323,64,99139.00926080444,413,Self-Employed
6324,22,63837.58547183605,537,Self-Employed
6325,64,76251.36677962866,393,Employed
6326,69,50260.52510159681,559,Employed
6327,40,77171.05172418727,406,Contractor
6328,47,106930.98982436143,543,Self-Employed
6329,42,89888.16729185285,722,Employed
6330,45,62963.60030555302,634,Employed
6331,51,81887.27118163674,322,Self-Employed
6332,62,79437.92386518029,570,Employed
6333,65,77664.6917924319,439,Employed
6334,64,92798.83402151022,765,Employed
6335,42,92611.94259593666,753,Self-Employed
6336,27,61821.03507812789,683,Employed
6337,31,81046.97653694423,676,Employed
6338,59,55422.62697100516,737,Employed
6339,63,41923.190092110555,721,Self-Employed
6340,47,58262.65610740034,455,Employed
6341,58,63093.04620651044,634,Self-Employed
6342,42,23460.475270550196,830,Self-Employed
6343,31,86508.313985418,431,Employed
6344,52,20000.0,800,Employed
6345,69,132870.42348715803,821,Employed
6346,65,102546.97834490797,439,Self-Employed
6347,51,58474.78189569216,434,Employed
6348,27,65235.65901409433,706,Employed
6349,52,72574.29683968208,393,Employed
6350,28,50270.99030027645,540,Employed
6351,28,69815.47868967341,464,Employed
6352,38,61400.00055745847,624,Employed
6353,38,62643.18206922585,517,Employed
6354,39,69536.52658701596,530,Self-Employed
6355,62,32161.80504115014,478,Employed
6356,24,65989.2431033412,379,Employed
6357,34,69086.19366543693,653,Self-Employed
6358,19,68221.24053389786,460,Employed
6359,29,59604.23111409614,726,Employed
6360,59,93446.44439923429,702,Self-Employed
6361,35,56158.68612796122,331,Self-Employed
6362,28,70683.14767057975,420,Employed
6363,33,97432.43834813865,814,Self-Employed
6364,66,63015.596499492196,684,Employed
6365,68,70361.58168668878,724,Employed
6366,35,62590.38409212757,775,Self-Employed
6367,52,95934.24483908998,466,Employed
6368,43,58556.88596034262,688,Employed
6369,33,97083.86443220514,632,Employed
6370,23,62410.30263382338,822,Employed
6371,61,43513.50691379958,770,Employed
6372,60,81984.32926435303,823,Employed
6373,64,57383.3041561086,352,Employed
6374,64,80512.52247747907,320,Employed
6375,65,20000.0,318,Employed
6376,59,65130.13154737366,755,Employed
6377,29,53509.86753106299,621,Employed
6378,30,38418.53283671805,732,Self-Employed
6379,21,51168.97495400501,358,Employed
6380,56,50657.42139268371,450,Employed
6381,19,63800.35512873547,739,Employed
6382,43,30816.838467876107,357,Employed
6383,44,72906.84450649284,592,Employed
6384,44,99155.3696301447,481,Employed
6385,32,72023.21242369566,377,Employed
6386,25,85224.71523072523,404,Employed
6387,24,92364.06136534488,560,Employed
6388,64,95912.23780460442,522,Employed
6389,63,111753.46732053263,783,Employed
6390,57,52519.950043101744,428,Contractor
6391,29,47037.900370972086,618,Contractor
6392,30,84586.64120811837,808,Employed
6393,60,82706.655491435,319,Self-Employed
6394,34,84391.88249039224,534,Employed
6395,34,112232.06135625631,649,Employed
6396,53,65284.24771996235,752,Employed
6397,38,75653.91399115462,808,Employed
6398,25,40490.29371291313,722,Employed
6399,22,118383.02809939894,489,Employed
6400,43,56586.376969772224,424,Contractor
6401,33,57294.60179597925,305,Self-Employed
6402,53,56331.25272479393,757,Self-Employed
6403,45,48877.60353389155,821,Self-Employed
6404,46,46764.07377880877,388,Self-Employed
6405,64,51907.39292776187,410,Employed
6406,29,30855.101798726384,696,Employed
6407,54,45367.05199341904,310,Employed
6408,47,113724.07778619048,796,Employed
6409,40,83391.37859103421,315,Employed
6410,33,88147.60441819295,332,Self-Employed
6411,31,94430.21968542287,788,Contractor
6412,27,110853.36410905977,487,Employed
6413,24,20714.4362139039,757,Employed
6414,62,34252.92211783648,350,Self-Employed
6415,69,44906.90847763287,570,Employed
6416,54,53256.75508776006,763,Employed
6417,46,57485.76523536877,342,Self-Employed
6418,20,53825.561179848984,838,Self-Employed
6419,32,70482.72282830135,420,Employed
6420,53,65882.38476863039,615,Self-Employed
6421,64,46929.13012054376,414,Employed
6422,63,20000.0,753,Employed
6423,69,40178.28236553255,819,Employed
6424,36,51269.03366718562,636,Employed
6425,30,58823.01407980701,539,Employed
6426,59,36758.31351723657,685,Contractor
6427,38,52729.83833758949,444,Employed
6428,54,36725.31528786034,676,Employed
6429,44,61854.51621129167,303,Employed
6430,69,38172.71679093462,627,Employed
6431,46,43777.38359073839,496,Self-Employed
6432,37,32282.896725271523,688,Employed
6433,42,61162.4826107554,560,Employed
6434,23,43338.80575119004,393,Employed
6435,53,87669.60666688574,556,Self-Employed
6436,19,75146.25666732248,435,Employed
6437,39,63253.70329540892,824,Employed
6438,49,45062.86256640528,797,Contractor
6439,33,74513.00763290757,477,Employed
6440,35,82267.52223371592,411,Employed
6441,22,68567.21030504076,563,Contractor
6442,53,105092.54638667326,713,Employed
6443,47,76490.9329518704,668,Self-Employed
6444,62,87840.18043920086,677,Employed
6445,36,68339.13538839946,682,Employed
6446,40,81891.61133142441,810,Employed
6447,51,45080.469183270616,676,Contractor
6448,30,53540.040919680156,844,Contractor
6449,60,73734.08883705949,372,Employed
6450,46,73552.48703893455,803,Employed
6451,53,77690.29557358118,651,Employed
6452,39,92509.82230696823,624,Employed
6453,69,29375.720704614694,687,Employed
6454,69,40638.686309742596,539,Self-Employed
6455,64,70739.31602685632,373,Self-Employed
6456,53,46890.90920491348,330,Self-Employed
6457,26,149444.20603223407,778,Employed
6458,56,77892.9904792534,313,Self-Employed
6459,68,63041.728776746066,615,Self-Employed
6460,36,52113.268172903525,367,Employed
6461,55,52995.94292017389,837,Employed
6462,23,65753.51653287944,590,Employed
6463,69,67799.54831553144,323,Employed
6464,64,53582.52138266218,714,Contractor
6465,32,58171.19383700246,335,Employed
6466,37,98607.11438086492,400,Contractor
6467,26,99612.62406627586,845,Employed
6468,49,71300.84949837193,338,Self-Employed
6469,21,31468.50681908156,510,Self-Employed
6470,67,78462.57891597609,471,Employed
6471,35,103857.06104027564,741,Contractor
6472,22,99244.52754905946,358,Employed
6473,37,83360.64632024168,709,Employed
6474,40,100560.57388214555,833,Employed
6475,28,66334.60681197555,664,Employed
6476,54,80702.57424584262,666,Contractor
6477,39,47980.6108418705,643,Employed
6478,21,72306.6364038928,595,Employed
6479,46,98238.35609926311,640,Self-Employed
6480,61,50264.414712827725,822,Employed
6481,51,43463.91426339284,564,Employed
6482,30,67437.22347559241,823,Employed
6483,59,59333.44490690001,337,Employed
6484,26,81228.6930267605,430,Employed
6485,59,53668.51185132394,681,Employed
6486,48,107960.99039006785,524,Employed
6487,24,32758.097550973605,442,Employed
6488,21,96343.36965549336,730,Employed
6489,36,45878.769292297424,688,Self-Employed
6490,59,20100.431635399415,353,Employed
6491,47,70946.87890872169,323,Contractor
6492,48,58634.80034965291,694,Self-Employed
6493,52,37259.76580242423,418,Contractor
6494,38,22965.5777071184,484,Employed
6495,48,64790.98031821358,491,Self-Employed
6496,36,89395.92229059545,786,Self-Employed
6497,48,79623.8373271611,683,Employed
6498,49,66417.66622098164,645,Employed
6499,19,76971.18933044338,772,Employed
6500,69,64319.64669055358,302,Employed
6501,27,29256.89392424072,349,Employed
6502,19,29477.650369413917,803,Employed
6503,19,59920.78677538303,510,Employed
6504,41,60983.66784084814,827,Contractor
6505,34,86274.56696266912,582,Employed
6506,49,83932.60559436868,678,Employed
6507,33,80128.32539397373,625,Employed
6508,33,57992.93217307048,597,Employed
6509,63,30483.695747246515,437,Employed
6510,56,75301.77842665059,424,Self-Employed
6511,48,78129.23283155421,691,Employed
6512,60,20000.0,701,Employed
6513,41,44141.54533543343,779,Employed
6514,18,47723.6405651526,700,Self-Employed
6515,28,67958.7550280859,661,Contractor
6516,38,44915.98918085765,365,Employed
6517,21,64046.63577938399,727,Employed
6518,24,59736.6264911752,820,Self-Employed
6519,43,61021.263211556805,731,Self-Employed
6520,64,47090.142657481345,404,Employed
6521,67,49025.37364833306,388,Employed
6522,29,37993.32350548268,305,Employed
6523,48,74501.6860143458,457,Employed
6524,34,79277.5657147842,678,Employed
6525,50,45734.551246866526,629,Employed
6526,28,103016.0024004261,402,Employed
6527,45,57134.96381394878,522,Employed
6528,49,103254.64059491402,701,Contractor
6529,18,48946.820654209914,844,Contractor
6530,64,20000.0,808,Employed
6531,45,75054.94562280878,483,Self-Employed
6532,59,71213.62762797468,386,Employed
6533,24,65859.84488268958,679,Employed
6534,19,48944.18803890027,837,Employed
6535,59,64135.69436285453,712,Self-Employed
6536,41,52218.513553261815,817,Contractor
6537,21,57441.26084170624,594,Self-Employed
6538,61,86040.80639412688,559,Employed
6539,36,69605.43073825234,683,Self-Employed
6540,43,80248.78468329943,603,Contractor
6541,28,59203.28733435525,615,Employed
6542,57,56449.566354880626,376,Self-Employed
6543,67,36162.936727783905,678,Employed
6544,60,55749.084685795075,760,Self-Employed
6545,28,20000.0,355,Employed
6546,62,50244.45084235913,380,Employed
6547,20,62953.145570229026,475,Self-Employed
6548,29,79091.8413567539,682,Employed
6549,20,58283.05306187608,448,Employed
6550,59,73691.83855612499,580,Employed
6551,44,20000.0,644,Self-Employed
6552,66,63579.078694826254,708,Employed
6553,19,23012.43017716491,329,Self-Employed
6554,66,34792.412108516684,721,Self-Employed
6555,33,60320.86130340348,530,Employed
6556,19,96906.59969683886,658,Employed
6557,47,74280.16908675147,461,Employed
6558,37,65455.77492842793,527,Employed
6559,55,64511.74026332245,520,Employed
6560,45,47159.27766988832,372,Employed
6561,42,51400.41466568291,698,Employed
6562,49,75684.40113676993,394,Employed
6563,27,30365.987038887644,774,Self-Employed
6564,59,79826.35125707553,394,Employed
6565,57,55287.32332202868,423,Contractor
6566,50,85638.92687173912,799,Employed
6567,30,89027.33643080208,347,Employed
6568,58,23172.899687356497,394,Employed
6569,59,50460.48091931955,776,Employed
6570,64,43611.80780148441,332,Self-Employed
6571,54,20000.0,417,Employed
6572,33,39186.66809476474,550,Employed
6573,62,126031.39613163349,602,Employed
6574,39,80237.747405311,421,Employed
6575,37,112932.19921514386,517,Employed
6576,67,85727.4610004584,352,Employed
6577,60,46453.92097478811,425,Employed
6578,44,55455.720083148924,458,Employed
6579,58,79710.90450600768,475,Employed
6580,33,75937.65508682591,591,Self-Employed
6581,51,50566.44960729165,458,Employed
6582,49,27250.17073551983,790,Employed
6583,43,147194.02968471847,656,Employed
6584,42,61471.25819142986,536,Employed
6585,19,56856.5276704345,727,Employed
6586,29,67833.36159763255,424,Employed
6587,57,58931.78526722429,614,Employed
6588,26,68068.2226926371,578,Employed
6589,29,97173.68215291048,404,Self-Employed
6590,43,61886.28800783941,341,Self-Employed
6591,26,35932.239016805965,696,Employed
6592,27,60958.90513803472,759,Employed
6593,49,53389.95546475223,790,Employed
6594,51,100597.47343117128,467,Self-Employed
6595,65,94277.97661843926,473,Contractor
6596,37,67688.12501076997,671,Employed
6597,56,33031.60362951859,449,Employed
6598,19,34352.693414001355,548,Self-Employed
6599,18,65378.08153961384,479,Self-Employed
6600,68,73408.07423303202,419,Employed
6601,53,55634.42951684863,327,Employed
6602,41,52995.760394819146,416,Employed
6603,44,50180.01917053383,561,Employed
6604,19,64415.15099390134,337,Employed
6605,48,20000.0,496,Employed
6606,31,37466.83428075725,824,Self-Employed
6607,19,49323.728863816235,736,Self-Employed
6608,46,95187.57987379801,709,Self-Employed
6609,32,44654.65895177677,632,Employed
6610,29,69511.70354578015,830,Employed
6611,54,70663.5687732749,764,Employed
6612,45,97447.91264151905,457,Employed
6613,37,96564.43517410375,459,Employed
6614,56,63562.425780127094,633,Employed
6615,41,53112.88147026393,675,Employed
6616,38,48404.17242935774,378,Employed
6617,27,58973.41943835548,496,Employed
6618,63,54149.16614191,419,Employed
6619,31,78840.6852339558,525,Employed
6620,54,75507.74543713011,709,Self-Employed
6621,35,79795.0297786254,837,Employed
6622,41,96482.09278590421,638,Employed
6623,31,111571.72803500443,836,Employed
6624,51,68116.58483518893,519,Self-Employed
6625,29,92486.59428489133,592,Employed
6626,39,56208.49540414462,503,Self-Employed
6627,23,94625.17458957538,813,Employed
6628,53,91537.72892939611,501,Employed
6629,62,90210.39924857479,331,Contractor
6630,53,67351.74602978809,388,Employed
6631,39,48291.04590022778,501,Employed
6632,31,30136.789053363085,592,Employed
6633,33,63999.06981197252,414,Employed
6634,53,103325.31355622958,521,Employed
6635,42,57253.87746589817,481,Employed
6636,49,84628.16463650136,768,Employed
6637,50,86098.78501297328,725,Contractor
6638,62,57907.84447682068,359,Employed
6639,53,97908.62093798799,784,Employed
6640,37,20000.0,310,Employed
6641,35,34431.24303154563,684,Employed
6642,55,42109.1925910385,709,Employed
6643,20,44507.124428315255,341,Employed
6644,40,73406.57377964738,422,Contractor
6645,49,72250.94507634755,551,Employed
6646,62,74849.7643043752,783,Employed
6647,33,79902.03735331217,512,Employed
6648,22,41247.385771358764,567,Employed
6649,21,34545.598329817025,839,Self-Employed
6650,38,74907.99205019657,434,Employed
6651,57,49244.19815883902,797,Employed
6652,68,25738.123865800735,425,Self-Employed
6653,31,89283.60711353703,658,Self-Employed
6654,56,99877.54766255744,802,Employed
6655,48,103929.02224246648,617,Self-Employed
6656,31,69675.193036868,311,Employed
6657,23,80648.30239932257,776,Employed
6658,29,99246.70558404777,593,Employed
6659,33,48964.60524941415,739,Employed
6660,34,92766.9421013523,815,Employed
6661,62,71884.90585358022,690,Employed
6662,40,87842.79130856477,615,Employed
6663,31,69652.32552189838,307,Employed
6664,24,97406.41774370005,807,Employed
6665,63,70588.09406353842,423,Self-Employed
6666,49,27900.52351331456,671,Employed
6667,32,101298.16580786805,613,Employed
6668,61,41311.731475697205,484,Employed
6669,34,96326.45525609786,846,Employed
6670,58,62743.92796399195,824,Employed
6671,64,94400.27462994267,338,Contractor
6672,61,93369.21537166912,383,Employed
6673,51,75753.57435788428,320,Self-Employed
6674,22,77713.38294067828,552,Employed
6675,62,75565.71542981415,602,Self-Employed
6676,44,20000.0,557,Employed
6677,69,67958.25547245506,841,Contractor
6678,40,37098.395598202624,760,Employed
6679,57,69279.67859364157,523,Employed
6680,31,36426.43634041961,391,Employed
6681,32,35376.201469348125,579,Employed
6682,60,105123.36254384754,469,Employed
6683,50,91736.18470310475,547,Employed
6684,48,64896.43537639614,660,Self-Employed
6685,52,69619.2162562256,648,Employed
6686,34,58802.09935642478,734,Employed
6687,45,79246.90939948807,705,Employed
6688,36,48098.640836279876,377,Employed
6689,63,89843.50657169893,757,Employed
6690,40,58672.82897464723,691,Employed
6691,49,54503.82510421928,313,Employed
6692,57,65542.82546212107,344,Employed
6693,30,50221.32925185974,337,Employed
6694,37,73217.05873741207,715,Contractor
6695,52,51565.935267165005,544,Employed
6696,22,76713.0900704709,361,Employed
6697,26,95400.16347278691,792,Employed
6698,46,47016.95782979566,622,Employed
6699,23,61735.61356762072,551,Employed
6700,42,76533.26782588554,767,Contractor
6701,48,54103.56612546483,360,Contractor
6702,39,76608.01402066663,418,Employed
6703,19,78884.9715162935,386,Employed
6704,62,92081.5444073576,379,Contractor
6705,22,49850.2488478772,527,Employed
6706,44,41430.61899423813,782,Employed
6707,42,57310.565260906405,609,Employed
6708,25,40806.1915113225,784,Employed
6709,18,79112.45510118743,324,Contractor
6710,37,35956.21749558972,501,Self-Employed
6711,61,123325.41045631721,524,Employed
6712,40,97398.19653934377,809,Self-Employed
6713,49,65314.39424000786,819,Employed
6714,28,86684.8623249494,482,Self-Employed
6715,56,24079.953392230214,376,Employed
6716,64,128084.33328498894,725,Employed
6717,41,50244.63469498776,366,Employed
6718,28,61987.56465251601,793,Employed
6719,46,20000.0,846,Employed
6720,43,77157.18261852236,376,Employed
6721,33,37341.396073072276,354,Contractor
6722,52,67541.39403915073,772,Contractor
6723,37,51393.13917688654,546,Employed
6724,63,38056.40162674141,738,Self-Employed
6725,20,44890.96245593457,613,Contractor
6726,18,70644.70085213803,619,Employed
6727,64,32962.725678279385,519,Employed
6728,18,46279.70822441057,670,Self-Employed
6729,34,81581.83453161195,515,Employed
6730,19,130061.99687185783,348,Employed
6731,46,76939.72048882511,762,Employed
6732,37,42068.458945567814,417,Employed
6733,23,55822.145748192226,381,Contractor
6734,25,65789.72515381446,562,Employed
6735,46,56264.376234107316,795,Self-Employed
6736,65,87576.45416842333,475,Self-Employed
6737,68,70436.83707535561,388,Employed
6738,50,87696.30962274675,658,Self-Employed
6739,20,57138.90524255927,585,Employed
6740,52,98137.5054930314,596,Employed
6741,22,60837.86039296135,559,Self-Employed
6742,44,40720.25327155021,774,Employed
6743,61,119433.00952605554,835,Self-Employed
6744,29,20000.0,336,Employed
6745,37,46531.53186737681,480,Self-Employed
6746,62,49324.303704240134,324,Employed
6747,37,127707.65682641408,648,Employed
6748,26,110171.47210366279,842,Employed
6749,56,102348.20359105495,526,Employed
6750,21,56733.53344059171,647,Employed
6751,68,125654.45009604437,337,Employed
6752,36,74208.80009602428,682,Employed
6753,55,89431.58425757806,535,Employed
6754,44,69492.38452765517,480,Employed
6755,62,63763.335716918715,413,Employed
6756,60,58705.533151840515,605,Contractor
6757,30,59759.00016452094,431,Contractor
6758,30,80212.29121695197,647,Employed
6759,39,74179.9949693847,479,Employed
6760,45,64213.2157449079,714,Employed
6761,69,102738.09981747136,684,Employed
6762,64,20000.0,811,Employed
6763,62,77747.18119802988,342,Employed
6764,39,82943.46766647449,779,Employed
6765,60,93674.07170637924,417,Employed
6766,36,63378.213973665974,360,Employed
6767,25,70198.00168459894,487,Employed
6768,69,89648.70958286803,752,Self-Employed
6769,25,102279.1601070045,486,Self-Employed
6770,59,57486.600370530796,763,Self-Employed
6771,43,71674.394578189,463,Employed
6772,65,106964.34910871893,723,Employed
6773,68,20000.0,401,Employed
6774,43,47749.68500463537,566,Employed
6775,40,101645.89946507408,452,Employed
6776,60,92313.44584020758,728,Self-Employed
6777,30,78061.13027316736,726,Contractor
6778,45,53785.078172272,835,Self-Employed
6779,26,42954.53752536452,632,Self-Employed
6780,37,50219.609518940655,739,Employed
6781,36,103700.20552046731,423,Self-Employed
6782,65,49288.93277111634,601,Contractor
6783,56,67535.57410599144,648,Employed
6784,68,46157.308878456344,548,Employed
6785,29,86069.35075247567,570,Employed
6786,32,51531.84299133897,728,Employed
6787,48,62560.15274613965,546,Employed
6788,31,22915.446673929364,780,Contractor
6789,28,24665.79409487651,397,Employed
6790,43,65191.82983303766,628,Employed
6791,59,31871.071120055953,724,Employed
6792,44,117627.16598336256,723,Employed
6793,28,20000.0,304,Employed
6794,55,44995.617533397395,758,Self-Employed
6795,51,65417.52168168876,797,Employed
6796,60,55871.67655510539,386,Contractor
6797,36,37396.363583402024,701,Employed
6798,23,41051.804012618304,592,Employed
6799,63,40233.64806251904,580,Contractor
6800,69,57831.95762949843,496,Contractor
6801,55,113798.22723793559,382,Employed
6802,66,66948.43241395525,326,Self-Employed
6803,59,94572.5122346881,434,Employed
6804,45,77674.40864570354,389,Employed
6805,18,92846.5599495555,505,Employed
6806,52,20000.0,326,Employed
6807,57,57388.54947129426,677,Employed
6808,25,97678.38557876785,714,Employed
6809,69,50706.604431266656,526,Employed
6810,64,109061.8291217403,367,Employed
6811,24,102097.25384419404,661,Employed
6812,28,53271.732096813445,559,Self-Employed
6813,56,52420.91202384108,362,Employed
6814,21,39659.85394113828,691,Employed
6815,42,49260.144203405056,545,Contractor
6816,29,34185.27339577712,577,Employed
6817,43,75720.27951082514,646,Employed
6818,55,28598.83766633916,671,Employed
6819,63,80093.32540475554,422,Employed
6820,29,80701.96742250622,356,Employed
6821,60,23469.889870401938,459,Self-Employed
6822,68,103745.46515820848,426,Employed
6823,54,77840.23236038054,610,Employed
6824,63,83742.45053612173,817,Employed
6825,41,46033.3699614307,564,Employed
6826,33,80559.47796182797,587,Self-Employed
6827,30,93159.83624305164,719,Self-Employed
6828,42,62534.79002488307,827,Employed
6829,69,115048.06148120904,439,Self-Employed
6830,21,66101.61587282344,774,Self-Employed
6831,28,93519.64501131186,828,Employed
6832,49,72325.22018146637,688,Contractor
6833,66,79638.03832142169,810,Self-Employed
6834,24,23216.693309130693,837,Employed
6835,63,74276.34345538408,512,Employed
6836,28,46625.622468568356,812,Self-Employed
6837,45,43840.04235555781,564,Employed
6838,58,108602.57961164946,642,Self-Employed
6839,40,59655.743798441275,337,Employed
6840,62,39917.454225612586,532,Employed
6841,40,56021.70929727813,559,Employed
6842,67,32488.744276952155,607,Employed
6843,45,100847.11170490674,702,Employed
6844,60,47607.98139583712,560,Self-Employed
6845,64,78232.49834859173,775,Employed
6846,43,98902.66785525813,405,Employed
6847,42,52496.182969631765,546,Employed
6848,46,78300.56080681965,603,Employed
6849,36,39247.84862738925,642,Self-Employed
6850,50,126144.2392278421,746,Self-Employed
6851,53,88409.50336541556,337,Employed
6852,31,60184.83903097985,345,Employed
6853,31,45679.1567277759,519,Employed
6854,52,62150.08617900934,555,Employed
6855,47,56500.40694121202,436,Self-Employed
6856,45,113823.61384998767,530,Employed
6857,34,34361.63194462744,337,Employed
6858,20,68370.03558225509,454,Employed
6859,33,64541.548334157254,802,Contractor
6860,63,62064.74249137826,404,Contractor
6861,47,62284.58362654144,554,Contractor
6862,69,62098.22974698791,703,Self-Employed
6863,46,86826.6516583025,787,Self-Employed
6864,62,80224.61116231087,757,Self-Employed
6865,32,75472.79028431966,827,Self-Employed
6866,63,20000.0,824,Contractor
6867,42,72494.8718540791,669,Employed
6868,68,23609.01599574794,401,Employed
6869,55,81158.00407839564,840,Employed
6870,59,101862.43418926286,811,Employed
6871,64,41844.02218528623,688,Self-Employed
6872,69,58455.48194143233,662,Self-Employed
6873,55,50016.10737367508,414,Employed
6874,40,95885.79439392002,642,Employed
6875,42,67375.69713180183,373,Contractor
6876,59,108208.23451415834,434,Employed
6877,24,75343.8550736847,679,Employed
6878,39,71061.25451589549,789,Self-Employed
6879,34,66705.16956507092,424,Employed
6880,35,85449.80248143342,337,Employed
6881,66,21557.845043866415,609,Employed
6882,58,67133.59888801276,405,Employed
6883,27,63248.83890680088,524,Employed
6884,27,83135.47067894416,541,Employed
6885,24,60307.45985314908,696,Employed
6886,65,39031.63914593325,452,Employed
6887,67,65183.76687299248,835,Self-Employed
6888,55,37928.986778291415,701,Employed
6889,44,20000.0,445,Employed
6890,69,83178.06203713732,490,Employed
6891,50,79476.53931736677,500,Employed
6892,18,76677.27359983936,311,Employed
6893,61,97573.21054864528,351,Employed
6894,51,48374.202742401874,601,Contractor
6895,21,29222.146430718625,599,Contractor
6896,34,63249.25557979888,820,Employed
6897,21,56312.49250735224,439,Employed
6898,60,43942.60708074828,399,Employed
6899,43,63003.771162805104,784,Employed
6900,21,49709.87134488538,436,Self-Employed
6901,18,20000.0,665,Employed
6902,24,53970.58273015599,833,Self-Employed
6903,47,36590.62083240357,806,Contractor
6904,67,70791.20179027307,460,Employed
6905,26,48599.13104398362,474,Employed
6906,52,92790.78685352628,387,Employed
6907,25,105096.65168169665,698,Employed
6908,41,81984.53432529766,779,Contractor
6909,36,26224.345450417,844,Employed
6910,53,102629.89997197599,776,Employed
6911,67,104393.01125934412,582,Self-Employed
6912,69,65469.76278269852,751,Employed
6913,60,98073.1540083883,381,Employed
6914,44,51208.12154883305,512,Employed
6915,49,20000.0,819,Employed
6916,31,45992.88903446015,433,Employed
6917,35,108232.5216511189,746,Employed
6918,45,27723.00190971316,417,Employed
6919,46,64988.032048287365,542,Employed
6920,33,65853.5973335053,449,Employed
6921,52,52175.6439008047,832,Contractor
6922,64,53911.96000407213,678,Employed
6923,48,66806.22835590507,824,Employed
6924,21,50945.94145163182,812,Contractor
6925,54,29448.537570801724,416,Contractor
6926,34,70375.7985735864,616,Self-Employed
6927,56,91834.16456112431,311,Employed
6928,65,86739.31296633554,389,Employed
6929,63,44756.61331525471,687,Employed
6930,43,33719.30211555811,382,Self-Employed
6931,65,57895.302946130534,695,Employed
6932,56,104194.7877448916,844,Employed
6933,58,81139.95197398865,399,Employed
6934,21,82599.11691985583,756,Employed
6935,47,87246.42379463736,627,Employed
6936,47,75519.16406296466,373,Self-Employed
6937,39,68015.21369033947,395,Self-Employed
6938,28,81557.6724161992,391,Employed
6939,19,51345.847394549506,629,Self-Employed
6940,61,29638.424715841982,474,Employed
6941,29,83074.92336560808,614,Employed
6942,47,95943.45264373063,796,Employed
6943,53,37044.201516099216,568,Employed
6944,35,85548.0370603975,727,Employed
6945,43,107019.14283470475,334,Employed
6946,24,64943.844956071975,418,Contractor
6947,18,44549.945381456346,670,Contractor
6948,43,68075.4668381689,750,Employed
6949,40,51236.650794982466,608,Employed
6950,43,49581.74725108996,656,Employed
6951,62,75829.60168178857,675,Employed
6952,23,24906.76312425262,404,Employed
6953,23,28901.776937694318,689,Employed
6954,61,65482.27200934857,475,Employed
6955,25,64442.28652718922,405,Employed
6956,41,73588.8644259984,462,Employed
6957,39,111880.63471208472,566,Self-Employed
6958,36,67612.85090189552,578,Self-Employed
6959,54,79954.30375836986,602,Employed
6960,35,40611.6766096342,426,Employed
6961,48,84198.44158791343,545,Contractor
6962,54,51840.228372233054,533,Employed
6963,47,66785.52081452734,738,Employed
6964,59,62278.78437327096,436,Employed
6965,50,90824.35587285078,448,Employed
6966,27,32250.58614062501,355,Employed
6967,54,20000.0,655,Employed
6968,29,59664.18257280189,556,Employed
6969,47,76713.2814226281,362,Self-Employed
6970,44,68806.7343951875,362,Employed
6971,56,95805.10593534779,328,Employed
6972,26,75934.31685449171,599,Employed
6973,38,50903.7917035035,514,Employed
6974,29,20000.0,440,Employed
6975,46,59067.194145119545,806,Employed
6976,50,90698.97505644495,798,Employed
6977,60,55198.80543332214,801,Employed
6978,32,65708.00659194411,490,Self-Employed
6979,19,75534.0063576677,348,Self-Employed
6980,69,39617.6906437546,662,Employed
6981,56,80580.89741597044,795,Employed
6982,61,105928.04475004264,576,Contractor
6983,35,60679.66620266484,346,Employed
6984,20,36773.38945419245,515,Contractor
6985,24,63334.97432445066,529,Employed
6986,60,20000.0,622,Employed
6987,35,73422.5815994154,720,Employed
6988,61,76306.85944121447,524,Self-Employed
6989,55,106890.90734613905,586,Employed
6990,54,60150.13018583437,345,Self-Employed
6991,50,75212.13345366175,313,Self-Employed
6992,61,43467.79744035247,674,Employed
6993,48,56089.32198687303,632,Employed
6994,28,26870.36408344505,465,Employed
6995,21,60130.25946791911,806,Employed
6996,35,57367.271162035875,416,Self-Employed
6997,21,72479.9941522224,738,Employed
6998,66,49410.07799168402,603,Employed
6999,51,67083.6337743773,756,Employed
7000,46,56665.49860980836,570,Self-Employed
7001,41,56712.515292512144,515,Employed
7002,39,67009.05814907575,412,Contractor
7003,19,66013.07355792525,315,Self-Employed
7004,61,84029.35097629097,515,Self-Employed
7005,23,61983.92414675413,726,Employed
7006,59,56252.86627192492,434,Employed
7007,42,60479.813872819344,342,Employed
7008,38,47133.39707897519,583,Employed
7009,33,56002.22266083321,397,Self-Employed
7010,48,115778.96782683078,359,Employed
7011,31,42183.03098260332,529,Employed
7012,56,58033.59165301727,684,Employed
7013,45,55312.78341825774,458,Employed
7014,49,58820.709693890014,770,Employed
7015,45,56719.017278040126,507,Employed
7016,68,71981.00253052499,473,Employed
7017,66,22245.622465205146,380,Employed
7018,26,90929.2868133001,317,Employed
7019,62,80814.56999105493,590,Employed
7020,39,33928.210348421635,659,Employed
7021,49,20000.0,578,Self-Employed
7022,22,40573.196346464974,696,Self-Employed
7023,40,58933.33846432194,441,Employed
7024,22,129507.29746726938,816,Employed
7025,59,78581.42412435684,550,Employed
7026,49,20000.0,839,Self-Employed
7027,27,47758.6123774764,536,Self-Employed
7028,56,63669.68909317542,431,Employed
7029,32,71342.08885745243,605,Contractor
7030,24,32131.278492239428,657,Employed
7031,46,61625.24430057347,584,Employed
7032,64,47059.02155973649,592,Contractor
7033,20,37406.03593494209,462,Employed
7034,36,71489.89116747385,718,Employed
7035,27,84346.92933607055,767,Self-Employed
7036,45,86026.0319240405,806,Employed
7037,46,79359.6587783469,777,Self-Employed
7038,32,52565.76167149343,661,Employed
7039,52,82863.74403658765,611,Employed
7040,23,72726.3609526072,544,Employed
7041,29,68348.54707380034,776,Employed
7042,64,49707.67195745504,735,Self-Employed
7043,55,52578.096816461795,549,Self-Employed
7044,30,66847.17340311385,321,Employed
7045,46,125996.86167463753,776,Employed
7046,36,72531.06200228476,810,Self-Employed
7047,20,49720.287443742855,635,Self-Employed
7048,25,44190.26387576393,641,Self-Employed
7049,25,52705.834683594934,637,Employed
7050,37,119432.33618872664,779,Employed
7051,64,55018.58385135095,341,Self-Employed
7052,21,87671.76336525712,373,Self-Employed
7053,68,55601.79386321609,321,Employed
7054,38,71529.61353199072,519,Employed
7055,20,84793.63185021805,378,Employed
7056,62,50702.4287547519,534,Self-Employed
7057,25,48972.20864618076,456,Self-Employed
7058,40,106471.74236138325,626,Self-Employed
7059,33,89614.82237239492,413,Employed
7060,30,84766.8079672682,574,Employed
7061,20,84681.90732807285,680,Self-Employed
7062,65,76489.38720777663,319,Employed
7063,26,115444.39532937662,508,Employed
7064,31,66097.70754692893,459,Employed
7065,30,79431.55918002299,337,Contractor
7066,24,28727.176785149684,417,Employed
7067,32,44375.98283521898,689,Employed
7068,24,34979.52500412399,676,Employed
7069,55,96851.58958790373,675,Employed
7070,51,20000.0,341,Employed
7071,58,54942.24943118193,769,Employed
7072,39,20000.0,757,Self-Employed
7073,41,44217.80261295274,429,Employed
7074,66,52726.27625670334,327,Employed
7075,54,99621.7773448511,625,Self-Employed
7076,61,74915.69848053643,808,Employed
7077,18,44171.46191677584,624,Employed
7078,27,91649.09299329565,459,Employed
7079,60,65445.80636324394,815,Self-Employed
7080,33,65939.17146768131,553,Self-Employed
7081,63,34933.2123057002,547,Employed
7082,25,40249.65715242152,652,Employed
7083,66,44372.56750136189,697,Self-Employed
7084,42,66161.53182885474,502,Employed
7085,67,66947.14317451687,601,Self-Employed
7086,29,103602.31658810112,447,Employed
7087,42,74626.37919844585,520,Employed
7088,34,20000.0,562,Employed
7089,43,71566.04969679227,595,Employed
7090,63,28749.59109581168,614,Employed
7091,65,40850.72688471159,591,Employed
7092,31,44695.76320684175,330,Employed
7093,58,48416.54191219245,343,Employed
7094,53,30621.26519899242,433,Employed
7095,40,70087.0500863072,648,Employed
7096,60,29729.942872726024,518,Self-Employed
7097,23,73916.69018124617,749,Contractor
7098,64,120924.27692654074,803,Employed
7099,22,31766.0235266484,385,Employed
7100,60,57887.242391519445,550,Employed
7101,42,20000.0,564,Employed
7102,35,57476.617675746675,822,Employed
7103,30,81067.92881578709,379,Employed
7104,60,83015.98078393168,760,Self-Employed
7105,31,66934.09325710242,551,Employed
7106,45,87231.5856189744,317,Employed
7107,35,128651.3633985698,555,Self-Employed
7108,45,107807.61718593998,544,Employed
7109,68,51936.97676475908,452,Employed
7110,44,28722.400338331536,799,Employed
7111,49,54846.21458565491,757,Contractor
7112,64,41325.430859566295,841,Employed
7113,26,76283.68869661582,414,Employed
7114,57,35470.16151426255,746,Self-Employed
7115,49,63179.43918524145,652,Employed
7116,37,85950.35136340777,840,Self-Employed
7117,45,62482.60317957058,621,Employed
7118,50,41342.15443130509,758,Contractor
7119,21,94370.3514396423,525,Self-Employed
7120,63,20000.0,660,Employed
7121,51,56805.123603063425,830,Employed
7122,65,63958.499415466635,411,Contractor
7123,20,65397.71645999078,511,Employed
7124,43,69512.40140195203,532,Employed
7125,25,80260.99549523732,458,Self-Employed
7126,23,64114.81402386623,623,Employed
7127,33,55798.54294640798,392,Employed
7128,41,54810.26638350761,547,Employed
7129,65,49712.10494904113,440,Employed
7130,56,84688.58310817163,703,Employed
7131,47,48836.788013087134,703,Employed
7132,62,86169.2777252061,713,Self-Employed
7133,30,65474.97705649678,739,Employed
7134,22,51968.629828596764,532,Employed
7135,42,80460.18039360337,492,Self-Employed
7136,37,46813.651881922044,398,Employed
7137,35,80954.60101820531,412,Employed
7138,64,70318.15302979462,835,Self-Employed
7139,35,50091.88277270198,580,Employed
7140,19,78215.87038336397,822,Employed
7141,27,78664.74314221597,649,Employed
7142,62,93937.99014524894,615,Employed
7143,67,89153.6753102324,799,Self-Employed
7144,64,77281.85051815707,836,Employed
7145,29,36810.22621978092,735,Employed
7146,64,126214.67470435143,822,Self-Employed
7147,30,29909.594723204747,743,Employed
7148,67,88731.57935705772,507,Employed
7149,64,75782.09542215746,575,Employed
7150,28,35646.440687972135,796,Employed
7151,36,61892.47652803752,596,Employed
7152,52,63031.17784388399,673,Employed
7153,56,97639.56789526308,483,Employed
7154,43,47167.227492994716,331,Employed
7155,63,58451.37483939115,582,Employed
7156,31,20000.0,731,Contractor
7157,62,108369.06982808943,818,Employed
7158,61,38238.293924498226,761,Employed
7159,41,73172.77160597937,667,Employed
7160,58,62464.8042569534,551,Employed
7161,18,62549.9758304165,465,Employed
7162,68,85246.54962177188,828,Contractor
7163,60,106781.56150759087,670,Self-Employed
7164,39,71287.34174854979,402,Employed
7165,40,81376.95044076315,425,Employed
7166,36,73222.28841817602,337,Employed
7167,35,90438.28559826566,647,Employed
7168,29,53427.09051284182,512,Employed
7169,45,91884.76386041034,618,Employed
7170,45,92762.4966411846,725,Employed
7171,50,92063.42521707274,546,Employed
7172,36,48496.3033165881,585,Employed
7173,45,60791.55914407023,530,Contractor
7174,69,70986.67471951088,619,Contractor
7175,66,30728.94887927486,811,Employed
7176,54,104873.00520215038,820,Employed
7177,43,64693.0866624456,524,Employed
7178,52,72098.19719011804,805,Self-Employed
7179,51,50574.889006819925,406,Contractor
7180,52,31828.06101582443,630,Self-Employed
7181,57,49899.25286313072,304,Employed
7182,33,70480.10469083971,767,Employed
7183,55,81835.72031884233,815,Employed
7184,30,69044.78851506801,462,Employed
7185,40,73668.10040604876,830,Employed
7186,39,56574.340632965585,381,Employed
7187,33,77406.2141561357,780,Self-Employed
7188,45,102070.82165964767,815,Self-Employed
7189,65,82619.73606097467,486,Employed
7190,52,85238.5472063235,445,Contractor
7191,62,72350.40998266578,451,Employed
7192,63,27421.123260009954,662,Contractor
7193,25,38883.336734218916,392,Contractor
7194,61,76371.89501659609,330,Employed
7195,39,64726.52370099785,839,Employed
7196,38,75996.0721618207,348,Employed
7197,43,106910.58544610185,557,Self-Employed
7198,57,83150.89998073335,817,Employed
7199,38,96472.15514357053,840,Contractor
7200,42,67367.03473676826,709,Employed
7201,58,44819.608062889005,455,Employed
7202,18,63553.346019641474,845,Contractor
7203,23,44881.20465702155,739,Employed
7204,40,103957.3739193112,536,Employed
7205,68,84759.77691338674,667,Employed
7206,40,78012.81241570698,356,Employed
7207,60,95898.58005570258,474,Employed
7208,60,20000.0,513,Employed
7209,40,79703.44878356649,326,Employed
7210,49,32233.855392390684,418,Self-Employed
7211,47,64818.60753835847,446,Employed
7212,30,57207.310188319636,564,Self-Employed
7213,60,81543.4153024237,702,Employed
7214,35,70704.68222402388,557,Employed
7215,40,98627.92934029471,488,Employed
7216,32,49952.57097668466,798,Employed
7217,50,82727.8597408321,538,Employed
7218,38,69055.5804224708,626,Employed
7219,56,24117.743248211184,369,Contractor
7220,40,42034.58853692419,324,Employed
7221,44,61253.04916194579,455,Employed
7222,62,92807.3112472932,518,Employed
7223,61,76593.07643892786,678,Self-Employed
7224,35,35812.47940298214,493,Employed
7225,41,61492.09429882101,339,Self-Employed
7226,68,115445.16121982575,642,Employed
7227,64,67780.58337102145,802,Employed
7228,57,56816.86062319011,749,Employed
7229,68,77293.49101890551,635,Self-Employed
7230,59,84084.82698954924,303,Employed
7231,24,53595.791312998525,816,Employed
7232,67,77564.36935928592,796,Employed
7233,65,56777.76258322977,525,Employed
7234,37,82983.19004573596,449,Employed
7235,44,69242.32894928209,537,Employed
7236,23,77049.1956763223,402,Employed
7237,44,46020.41134581239,474,Contractor
7238,26,44467.84039817852,760,Employed
7239,62,88637.43261648488,333,Employed
7240,48,63015.09046536266,817,Employed
7241,38,72125.86855248404,739,Self-Employed
7242,43,57340.11432283701,584,Employed
7243,57,87468.16935034111,524,Employed
7244,65,49804.75049925856,556,Employed
7245,62,61609.96900247793,358,Employed
7246,30,84649.8203175783,545,Employed
7247,66,94324.19247910666,818,Employed
7248,40,51906.017724332916,513,Employed
7249,37,113992.09954889707,515,Self-Employed
7250,54,72831.04234234041,702,Self-Employed
7251,45,38926.79345478156,582,Employed
7252,34,74226.3012147492,514,Employed
7253,45,55425.01963791356,681,Contractor
7254,58,75851.71217957942,344,Self-Employed
7255,19,63928.59380849155,471,Employed
7256,42,66856.84225475362,520,Employed
7257,67,42210.16558534635,684,Contractor
7258,58,89751.530767909,394,Employed
7259,23,36096.8158212242,343,Self-Employed
7260,28,37280.87761487512,527,Employed
7261,55,74184.00872868717,616,Employed
7262,23,105071.10617944924,634,Employed
7263,62,56185.17257338982,766,Employed
7264,28,82524.30806759914,596,Employed
7265,31,91833.50442158863,844,Self-Employed
7266,19,85367.11093235173,788,Employed
7267,57,57219.792770657965,514,Self-Employed
7268,20,37723.832070148135,823,Employed
7269,52,20000.0,301,Employed
7270,50,58428.98751344017,506,Employed
7271,41,94452.18421405437,640,Contractor
7272,36,36895.85038095165,706,Employed
7273,35,82505.24618796914,605,Employed
7274,66,41246.1867487032,806,Contractor
7275,69,67651.81440967096,768,Employed
7276,41,82694.79035387545,794,Self-Employed
7277,62,48512.614079039304,560,Self-Employed
7278,52,69262.11701742285,663,Employed
7279,18,54622.716581866785,813,Employed
7280,53,82628.71647345442,840,Contractor
7281,42,70882.92921211594,754,Employed
7282,62,66412.69186073169,443,Employed
7283,66,103958.74900354944,491,Employed
7284,60,81557.65355920755,652,Employed
7285,51,47741.20334684277,598,Self-Employed
7286,42,62853.40248005596,759,Contractor
7287,33,63102.53037300848,726,Contractor
7288,51,67007.9893156303,330,Contractor
7289,46,128112.73191518737,631,Employed
7290,36,74271.29731777492,710,Self-Employed
7291,40,20000.0,351,Employed
7292,36,51430.025707075874,683,Employed
7293,42,20000.0,542,Self-Employed
7294,33,56755.043573854,716,Employed
7295,68,20000.0,774,Contractor
7296,26,43210.2382232893,691,Employed
7297,18,26981.961759147,688,Self-Employed
7298,59,74604.00444918693,768,Employed
7299,36,65013.48406572197,707,Employed
7300,50,72574.05768746827,818,Employed
7301,51,62386.21528578684,488,Employed
7302,33,30142.556244889558,650,Employed
7303,61,77838.03423136838,582,Contractor
7304,57,113055.61400673632,456,Employed
7305,35,75230.31446516367,447,Employed
7306,51,54351.88501706085,369,Employed
7307,42,29298.320597363876,669,Employed
7308,62,42298.32573100086,814,Employed
7309,23,76325.99141430148,533,Employed
7310,38,91827.95066998438,766,Employed
7311,23,71521.65436804939,586,Self-Employed
7312,49,84997.18224264958,593,Employed
7313,58,82691.95610068107,780,Employed
7314,65,77663.35978464794,433,Employed
7315,60,48538.1601184686,307,Employed
7316,56,69348.08779937882,327,Self-Employed
7317,48,43790.55490294655,819,Employed
7318,59,65435.72382395255,609,Employed
7319,27,73271.5882766728,840,Employed
7320,47,106969.59518467137,793,Contractor
7321,69,32256.7006408092,333,Employed
7322,35,77037.69077478263,306,Employed
7323,41,102030.91479058987,339,Employed
7324,69,83971.19414596992,629,Employed
7325,26,85823.63607062603,361,Employed
7326,48,79692.3725466953,385,Contractor
7327,32,97458.36224438541,415,Employed
7328,21,37813.0457971908,596,Self-Employed
7329,57,30351.833350743836,678,Employed
7330,26,64841.6464883686,621,Employed
7331,62,20000.0,694,Contractor
7332,26,95766.14510445029,656,Employed
7333,43,95517.87988738604,718,Employed
7334,21,54166.23612288685,777,Contractor
7335,34,55730.735083487256,635,Contractor
7336,33,63191.313121233215,319,Self-Employed
7337,32,66300.5162609905,711,Self-Employed
7338,52,68179.34797985714,848,Employed
7339,69,78955.80267195759,558,Employed
7340,22,60684.341174788045,656,Self-Employed
7341,22,88579.83258694485,500,Contractor
7342,37,76148.69442813259,710,Employed
7343,32,49825.913853184116,587,Employed
7344,35,98377.81669510243,347,Employed
7345,64,31043.575346937825,669,Employed
7346,19,62695.854729463084,530,Employed
7347,46,89172.9350268867,394,Self-Employed
7348,30,46923.17237719639,602,Employed
7349,21,72738.8911691788,517,Employed
7350,59,78583.4899249762,686,Employed
7351,62,43486.90330046903,390,Employed
7352,27,63188.057010149125,357,Employed
7353,48,61087.40424476974,733,Employed
7354,58,51206.55370419268,821,Employed
7355,25,122541.87130126936,782,Employed
7356,20,45922.34116386311,666,Employed
7357,65,90123.25735169707,706,Employed
7358,63,55179.97457797145,817,Contractor
7359,26,37834.09527786796,630,Self-Employed
7360,47,67570.35607887672,534,Self-Employed
7361,28,81227.33460968752,710,Employed
7362,52,88012.73937664197,482,Employed
7363,54,104056.62776637674,586,Employed
7364,59,138631.1572483775,422,Self-Employed
7365,30,71262.85509388993,457,Employed
7366,53,48422.69565436531,622,Self-Employed
7367,30,76321.85816987228,312,Employed
7368,29,58344.67623983771,503,Employed
7369,54,88149.15324630574,601,Employed
7370,27,32570.892590856958,342,Self-Employed
7371,26,124208.36356001094,805,Employed
7372,69,86401.20236938781,490,Employed
7373,24,22899.899555095886,359,Contractor
7374,19,47274.27744212569,765,Employed
7375,40,85402.02610284847,678,Employed
7376,56,94408.60140428637,728,Employed
7377,57,33194.05931920092,361,Employed
7378,56,82825.64626082372,601,Employed
7379,38,20000.0,471,Self-Employed
7380,40,62766.603363223854,804,Employed
7381,46,92801.17105258016,362,Self-Employed
7382,31,51212.10674742549,315,Employed
7383,43,27326.94252154966,400,Employed
7384,68,68655.36990943899,475,Contractor
7385,22,49882.02833411305,492,Employed
7386,48,80738.95915164589,572,Self-Employed
7387,42,42866.83919454849,766,Self-Employed
7388,48,45684.077758672494,474,Employed
7389,67,20000.0,533,Employed
7390,37,69248.61777628706,515,Employed
7391,61,60977.37654308503,790,Contractor
7392,34,35290.38323149823,716,Employed
7393,62,69844.9678441773,832,Employed
7394,19,90676.75751610348,750,Employed
7395,42,59610.80141452626,579,Employed
7396,30,71704.17374554934,543,Employed
7397,56,71832.78123962911,445,Employed
7398,45,34891.754320525986,366,Contractor
7399,59,116414.6455176899,402,Employed
7400,23,53228.7542469429,609,Employed
7401,20,81402.90504650677,416,Employed
7402,52,84230.38193072623,771,Self-Employed
7403,35,61510.12182210621,620,Employed
7404,28,80169.87562649086,734,Employed
7405,37,71145.48054540972,669,Employed
7406,22,29559.006069314848,486,Employed
7407,36,56693.18246874779,768,Employed
7408,39,49686.227441148454,772,Employed
7409,36,53456.37396634682,753,Employed
7410,64,32399.920554084052,745,Employed
7411,33,93160.84291865076,393,Self-Employed
7412,41,105049.81636533533,337,Employed
7413,58,89450.07439996021,781,Contractor
7414,21,96763.23060367857,410,Employed
7415,32,56384.129074796096,709,Self-Employed
7416,42,49093.57912534909,467,Employed
7417,61,45535.32382970721,696,Employed
7418,52,81101.62307393056,426,Self-Employed
7419,31,70676.57632860374,341,Employed
7420,66,63069.457210039356,340,Employed
7421,36,97378.71360488358,786,Self-Employed
7422,55,75123.53384538357,698,Self-Employed
7423,53,44033.55906198538,481,Employed
7424,24,47977.27927160764,480,Employed
7425,47,82049.83248135363,763,Employed
7426,36,91043.32131636492,349,Contractor
7427,66,78792.00580639923,707,Employed
7428,42,112422.21869680204,700,Self-Employed
7429,33,105875.17914328547,445,Employed
7430,64,76025.89587126907,597,Employed
7431,57,44035.48351296244,444,Employed
7432,68,32250.31220670581,315,Employed
7433,25,55315.45637463213,384,Employed
7434,35,83830.33616040392,515,Employed
7435,45,110666.17698279844,781,Employed
7436,33,75436.17586027,351,Employed
7437,69,94218.06985578092,847,Employed
7438,36,58867.31284530494,406,Employed
7439,59,80569.22813068875,518,Self-Employed
7440,34,85583.92073692931,636,Employed
7441,62,20000.0,670,Employed
7442,30,54664.02994058724,553,Contractor
7443,24,88742.50960694674,704,Employed
7444,44,71861.70839091412,329,Contractor
7445,27,35087.123796226675,484,Employed
7446,51,20000.0,588,Employed
7447,53,55855.481367449844,658,Employed
7448,42,63210.357677653024,773,Employed
7449,23,42901.926254291364,699,Employed
7450,41,68577.12342569986,432,Employed
7451,35,77659.66868082236,801,Self-Employed
7452,40,81767.17926815583,802,Employed
7453,23,20000.0,376,Employed
7454,46,32142.872554796995,649,Employed
7455,42,57384.43379113161,359,Self-Employed
7456,34,79304.32827593658,754,Employed
7457,63,77230.85033875088,764,Employed
7458,41,76796.7486969169,610,Self-Employed
7459,28,55414.55145077671,390,Contractor
7460,43,56809.16406725098,597,Employed
7461,68,46791.76828945648,624,Contractor
7462,51,84204.85320264619,579,Employed
7463,45,41987.78030651054,417,Contractor
7464,20,86250.90987973925,570,Employed
7465,28,70196.33095344115,816,Self-Employed
7466,55,63873.88803862116,400,Self-Employed
7467,31,48582.24000558833,687,Employed
7468,68,31111.453470896842,585,Employed
7469,43,48808.68109054886,352,Employed
7470,65,56749.82828437784,539,Employed
7471,38,20000.0,513,Employed
7472,56,60066.121116633396,660,Contractor
7473,47,88108.93420065014,663,Employed
7474,25,79180.44763584681,626,Employed
7475,68,52594.85310646232,775,Employed
7476,37,66173.4074603807,396,Employed
7477,65,51095.88576445001,626,Employed
7478,49,68719.0183333924,372,Employed
7479,39,103502.69559360079,555,Self-Employed
7480,24,89212.47006562189,469,Self-Employed
7481,26,78019.85764231882,632,Self-Employed
7482,62,52677.877190407045,456,Self-Employed
7483,18,83748.45982362097,718,Employed
7484,46,22828.076215673675,757,Self-Employed
7485,25,58691.162950227736,398,Employed
7486,21,79592.78549559874,543,Employed
7487,52,83510.53035119378,776,Employed
7488,20,81747.11225539353,740,Employed
7489,62,72370.76723024236,493,Employed
7490,57,60106.87552290293,674,Employed
7491,24,78449.39924566222,666,Employed
7492,44,41178.47398534248,454,Employed
7493,18,43883.06841766875,798,Self-Employed
7494,44,66543.36691150742,833,Employed
7495,33,69329.94106771868,757,Contractor
7496,55,20000.0,412,Employed
7497,24,76378.65952373797,323,Employed
7498,61,84318.20944798483,582,Employed
7499,40,63067.869063342616,591,Contractor
7500,58,124361.6570820998,662,Employed
7501,28,47926.62234212035,700,Employed
7502,59,55972.820915328266,565,Employed
7503,50,55123.327346819766,353,Employed
7504,67,63095.30971772456,721,Employed
7505,53,56781.87967584272,773,Self-Employed
7506,54,29829.736384878204,542,Employed
7507,58,51336.29259408812,653,Employed
7508,34,62559.482605648096,687,Employed
7509,52,95714.30205154994,477,Employed
7510,65,120056.08183432283,774,Contractor
7511,22,98386.84744626636,704,Self-Employed
7512,65,45615.52425818484,335,Employed
7513,49,47604.75973434586,657,Employed
7514,20,61016.785562266225,626,Contractor
7515,69,109613.97222133965,343,Employed
7516,64,60864.39869545266,619,Employed
7517,52,31812.312736564236,771,Contractor
7518,69,52470.57157617412,568,Employed
7519,31,83926.40004548542,824,Employed
7520,65,82248.50692240217,324,Employed
7521,48,59994.583337708595,456,Contractor
7522,48,82085.36683900077,484,Employed
7523,34,20000.0,473,Employed
7524,41,67595.73087581745,693,Self-Employed
7525,69,86517.13553421575,485,Self-Employed
7526,40,44178.41812113662,580,Employed
7527,35,44091.5365875928,594,Employed
7528,67,20000.0,827,Employed
7529,31,104747.38987026736,487,Employed
7530,67,46996.15057446083,711,Employed
7531,32,71026.08194655279,485,Self-Employed
7532,32,80097.92603708437,843,Employed
7533,23,102801.69872853633,600,Employed
7534,44,61152.55565035912,608,Employed
7535,32,51514.25515553953,488,Employed
7536,67,69326.69121426383,710,Self-Employed
7537,53,97102.00691355718,837,Self-Employed
7538,25,60745.6867149804,686,Employed
7539,32,41128.27296039809,492,Employed
7540,20,26481.054792115938,462,Employed
7541,64,34467.56538486937,352,Employed
7542,30,86609.78743516663,774,Employed
7543,58,56984.38809232971,473,Employed
7544,51,49811.97725198224,495,Employed
7545,41,47100.81942040144,510,Employed
7546,57,67126.14650500455,689,Employed
7547,49,59013.6226558604,607,Employed
7548,49,58171.69640701869,756,Employed
7549,47,98733.09819526848,630,Self-Employed
7550,69,103450.40704654084,794,Employed
7551,66,24749.45817727509,628,Contractor
7552,30,73189.81827857393,328,Employed
7553,18,45578.447534465195,421,Employed
7554,51,58793.72215347266,757,Employed
7555,32,72731.95962816736,717,Employed
7556,61,59682.00207672702,458,Self-Employed
7557,31,70761.49701569082,815,Employed
7558,46,81824.25515079794,301,Employed
7559,51,72364.420013508,601,Employed
7560,35,48829.09239580941,378,Employed
7561,24,49270.0098257419,614,Employed
7562,46,29007.367584549116,627,Employed
7563,48,43651.99256198204,575,Employed
7564,42,114051.7090474632,751,Self-Employed
7565,55,45199.91064761889,785,Employed
7566,31,35165.529688904506,406,Employed
7567,25,72998.19654611933,545,Employed
7568,44,62240.881017703505,463,Self-Employed
7569,19,60110.169078769366,826,Self-Employed
7570,34,100226.14916030224,300,Employed
7571,54,78728.16688895912,436,Employed
7572,31,51750.17670741311,450,Employed
7573,42,54388.1020602055,479,Employed
7574,47,52435.337152357875,786,Employed
7575,46,86868.49053950643,317,Employed
7576,37,57296.30926367157,524,Self-Employed
7577,38,20171.162438646235,404,Employed
7578,39,63792.008031641395,364,Employed
7579,52,26574.34997180177,632,Employed
7580,54,119605.76504387255,671,Self-Employed
7581,33,40858.302153819226,506,Employed
7582,67,60953.38086605673,528,Employed
7583,66,71455.06836752842,441,Employed
7584,60,57783.54598301925,630,Employed
7585,34,57749.239963345186,570,Employed
7586,33,75545.68215402192,624,Employed
7587,19,103155.39896990696,826,Employed
7588,21,84187.72704543243,846,Employed
7589,38,101962.84696433856,368,Employed
7590,56,38834.52229766245,511,Employed
7591,51,72934.06583138404,681,Employed
7592,47,68881.15130145698,719,Employed
7593,23,73777.28229191837,347,Self-Employed
7594,34,99405.7992658893,530,Self-Employed
7595,56,59480.27125519865,776,Contractor
7596,42,54862.415836147804,388,Employed
7597,22,78349.5199354666,351,Employed
7598,22,20544.931810853814,833,Employed
7599,37,59078.69877194554,721,Employed
7600,33,61645.05776786368,745,Employed
7601,68,41991.03459232687,430,Employed
7602,58,91426.47528391443,673,Employed
7603,54,38443.99206641789,829,Employed
7604,57,61603.17379090509,404,Contractor
7605,26,72328.93063307421,686,Employed
7606,22,98836.28903690296,635,Employed
7607,59,64736.08912797867,416,Employed
7608,19,88403.83985320527,300,Self-Employed
7609,26,82514.88493192819,837,Self-Employed
7610,60,68086.43890422856,735,Employed
7611,53,37762.16479316361,795,Employed
7612,39,29135.478477391276,311,Self-Employed
7613,39,67662.63503547966,593,Employed
7614,39,51432.57815243466,807,Contractor
7615,51,87981.52729203229,427,Employed
7616,46,83646.41295246444,375,Employed
7617,55,60384.72513907375,568,Self-Employed
7618,63,36057.176901468265,445,Employed
7619,50,77768.38874018184,702,Employed
7620,35,39551.26384662124,798,Employed
7621,24,46038.40192672837,498,Self-Employed
7622,18,40514.60654462114,802,Employed
7623,50,61537.47445150116,702,Employed
7624,18,94254.80835176405,508,Employed
7625,41,64873.97824441178,641,Self-Employed
7626,21,53919.532689307605,347,Employed
7627,21,26859.626748868897,840,Employed
7628,35,78803.11461824608,475,Employed
7629,44,45489.884851784314,810,Self-Employed
7630,60,67937.94047895241,318,Self-Employed
7631,49,56144.534602083986,794,Employed
7632,50,85954.43048998594,654,Self-Employed
7633,45,61069.0901992862,644,Employed
7634,59,63526.84113692371,359,Employed
7635,58,77143.6786863865,528,Self-Employed
7636,53,117673.50455657963,446,Employed
7637,23,87211.17325896386,597,Employed
7638,33,62784.84734128477,632,Contractor
7639,51,65079.94976538221,631,Employed
7640,40,51878.513491889134,732,Employed
7641,67,41250.10741200762,698,Self-Employed
7642,59,51181.23032334195,634,Employed
7643,41,45696.27590720144,508,Employed
7644,66,81334.20959489714,710,Employed
7645,30,38220.12855327535,570,Employed
7646,35,98330.2640345011,479,Employed
7647,30,83801.15959047075,714,Employed
7648,66,65512.54323419171,645,Employed
7649,54,65007.965286626706,818,Self-Employed
7650,60,51067.96725963616,737,Employed
7651,56,71752.1102836941,312,Employed
7652,59,92202.31158021472,703,Self-Employed
7653,34,47421.08844360466,679,Self-Employed
7654,32,26665.19777703174,720,Employed
7655,35,82580.4563714186,479,Employed
7656,40,73109.14935609502,582,Employed
7657,68,36995.02996397052,717,Employed
7658,47,46665.21572714705,655,Employed
7659,51,43522.39314874649,315,Employed
7660,21,46886.69327414378,614,Employed
7661,20,56907.93114897031,832,Contractor
7662,24,58336.31739298132,315,Self-Employed
7663,35,48730.158623288495,764,Employed
7664,59,46045.904512501795,762,Employed
7665,24,59280.39140201546,844,Self-Employed
7666,57,69192.28837148903,368,Self-Employed
7667,23,57092.586590878884,710,Contractor
7668,39,93966.67558353255,351,Employed
7669,18,77702.19286051966,364,Employed
7670,21,25228.853578532602,766,Contractor
7671,63,78093.19413534633,571,Employed
7672,66,80138.59956463956,738,Self-Employed
7673,69,54131.62579689522,829,Employed
7674,67,27620.060317421114,572,Self-Employed
7675,60,65201.668985278404,758,Employed
7676,46,64807.2837129439,472,Employed
7677,38,36958.84408667013,820,Employed
7678,43,28719.51959350161,796,Contractor
7679,31,62811.16133866402,833,Employed
7680,26,59173.07019872945,371,Employed
7681,64,54568.36586694016,471,Employed
7682,29,62914.73163133596,591,Self-Employed
7683,59,37430.59065449202,551,Employed
7684,68,54129.484678347144,708,Employed
7685,68,78333.1257653587,666,Employed
7686,23,56250.74799121778,555,Employed
7687,37,23200.688205186205,824,Employed
7688,41,53182.693056910706,739,Employed
7689,44,38246.03841232849,634,Self-Employed
7690,55,71678.40741154327,734,Employed
7691,25,72970.93508451064,760,Employed
7692,18,23530.63437284923,607,Self-Employed
7693,66,83975.32426455473,394,Contractor
7694,66,37195.34246803604,708,Self-Employed
7695,41,103979.55726205878,467,Employed
7696,64,63780.59338748458,386,Employed
7697,24,33840.16253652095,302,Employed
7698,36,36450.34823268297,671,Employed
7699,39,73702.38229468362,827,Employed
7700,52,55217.50275254056,322,Self-Employed
7701,47,62583.65225954648,397,Employed
7702,46,105319.50581742599,821,Employed
7703,39,47518.898394273114,620,Employed
7704,28,66499.07144239267,833,Employed
7705,37,100496.11218432634,666,Employed
7706,46,71762.83688666,483,Employed
7707,68,24834.93161604985,716,Employed
7708,58,77634.72529330342,513,Employed
7709,59,35924.92855541389,509,Self-Employed
7710,51,100170.18821832413,432,Employed
7711,18,44428.30987505055,352,Self-Employed
7712,48,139237.73769364163,322,Employed
7713,47,101684.39970819195,405,Self-Employed
7714,65,45084.68575930053,759,Employed
7715,35,65500.345125040265,781,Self-Employed
7716,34,83841.10704083659,419,Employed
7717,55,84591.51185566769,507,Employed
7718,31,76058.40649940493,617,Employed
7719,40,96303.97592415275,637,Employed
7720,42,61925.77633414076,454,Employed
7721,32,55832.05828559917,454,Contractor
7722,63,56328.400301884736,693,Employed
7723,39,86459.33079930318,804,Employed
7724,20,74129.52600756615,612,Employed
7725,36,72282.0916422564,558,Employed
7726,61,84880.85623142956,456,Employed
7727,51,20000.0,313,Employed
7728,52,72751.72059687876,376,Self-Employed
7729,67,70464.2222218429,638,Employed
7730,18,106720.20203251763,708,Contractor
7731,69,26785.300443408327,693,Employed
7732,38,103929.66580941895,519,Contractor
7733,46,66885.22822311665,732,Employed
7734,23,77224.73826650112,754,Self-Employed
7735,54,106897.96969023441,439,Employed
7736,18,79019.03170013933,797,Employed
7737,68,75009.20723656402,829,Employed
7738,18,71057.27964505796,395,Employed
7739,44,52913.046625140574,327,Employed
7740,38,64287.771887240175,529,Employed
7741,33,47112.18084693128,715,Employed
7742,61,63885.82751436295,755,Self-Employed
7743,57,20000.0,324,Contractor
7744,43,75725.98918918872,703,Employed
7745,33,61956.56865540936,841,Employed
7746,45,56594.90658333089,464,Employed
7747,18,70493.95209850358,507,Self-Employed
7748,53,29160.901925863982,672,Contractor
7749,27,113231.74991553207,368,Contractor
7750,60,62430.81346281001,819,Contractor
7751,34,61353.88917569526,652,Self-Employed
7752,40,40865.09474667694,400,Contractor
7753,24,65598.65956123153,300,Employed
7754,61,99673.99725683202,650,Contractor
7755,24,90897.90523580085,306,Self-Employed
7756,61,86360.9437785139,617,Employed
7757,32,78659.97379168178,808,Employed
7758,51,56036.436810934756,485,Employed
7759,63,28745.920824082452,761,Self-Employed
7760,62,59974.03070333412,642,Employed
7761,21,59103.21338665807,307,Employed
7762,31,91219.86099178102,435,Self-Employed
7763,31,72734.7610614955,682,Employed
7764,33,105307.7881975887,485,Self-Employed
7765,24,94937.21350095436,671,Self-Employed
7766,49,53587.60976239761,465,Contractor
7767,36,20121.77008450329,620,Employed
7768,19,99639.38084853702,456,Contractor
7769,27,98984.6305807686,584,Employed
7770,67,30844.710227444346,327,Employed
7771,34,102731.00049568752,650,Employed
7772,54,74552.92926481295,382,Employed
7773,29,69017.13745314133,669,Contractor
7774,23,105369.58135618319,840,Employed
7775,39,98617.12933076537,694,Contractor
7776,49,81283.2737998801,779,Employed
7777,58,76830.42664529958,512,Employed
7778,37,80409.85726325898,659,Employed
7779,18,54998.56415293685,513,Employed
7780,64,63622.46375669198,603,Contractor
7781,23,42442.07113513643,454,Self-Employed
7782,36,56674.00560652703,679,Employed
7783,35,55834.15303327667,499,Self-Employed
7784,23,49117.365759458386,537,Employed
7785,62,68418.66256621158,466,Employed
7786,50,56900.47873248557,525,Employed
7787,40,77555.86800879934,550,Employed
7788,40,24441.984667655866,579,Contractor
7789,43,62166.130147317504,775,Employed
7790,30,68288.79100443739,797,Employed
7791,24,57234.269004077985,834,Employed
7792,32,60690.18250476922,710,Employed
7793,61,25368.849731753566,728,Employed
7794,44,73911.9276167373,838,Employed
7795,43,81190.14956417677,742,Self-Employed
7796,50,77338.43235509418,509,Employed
7797,32,90968.17648605458,846,Employed
7798,53,70038.24014456254,790,Employed
7799,62,76967.02951627343,770,Employed
7800,44,68902.2684614213,762,Self-Employed
7801,22,82188.76798981236,849,Employed
7802,19,25569.25909669695,776,Employed
7803,50,42660.47580054973,497,Employed
7804,33,104672.49142582728,820,Contractor
7805,40,20000.0,798,Self-Employed
7806,55,61495.5517543664,810,Employed
7807,33,94306.87399020171,624,Employed
7808,31,62668.48336145588,766,Employed
7809,46,54874.72321373256,438,Self-Employed
7810,43,68235.54192038251,541,Employed
7811,52,56171.995499938836,615,Employed
7812,32,65771.23731892348,434,Employed
7813,20,47915.474086996765,487,Employed
7814,40,92716.8604988931,368,Employed
7815,46,100581.62302664152,738,Employed
7816,51,61665.24194720943,376,Employed
7817,50,30337.76448271892,699,Employed
7818,58,51903.92074216512,673,Employed
7819,58,60400.283497425895,311,Employed
7820,40,77638.4719225802,786,Employed
7821,24,39799.66942073305,716,Contractor
7822,20,45770.94203394624,506,Employed
7823,49,77766.90344647018,640,Employed
7824,48,88472.72080098894,610,Self-Employed
7825,35,49460.1488707329,607,Employed
7826,60,31669.573651225102,592,Employed
7827,24,147102.95503219712,675,Employed
7828,58,84582.60592721784,826,Employed
7829,18,58324.90595582421,639,Employed
7830,31,86725.78188827098,382,Employed
7831,69,61888.584257139446,751,Self-Employed
7832,49,86678.92222750466,302,Self-Employed
7833,23,68984.82994440556,755,Employed
7834,56,67281.79745418933,535,Self-Employed
7835,27,62160.45329423028,688,Employed
7836,24,28815.466663422754,692,Employed
7837,43,113452.37248482849,329,Employed
7838,51,41461.65199330641,447,Employed
7839,47,30999.410592235137,582,Employed
7840,53,59678.502931090814,537,Employed
7841,38,40963.20466223733,618,Employed
7842,34,63707.180235993226,636,Self-Employed
7843,50,82194.09621404421,330,Employed
7844,27,89882.57251323058,506,Employed
7845,68,85368.26804054204,528,Employed
7846,64,57359.19863035799,641,Employed
7847,59,66239.79569153965,759,Self-Employed
7848,68,75196.97627243727,435,Contractor
7849,29,21055.314401448188,583,Self-Employed
7850,33,79264.6175029965,650,Self-Employed
7851,58,28567.517810404213,316,Employed
7852,49,116008.66497266223,514,Employed
7853,32,54887.122883957614,694,Employed
7854,44,60378.120570135216,698,Contractor
7855,45,45757.32251905362,713,Employed
7856,34,49250.74920360776,543,Employed
7857,63,121852.339228581,394,Employed
7858,67,88509.24221558243,305,Employed
7859,19,26269.93887130404,386,Employed
7860,53,102605.32251713074,488,Self-Employed
7861,67,94831.05687853579,719,Employed
7862,24,57969.68844279279,366,Self-Employed
7863,30,72667.42355074594,547,Contractor
7864,32,64626.39801447315,506,Self-Employed
7865,42,114314.49761117331,504,Contractor
7866,40,45092.74527519774,618,Employed
7867,39,68650.26524439317,382,Contractor
7868,43,54296.36672517988,723,Employed
7869,50,29173.989884553645,381,Self-Employed
7870,28,119790.95637637467,848,Employed
7871,27,35460.835522439695,786,Employed
7872,42,70503.2296871944,432,Employed
7873,54,21482.484840491612,414,Employed
7874,65,55023.23651892267,676,Contractor
7875,60,75549.22053583644,510,Self-Employed
7876,55,44381.65051244093,431,Employed
7877,58,79670.04626839138,673,Employed
7878,62,58273.97270279794,453,Self-Employed
7879,41,94002.06280996533,722,Employed
7880,57,99044.02283350559,665,Self-Employed
7881,63,50331.38098174971,446,Employed
7882,50,66918.32148482391,426,Employed
7883,34,69586.35566180582,607,Contractor
7884,41,80483.73238586746,417,Employed
7885,54,65359.549906106644,530,Employed
7886,19,69755.27398357105,750,Contractor
7887,49,58914.838130122014,799,Contractor
7888,41,67880.99667430046,444,Contractor
7889,26,97448.50483837831,348,Employed
7890,21,81152.08103029637,406,Employed
7891,34,82531.39098608423,392,Employed
7892,34,83076.75810338945,439,Employed
7893,67,61154.780552974116,613,Self-Employed
7894,65,72970.67608948826,310,Employed
7895,47,37870.65804160638,747,Employed
7896,57,96720.19140792392,694,Contractor
7897,28,20000.0,804,Contractor
7898,38,62821.29019161437,677,Employed
7899,38,93522.39942875685,660,Employed
7900,35,30903.301659266464,847,Self-Employed
7901,46,74994.49794042128,695,Employed
7902,41,47980.83883552433,485,Self-Employed
7903,27,55779.91837027828,520,Self-Employed
7904,62,88648.52401598595,817,Employed
7905,34,69951.42314712875,599,Employed
7906,35,20000.0,474,Employed
7907,59,40589.36150671004,670,Employed
7908,65,89383.393372219,808,Employed
7909,37,76223.56795482495,503,Self-Employed
7910,54,108703.38931310711,581,Contractor
7911,62,107066.18985033243,715,Employed
7912,35,56443.8717463302,332,Contractor
7913,34,127580.9451267372,381,Employed
7914,26,65611.99174629778,782,Self-Employed
7915,31,40933.286639774364,447,Employed
7916,66,49159.003352235566,794,Employed
7917,46,20000.0,469,Employed
7918,48,105175.47520623202,306,Employed
7919,21,104869.0497260966,679,Employed
7920,35,39612.31402966697,733,Self-Employed
7921,37,59302.89279045235,333,Employed
7922,64,67390.18860281444,437,Contractor
7923,60,40991.17369644716,666,Employed
7924,61,21122.449218220958,405,Employed
7925,26,59741.0599055772,331,Employed
7926,30,56973.01426351883,823,Contractor
7927,32,55289.71897528062,467,Employed
7928,44,70567.90156502412,377,Employed
7929,32,100737.99146314981,845,Contractor
7930,45,57422.68200770685,508,Employed
7931,54,69261.07496803407,710,Employed
7932,36,83171.76309362339,307,Employed
7933,43,78853.57316281872,526,Employed
7934,69,49639.41188880395,474,Employed
7935,43,67409.4280778509,380,Contractor
7936,42,78688.49550422633,356,Contractor
7937,43,36791.21656223056,434,Employed
7938,43,96588.4752699127,537,Employed
7939,63,100789.72263035277,771,Employed
7940,45,46930.49361388765,516,Employed
7941,66,69841.75045870422,325,Employed
7942,35,81056.95641677579,486,Employed
7943,49,51359.646091781186,415,Employed
7944,20,77040.34614220235,462,Employed
7945,19,69081.39065730413,713,Self-Employed
7946,50,28302.045559029983,477,Self-Employed
7947,59,76479.03289946396,579,Employed
7948,36,37496.4395932241,511,Self-Employed
7949,34,88480.07129155118,353,Employed
7950,61,48219.72312165278,366,Employed
7951,50,60967.86415847138,843,Self-Employed
7952,29,99306.97283616438,819,Self-Employed
7953,66,77409.54116322113,798,Employed
7954,20,38013.15201063637,730,Employed
7955,60,39627.08573002291,345,Contractor
7956,66,50017.430284406866,334,Employed
7957,43,74866.10208391666,488,Employed
7958,52,73957.49537331921,388,Self-Employed
7959,25,43922.44238342827,634,Employed
7960,69,35819.76285964102,435,Employed
7961,53,72039.58512714585,845,Contractor
7962,24,60453.49835524595,412,Employed
7963,63,118930.39718619344,471,Employed
7964,63,65915.09141407697,638,Employed
7965,53,110356.32069250687,824,Employed
7966,33,35740.4100473915,473,Employed
7967,41,25669.676510957324,631,Employed
7968,18,36997.87168686163,506,Employed
7969,66,94728.24453633666,642,Employed
7970,42,108902.53974233835,403,Employed
7971,27,45445.51365118415,339,Employed
7972,33,53485.84925601106,322,Employed
7973,33,35775.47724468751,551,Employed
7974,25,20000.0,589,Employed
7975,46,82960.29244441574,501,Employed
7976,56,70575.50757405408,454,Self-Employed
7977,45,65262.19956684689,405,Self-Employed
7978,23,29998.586570915504,559,Employed
7979,33,105998.91704571652,499,Employed
7980,37,52416.08154876317,516,Employed
7981,33,78340.6606204119,710,Employed
7982,24,28635.964868881892,416,Employed
7983,58,60236.87025949907,723,Employed
7984,31,72284.36140596459,511,Employed
7985,60,73176.88045133269,454,Contractor
7986,43,68866.21358091563,562,Employed
7987,43,77363.06230121931,806,Self-Employed
7988,31,36736.98859917597,450,Employed
7989,24,69934.3151359915,511,Employed
7990,50,67843.94208700693,491,Employed
7991,43,70791.81710487652,397,Contractor
7992,62,66808.63043297954,840,Employed
7993,37,33169.68065216506,471,Employed
7994,20,32055.00619727566,670,Employed
7995,69,20000.0,454,Self-Employed
7996,21,85438.36274613244,439,Employed
7997,43,85691.43774337997,555,Employed
7998,28,86088.757280553,715,Contractor
7999,19,72669.74906153629,628,Employed
8000,31,20000.0,677,Employed
8001,61,39332.237705368345,565,Employed
8002,47,69260.3854398278,840,Self-Employed
8003,66,68387.95006979488,438,Employed
8004,29,59431.294671199474,811,Employed
8005,43,74222.93007270616,548,Self-Employed
8006,61,65291.29269213114,607,Employed
8007,50,68019.26163878404,518,Contractor
8008,30,49023.36667919959,592,Employed
8009,31,89550.27465303976,709,Employed
8010,41,54230.709782990394,497,Employed
8011,51,31733.772924484343,379,Self-Employed
8012,61,45725.02467953178,684,Employed
8013,43,56288.345215950496,436,Employed
8014,38,89850.06970922116,512,Employed
8015,45,63943.300039130176,506,Contractor
8016,65,60346.29452585877,432,Employed
8017,53,33783.414380934315,465,Employed
8018,57,84637.06474573941,802,Contractor
8019,19,48701.19614941536,729,Self-Employed
8020,59,62499.3035264666,479,Employed
8021,26,102004.57692204662,420,Contractor
8022,40,77719.08327623262,473,Employed
8023,32,24293.64880712064,630,Employed
8024,30,20762.244091188193,367,Employed
8025,40,63392.23874701885,437,Employed
8026,34,34681.484628129874,607,Contractor
8027,65,81213.66869082494,629,Self-Employed
8028,19,66056.57662412449,537,Employed
8029,37,69134.61922559657,829,Self-Employed
8030,37,47331.420458941175,375,Employed
8031,63,108534.59138216765,450,Employed
8032,20,136064.84320026147,615,Contractor
8033,29,58035.38190608213,336,Self-Employed
8034,57,73825.98121037503,425,Employed
8035,19,67435.43357660781,585,Employed
8036,53,58507.828413973286,539,Employed
8037,31,44198.23830668008,519,Employed
8038,33,37875.80031298807,306,Employed
8039,36,36610.06836186189,515,Employed
8040,51,75131.00063872864,592,Employed
8041,61,52008.138044909116,838,Self-Employed
8042,63,20000.0,783,Employed
8043,23,76121.45551495806,342,Employed
8044,30,64043.467938396105,606,Contractor
8045,53,98666.82503502865,392,Employed
8046,39,74328.05992727523,568,Self-Employed
8047,35,28033.16009224257,514,Employed
8048,29,20000.0,413,Employed
8049,69,47013.190391551565,484,Employed
8050,47,49372.31448265868,424,Employed
8051,68,88578.98002500416,404,Employed
8052,57,64778.22669276067,536,Employed
8053,24,93342.21245246273,457,Employed
8054,49,31879.17360743413,773,Employed
8055,65,89131.6096095112,804,Employed
8056,36,83024.72883577298,573,Contractor
8057,23,20000.0,416,Self-Employed
8058,37,98065.4460315193,835,Self-Employed
8059,44,67336.46229415882,359,Employed
8060,60,74801.11259671264,700,Employed
8061,54,43377.59718928943,479,Employed
8062,65,96881.1753230493,531,Self-Employed
8063,24,35353.69176902826,775,Employed
8064,22,85802.30045934865,544,Employed
8065,28,85515.18689771678,512,Employed
8066,32,40645.81429569445,758,Employed
8067,20,114584.33998556435,427,Employed
8068,22,70788.21200543798,516,Contractor
8069,40,81347.3152567756,319,Self-Employed
8070,54,26821.980116606108,359,Employed
8071,26,117943.25007521412,428,Employed
8072,32,34386.076494372755,496,Employed
8073,20,90622.16081914827,791,Employed
8074,46,40130.70705170761,803,Self-Employed
8075,23,49525.27992880793,546,Employed
8076,34,84718.85109713618,559,Self-Employed
8077,43,90688.81784187893,646,Employed
8078,38,33217.89377214745,496,Employed
8079,25,92261.80422642485,406,Employed
8080,38,91124.51237832985,459,Self-Employed
8081,28,41551.16477887769,721,Employed
8082,55,104966.18983977775,506,Contractor
8083,25,28578.559293799044,612,Self-Employed
8084,59,49380.68543055961,731,Self-Employed
8085,41,76975.06560229971,534,Self-Employed
8086,52,43660.84288243484,626,Employed
8087,31,71595.47714198353,778,Employed
8088,31,71026.90197008238,727,Employed
8089,27,60323.143251931986,399,Employed
8090,29,85810.013464764,537,Self-Employed
8091,55,59290.98018355902,406,Employed
8092,61,70788.52672034514,663,Employed
8093,63,93661.79693719756,792,Self-Employed
8094,51,84767.15525064601,342,Employed
8095,58,84650.43227035522,372,Employed
8096,27,36270.509944580495,603,Employed
8097,34,78119.81438753304,304,Self-Employed
8098,34,43037.530225762384,648,Employed
8099,20,32964.62550554934,699,Contractor
8100,48,63207.34134287579,732,Employed
8101,68,42392.620333710256,406,Self-Employed
8102,18,84765.44297099943,416,Employed
8103,29,85363.3864923831,682,Employed
8104,56,20000.0,381,Employed
8105,21,44292.436510577754,709,Employed
8106,59,28505.33320205003,369,Employed
8107,30,53434.26808517773,686,Employed
8108,51,76379.3917467206,823,Employed
8109,59,58942.79754554029,596,Self-Employed
8110,38,50256.01898332161,364,Employed
8111,39,97504.41317032848,477,Contractor
8112,21,20000.0,307,Self-Employed
8113,35,95921.79733795562,458,Employed
8114,22,51392.79267111286,310,Employed
8115,36,63047.274747180265,710,Employed
8116,19,51815.91655699728,454,Self-Employed
8117,29,103572.20263847796,505,Self-Employed
8118,34,34225.53757986851,414,Employed
8119,27,65293.409243048394,678,Employed
8120,51,78185.96629649992,649,Employed
8121,23,24724.93080287081,397,Self-Employed
8122,25,42002.54573884616,318,Self-Employed
8123,68,61295.53666254427,612,Self-Employed
8124,28,42833.37413289063,827,Employed
8125,29,44610.205719521255,744,Employed
8126,26,56253.43342308907,530,Contractor
8127,19,81239.53329115432,658,Contractor
8128,25,56432.05557804639,682,Employed
8129,28,91960.65486182366,811,Employed
8130,53,40056.05543351613,343,Employed
8131,27,33701.943488163684,664,Self-Employed
8132,38,113158.63514302834,410,Employed
8133,37,48551.04680836222,522,Employed
8134,65,32227.199823196002,685,Employed
8135,25,21448.65145570424,564,Employed
8136,53,91877.58634522348,570,Employed
8137,46,56467.387133498516,511,Employed
8138,59,58657.256623340036,795,Self-Employed
8139,29,61019.95721033401,613,Employed
8140,31,90323.57211674453,686,Employed
8141,65,60511.75415060199,546,Employed
8142,67,123601.34447081565,649,Employed
8143,38,68344.01435135573,371,Employed
8144,39,91544.61917395802,595,Employed
8145,38,85130.99644761017,512,Employed
8146,61,64088.81699354906,594,Contractor
8147,67,50325.72534948842,470,Self-Employed
8148,47,73299.09821416384,545,Employed
8149,56,77752.46828018183,440,Contractor
8150,37,50685.34879683682,539,Self-Employed
8151,41,69158.4716487664,610,Contractor
8152,40,95905.1244564899,715,Employed
8153,24,116748.69347674196,697,Self-Employed
8154,26,86359.23300873554,321,Employed
8155,18,111568.99215950706,377,Self-Employed
8156,43,49265.64471983861,774,Employed
8157,55,82547.05630148234,652,Employed
8158,55,98462.9877145318,670,Employed
8159,61,42591.66667570011,320,Self-Employed
8160,39,52860.24719887477,806,Self-Employed
8161,61,108447.61904588126,459,Employed
8162,27,40622.5286053265,660,Employed
8163,23,31471.74918360723,596,Self-Employed
8164,34,103199.53934098777,651,Employed
8165,68,94919.08062451097,479,Employed
8166,67,75803.00609959423,771,Self-Employed
8167,55,63857.231133854315,694,Self-Employed
8168,41,54036.88735987545,512,Employed
8169,68,72048.72184522628,829,Employed
8170,27,104495.17393503874,694,Self-Employed
8171,25,70964.1531535519,326,Self-Employed
8172,38,119173.98168117413,748,Employed
8173,23,42551.45035899424,737,Employed
8174,38,64507.981141793265,584,Employed
8175,56,55673.53330840211,488,Contractor
8176,41,37871.461420941676,498,Employed
8177,50,61172.90667475861,401,Employed
8178,35,75433.232541511,778,Employed
8179,45,78105.75449880076,523,Employed
8180,69,119261.30447361391,816,Employed
8181,49,76611.686743089,826,Employed
8182,29,93753.4200919904,740,Employed
8183,65,66652.3561574744,816,Employed
8184,59,106951.39001131488,529,Employed
8185,44,124961.23213970174,413,Self-Employed
8186,27,78277.12827439874,815,Employed
8187,63,40183.52461371047,483,Self-Employed
8188,69,51279.874430570795,333,Employed
8189,59,72048.35758012906,595,Employed
8190,49,76412.45088126615,752,Employed
8191,59,82460.6283596093,804,Contractor
8192,43,76504.94203075103,705,Employed
8193,42,65174.622906398465,426,Employed
8194,28,49095.038969946785,441,Employed
8195,40,75028.45653160574,427,Employed
8196,51,111374.68393701641,649,Employed
8197,69,90498.21513569387,823,Contractor
8198,57,78367.59874090496,762,Employed
8199,40,90739.17309556878,543,Employed
8200,46,55723.39927747869,485,Contractor
8201,48,52293.37134791699,532,Employed
8202,24,46305.372390850454,813,Employed
8203,57,61867.83443076405,300,Employed
8204,50,54449.85258227299,538,Employed
8205,38,95206.86851630348,354,Employed
8206,19,53116.914557945274,794,Employed
8207,35,44931.95709437709,717,Self-Employed
8208,64,113564.42947076578,747,Employed
8209,50,53715.61922296641,637,Contractor
8210,54,68838.21143125878,576,Employed
8211,51,76283.07061858529,309,Employed
8212,37,36582.67202697962,640,Employed
8213,52,95887.09423757673,403,Employed
8214,68,80927.97601028069,644,Employed
8215,67,103959.60029701954,669,Employed
8216,35,48019.45156954749,497,Self-Employed
8217,63,67478.144811904,313,Contractor
8218,41,65983.89387485488,637,Employed
8219,25,71597.21235875055,841,Self-Employed
8220,47,28634.631285570977,756,Self-Employed
8221,61,67770.90946730557,825,Employed
8222,27,29338.40221440637,735,Employed
8223,40,73958.35177992303,665,Contractor
8224,69,20000.0,700,Employed
8225,66,20000.0,781,Contractor
8226,28,85463.71791099996,409,Employed
8227,19,51329.038620130435,705,Employed
8228,43,40303.548159193975,608,Employed
8229,53,96771.1405268887,459,Contractor
8230,50,73190.65543321037,354,Employed
8231,64,86802.25488834459,555,Employed
8232,30,60843.94819197924,833,Employed
8233,57,131990.7173475001,721,Employed
8234,42,49887.153486005125,563,Employed
8235,21,108612.38873399721,532,Employed
8236,59,63465.84899750218,532,Employed
8237,36,23637.24012718135,816,Employed
8238,35,77071.21864370271,344,Employed
8239,54,72869.06403637909,735,Employed
8240,47,38716.95464401926,634,Employed
8241,36,41944.518071632134,703,Employed
8242,40,64382.55892287519,463,Self-Employed
8243,33,73743.69538119953,555,Employed
8244,18,20000.0,365,Employed
8245,29,91328.03631309507,387,Employed
8246,41,52637.550654625564,539,Employed
8247,51,31706.312890045592,610,Employed
8248,25,88526.66378629828,557,Employed
8249,35,64409.55051453859,813,Self-Employed
8250,65,95404.14441955635,733,Self-Employed
8251,22,75948.80657449388,428,Employed
8252,43,64962.13742629885,625,Employed
8253,47,61181.7513754961,316,Self-Employed
8254,30,77067.81901390344,641,Employed
8255,36,54661.718529766746,548,Employed
8256,46,43685.685281337515,476,Employed
8257,20,80247.7280663661,656,Employed
8258,43,61387.803963889266,794,Self-Employed
8259,57,65839.19120172515,334,Employed
8260,29,92234.49590386519,706,Employed
8261,19,62153.08480660648,309,Self-Employed
8262,28,65375.84813854477,830,Employed
8263,61,50008.7622137267,834,Employed
8264,45,75768.49834954627,394,Employed
8265,35,73745.6978170022,749,Employed
8266,30,87519.37829476394,519,Employed
8267,54,50521.7790748281,395,Employed
8268,39,53554.57576024536,680,Contractor
8269,29,84803.43497863674,506,Self-Employed
8270,19,71305.32508407158,545,Employed
8271,54,42344.54684518263,809,Self-Employed
8272,24,97663.85169336252,382,Employed
8273,43,22538.735789993727,616,Employed
8274,43,84607.11883159379,404,Employed
8275,41,33369.69910004508,669,Employed
8276,29,112144.71291213817,479,Employed
8277,33,26385.006827359415,382,Employed
8278,40,93806.2662968187,831,Self-Employed
8279,57,62959.140999718904,800,Employed
8280,26,55834.9357540314,647,Employed
8281,49,69634.91641169404,571,Employed
8282,32,80797.50847894532,630,Employed
8283,54,42389.98744172826,688,Employed
8284,30,44605.306870785695,436,Employed
8285,22,81240.12162782214,660,Employed
8286,28,22316.426158760005,581,Employed
8287,27,50394.27267019787,501,Employed
8288,69,141017.17385398602,830,Contractor
8289,30,40799.67588526798,315,Employed
8290,58,93695.06979399381,413,Self-Employed
8291,63,50351.2307821547,367,Self-Employed
8292,67,77726.1286199286,329,Employed
8293,32,81358.89226490544,818,Employed
8294,59,93223.91837957369,321,Employed
8295,24,59993.654329680605,730,Employed
8296,57,114722.11596887134,329,Employed
8297,45,50266.58588537049,709,Employed
8298,49,70855.510339989,348,Employed
8299,52,71131.92330544018,624,Employed
8300,32,36950.79700126461,787,Employed
8301,65,57853.193625521984,597,Contractor
8302,53,69037.83748096018,480,Employed
8303,38,54196.97392176451,421,Employed
8304,23,126023.09913641337,423,Self-Employed
8305,18,44034.408160011735,752,Self-Employed
8306,21,94485.61170351069,565,Employed
8307,28,86411.49532871967,327,Employed
8308,61,64653.446637393215,558,Employed
8309,43,43369.77365369383,376,Employed
8310,54,45793.616990205745,731,Employed
8311,40,52050.81751958725,334,Employed
8312,46,20356.467951343424,735,Employed
8313,38,39913.36435501774,413,Contractor
8314,65,27938.087115908937,361,Employed
8315,62,98646.87507944292,351,Employed
8316,62,80461.55980970546,415,Contractor
8317,66,84649.3524716365,346,Employed
8318,44,79720.7987885487,737,Employed
8319,56,69174.19058335408,711,Employed
8320,57,101517.00830322842,400,Contractor
8321,30,49730.93360670657,578,Employed
8322,40,67666.74138417612,406,Employed
8323,33,83676.47069560309,334,Self-Employed
8324,47,31969.769203596778,658,Employed
8325,21,142414.72240356373,301,Self-Employed
8326,57,65714.14406943966,791,Contractor
8327,33,68549.73626438982,571,Employed
8328,48,96421.95079187304,443,Employed
8329,59,87873.88332525559,734,Self-Employed
8330,42,65951.95048491147,750,Employed
8331,61,68253.23595245105,527,Self-Employed
8332,29,27396.286726300525,844,Employed
8333,43,51088.355553750596,513,Employed
8334,54,77930.255403974,547,Employed
8335,65,76097.32097607217,707,Employed
8336,50,95529.14375010217,352,Employed
8337,45,61987.473544416884,613,Employed
8338,26,30317.837164228346,673,Employed
8339,29,91418.26076939196,336,Employed
8340,22,100902.2336545504,823,Self-Employed
8341,69,87456.11432140574,383,Self-Employed
8342,45,60909.158228562716,393,Employed
8343,52,91109.65129691447,714,Employed
8344,22,150722.76195020534,641,Employed
8345,51,67878.8078610119,849,Employed
8346,63,32206.58269387189,720,Employed
8347,51,50342.8737611962,647,Self-Employed
8348,30,80636.90000760127,427,Employed
8349,56,24879.89222754843,451,Self-Employed
8350,59,69235.07687280174,821,Self-Employed
8351,62,74508.41625789707,337,Employed
8352,65,103378.04349531629,726,Employed
8353,31,97754.87140135751,404,Employed
8354,28,86614.61979379428,464,Employed
8355,59,20000.0,843,Employed
8356,55,88026.32820119814,511,Employed
8357,21,82637.83465150616,825,Employed
8358,50,71398.60942695866,431,Employed
8359,24,21744.44684636286,451,Employed
8360,58,45580.652270323495,395,Employed
8361,25,35829.43076164834,802,Employed
8362,54,20000.0,821,Employed
8363,68,64927.12121463014,673,Employed
8364,27,45054.44696393051,315,Self-Employed
8365,60,130632.63950672279,317,Self-Employed
8366,32,60780.70151405226,708,Employed
8367,55,97343.828896649,306,Employed
8368,32,25772.524382669384,544,Self-Employed
8369,22,51747.760349878256,428,Employed
8370,46,67422.44690085786,754,Employed
8371,36,42296.151284808235,371,Self-Employed
8372,68,54444.98287988139,459,Employed
8373,27,59551.22734391153,386,Employed
8374,29,59152.30036387764,700,Contractor
8375,21,111377.96432588366,761,Employed
8376,48,74455.65713578775,828,Contractor
8377,35,76987.76407353258,388,Employed
8378,33,78491.36935862676,305,Employed
8379,57,80315.65943342782,383,Employed
8380,53,62927.825403128365,549,Self-Employed
8381,42,56981.34071302885,715,Employed
8382,40,69170.40148795693,371,Employed
8383,29,93920.09872283682,411,Self-Employed
8384,51,93155.95471090959,471,Employed
8385,53,58990.03810778972,572,Employed
8386,54,84196.09236670278,829,Employed
8387,20,60135.3834240083,618,Employed
8388,26,65846.7637358811,381,Self-Employed
8389,35,53161.915461145065,374,Employed
8390,60,60458.87152734416,728,Employed
8391,52,98533.251738742,759,Employed
8392,51,67310.52868348091,645,Employed
8393,58,68382.06271380794,548,Employed
8394,31,28819.55551855104,686,Employed
8395,21,57268.90230918176,662,Contractor
8396,46,58967.127406381784,595,Self-Employed
8397,58,44271.41286391487,367,Employed
8398,62,65541.63529258908,737,Employed
8399,67,54270.442744308646,831,Employed
8400,32,66999.89638108955,432,Employed
8401,45,68037.57524547336,594,Employed
8402,59,41106.14105443389,595,Employed
8403,33,55032.45543792027,332,Employed
8404,29,66934.35706902084,673,Employed
8405,69,94607.48577891814,331,Contractor
8406,22,71417.97931989351,604,Employed
8407,51,48451.62050206431,407,Employed
8408,59,74975.11898109631,395,Employed
8409,18,107688.72223304401,365,Employed
8410,56,87917.66181472546,820,Contractor
8411,49,78688.1632608905,529,Employed
8412,43,83139.75438705804,657,Contractor
8413,34,100998.85103571576,701,Employed
8414,65,91890.6698504415,398,Employed
8415,44,79169.00952794144,570,Employed
8416,41,91716.05548975212,661,Self-Employed
8417,52,37958.722593398474,463,Employed
8418,63,27443.36869149297,827,Contractor
8419,59,68927.46626609575,468,Employed
8420,56,66717.01774126347,320,Employed
8421,43,51402.24866216856,839,Employed
8422,66,85646.31674569275,696,Employed
8423,55,20000.0,335,Employed
8424,40,51630.693598554906,794,Self-Employed
8425,39,52876.11137805963,613,Employed
8426,21,24092.455372513512,789,Employed
8427,66,102368.2751817326,575,Employed
8428,26,31019.96828341692,532,Employed
8429,21,50291.49856730785,735,Employed
8430,24,87699.49394512834,305,Employed
8431,40,81151.13358571829,834,Self-Employed
8432,19,37295.63258788134,543,Employed
8433,66,82062.23023151592,540,Self-Employed
8434,41,72244.61196645554,572,Employed
8435,57,123325.88905278669,374,Employed
8436,48,75098.51040170761,582,Employed
8437,64,61468.95447328671,834,Self-Employed
8438,48,43587.45107201443,386,Self-Employed
8439,64,46393.91582611072,448,Employed
8440,57,44355.772613296045,449,Employed
8441,65,99277.47034779805,459,Employed
8442,68,65449.24787541176,745,Self-Employed
8443,60,79131.17809936825,381,Self-Employed
8444,51,102856.18999952218,306,Employed
8445,41,20000.0,481,Employed
8446,66,96971.84411750938,825,Self-Employed
8447,43,66384.92279458336,777,Employed
8448,33,75876.20929101111,482,Employed
8449,64,44289.91945629372,613,Employed
8450,30,46121.89003878704,473,Employed
8451,32,77221.1472453247,313,Contractor
8452,44,124614.94500828674,599,Contractor
8453,21,90082.83282037254,372,Employed
8454,33,96638.07303546352,813,Employed
8455,47,60199.96824346451,642,Self-Employed
8456,61,49994.894385359294,695,Employed
8457,47,45479.876210525166,632,Employed
8458,53,52793.1568825828,654,Employed
8459,20,20000.0,462,Employed
8460,39,46877.016427709954,415,Employed
8461,66,50991.171098503924,702,Employed
8462,39,60616.04564012897,378,Employed
8463,67,68293.7527436823,746,Self-Employed
8464,67,74061.27171564027,307,Contractor
8465,66,64626.865688925995,322,Self-Employed
8466,29,50463.92284143108,842,Employed
8467,38,20000.0,713,Employed
8468,21,50617.28478995517,708,Self-Employed
8469,48,40688.73405782487,321,Contractor
8470,61,76651.6687069651,702,Employed
8471,48,87732.18491734235,456,Employed
8472,40,88464.27667649848,629,Employed
8473,37,83923.8184031955,321,Employed
8474,32,61661.85661368779,771,Employed
8475,40,51951.110863102585,563,Contractor
8476,45,46322.43115832334,602,Employed
8477,33,27312.527084956237,764,Employed
8478,54,89796.34251269644,463,Contractor
8479,38,60632.22405175064,435,Employed
8480,32,33841.49265947816,551,Self-Employed
8481,34,44337.71560724413,504,Employed
8482,67,43325.663589186195,601,Contractor
8483,54,66075.61212537817,541,Employed
8484,30,91686.69627676715,360,Contractor
8485,36,56300.26126011042,764,Employed
8486,47,20000.0,601,Employed
8487,62,60270.491621026995,771,Employed
8488,35,61095.1524975701,693,Employed
8489,31,59376.994226611954,558,Employed
8490,53,49313.47083810746,841,Contractor
8491,53,70435.97701814606,829,Employed
8492,37,66653.52787872504,486,Employed
8493,69,64379.24214683382,511,Employed
8494,36,75316.03403607414,334,Self-Employed
8495,62,54254.17942130366,446,Employed
8496,61,52835.35825748367,581,Contractor
8497,24,99503.082239635,846,Employed
8498,61,78983.8852428859,548,Employed
8499,21,85673.65152356999,356,Employed
8500,51,95652.61463335171,604,Self-Employed
8501,19,78148.60451562,821,Employed
8502,22,88209.71697840428,660,Self-Employed
8503,27,25516.370948243493,536,Employed
8504,49,70103.84679990068,533,Employed
8505,59,60432.03845464181,522,Contractor
8506,58,106942.10227249523,626,Employed
8507,30,88191.13829508249,397,Employed
8508,56,49238.870230170505,525,Self-Employed
8509,22,74319.85396323015,788,Employed
8510,27,69192.03333623099,777,Employed
8511,27,76358.28582880572,633,Employed
8512,55,39528.938265633704,811,Contractor
8513,44,74000.41163095563,681,Self-Employed
8514,68,59296.21626779414,722,Employed
8515,38,72061.24410139001,647,Employed
8516,25,46890.37087194576,452,Employed
8517,18,50373.42071508501,751,Self-Employed
8518,45,94346.05050916757,589,Employed
8519,66,38711.311041495974,418,Self-Employed
8520,56,40556.13997394879,513,Employed
8521,31,63710.46856961055,738,Employed
8522,38,45702.740620351135,746,Employed
8523,47,42874.28419343004,341,Employed
8524,38,67626.89928020738,694,Self-Employed
8525,66,27373.353577407383,546,Self-Employed
8526,26,39800.94412715905,590,Employed
8527,34,116352.38957309109,547,Employed
8528,22,76486.87647422522,748,Self-Employed
8529,48,46335.916193252226,383,Employed
8530,69,75455.37695665493,520,Employed
8531,57,79183.26192466574,350,Employed
8532,55,89860.36050225596,849,Self-Employed
8533,60,61821.09926358174,486,Employed
8534,36,89412.44256932223,824,Self-Employed
8535,53,20000.0,522,Self-Employed
8536,67,38592.296738106175,764,Self-Employed
8537,50,69096.7850434114,718,Contractor
8538,30,73240.83832019479,386,Self-Employed
8539,31,42205.44280828396,558,Employed
8540,50,71485.49978157898,480,Employed
8541,46,49403.99378281849,610,Employed
8542,60,58076.02264432086,472,Employed
8543,66,90619.34501662527,621,Employed
8544,53,87723.43742221499,639,Employed
8545,61,40073.49181591844,795,Employed
8546,27,38568.713449497416,544,Employed
8547,48,54720.665111167094,804,Self-Employed
8548,23,64331.34247067687,628,Self-Employed
8549,18,48552.53778563147,495,Contractor
8550,24,91016.0610699917,361,Employed
8551,44,73684.74604271389,324,Employed
8552,38,75152.12774686073,677,Employed
8553,45,33336.5292763757,594,Employed
8554,33,94182.26793459449,351,Employed
8555,63,20000.0,339,Employed
8556,40,85851.38629623422,756,Employed
8557,69,88357.79344176927,301,Self-Employed
8558,37,54189.97031805096,768,Self-Employed
8559,55,96822.7554311856,405,Employed
8560,42,63422.56117614134,515,Employed
8561,45,66560.79258318608,713,Employed
8562,22,73488.2196851054,509,Employed
8563,38,144664.37279527637,357,Contractor
8564,35,98610.84770207512,342,Self-Employed
8565,64,82528.28001782295,437,Employed
8566,23,42179.887834970126,788,Employed
8567,46,68589.74563698731,768,Employed
8568,36,44671.89765384034,688,Employed
8569,50,85552.77118207033,497,Contractor
8570,18,68511.67439337142,501,Self-Employed
8571,62,36886.95800965262,491,Employed
8572,20,67028.11458546258,406,Employed
8573,59,43764.56325709236,626,Self-Employed
8574,38,68780.40553343868,656,Employed
8575,52,43523.067090868586,800,Employed
8576,58,65687.19083402032,583,Employed
8577,57,83761.74654837737,767,Employed
8578,20,63673.70020187235,807,Employed
8579,42,55227.79332069028,405,Employed
8580,62,70081.90552643656,593,Employed
8581,55,82429.56551982132,365,Employed
8582,62,37320.41825295599,494,Employed
8583,37,71516.40386763007,487,Self-Employed
8584,69,97938.520475435,346,Employed
8585,61,79341.42408191788,661,Self-Employed
8586,62,66443.85366668069,836,Employed
8587,51,80993.43766747238,786,Employed
8588,38,76312.41140256706,545,Self-Employed
8589,65,83840.02772899535,477,Employed
8590,40,20000.0,414,Employed
8591,23,26163.59665841837,464,Employed
8592,68,90120.72873708094,518,Employed
8593,30,27368.020595963986,496,Self-Employed
8594,66,75038.46589298012,700,Employed
8595,40,56198.758599192704,375,Employed
8596,26,40095.26886010008,725,Employed
8597,34,73741.24392868683,586,Employed
8598,19,70025.83759291426,844,Self-Employed
8599,36,117758.56630240944,598,Employed
8600,36,49379.71988660277,593,Employed
8601,24,101002.75300172935,746,Employed
8602,59,73810.57285960787,713,Employed
8603,59,48474.452961432195,730,Employed
8604,37,84981.16143793112,529,Employed
8605,26,79143.46261134878,395,Employed
8606,34,65896.08237145124,738,Self-Employed
8607,44,71657.38391101558,470,Self-Employed
8608,64,50075.32422386171,616,Employed
8609,19,44355.32186863733,843,Employed
8610,53,83986.05434556457,790,Employed
8611,36,59401.51439216815,687,Employed
8612,34,62997.92504377269,371,Self-Employed
8613,22,71995.53989860693,831,Contractor
8614,56,71632.2086195952,538,Employed
8615,35,29266.838225648382,388,Employed
8616,24,97156.30216137147,834,Employed
8617,34,68029.55379751696,453,Employed
8618,56,59933.66842944627,489,Employed
8619,53,75771.15012924367,714,Employed
8620,57,70913.55484037158,453,Employed
8621,62,84176.56723724256,638,Employed
8622,21,78449.59180377352,816,Employed
8623,55,82946.15572490667,334,Employed
8624,42,98774.84764318791,825,Self-Employed
8625,22,87090.6137242743,836,Self-Employed
8626,47,60987.84449178593,517,Contractor
8627,29,36927.471098079186,553,Employed
8628,21,106694.94832511287,502,Employed
8629,41,59056.91566632218,400,Employed
8630,46,53172.31466598694,660,Self-Employed
8631,26,21581.829555889017,477,Employed
8632,21,73461.82763280279,575,Employed
8633,68,68722.16509884426,611,Employed
8634,41,27122.12659376298,709,Contractor
8635,31,76331.85105332939,587,Self-Employed
8636,22,52545.20198246402,824,Employed
8637,35,132257.87518221734,700,Self-Employed
8638,59,50765.9701977283,516,Employed
8639,36,54120.16669505517,769,Employed
8640,29,43130.59439364081,326,Self-Employed
8641,35,96946.9130260493,721,Employed
8642,34,55680.60513838117,313,Employed
8643,47,46877.14615586258,800,Self-Employed
8644,41,82673.87524801356,624,Employed
8645,28,30491.176614670374,623,Contractor
8646,52,80627.76365622369,584,Employed
8647,40,109534.99291502144,388,Employed
8648,34,79165.19582087723,344,Employed
8649,18,80947.45790649812,797,Self-Employed
8650,32,86751.5054226871,797,Employed
8651,49,107742.70071688796,444,Employed
8652,26,95247.34900047761,817,Employed
8653,32,75991.7430568256,381,Self-Employed
8654,45,87597.28501590004,466,Employed
8655,41,42851.626863372236,404,Employed
8656,52,84407.33976868304,787,Employed
8657,39,39861.100720406306,609,Employed
8658,44,55824.439534209334,381,Employed
8659,36,20000.0,393,Employed
8660,62,75035.74148418655,620,Self-Employed
8661,29,48903.19972229118,642,Employed
8662,37,92778.63038011157,660,Employed
8663,18,74754.81526513507,365,Employed
8664,38,93102.39736754063,728,Contractor
8665,66,37910.08638318656,700,Employed
8666,62,90959.65092899081,470,Self-Employed
8667,18,117646.40860908317,367,Self-Employed
8668,27,84103.95749829736,791,Employed
8669,64,84758.72521730722,333,Employed
8670,49,69239.94190987338,300,Employed
8671,56,51883.28048586589,450,Self-Employed
8672,39,84029.80931753771,557,Self-Employed
8673,35,27347.927239948294,318,Self-Employed
8674,65,54556.12187697959,334,Employed
8675,63,20723.579941570446,670,Employed
8676,49,47408.59056712293,790,Employed
8677,44,81051.12729733903,540,Employed
8678,45,77634.83440551157,306,Employed
8679,35,66272.84238838682,848,Employed
8680,56,69260.02485155026,670,Employed
8681,66,20000.0,549,Employed
8682,46,55685.94298572713,414,Employed
8683,35,47966.20983911975,636,Self-Employed
8684,61,48523.507737136475,441,Employed
8685,25,79989.46569534384,784,Self-Employed
8686,48,43487.31683736724,737,Employed
8687,51,49882.978746814726,387,Employed
8688,24,20000.0,762,Employed
8689,53,57646.92049059576,347,Employed
8690,35,37804.06130715951,780,Employed
8691,55,66980.0732172411,823,Self-Employed
8692,26,41222.298831438384,510,Employed
8693,26,67613.5561387304,543,Employed
8694,63,61382.85598144142,538,Employed
8695,25,106801.04432605802,496,Employed
8696,68,77430.44951132985,534,Employed
8697,52,20000.0,486,Employed
8698,35,33377.77889743229,589,Employed
8699,22,66380.20022480833,520,Employed
8700,31,41753.801290183736,796,Employed
8701,45,20000.0,795,Employed
8702,47,98738.65784584358,601,Employed
8703,21,83005.6004226352,486,Employed
8704,56,78024.42183729429,749,Self-Employed
8705,37,49816.92386322712,711,Employed
8706,42,75691.91927524825,544,Employed
8707,45,47390.991894477964,612,Employed
8708,29,70121.43250544227,795,Self-Employed
8709,19,41985.419354088066,321,Contractor
8710,60,102907.21126390036,367,Employed
8711,31,25744.083647953885,691,Employed
8712,39,95807.09573777078,615,Employed
8713,48,65972.89570043326,364,Employed
8714,40,52763.32511645023,840,Employed
8715,65,69175.07304239346,511,Employed
8716,37,83333.70017945452,499,Employed
8717,55,99168.66841735994,477,Employed
8718,21,72828.5755783383,722,Self-Employed
8719,32,42732.59786844307,761,Employed
8720,41,66390.75309414472,343,Employed
8721,42,110419.83091655932,730,Employed
8722,18,98691.95213781559,467,Contractor
8723,24,87719.08695310897,586,Employed
8724,48,84892.17550305967,636,Employed
8725,29,82486.25226516355,470,Self-Employed
8726,59,93968.87086274676,482,Employed
8727,22,53584.28035695237,315,Employed
8728,61,31122.848355624847,795,Employed
8729,67,66725.08751842653,409,Self-Employed
8730,59,44560.460330557726,605,Contractor
8731,55,38624.481115570394,305,Self-Employed
8732,29,46993.03558530171,572,Contractor
8733,56,127132.84811334216,660,Employed
8734,35,68403.1158518961,484,Contractor
8735,19,74047.69590902471,399,Employed
8736,27,34440.929824893654,389,Contractor
8737,32,20000.0,545,Employed
8738,47,44523.68392202986,538,Self-Employed
8739,61,100954.8896302187,380,Employed
8740,34,73356.88665191302,414,Employed
8741,21,79964.87728610981,575,Employed
8742,24,83464.15098005153,379,Employed
8743,58,50216.265505043055,478,Employed
8744,48,99699.13959933419,608,Contractor
8745,68,49179.810019445446,808,Employed
8746,56,100155.80898156382,559,Contractor
8747,51,76057.55390338352,591,Contractor
8748,23,20273.87114384195,590,Employed
8749,67,46299.76283498663,841,Employed
8750,55,20376.536678197386,362,Employed
8751,62,94082.05331985521,704,Employed
8752,68,64381.61447993997,779,Employed
8753,51,20000.0,624,Employed
8754,61,74393.67204299146,680,Employed
8755,32,51570.893440292,609,Employed
8756,31,27904.85362416692,642,Employed
8757,23,106949.14592421743,774,Employed
8758,67,67682.14665241446,355,Self-Employed
8759,54,57664.214942167186,724,Employed
8760,67,55014.38047534958,441,Employed
8761,49,27168.013271055694,675,Employed
8762,20,32386.277510397264,525,Self-Employed
8763,20,97122.91962187708,773,Employed
8764,39,53152.92825535702,324,Employed
8765,39,65551.69252342159,664,Employed
8766,27,20000.0,394,Contractor
8767,68,32047.699105112355,807,Contractor
8768,20,80245.31299686882,475,Employed
8769,29,74442.79400284584,707,Self-Employed
8770,46,108834.37996810788,789,Employed
8771,65,98573.90829078066,758,Employed
8772,34,59232.22568787942,712,Employed
8773,24,76823.83911783177,637,Employed
8774,30,57084.91392742315,630,Self-Employed
8775,19,116370.2454659662,512,Contractor
8776,21,93725.36740131,644,Employed
8777,27,69242.12727144378,846,Employed
8778,56,70009.86962190879,823,Employed
8779,41,101121.2571814952,645,Employed
8780,34,79489.44617784618,547,Contractor
8781,69,103965.70042675216,624,Self-Employed
8782,23,20000.0,766,Employed
8783,36,76530.70653746996,390,Employed
8784,22,52114.12838296538,593,Self-Employed
8785,49,108909.44969069981,840,Employed
8786,27,103659.96717974573,823,Contractor
8787,26,65820.89522753267,558,Employed
8788,44,103390.77447027579,386,Employed
8789,30,109577.86299981264,457,Employed
8790,36,66860.16679815369,793,Employed
8791,38,126798.34431079644,485,Employed
8792,41,64216.47118325694,643,Employed
8793,55,59636.97624160228,815,Self-Employed
8794,21,86646.81471460858,808,Employed
8795,41,56155.23172144216,839,Employed
8796,52,67133.49439487235,315,Self-Employed
8797,20,100235.86060127275,824,Self-Employed
8798,21,65480.47130543176,499,Employed
8799,54,22624.555175617308,483,Self-Employed
8800,57,74182.98469622992,608,Contractor
8801,65,47592.66052369013,807,Employed
8802,52,86631.77893236365,580,Employed
8803,48,82404.74289565615,457,Employed
8804,61,101785.00870416305,659,Employed
8805,42,87688.30751981742,558,Employed
8806,57,92256.10709145162,456,Employed
8807,30,48272.58099655717,724,Contractor
8808,21,85099.66239726257,320,Employed
8809,63,114211.28223400726,646,Employed
8810,31,47783.75228408082,649,Self-Employed
8811,30,109993.45729317746,684,Employed
8812,44,51266.247719966734,737,Employed
8813,23,43700.718873750644,755,Employed
8814,34,72405.01108387095,845,Employed
8815,53,82897.76040322024,379,Contractor
8816,57,87793.75309930663,751,Employed
8817,66,40955.93948066996,840,Self-Employed
8818,52,75863.50243135725,788,Employed
8819,34,47861.13571291237,822,Self-Employed
8820,58,27776.943598235586,691,Employed
8821,19,41781.59211168038,658,Employed
8822,30,46227.49085110454,332,Contractor
8823,69,78039.87900881268,435,Employed
8824,19,93805.34157671672,709,Employed
8825,69,28169.834253118337,828,Employed
8826,45,73799.02685520139,390,Employed
8827,60,35582.54535572734,712,Self-Employed
8828,43,80727.13522535001,598,Self-Employed
8829,39,49431.7354749063,786,Employed
8830,64,38716.77454941803,372,Contractor
8831,60,84991.61288368938,560,Employed
8832,20,50326.93486387263,611,Employed
8833,52,57100.901216182545,464,Employed
8834,29,20000.0,634,Employed
8835,41,88663.78403558684,801,Employed
8836,22,85522.71302922769,460,Employed
8837,37,65136.44610703285,689,Contractor
8838,56,26810.476466106025,370,Employed
8839,56,95234.22945836908,391,Employed
8840,30,48343.415340980224,660,Employed
8841,58,53666.1637474853,620,Employed
8842,62,122801.10140898827,544,Employed
8843,29,47409.08889726926,323,Employed
8844,30,83555.2490606625,702,Employed
8845,27,79052.30655206543,672,Employed
8846,50,74754.30482200213,585,Self-Employed
8847,57,72050.01356386277,740,Contractor
8848,33,74409.71404722998,651,Employed
8849,62,71798.51477351351,518,Employed
8850,52,63702.04103059848,784,Employed
8851,20,102782.07810276856,742,Self-Employed
8852,22,32183.485980018042,517,Employed
8853,43,90536.45260038441,366,Employed
8854,28,85558.55746718879,330,Employed
8855,24,82459.97803323503,621,Self-Employed
8856,27,92924.48569100321,549,Employed
8857,59,62685.015118290175,309,Employed
8858,69,20000.0,584,Employed
8859,51,63192.68350713785,452,Employed
8860,20,40220.14455938614,843,Self-Employed
8861,25,46703.519753548404,828,Self-Employed
8862,48,33939.50815418971,670,Self-Employed
8863,28,53066.378538904144,600,Employed
8864,62,50084.40765041377,445,Employed
8865,24,20000.0,351,Employed
8866,62,82505.54778205723,703,Employed
8867,19,120508.04645012206,440,Self-Employed
8868,23,80155.92983740722,387,Employed
8869,58,59926.901086644306,726,Employed
8870,49,63631.34010809461,383,Contractor
8871,37,54475.3532996706,542,Contractor
8872,51,67251.03959667396,405,Employed
8873,67,64074.79764816916,654,Employed
8874,33,43973.789240042635,320,Employed
8875,42,107072.20972369579,305,Contractor
8876,29,27821.144107255728,520,Employed
8877,24,82958.28857985616,386,Contractor
8878,56,62470.05931706171,752,Employed
8879,34,112520.79537664363,641,Employed
8880,62,73521.61498120554,692,Employed
8881,28,56002.3615704188,651,Employed
8882,23,58807.320039137565,545,Contractor
8883,40,65997.66736299403,412,Employed
8884,44,36430.23262508998,457,Employed
8885,63,45828.26187205221,536,Employed
8886,23,20376.40077020356,542,Self-Employed
8887,55,41925.57754064765,465,Employed
8888,19,67347.66204151124,333,Self-Employed
8889,39,72504.37623211302,554,Employed
8890,37,20000.0,601,Employed
8891,42,61569.707423894986,519,Employed
8892,32,79085.24877055331,331,Employed
8893,66,60927.195165594116,808,Employed
8894,46,49155.28385555499,781,Contractor
8895,25,54695.97137379465,532,Employed
8896,54,51480.91612556945,514,Employed
8897,66,49081.73602229857,541,Employed
8898,69,69345.58813112121,544,Employed
8899,50,122692.20569338628,319,Self-Employed
8900,39,46407.50207737042,509,Self-Employed
8901,67,57046.43418346433,725,Employed
8902,64,63707.55151561921,371,Employed
8903,22,47816.13914104266,477,Employed
8904,56,92455.89508808567,822,Employed
8905,35,20000.0,598,Employed
8906,55,51723.52074053311,565,Self-Employed
8907,54,85457.84340799905,819,Employed
8908,47,57647.64229028416,794,Employed
8909,68,44479.026028742715,574,Employed
8910,48,76018.9188609691,352,Employed
8911,27,87658.5808849288,699,Employed
8912,32,70265.88613037646,713,Employed
8913,59,44969.49100467792,788,Self-Employed
8914,65,76405.08297879358,801,Employed
8915,61,54948.76749313025,606,Employed
8916,35,83629.6720473457,716,Self-Employed
8917,40,102081.47212141477,808,Self-Employed
8918,50,20000.0,829,Employed
8919,33,67776.68682989082,305,Employed
8920,55,21606.65157630932,721,Self-Employed
8921,52,126044.71463324426,750,Employed
8922,51,53296.88665509524,726,Employed
8923,45,83659.33104563432,689,Employed
8924,19,64117.078510127605,633,Contractor
8925,47,44922.885482023514,747,Employed
8926,30,41948.673820564334,637,Employed
8927,58,104641.97932751897,387,Employed
8928,33,88898.45150445777,568,Self-Employed
8929,22,113589.60218443908,364,Employed
8930,45,66386.33337894248,363,Self-Employed
8931,56,72197.99053115,569,Employed
8932,62,58320.21085861779,676,Employed
8933,37,57822.94492212477,628,Self-Employed
8934,41,38952.82668806579,817,Employed
8935,44,67100.25477310878,720,Contractor
8936,47,45268.83512784507,612,Self-Employed
8937,62,76047.72305410507,608,Contractor
8938,44,69250.25547450525,488,Self-Employed
8939,43,72192.05109189305,341,Self-Employed
8940,24,106878.24849225565,619,Employed
8941,59,64057.05125586022,744,Employed
8942,64,83918.1750713357,673,Employed
8943,55,116287.73660213954,585,Employed
8944,22,97665.42673237619,470,Self-Employed
8945,40,93829.24246137112,562,Employed
8946,45,57332.7946119875,834,Employed
8947,51,70741.07638919492,441,Self-Employed
8948,32,32043.092699251458,447,Contractor
8949,49,77472.86002411036,739,Self-Employed
8950,43,71861.50444034603,715,Self-Employed
8951,65,65584.62812890453,324,Employed
8952,48,90679.8697060715,393,Self-Employed
8953,36,34805.62943939009,604,Employed
8954,26,105871.57127900867,484,Contractor
8955,46,87544.1171985071,582,Employed
8956,68,63234.15050870065,454,Self-Employed
8957,56,61281.76030456516,313,Employed
8958,21,77015.28038121486,640,Employed
8959,20,103021.28080159449,772,Self-Employed
8960,46,67540.19296725027,407,Self-Employed
8961,69,68600.77254948065,630,Self-Employed
8962,28,65452.96194064678,839,Employed
8963,50,109550.60281753683,738,Employed
8964,55,55777.922426574405,683,Employed
8965,28,64262.310034523216,459,Employed
8966,44,101585.89135652487,731,Employed
8967,50,68675.2708403216,695,Self-Employed
8968,38,93426.47150113806,787,Employed
8969,56,42217.998577426035,488,Self-Employed
8970,48,59867.686959287144,717,Employed
8971,55,102110.85096100572,642,Employed
8972,63,48091.50710591137,660,Employed
8973,19,61217.52400575732,408,Self-Employed
8974,44,71417.13077228697,600,Self-Employed
8975,53,40271.13705017533,667,Employed
8976,28,54654.74703445257,554,Employed
8977,64,67815.917045641,615,Employed
8978,35,66167.04335404903,370,Self-Employed
8979,18,97008.8005209284,568,Self-Employed
8980,52,103536.42987080634,800,Employed
8981,52,43597.87819997722,508,Employed
8982,48,67781.71297918724,777,Employed
8983,45,81856.20771061914,475,Employed
8984,56,102908.68664497993,538,Employed
8985,18,82962.25743292824,741,Employed
8986,42,72272.8350398083,791,Employed
8987,60,81663.56329956577,398,Employed
8988,55,81844.2208584065,628,Employed
8989,37,41807.14269289079,625,Employed
8990,20,69819.96981265672,744,Employed
8991,68,101479.02485471728,594,Employed
8992,19,59816.080782649886,741,Employed
8993,35,68236.1660636861,330,Employed
8994,61,58937.08876184945,430,Self-Employed
8995,27,20000.0,826,Contractor
8996,22,65514.754430866975,737,Employed
8997,26,72544.79826632181,625,Employed
8998,19,52187.66522797745,566,Self-Employed
8999,51,36134.076277881795,585,Contractor
9000,55,42984.83850545877,590,Employed
9001,48,84104.6904033891,667,Employed
9002,27,114313.11932617263,785,Self-Employed
9003,67,99560.83352263582,467,Employed
9004,29,31391.349879236208,770,Contractor
9005,53,86365.68276376757,469,Employed
9006,38,48420.94060476775,645,Self-Employed
9007,66,50443.323437280575,377,Employed
9008,64,53450.6100507179,384,Employed
9009,23,82651.67374638576,500,Contractor
9010,65,88981.33441122595,660,Employed
9011,66,62549.2232180053,601,Employed
9012,20,62973.23147479938,592,Self-Employed
9013,27,76606.59358089483,593,Employed
9014,22,79199.86348810604,408,Employed
9015,63,94405.64266896324,664,Employed
9016,43,32890.70061227003,793,Employed
9017,38,65500.68349510075,566,Self-Employed
9018,62,38299.39060272056,392,Self-Employed
9019,43,63726.443023414926,363,Employed
9020,55,59345.617807980976,727,Employed
9021,61,63831.26365243244,667,Employed
9022,43,45006.427797236705,404,Self-Employed
9023,25,27817.755169814285,508,Self-Employed
9024,22,20000.0,773,Contractor
9025,32,61720.49614337899,360,Contractor
9026,33,54224.97235417652,645,Employed
9027,18,48101.55837990432,311,Employed
9028,33,98063.71157079152,765,Employed
9029,54,43514.045330117224,494,Employed
9030,20,100420.85205347007,373,Employed
9031,69,105596.09360673142,685,Self-Employed
9032,64,20000.0,435,Employed
9033,48,67309.53647497424,735,Employed
9034,30,55007.58772910023,338,Employed
9035,33,20000.0,842,Self-Employed
9036,60,28883.968673289644,619,Employed
9037,38,84373.40267771186,652,Employed
9038,19,115479.98131778161,813,Employed
9039,44,87566.9535674812,782,Self-Employed
9040,55,73090.81181282444,715,Employed
9041,43,64466.69045922281,669,Contractor
9042,55,107066.57286620284,642,Employed
9043,63,118705.98004894101,624,Contractor
9044,42,50328.93301189535,666,Self-Employed
9045,28,20000.0,635,Employed
9046,25,20000.0,595,Employed
9047,25,98047.02480399505,323,Employed
9048,50,63823.53648064034,741,Self-Employed
9049,24,69581.04776146797,403,Employed
9050,55,20233.725176082175,711,Employed
9051,38,46170.277180288336,593,Employed
9052,25,57612.97965248044,542,Self-Employed
9053,68,70195.95958410177,641,Employed
9054,38,55035.19902715602,472,Employed
9055,37,39066.84504246643,715,Employed
9056,25,45385.825184936926,402,Employed
9057,63,95208.08214868081,459,Employed
9058,48,71119.6154900875,556,Self-Employed
9059,67,80303.9201738888,495,Employed
9060,46,42528.15472806676,690,Employed
9061,65,20000.0,369,Employed
9062,26,51922.39232788759,546,Contractor
9063,32,43335.73613936259,628,Employed
9064,47,73725.30671570198,457,Contractor
9065,43,147143.09284204606,354,Employed
9066,27,82379.1504404564,785,Employed
9067,46,133399.0039845872,542,Self-Employed
9068,33,79219.24238348621,652,Employed
9069,53,49252.844060682124,709,Self-Employed
9070,37,73697.90195302208,314,Self-Employed
9071,62,109515.96498694271,446,Employed
9072,54,110739.06490803098,789,Employed
9073,39,50616.565798923024,324,Employed
9074,24,71329.59239248247,632,Self-Employed
9075,40,29268.328008221368,473,Employed
9076,58,85616.71561728575,589,Employed
9077,57,103833.86747639737,444,Employed
9078,46,65994.9863529004,421,Contractor
9079,33,48315.39864099679,326,Employed
9080,55,74003.27378193906,365,Employed
9081,45,75436.47578407914,400,Employed
9082,65,67028.59579624051,687,Self-Employed
9083,55,69467.87810839883,393,Employed
9084,48,60654.628738265725,366,Employed
9085,31,89898.87320566014,549,Employed
9086,50,83405.68612912818,441,Employed
9087,26,40422.421321396265,566,Employed
9088,44,39735.23492103513,514,Employed
9089,41,58640.639574335946,788,Employed
9090,30,83420.92810262948,795,Employed
9091,43,68701.43534727037,779,Employed
9092,46,48921.239746933614,789,Employed
9093,68,71537.96491814575,300,Self-Employed
9094,66,56729.7370119432,308,Employed
9095,60,87012.16150560329,679,Employed
9096,45,73326.46087667618,443,Employed
9097,45,57118.045313696406,601,Employed
9098,25,70787.96930116153,716,Self-Employed
9099,40,97876.20148810504,478,Employed
9100,46,50759.248086340565,577,Employed
9101,22,75066.42454117902,443,Self-Employed
9102,59,63238.491488350104,638,Self-Employed
9103,24,75674.59209655249,758,Self-Employed
9104,59,48635.87646010674,630,Employed
9105,53,67758.38582898439,569,Employed
9106,58,92695.58206042001,486,Contractor
9107,44,41574.82546884732,471,Contractor
9108,63,31764.872416872953,703,Employed
9109,19,32713.610887825893,767,Self-Employed
9110,42,35733.43674499528,546,Employed
9111,26,79883.0821973166,822,Employed
9112,44,29853.507853363364,410,Employed
9113,18,57552.61638141173,602,Employed
9114,40,80457.2325827677,772,Employed
9115,27,75416.47651371484,591,Employed
9116,59,55361.025500937874,551,Employed
9117,69,69773.09329387765,474,Employed
9118,42,67678.63324343921,408,Employed
9119,20,59393.97611129534,639,Self-Employed
9120,23,59729.1320336355,313,Employed
9121,23,120885.68586892402,621,Self-Employed
9122,19,85232.77259828252,342,Employed
9123,35,127016.27293780357,760,Self-Employed
9124,40,52575.92167698747,401,Employed
9125,19,62875.83507779631,308,Self-Employed
9126,29,31696.855868083818,448,Employed
9127,39,44760.82994776069,637,Employed
9128,54,112547.82871656252,523,Employed
9129,37,51949.14275395609,409,Contractor
9130,56,112982.03250361148,653,Self-Employed
9131,41,33915.94348300274,383,Employed
9132,65,38663.27414816808,365,Employed
9133,37,56469.21947441447,687,Self-Employed
9134,18,63406.251958020555,434,Contractor
9135,18,88077.18231125324,385,Employed
9136,34,76269.26042965664,383,Contractor
9137,18,54592.11856639931,526,Employed
9138,69,61667.10483704734,559,Contractor
9139,62,57023.427005382495,319,Self-Employed
9140,47,42133.65661685675,334,Employed
9141,58,42800.92658495946,742,Employed
9142,64,90697.09728583525,569,Employed
9143,20,20000.0,705,Employed
9144,63,105433.96743612638,807,Contractor
9145,28,56425.1443599442,603,Self-Employed
9146,41,45687.28484019599,584,Employed
9147,39,83493.98226743173,847,Contractor
9148,61,102130.41460367793,328,Employed
9149,62,92940.81104009894,690,Self-Employed
9150,43,77546.30123399728,715,Self-Employed
9151,30,92171.5872430459,441,Contractor
9152,18,22087.56057140335,640,Employed
9153,41,51954.236462796296,544,Employed
9154,27,42220.74849937888,304,Employed
9155,52,95615.96828037938,748,Employed
9156,41,55413.04952690283,565,Employed
9157,45,86135.16391955139,790,Self-Employed
9158,53,78396.42356221595,538,Employed
9159,33,43442.32659590797,549,Employed
9160,57,50326.04475059289,590,Employed
9161,33,97345.44227036815,842,Employed
9162,34,45612.93378288967,378,Employed
9163,68,68121.69025488697,820,Employed
9164,32,45436.46784183888,749,Employed
9165,33,57151.19532710348,443,Employed
9166,32,63845.9514007507,419,Employed
9167,51,45428.33724256272,475,Employed
9168,28,40988.826150402965,369,Self-Employed
9169,18,72156.83341943607,502,Self-Employed
9170,32,43881.56478022059,479,Employed
9171,43,44733.56110753318,409,Employed
9172,68,41523.67140745073,723,Contractor
9173,21,63052.29884171704,802,Employed
9174,60,88592.54085999604,705,Employed
9175,22,102663.21590780668,390,Employed
9176,52,46852.04785015553,593,Self-Employed
9177,30,118757.76983328027,692,Contractor
9178,27,39882.3784823301,336,Employed
9179,28,92088.71308319674,816,Employed
9180,35,46957.588649613936,615,Employed
9181,51,43226.918253249736,471,Contractor
9182,56,46381.096080390285,705,Self-Employed
9183,58,63688.80750877202,561,Employed
9184,59,79499.30427584026,783,Self-Employed
9185,67,81746.70094762056,326,Employed
9186,40,41400.3746163028,794,Employed
9187,24,40258.517812218284,354,Employed
9188,56,42084.03266591132,548,Employed
9189,20,62216.13994036222,572,Employed
9190,29,59746.10989522813,558,Self-Employed
9191,24,41245.61344825513,490,Employed
9192,66,71740.0923515811,745,Employed
9193,43,121564.22020838296,801,Employed
9194,50,52382.113454121216,692,Employed
9195,54,54162.20446991167,707,Employed
9196,65,78991.53925810922,408,Employed
9197,32,51029.59270658012,402,Employed
9198,19,81724.11204295456,525,Employed
9199,58,47036.432330523996,652,Employed
9200,24,110802.99018943253,459,Employed
9201,49,73619.37431480736,703,Employed
9202,21,49499.42627308221,623,Employed
9203,37,50282.70751326815,444,Employed
9204,67,52155.00618229913,764,Self-Employed
9205,53,99318.74165622183,431,Self-Employed
9206,49,33281.22480996791,392,Contractor
9207,45,48301.45823851238,572,Employed
9208,30,50958.48607686435,833,Employed
9209,18,64607.80083107655,493,Self-Employed
9210,52,58222.25768383014,469,Employed
9211,65,27719.30421523843,759,Employed
9212,47,55004.43291011331,310,Self-Employed
9213,53,62511.23292037579,480,Employed
9214,42,49297.554123005415,531,Employed
9215,33,82169.38722619163,328,Self-Employed
9216,36,87985.21071884118,831,Self-Employed
9217,18,63040.332506765175,304,Self-Employed
9218,22,70763.53967126823,845,Employed
9219,68,20000.0,439,Self-Employed
9220,39,54472.4306959542,327,Self-Employed
9221,41,90120.54229394782,397,Self-Employed
9222,60,54414.08542051806,561,Self-Employed
9223,62,46568.45809020098,318,Employed
9224,69,121942.22315077326,311,Employed
9225,54,110476.92975489513,836,Self-Employed
9226,53,76689.37281205393,824,Employed
9227,53,93472.76528700118,764,Employed
9228,21,20000.0,558,Self-Employed
9229,53,45311.21398428234,323,Employed
9230,69,53251.05317067121,307,Employed
9231,35,59100.49752832635,527,Employed
9232,67,52751.399475650935,675,Employed
9233,33,20000.0,422,Employed
9234,58,74650.615467714,389,Self-Employed
9235,35,78591.35320701517,755,Employed
9236,39,105047.46978974954,523,Employed
9237,19,45292.268380625916,556,Contractor
9238,38,43245.92105550245,814,Employed
9239,53,20000.0,447,Employed
9240,61,57660.829085227844,686,Contractor
9241,56,87527.7945265543,737,Employed
9242,64,49705.80344518201,336,Self-Employed
9243,56,118586.1204635912,405,Contractor
9244,46,58585.12910526191,531,Self-Employed
9245,43,68674.80710721388,445,Employed
9246,38,30922.422985460158,316,Employed
9247,34,72180.50862938199,458,Employed
9248,33,20000.0,581,Self-Employed
9249,48,82342.44887532863,577,Self-Employed
9250,68,83110.7044058853,424,Self-Employed
9251,26,98982.28560841276,719,Employed
9252,48,39500.78203080778,619,Employed
9253,31,69014.05295743549,781,Employed
9254,66,79095.4139846626,623,Employed
9255,54,76057.04095825774,694,Self-Employed
9256,19,43367.51812162872,485,Employed
9257,69,20000.0,765,Employed
9258,65,73674.00742211203,356,Self-Employed
9259,63,61187.50804225201,757,Employed
9260,31,50833.23517596399,507,Contractor
9261,50,84098.63409288666,373,Employed
9262,52,63877.01154613917,783,Contractor
9263,56,32020.123680805016,384,Employed
9264,64,20000.0,313,Employed
9265,68,36775.918371670865,348,Employed
9266,37,124825.30736916966,725,Self-Employed
9267,19,83069.41934831932,658,Employed
9268,68,69715.30854937529,541,Employed
9269,58,60458.47682035488,352,Contractor
9270,36,58815.176501314105,368,Employed
9271,54,94179.89958397737,355,Self-Employed
9272,35,52735.10645241421,755,Employed
9273,33,79423.01026710731,554,Employed
9274,21,56289.30124271015,304,Employed
9275,29,113503.91579587656,351,Employed
9276,46,83557.21268945759,628,Employed
9277,24,96138.92036709064,397,Employed
9278,31,50389.75563279403,460,Employed
9279,29,91453.40281418554,705,Employed
9280,52,57185.564365132734,626,Employed
9281,22,67750.87059832123,542,Employed
9282,34,105876.19176548647,803,Employed
9283,59,38930.62358108952,666,Contractor
9284,49,70081.19328263501,741,Employed
9285,27,75950.13146296817,453,Employed
9286,60,78000.10952002025,533,Employed
9287,34,53730.38767266336,632,Self-Employed
9288,22,117156.60252020202,794,Employed
9289,62,32626.70286649349,414,Employed
9290,59,101472.13471581173,668,Self-Employed
9291,26,95376.64013979096,632,Employed
9292,66,112522.21974009211,429,Employed
9293,50,25294.322532304497,477,Contractor
9294,53,43279.21280275725,394,Employed
9295,53,102298.57647904102,616,Employed
9296,35,20000.0,400,Employed
9297,26,24838.527473989656,495,Employed
9298,46,52792.30533221271,507,Employed
9299,67,69799.84471555668,772,Employed
9300,31,104805.62684121937,307,Employed
9301,42,60368.35212674105,435,Employed
9302,32,49794.02129838652,560,Contractor
9303,23,72784.74844241068,446,Self-Employed
9304,59,76739.91208236002,757,Employed
9305,46,76030.99555425678,737,Employed
9306,32,60550.34480121637,712,Employed
9307,46,20000.0,799,Employed
9308,21,42059.6002723417,531,Contractor
9309,35,100506.77713168655,400,Contractor
9310,67,69676.723449415,446,Employed
9311,66,56936.947022323584,806,Employed
9312,61,92954.21370934937,403,Contractor
9313,56,36747.08419077629,635,Self-Employed
9314,33,59366.29665717481,745,Employed
9315,28,68443.96012935093,743,Employed
9316,31,53965.56241763427,417,Employed
9317,20,67519.07057253997,816,Contractor
9318,68,60307.65171445587,830,Employed
9319,67,30016.423805353123,387,Self-Employed
9320,59,69536.94704697639,775,Employed
9321,55,31791.205212178313,784,Contractor
9322,62,69140.37812741805,594,Employed
9323,59,99353.39560375272,680,Employed
9324,35,57974.42006809864,582,Employed
9325,37,35712.92175072535,455,Employed
9326,65,61825.30466987549,479,Employed
9327,42,44200.722298036715,386,Employed
9328,55,79862.72506578674,705,Employed
9329,30,61300.28131192866,795,Employed
9330,21,107744.08129161433,566,Employed
9331,31,94074.73989193345,363,Employed
9332,50,61172.98738796493,418,Employed
9333,45,82890.22669932726,640,Employed
9334,69,55169.08977092886,612,Employed
9335,54,65848.9221291292,462,Employed
9336,25,55964.14509124219,804,Employed
9337,61,84161.39899624271,592,Employed
9338,51,100824.70691773944,676,Employed
9339,61,84966.20517977858,841,Employed
9340,22,88048.4150321339,700,Employed
9341,22,88075.83593089323,699,Employed
9342,48,78781.39805836775,698,Self-Employed
9343,62,36517.8460197433,786,Employed
9344,26,107524.28798541249,814,Employed
9345,59,110110.27066746063,323,Employed
9346,49,59153.00991716579,358,Self-Employed
9347,50,55732.55211959545,539,Employed
9348,20,80310.29132288438,610,Self-Employed
9349,47,78770.32087958763,620,Self-Employed
9350,67,59951.34828117453,780,Self-Employed
9351,29,33749.35861030989,713,Self-Employed
9352,46,72642.52976874443,621,Employed
9353,20,78785.91345438863,701,Employed
9354,43,83145.52870096994,358,Contractor
9355,47,73732.31930885519,352,Contractor
9356,26,58222.121290952266,363,Employed
9357,43,89850.05098765696,418,Employed
9358,19,66646.21243914796,585,Self-Employed
9359,20,53376.92464088199,317,Employed
9360,63,60483.66544885698,304,Employed
9361,21,21350.774188125455,691,Employed
9362,42,60443.95439553653,459,Employed
9363,68,82210.91299686671,441,Employed
9364,30,73494.57555348075,696,Self-Employed
9365,56,103016.60432452965,317,Employed
9366,61,58425.6271496074,413,Contractor
9367,52,77182.8290763329,833,Contractor
9368,40,84818.5044076443,831,Self-Employed
9369,26,123571.42520718521,760,Contractor
9370,19,68619.13727794102,585,Employed
9371,58,38895.32052839942,304,Employed
9372,61,86198.21883388204,428,Self-Employed
9373,48,111643.18389921142,798,Employed
9374,61,56936.28224433446,575,Employed
9375,64,86027.0384651604,382,Employed
9376,19,95718.20138072301,417,Employed
9377,49,90426.63859925384,328,Self-Employed
9378,35,68138.96306183944,657,Employed
9379,30,47538.15604467134,456,Self-Employed
9380,63,62968.01129966036,330,Employed
9381,22,76465.01134694077,585,Employed
9382,59,87705.56310229322,635,Employed
9383,61,73348.62619997599,612,Self-Employed
9384,27,55502.30083648558,422,Employed
9385,60,78884.49140374422,670,Contractor
9386,42,86502.1266935705,613,Self-Employed
9387,51,74490.25141036202,327,Employed
9388,54,44095.32213654187,454,Contractor
9389,47,60464.84913207025,529,Employed
9390,24,88695.51941031167,848,Employed
9391,23,30424.554781388157,305,Employed
9392,20,20000.0,772,Employed
9393,30,102702.07125360052,617,Employed
9394,20,77785.38137554699,524,Employed
9395,43,80168.25006300266,332,Self-Employed
9396,41,38079.5756593236,388,Employed
9397,23,83438.20158666345,633,Employed
9398,60,71881.2171892091,339,Employed
9399,66,25391.81055379007,674,Employed
9400,59,100607.08535684644,597,Employed
9401,29,68967.08309046822,692,Employed
9402,66,55097.90084801828,317,Self-Employed
9403,53,55550.25635036956,826,Employed
9404,19,20000.0,431,Employed
9405,28,79833.41499078409,589,Employed
9406,56,71546.43018114314,508,Employed
9407,51,60147.996691672626,626,Self-Employed
9408,43,96962.1301862918,802,Contractor
9409,35,30403.524525103858,578,Self-Employed
9410,38,50080.68809080962,681,Employed
9411,53,43749.79363099035,608,Employed
9412,57,58030.12550571117,576,Employed
9413,69,66686.75063143058,375,Employed
9414,63,75750.33809528388,597,Employed
9415,61,56325.663672372066,677,Employed
9416,39,43066.106621127656,732,Employed
9417,47,107150.1737442611,411,Employed
9418,67,125291.00479471422,371,Employed
9419,60,68582.16679705064,616,Self-Employed
9420,47,46080.49082447832,320,Employed
9421,25,101886.35327605734,487,Employed
9422,51,28831.07234178837,420,Employed
9423,64,56630.666882379315,641,Employed
9424,26,47597.07371634246,603,Employed
9425,68,36011.61123873778,746,Employed
9426,37,57999.394176955764,795,Employed
9427,57,43395.698020650874,820,Employed
9428,42,65316.36160371636,484,Employed
9429,36,65679.42919181159,631,Self-Employed
9430,22,49466.70691195052,649,Employed
9431,28,55737.16608515326,619,Employed
9432,32,59228.77580240724,836,Employed
9433,25,85246.15152798567,711,Employed
9434,36,61289.26497339536,455,Employed
9435,40,85617.54351965243,832,Employed
9436,44,79645.3245888664,801,Self-Employed
9437,57,79288.26742251855,785,Employed
9438,49,99696.14925864933,453,Employed
9439,43,37015.228006352256,367,Employed
9440,44,53170.422342322156,791,Employed
9441,36,109082.47000748923,340,Contractor
9442,67,58567.08748526831,826,Employed
9443,59,20000.0,468,Employed
9444,46,59925.79142130286,411,Contractor
9445,56,68373.48825408124,762,Self-Employed
9446,58,20000.0,351,Employed
9447,50,98348.3909971987,554,Employed
9448,36,47157.18840335995,457,Self-Employed
9449,54,73214.07787968789,599,Self-Employed
9450,36,59350.46136639844,726,Employed
9451,50,32791.21451989896,606,Employed
9452,64,38237.2966341145,398,Employed
9453,33,41622.92908931132,420,Employed
9454,40,92141.79772959095,329,Employed
9455,24,61311.5452974962,529,Employed
9456,43,51953.36208620633,553,Employed
9457,49,41634.77718524422,703,Employed
9458,29,94903.75553815316,793,Employed
9459,25,101605.03181308968,330,Employed
9460,22,94618.59746766702,461,Self-Employed
9461,59,77310.93347885416,731,Self-Employed
9462,45,72245.7510467678,455,Contractor
9463,22,34601.554550602465,622,Employed
9464,66,58854.52183222356,490,Employed
9465,43,47903.494916339085,475,Self-Employed
9466,22,20000.0,816,Self-Employed
9467,39,91426.08547913414,823,Self-Employed
9468,32,47604.25134019312,638,Employed
9469,30,94898.54768588267,618,Employed
9470,45,87043.6600190003,410,Self-Employed
9471,50,78917.94941583546,772,Self-Employed
9472,60,80322.10179407959,316,Self-Employed
9473,40,49617.15294815731,519,Employed
9474,50,111446.25378226662,786,Employed
9475,60,66078.13577382623,604,Employed
9476,35,72548.2921279676,816,Self-Employed
9477,67,48773.09166083402,428,Self-Employed
9478,47,41720.868480576,323,Employed
9479,43,76932.40022023558,840,Employed
9480,33,70437.83739846964,431,Employed
9481,30,45266.19085243557,620,Employed
9482,56,29039.332030614896,796,Employed
9483,50,33251.92281681132,681,Self-Employed
9484,43,94903.34292727767,515,Self-Employed
9485,65,49668.654633748214,842,Employed
9486,18,56527.28635810416,310,Employed
9487,66,101258.50646897656,381,Employed
9488,55,36946.23596283964,455,Employed
9489,19,46825.12935707358,465,Contractor
9490,66,45780.829285982676,507,Self-Employed
9491,23,105451.71202915098,323,Employed
9492,63,114834.58751456035,631,Employed
9493,67,83789.08063505427,818,Employed
9494,55,84584.61810385599,810,Employed
9495,59,50491.12492868172,540,Employed
9496,41,113683.21217260708,480,Employed
9497,35,71692.40635896655,592,Self-Employed
9498,44,86327.7566112435,382,Employed
9499,58,62361.87653072615,389,Contractor
9500,25,58299.18531680974,738,Employed
9501,45,106576.05648990293,842,Self-Employed
9502,27,78493.09199345768,492,Self-Employed
9503,34,101284.38652675954,787,Employed
9504,46,71383.20429362611,648,Employed
9505,23,43790.83658942273,388,Self-Employed
9506,31,50416.4266780378,422,Employed
9507,39,67574.13106161526,673,Employed
9508,23,49337.494598916834,346,Contractor
9509,43,37313.46478430774,732,Employed
9510,56,95035.42579467563,445,Employed
9511,29,51378.248229412195,302,Employed
9512,52,68454.81869478301,829,Employed
9513,31,72403.33974714013,613,Employed
9514,39,50296.17186698578,626,Employed
9515,68,101269.98665771849,380,Self-Employed
9516,40,37071.45596988468,452,Employed
9517,65,71540.63158951927,701,Employed
9518,24,71152.94265941459,787,Employed
9519,57,63643.634928396306,366,Self-Employed
9520,67,32577.184668200436,388,Employed
9521,42,86770.4387965866,434,Contractor
9522,30,83587.76675836492,501,Employed
9523,38,48110.78678521959,727,Employed
9524,58,82687.18018013405,478,Employed
9525,27,74372.6921575194,638,Employed
9526,26,32984.69636597229,378,Employed
9527,32,43651.77713571607,832,Self-Employed
9528,69,93457.03612223949,677,Self-Employed
9529,19,72735.40462855126,464,Employed
9530,42,50892.42635473434,839,Employed
9531,30,43538.10272068395,454,Self-Employed
9532,51,52115.15504711448,422,Employed
9533,68,53888.011753057384,501,Employed
9534,51,43850.924184268704,339,Employed
9535,52,21455.89719041744,468,Employed
9536,55,93500.33216001964,369,Employed
9537,20,89265.84181528608,629,Employed
9538,59,33168.613704828516,739,Employed
9539,23,68407.78238909169,698,Self-Employed
9540,65,42444.04493213083,792,Employed
9541,66,58460.819419336614,653,Employed
9542,36,56380.83550315859,627,Employed
9543,20,54304.14460705319,797,Contractor
9544,35,115073.67710190715,718,Employed
9545,56,53991.85788309524,802,Employed
9546,26,44793.40437332688,838,Employed
9547,69,45935.464262573805,644,Employed
9548,29,91094.42391004387,676,Employed
9549,22,23697.441707676626,594,Employed
9550,20,45934.427089111996,587,Employed
9551,28,101170.57100278835,553,Contractor
9552,47,71099.65469994117,733,Employed
9553,21,69798.05012590282,800,Self-Employed
9554,22,118303.66150359254,384,Employed
9555,18,71158.69882371248,820,Employed
9556,44,47295.34596601044,812,Contractor
9557,45,57948.07357809128,815,Self-Employed
9558,46,36614.192274235786,815,Employed
9559,35,96398.42600039241,796,Employed
9560,29,79364.04293841789,461,Contractor
9561,30,93110.35374927222,826,Employed
9562,58,95324.59821373427,664,Employed
9563,19,54644.73047681169,843,Employed
9564,54,41381.17869977775,724,Employed
9565,62,63707.17221729885,663,Employed
9566,33,43180.973230286545,407,Self-Employed
9567,65,69123.92188522562,313,Employed
9568,41,93302.42202086723,322,Contractor
9569,52,60796.50884877082,620,Employed
9570,39,68749.87724769348,809,Employed
9571,53,62653.85959441584,340,Employed
9572,28,85068.18931094244,603,Contractor
9573,63,48305.44014279275,714,Employed
9574,46,20000.0,749,Employed
9575,52,76771.72148438451,693,Contractor
9576,65,89695.86053269984,664,Contractor
9577,32,76159.35611896339,728,Employed
9578,48,48994.23761329965,451,Contractor
9579,59,36624.697545348274,558,Self-Employed
9580,58,77362.43829450803,522,Employed
9581,60,68536.97382336685,565,Employed
9582,33,61855.18430854176,529,Employed
9583,27,110561.58357484477,738,Employed
9584,66,41329.997645466705,449,Self-Employed
9585,49,109375.92552818664,756,Employed
9586,68,65794.59762176599,435,Self-Employed
9587,19,20000.0,698,Self-Employed
9588,41,60519.93364202148,442,Employed
9589,40,88987.40191498603,369,Contractor
9590,19,55873.62417987573,353,Self-Employed
9591,55,28130.536469040126,702,Employed
9592,48,60887.13670509575,326,Self-Employed
9593,68,43570.69065270736,598,Contractor
9594,57,77295.36002719906,619,Employed
9595,43,84334.99540169028,744,Contractor
9596,46,38593.239806297344,397,Employed
9597,20,47354.89862210876,425,Employed
9598,31,83916.06162767344,357,Self-Employed
9599,42,43528.89304252602,476,Self-Employed
9600,65,37946.04660430012,584,Self-Employed
9601,18,35532.72170509363,326,Employed
9602,20,73800.96532395302,750,Employed
9603,43,72728.9429879366,622,Employed
9604,35,47898.84924052396,549,Employed
9605,26,65127.13490320585,669,Employed
9606,55,103178.30960387827,389,Self-Employed
9607,40,40648.49607704446,430,Employed
9608,38,20000.0,824,Employed
9609,18,76376.88939300926,328,Employed
9610,38,62239.970902460285,843,Employed
9611,44,47249.372829622465,385,Employed
9612,59,81302.0059338727,357,Employed
9613,23,85980.62861671975,356,Employed
9614,61,20000.0,693,Employed
9615,53,48685.052266712795,324,Employed
9616,45,122937.90577992136,489,Employed
9617,62,79585.12289495477,375,Employed
9618,34,81902.59095742874,670,Employed
9619,57,94322.35696578695,805,Contractor
9620,69,65426.72062999315,482,Employed
9621,20,84917.10400229049,453,Self-Employed
9622,29,82951.55109593006,568,Self-Employed
9623,56,78476.03741881897,577,Employed
9624,29,56949.70073456488,639,Employed
9625,19,69301.47305915647,322,Contractor
9626,63,50290.96089233054,731,Employed
9627,39,65320.35761416237,825,Employed
9628,40,35787.72769751833,642,Employed
9629,47,45234.40021817619,351,Employed
9630,22,57942.19895187676,638,Self-Employed
9631,26,41407.3642142481,340,Contractor
9632,38,52374.56823137059,817,Employed
9633,28,60901.8505811121,706,Employed
9634,22,75056.55861660943,437,Employed
9635,52,88731.43254632273,398,Contractor
9636,44,53405.3907155473,640,Employed
9637,66,98377.61543171559,615,Self-Employed
9638,19,88465.27696563733,841,Employed
9639,41,77602.34579859854,524,Self-Employed
9640,48,68841.22823241548,560,Employed
9641,50,72978.02104671353,546,Contractor
9642,56,94676.27876665955,378,Employed
9643,47,95589.49149398184,772,Self-Employed
9644,63,98373.66820959108,376,Employed
9645,54,66033.17079692509,561,Employed
9646,68,78874.17912496533,301,Employed
9647,45,98588.66266555128,316,Employed
9648,48,49407.09912709018,643,Employed
9649,28,57039.57865704241,311,Employed
9650,40,65400.91657533696,306,Employed
9651,19,87489.96844948517,545,Employed
9652,57,87879.30376796557,456,Employed
9653,58,59228.397220051615,473,Employed
9654,44,27284.763640507248,786,Employed
9655,52,71154.59860739918,580,Employed
9656,19,42042.09656678997,608,Employed
9657,56,27751.59488399444,536,Employed
9658,54,33403.21098165709,456,Self-Employed
9659,38,73159.52519613902,550,Employed
9660,22,99025.93402332018,520,Employed
9661,69,65972.36290590609,637,Employed
9662,62,70284.51636614912,522,Contractor
9663,38,94572.37347194813,510,Employed
9664,46,26388.627272911144,636,Self-Employed
9665,37,78004.4105400068,433,Employed
9666,55,64710.25539202947,794,Employed
9667,37,79151.43647080168,846,Employed
9668,67,52912.902289904596,482,Employed
9669,42,44551.567739337945,460,Employed
9670,19,68512.72260714014,686,Employed
9671,49,106229.78308336154,496,Contractor
9672,43,86522.75261353658,783,Employed
9673,23,52307.68074549771,801,Employed
9674,58,31475.699100468002,788,Self-Employed
9675,20,22948.317907555363,651,Self-Employed
9676,50,97902.48629626204,829,Employed
9677,18,41122.942796604315,533,Self-Employed
9678,68,56862.16467512659,708,Employed
9679,22,98030.2781519394,575,Employed
9680,30,24652.46361302521,758,Employed
9681,36,102306.61273687647,752,Employed
9682,29,58658.988652687454,712,Employed
9683,65,36285.417119031525,317,Employed
9684,42,58816.226821277174,371,Employed
9685,68,46935.08046496306,677,Employed
9686,52,76020.49497264289,654,Self-Employed
9687,29,48796.68915280556,450,Employed
9688,47,20000.0,560,Employed
9689,22,59485.93663977526,379,Self-Employed
9690,51,31086.373692836525,405,Self-Employed
9691,39,70107.997099708,822,Self-Employed
9692,56,35321.7416929169,702,Employed
9693,30,52799.679920697854,429,Employed
9694,64,69564.6951053584,470,Employed
9695,20,59688.531874143264,705,Employed
9696,37,71260.75707502612,332,Employed
9697,48,82007.17914294392,835,Employed
9698,22,36051.65750671735,496,Contractor
9699,41,63390.0614843823,345,Employed
9700,57,20000.0,573,Employed
9701,50,71183.3325420631,432,Employed
9702,25,57479.646740628945,563,Self-Employed
9703,41,40413.755913050714,666,Employed
9704,67,72892.9855574131,304,Employed
9705,37,94317.43942962668,568,Contractor
9706,33,53099.556310026426,720,Self-Employed
9707,67,41379.63774395699,645,Self-Employed
9708,69,69125.6315609678,368,Contractor
9709,29,31609.833333840987,657,Employed
9710,30,48490.46573661152,685,Self-Employed
9711,62,95560.05404126256,624,Employed
9712,59,66554.48074530718,780,Employed
9713,56,20000.0,478,Employed
9714,42,20075.208818014973,555,Employed
9715,63,69052.14231616938,718,Employed
9716,49,86559.7643979422,510,Employed
9717,41,24559.463534346243,666,Employed
9718,65,76242.8151874127,465,Employed
9719,64,98258.58768724297,513,Employed
9720,61,112196.47469896596,828,Employed
9721,26,73280.5689964969,472,Employed
9722,57,77670.06486381186,428,Employed
9723,67,20000.0,302,Employed
9724,40,117493.81369989974,369,Employed
9725,67,50612.744672596964,351,Employed
9726,30,41663.221039373966,736,Self-Employed
9727,49,58619.84663900938,677,Employed
9728,67,102791.83535463578,393,Employed
9729,32,120201.1511885887,385,Employed
9730,53,68135.2169868961,817,Contractor
9731,66,89952.10431509138,729,Employed
9732,22,66080.10121713759,342,Employed
9733,39,39055.113174545404,669,Self-Employed
9734,33,101918.59176970727,703,Employed
9735,58,49446.81299109028,602,Employed
9736,27,103388.26933429706,481,Employed
9737,41,97463.53324422709,468,Contractor
9738,35,80350.9065989302,502,Self-Employed
9739,66,110724.36890635882,842,Employed
9740,35,120808.65082964345,401,Employed
9741,24,60618.915925892215,645,Employed
9742,21,44780.14703958922,741,Employed
9743,43,20000.0,549,Employed
9744,22,121117.05638575641,482,Employed
9745,33,54007.94977703876,601,Employed
9746,52,93375.9214275435,579,Self-Employed
9747,43,46468.61581226292,388,Employed
9748,35,103456.64102280088,724,Employed
9749,46,47497.06020461467,584,Self-Employed
9750,40,35207.021659566424,429,Employed
9751,31,59787.33922615624,547,Self-Employed
9752,32,51705.60747595907,488,Employed
9753,66,79907.49463653032,390,Self-Employed
9754,50,63715.12682018691,464,Contractor
9755,42,80692.55986379803,847,Employed
9756,38,57724.46317286765,629,Employed
9757,34,48372.315724529864,840,Employed
9758,40,50410.98630259816,379,Employed
9759,60,116123.46995077566,468,Employed
9760,34,70629.2733056734,844,Employed
9761,31,20000.0,392,Self-Employed
9762,46,51994.77466364797,678,Self-Employed
9763,37,67421.65081189689,508,Contractor
9764,47,111134.99203125946,493,Employed
9765,36,90717.4678972475,563,Employed
9766,56,41957.05408795212,546,Self-Employed
9767,30,125458.89383931128,747,Employed
9768,35,64220.99087996306,820,Employed
9769,40,96158.24527687361,778,Employed
9770,63,36124.787565002436,576,Employed
9771,50,20000.0,428,Employed
9772,56,29789.21274079098,601,Employed
9773,57,20000.0,813,Employed
9774,35,117802.23318132272,659,Employed
9775,26,70363.3229721604,656,Self-Employed
9776,50,41883.89953879922,765,Employed
9777,49,76315.60074950302,471,Employed
9778,34,69733.35090450414,387,Employed
9779,36,80523.33489034978,799,Employed
9780,44,95238.28502840671,382,Employed
9781,23,57751.971174374616,816,Employed
9782,52,43004.017347475325,621,Employed
9783,54,85694.38035929794,764,Employed
9784,51,85058.31944711164,440,Employed
9785,37,67518.39520303362,435,Self-Employed
9786,42,119438.8547170193,629,Employed
9787,21,54054.446928458696,694,Employed
9788,27,42503.550709118295,455,Contractor
9789,27,75452.28568766505,338,Employed
9790,41,48126.553577162544,581,Employed
9791,38,77387.91310362238,837,Employed
9792,28,44174.793604014005,843,Employed
9793,44,54993.94292670286,345,Employed
9794,33,112271.01050097913,543,Employed
9795,43,54860.31608130803,846,Employed
9796,47,45028.71139956759,749,Contractor
9797,66,94266.9697176625,577,Employed
9798,33,38723.951242832656,705,Employed
9799,24,47676.4192463233,345,Employed
9800,33,79414.02801272487,819,Employed
9801,52,88460.2855968323,570,Employed
9802,33,95511.90977702686,537,Contractor
9803,57,46319.45419448788,466,Employed
9804,29,79900.216824653,675,Contractor
9805,52,53347.29501139551,500,Employed
9806,66,49858.60916223419,531,Employed
9807,38,95080.31955730714,745,Employed
9808,67,51261.14010351035,717,Employed
9809,60,71955.1149005245,453,Employed
9810,53,68889.48673076597,667,Employed
9811,65,38231.140591537434,386,Employed
9812,34,89152.32138390801,829,Employed
9813,49,79007.02234197385,353,Self-Employed
9814,58,20000.0,341,Employed
9815,23,71935.52778093358,648,Employed
9816,41,45675.664145834475,529,Employed
9817,44,92426.88266031569,735,Employed
9818,37,28865.00408048105,440,Self-Employed
9819,42,56088.0757842614,587,Employed
9820,19,74050.61377471164,621,Contractor
9821,26,66358.50735354688,741,Self-Employed
9822,45,84073.95641784929,466,Employed
9823,55,27039.450349767772,762,Employed
9824,20,106297.85842168445,755,Self-Employed
9825,37,78128.61646970679,372,Self-Employed
9826,23,98992.9553250224,569,Employed
9827,56,86856.00423083104,518,Contractor
9828,50,64709.74713862391,846,Contractor
9829,18,32895.044727220986,482,Employed
9830,54,50911.170468782475,377,Self-Employed
9831,23,104739.08332156442,607,Employed
9832,62,99635.94454140955,627,Employed
9833,51,49510.000497407746,720,Employed
9834,64,20000.0,535,Employed
9835,32,59682.75664237203,761,Self-Employed
9836,62,57807.427796772085,838,Employed
9837,43,58755.684698990415,337,Employed
9838,31,78213.48004578504,725,Self-Employed
9839,24,86905.31448304158,733,Employed
9840,63,89757.4886774881,658,Employed
9841,48,76142.72850338418,330,Employed
9842,41,20000.0,504,Employed
9843,48,56470.00668266761,480,Self-Employed
9844,46,122602.24458872975,339,Employed
9845,59,74355.41837006196,722,Employed
9846,49,74195.48921109663,456,Employed
9847,34,73987.14849434645,467,Employed
9848,31,75384.49056264975,381,Employed
9849,57,20000.0,401,Employed
9850,53,59011.89207722329,388,Employed
9851,65,64052.679205132765,644,Employed
9852,41,97037.38498133532,609,Employed
9853,62,66191.8223655574,739,Employed
9854,44,23837.21533495147,458,Employed
9855,42,75752.2289042938,413,Self-Employed
9856,49,44904.38379393137,835,Employed
9857,69,34580.35897296456,462,Employed
9858,35,44146.023832085484,585,Self-Employed
9859,63,78562.60574161289,354,Contractor
9860,35,96469.03099400172,332,Employed
9861,54,77073.24862943967,495,Employed
9862,43,80800.58059042554,747,Employed
9863,26,76826.13182095003,391,Contractor
9864,52,67533.17942151171,527,Employed
9865,25,82423.26587406894,585,Contractor
9866,37,20000.0,534,Employed
9867,59,67777.20878262083,401,Employed
9868,39,38876.874134443715,439,Self-Employed
9869,36,94072.56431360348,565,Self-Employed
9870,47,61321.11736957849,641,Self-Employed
9871,45,65773.70220669576,834,Self-Employed
9872,52,27373.203143654915,822,Self-Employed
9873,60,90420.77222532129,315,Employed
9874,28,80683.20300684523,635,Employed
9875,48,78923.69705851258,689,Employed
9876,66,44674.42869577944,469,Employed
9877,65,45659.00387654675,418,Employed
9878,56,70589.98636114763,341,Employed
9879,53,47637.53974379873,309,Employed
9880,47,75872.32406693346,729,Employed
9881,40,20000.0,767,Contractor
9882,36,52811.386089835185,348,Employed
9883,29,109918.83663566229,506,Employed
9884,32,75987.14569989411,813,Employed
9885,48,69169.84161327482,509,Employed
9886,60,114630.66339178392,438,Employed
9887,54,20000.0,336,Employed
9888,54,44617.22213029731,517,Employed
9889,32,54970.67070631527,755,Self-Employed
9890,46,86458.78082513475,811,Self-Employed
9891,67,86891.40908070591,577,Employed
9892,60,43349.832275434346,479,Employed
9893,43,89948.85805356374,816,Employed
9894,61,54917.13081695732,429,Self-Employed
9895,19,95290.99064122917,658,Employed
9896,37,39183.932546948556,303,Employed
9897,32,61917.210023345986,382,Employed
9898,69,52745.81711558599,453,Employed
9899,21,91400.75928914285,805,Employed
9900,39,51930.46958584573,808,Employed
9901,67,63938.7867747061,396,Self-Employed
9902,55,77670.28494157623,581,Employed
9903,40,78631.46207565299,837,Employed
9904,43,87173.81518682929,728,Self-Employed
9905,68,70278.11942111667,842,Self-Employed
9906,28,54543.77711800422,425,Employed
9907,45,56257.53136603124,600,Employed
9908,19,65641.8078801903,842,Employed
9909,25,71239.81190185959,666,Employed
9910,46,61320.70880378909,344,Employed
9911,28,65480.08552413868,792,Self-Employed
9912,54,27068.653485697367,615,Employed
9913,35,81683.88211136695,488,Employed
9914,67,69527.80722223574,351,Employed
9915,31,90046.76033852721,631,Employed
9916,27,65004.01268517712,798,Employed
9917,52,21540.060536955345,617,Employed
9918,26,56038.84526733313,709,Employed
9919,52,60001.75192203958,622,Employed
9920,28,83572.58263583996,529,Employed
9921,61,20000.0,643,Employed
9922,29,66029.48792372337,670,Employed
9923,20,77841.88039483265,591,Employed
9924,56,48462.802867962004,736,Employed
9925,31,66865.70024542119,546,Self-Employed
9926,45,49324.087271253884,518,Self-Employed
9927,28,46760.67666949023,833,Self-Employed
9928,56,54789.50374671708,818,Employed
9929,42,47232.70018832473,771,Employed
9930,38,82090.45779840832,649,Employed
9931,27,46626.203079115556,343,Self-Employed
9932,60,42427.249823801816,364,Self-Employed
9933,32,109198.21667098833,545,Self-Employed
9934,36,89018.50029560088,370,Employed
9935,65,20000.0,457,Self-Employed
9936,39,45880.79275368666,774,Self-Employed
9937,38,71061.57429306777,324,Employed
9938,69,73093.87668078733,522,Employed
9939,61,27737.678356577664,459,Employed
9940,49,93964.13732055805,374,Employed
9941,67,85630.61047954064,437,Employed
9942,40,77047.54080100846,778,Self-Employed
9943,30,98918.21226780303,602,Self-Employed
9944,22,76307.24981427295,686,Contractor
9945,21,76214.52198129619,771,Employed
9946,45,103941.98179555606,633,Employed
9947,31,92530.48951819271,608,Employed
9948,25,43962.31352721172,827,Employed
9949,26,80829.87946679788,839,Employed
9950,68,48393.303376035445,462,Self-Employed
9951,52,77603.86377375695,354,Employed
9952,54,76915.33767549536,754,Employed
9953,38,30413.317188600347,604,Employed
9954,35,61953.85971722412,401,Contractor
9955,50,71631.42558951005,687,Employed
9956,25,54092.74522514608,507,Employed
9957,68,72867.748559769,614,Contractor
9958,66,85147.44442502671,348,Employed
9959,34,64235.17339423111,817,Employed
9960,60,70614.98691770648,447,Employed
9961,48,99585.60196389937,510,Employed
9962,51,76829.91458063065,671,Employed
9963,23,70020.60724186184,346,Self-Employed
9964,39,41048.01550896598,798,Employed
9965,31,81775.65028472123,454,Employed
9966,20,73253.74873479846,529,Employed
9967,29,97093.4858425352,599,Employed
9968,53,66171.96358258279,457,Employed
9969,29,20000.0,546,Employed
9970,62,22496.978279293457,450,Employed
9971,19,83392.01909399334,598,Employed
9972,19,50745.16005754617,353,Employed
9973,32,75919.19377776244,522,Employed
9974,40,67855.8161125589,766,Employed
9975,46,60829.00830765198,785,Employed
9976,34,62590.96786029442,743,Self-Employed
9977,49,43365.26237386933,437,Employed
9978,24,64605.557777508235,591,Self-Employed
9979,47,50387.66418014003,509,Employed
9980,45,55693.58699685738,510,Contractor
9981,31,56908.77388227097,687,Employed
9982,61,59332.66825253202,695,Contractor
9983,47,88054.33641267716,423,Employed
9984,34,61755.229269882664,423,Self-Employed
9985,49,90592.55841475246,367,Contractor
9986,63,103446.37378316204,774,Employed
9987,23,86373.61627640374,657,Self-Employed
9988,68,78361.71337671278,755,Employed
9989,41,73170.805237088,645,Employed
9990,23,86633.96772625175,820,Employed
9991,44,67234.01846490598,797,Employed
9992,35,89614.24614892996,627,Employed
9993,41,80352.6451322421,629,Contractor
9994,54,56003.988480490305,726,Self-Employed
9995,41,87396.27200257014,742,Self-Employed
9996,55,67287.00014943922,394,Employed
9997,51,62346.6998096921,750,Employed
9998,57,53095.020990025325,616,Employed
9999,64,69150.47119686431,786,Employed
10000,32,89911.56538532459,304,Employed
