loan_id,user_id,loan_amount,origination_date,term_months
101,906,5000,2024-03-13,36
102,8142,5000,2024-10-25,24
103,1883,25000,2024-04-14,12
104,492,10000,2024-10-18,12
105,7812,15000,2024-08-19,12
106,8733,10000,2024-04-10,24
107,2887,10000,2024-09-15,12
108,6133,25000,2024-10-18,36
109,456,10000,2024-04-21,24
110,651,5000,2024-02-14,12
111,9505,15000,2024-04-09,24
112,1305,15000,2024-06-05,24
113,4513,15000,2024-08-12,36
114,3610,10000,2024-03-13,24
115,8996,15000,2024-03-09,36
116,8990,15000,2024-06-20,36
117,3385,5000,2024-08-11,12
118,4705,25000,2024-02-18,12
119,5728,25000,2024-08-23,24
120,9273,5000,2024-04-18,12
121,9506,5000,2024-09-29,24
122,2646,25000,2024-06-06,36
123,7117,10000,2024-08-26,24
124,5430,5000,2024-01-04,36
125,2054,15000,2024-07-22,36
126,3515,5000,2024-03-24,24
127,310,10000,2024-08-01,36
128,8977,5000,2024-12-24,12
129,5001,15000,2024-03-02,24
130,5122,5000,2024-02-27,12
131,5723,5000,2024-06-20,36
132,6898,5000,2024-11-09,36
133,5495,25000,2024-12-27,24
134,7640,25000,2024-09-08,36
135,9807,10000,2024-11-23,12
136,9015,25000,2024-05-16,24
137,9520,10000,2024-08-25,24
138,58,25000,2024-01-06,12
139,1249,10000,2024-10-01,36
140,9642,10000,2024-03-26,36
141,6037,10000,2024-05-27,24
142,518,5000,2024-03-04,12
143,2078,5000,2024-06-03,24
144,8343,10000,2024-05-14,24
145,2158,10000,2024-04-27,36
146,6385,5000,2024-01-24,24
147,3674,15000,2024-09-20,12
148,8098,5000,2024-11-18,12
149,5150,10000,2024-01-11,12
150,2514,5000,2024-12-21,12
151,6609,25000,2024-03-06,36
152,1395,10000,2024-09-19,36
153,1706,5000,2024-01-24,36
154,9365,25000,2024-11-14,36
155,2422,5000,2024-11-23,12
156,8792,5000,2024-05-20,12
157,3505,15000,2024-08-18,24
158,2300,5000,2024-03-28,24
159,4016,5000,2024-04-25,36
160,1497,15000,2024-10-06,24
161,6707,5000,2024-02-07,36
162,6772,15000,2024-07-17,36
163,7707,25000,2024-09-22,36
164,8627,15000,2024-06-06,24
165,2659,25000,2024-08-18,24
166,2324,15000,2024-12-09,36
167,2896,25000,2024-10-09,12
168,1532,5000,2024-10-12,24
169,782,25000,2024-05-07,12
170,1426,25000,2024-07-25,36
171,4929,10000,2024-09-14,36
172,2552,25000,2024-09-20,24
173,7424,5000,2024-05-24,24
174,557,10000,2024-02-17,24
175,8705,10000,2024-03-04,36
176,6439,15000,2024-07-07,12
177,6519,25000,2024-05-20,12
178,5787,15000,2024-08-15,24
179,4152,15000,2024-04-16,24
180,6094,25000,2024-05-09,24
181,2900,15000,2024-12-05,12
182,6735,5000,2024-05-30,24
183,5017,5000,2024-07-31,24
184,6510,25000,2024-08-10,36
185,2961,25000,2024-01-16,24
186,4944,10000,2024-05-20,36
187,9445,25000,2024-09-14,12
188,8917,25000,2024-04-23,24
189,1307,5000,2024-11-16,12
190,760,5000,2024-01-26,12
191,5239,25000,2024-10-12,12
192,227,10000,2024-02-07,12
193,4798,5000,2024-01-25,12
194,8500,5000,2024-02-21,36
195,3379,15000,2024-12-04,36
196,6713,25000,2024-03-31,12
197,9710,15000,2024-05-17,12
198,9724,25000,2024-07-27,24
199,5209,10000,2024-03-01,12
200,7443,15000,2024-04-20,36
201,4749,5000,2024-09-14,36
202,8989,25000,2024-12-02,36
203,7046,25000,2024-05-14,36
204,7625,15000,2024-02-29,12
205,1780,15000,2024-07-07,36
206,7064,10000,2024-12-01,36
207,586,5000,2024-04-22,36
208,1379,10000,2024-01-27,24
209,5708,5000,2024-01-01,12
210,5443,5000,2024-08-01,36
211,6930,25000,2024-03-26,36
212,6421,5000,2024-06-03,12
213,4032,15000,2024-03-20,36
214,7443,25000,2024-02-29,36
215,6361,10000,2024-11-04,36
216,1848,5000,2024-02-05,24
217,1042,25000,2024-10-17,36
218,4840,15000,2024-10-15,36
219,7352,10000,2024-11-20,12
220,7786,25000,2024-12-28,12
221,243,25000,2024-06-23,24
222,5546,15000,2024-12-19,12
223,2101,15000,2024-12-17,12
224,9442,5000,2024-03-29,24
225,1738,10000,2024-02-28,36
226,2755,25000,2024-03-01,12
227,1393,15000,2024-08-29,12
228,8440,15000,2024-10-09,24
229,7736,25000,2024-08-12,12
230,7644,15000,2024-08-09,12
231,9878,15000,2024-03-30,36
232,4017,5000,2024-01-15,24
233,3433,25000,2024-12-30,36
234,4527,5000,2024-07-03,36
235,7785,10000,2024-07-22,36
236,2082,15000,2024-02-10,24
237,9540,5000,2024-06-19,12
238,5576,25000,2024-09-24,36
239,5345,10000,2024-07-14,24
240,4737,10000,2024-09-06,12
241,133,5000,2024-07-13,24
242,1855,5000,2024-08-17,36
243,6051,15000,2024-04-05,24
244,5078,5000,2024-08-05,36
245,5341,5000,2024-01-04,24
246,8593,5000,2024-01-05,36
247,606,10000,2024-02-15,12
248,132,25000,2024-11-26,24
249,7072,5000,2024-05-05,24
250,6158,10000,2024-05-16,12
251,6579,10000,2024-05-15,36
252,6614,5000,2024-11-09,36
253,4507,10000,2024-12-24,36
254,804,15000,2024-11-14,12
255,5193,25000,2024-07-07,24
256,4290,15000,2024-05-22,24
257,3634,25000,2024-03-13,24
258,2677,10000,2024-06-26,12
259,1216,5000,2024-12-15,36
260,2478,5000,2024-08-13,36
261,2265,10000,2024-10-04,36
262,7791,5000,2024-08-25,24
263,970,10000,2024-04-03,12
264,6629,15000,2024-11-25,36
265,601,10000,2024-07-15,36
266,4456,10000,2024-03-04,24
267,5942,15000,2024-05-29,36
268,9525,15000,2024-05-20,24
269,2717,10000,2024-08-18,36
270,782,15000,2024-09-01,24
271,1435,25000,2024-10-29,24
272,4339,15000,2024-12-12,36
273,9209,5000,2024-10-03,24
274,2703,15000,2024-01-31,36
275,3992,15000,2024-02-07,36
276,8652,10000,2024-02-08,12
277,7533,15000,2024-06-12,36
278,7246,25000,2024-12-21,36
279,3641,10000,2024-09-23,12
280,532,25000,2024-03-09,12
281,1978,5000,2024-10-16,24
282,3765,10000,2024-08-16,12
283,291,10000,2024-09-17,12
284,6078,5000,2024-01-20,24
285,7869,5000,2024-03-03,12
286,3576,25000,2024-10-27,36
287,4650,15000,2024-06-18,12
288,6615,10000,2024-01-13,24
289,513,10000,2024-05-16,36
290,1640,25000,2024-08-11,24
291,8447,10000,2024-04-03,12
292,4817,5000,2024-06-25,36
293,5850,10000,2024-12-13,12
294,2638,15000,2024-12-22,24
295,1966,5000,2024-06-04,24
296,51,25000,2024-04-30,12
297,800,25000,2024-06-19,24
298,8292,10000,2024-07-16,12
299,9940,5000,2024-06-17,24
300,6643,5000,2024-06-20,24
301,237,5000,2024-06-05,24
302,472,10000,2024-11-19,24
303,2205,10000,2024-07-28,36
304,7182,25000,2024-10-07,36
305,6260,15000,2024-07-14,12
306,8331,5000,2024-09-26,12
307,1384,10000,2024-07-05,12
308,4502,10000,2024-03-02,12
309,1713,15000,2024-05-24,24
310,9143,10000,2024-08-13,24
311,6711,10000,2024-04-26,24
312,3797,10000,2024-07-24,12
313,2374,5000,2024-12-21,36
314,9550,15000,2024-03-06,12
315,4425,25000,2024-10-27,36
316,5420,15000,2024-11-22,36
317,1700,15000,2024-01-28,24
318,4111,25000,2024-11-10,24
319,3373,25000,2024-09-20,12
320,8826,10000,2024-08-08,12
321,5582,10000,2024-01-10,36
322,9321,10000,2024-10-03,36
323,2387,5000,2024-10-17,24
324,8584,5000,2024-01-04,36
325,169,15000,2024-06-29,36
326,3966,5000,2024-03-25,12
327,3209,5000,2024-01-25,12
328,9378,25000,2024-01-20,36
329,8173,10000,2024-07-17,36
330,2728,25000,2024-07-17,36
331,3510,10000,2024-04-05,12
332,7550,15000,2024-04-05,12
333,4478,25000,2024-10-04,24
334,4721,10000,2024-02-18,24
335,1714,25000,2024-03-29,24
336,6620,25000,2024-01-06,24
337,2513,10000,2024-05-25,12
338,4590,5000,2024-01-12,24
339,6679,25000,2024-01-28,12
340,2679,15000,2024-10-01,12
341,282,5000,2024-02-12,24
342,4927,25000,2024-04-08,12
343,430,15000,2024-05-22,36
344,4659,15000,2024-10-18,24
345,5163,10000,2024-04-06,24
346,8106,5000,2024-03-25,36
347,3213,5000,2024-10-24,24
348,4633,10000,2024-03-31,12
349,2664,25000,2024-10-27,12
350,9128,25000,2024-01-30,12
351,1689,15000,2024-10-21,24
352,5595,15000,2024-06-22,36
353,5936,15000,2024-07-04,36
354,9075,15000,2024-01-30,24
355,817,10000,2024-09-07,12
356,3867,25000,2024-04-18,12
357,6189,15000,2024-07-31,24
358,678,5000,2024-08-05,24
359,2490,15000,2024-12-09,12
360,7233,15000,2024-06-30,24
361,2447,25000,2024-12-07,36
362,1889,15000,2024-02-06,36
363,1721,10000,2024-12-11,24
364,224,25000,2024-05-29,12
365,935,25000,2024-04-06,36
366,9505,15000,2024-01-24,24
367,1309,10000,2024-11-20,12
368,8418,25000,2024-12-09,24
369,200,5000,2024-12-20,24
370,4107,15000,2024-05-01,24
371,5075,25000,2024-03-26,24
372,3994,15000,2024-06-09,24
373,7073,5000,2024-01-17,12
374,3934,15000,2024-08-31,36
375,6934,15000,2024-09-24,12
376,1598,10000,2024-10-12,36
377,5,10000,2024-08-05,24
378,8472,5000,2024-01-06,24
379,7591,10000,2024-09-23,12
380,3020,25000,2024-08-22,12
381,5358,10000,2024-05-03,36
382,2365,25000,2024-02-29,24
383,127,5000,2024-01-10,12
384,4827,5000,2024-01-16,24
385,3250,15000,2024-03-24,24
386,3902,25000,2024-06-20,24
387,5158,15000,2024-05-26,36
388,8675,15000,2024-04-09,24
389,3040,15000,2024-09-27,36
390,4411,25000,2024-08-02,12
391,9700,10000,2024-03-25,12
392,9131,25000,2024-02-08,24
393,17,10000,2024-01-05,24
394,8005,25000,2024-03-26,36
395,7084,5000,2024-10-13,24
396,5076,5000,2024-07-25,24
397,3943,10000,2024-02-07,24
398,6173,15000,2024-09-12,36
399,3618,15000,2024-06-28,36
400,9226,15000,2024-01-19,24
401,6231,15000,2024-06-11,24
402,8662,25000,2024-07-20,12
403,1325,5000,2024-09-27,36
404,3278,25000,2024-03-28,12
405,1625,25000,2024-06-23,24
406,7250,25000,2024-08-30,24
407,9428,10000,2024-05-27,24
408,119,5000,2024-09-21,24
409,7304,10000,2024-01-05,36
410,7941,15000,2024-05-18,24
411,8980,5000,2024-04-12,12
412,6521,10000,2024-12-12,12
413,2476,10000,2024-09-14,12
414,2768,25000,2024-06-28,36
415,9620,10000,2024-09-02,12
416,243,10000,2024-05-27,36
417,5081,15000,2024-01-21,36
418,5465,15000,2024-11-02,24
419,4723,10000,2024-06-06,36
420,8208,10000,2024-06-24,36
421,4612,10000,2024-09-13,36
422,6410,25000,2024-09-21,24
423,8115,25000,2024-04-22,24
424,6704,25000,2024-06-16,24
425,2783,15000,2024-01-21,12
426,6860,5000,2024-03-20,12
427,6164,25000,2024-08-15,36
428,1824,25000,2024-02-06,12
429,4924,10000,2024-03-31,24
430,8203,25000,2024-11-22,12
431,5140,5000,2024-05-31,24
432,8471,15000,2024-06-26,12
433,5667,25000,2024-06-30,24
434,5521,15000,2024-04-19,12
435,6922,25000,2024-12-25,36
436,2086,15000,2024-04-18,12
437,5070,15000,2024-06-04,12
438,1107,25000,2024-09-16,36
439,8224,25000,2024-03-07,36
440,8929,15000,2024-09-16,24
441,1849,5000,2024-09-27,36
442,3609,5000,2024-02-06,12
443,8108,5000,2024-09-26,24
444,2678,5000,2024-05-02,12
445,294,25000,2024-08-11,24
446,3197,10000,2024-07-13,24
447,1572,15000,2024-03-22,36
448,6567,5000,2024-02-19,12
449,269,5000,2024-03-18,24
450,7074,10000,2024-01-25,24
451,9340,10000,2024-10-21,24
452,3343,25000,2024-01-26,24
453,5178,15000,2024-02-29,36
454,880,15000,2024-11-03,36
455,59,10000,2024-03-10,12
456,3892,10000,2024-06-02,24
457,217,10000,2024-02-17,12
458,5701,25000,2024-02-23,12
459,7650,15000,2024-04-23,36
460,6247,10000,2024-10-03,24
461,7979,5000,2024-04-19,36
462,6385,15000,2024-03-12,24
463,4957,15000,2024-01-18,24
464,734,5000,2024-01-15,12
465,5951,5000,2024-02-11,12
466,5349,15000,2024-01-20,36
467,5572,15000,2024-01-16,36
468,7075,10000,2024-05-14,24
469,2422,25000,2024-08-08,12
470,3378,25000,2024-04-04,12
471,8566,10000,2024-04-02,24
472,7105,5000,2024-03-21,36
473,6784,5000,2024-03-18,24
474,112,5000,2024-12-16,12
475,8486,5000,2024-05-25,36
476,2470,10000,2024-11-15,24
477,2199,15000,2024-01-26,12
478,5294,10000,2024-07-15,36
479,7582,5000,2024-05-23,24
480,8360,10000,2024-03-17,36
481,70,25000,2024-11-09,24
482,5957,25000,2024-12-17,12
483,9618,5000,2024-07-19,24
484,6075,10000,2024-10-29,24
485,2573,25000,2024-11-22,12
486,1655,15000,2024-05-02,36
487,2260,5000,2024-06-26,36
488,102,10000,2024-10-28,12
489,5909,5000,2024-01-08,12
490,9924,25000,2024-01-02,36
491,5709,15000,2024-05-25,12
492,1362,25000,2024-02-05,36
493,8525,5000,2024-03-28,12
494,3261,15000,2024-04-28,12
495,1123,10000,2024-02-11,12
496,1958,25000,2024-12-23,12
497,8652,15000,2024-05-18,12
498,9410,5000,2024-02-28,12
499,6699,10000,2024-06-28,36
500,4986,5000,2024-07-20,12
501,6780,5000,2024-08-08,24
502,931,10000,2024-02-18,36
503,8503,15000,2024-12-25,24
504,2890,15000,2024-08-27,12
505,5960,10000,2024-05-07,36
506,7140,10000,2024-11-25,24
507,1759,5000,2024-10-12,12
508,8082,5000,2024-01-28,36
509,4342,25000,2024-04-02,12
510,8147,10000,2024-06-27,24
511,472,25000,2024-08-04,36
512,4418,10000,2024-01-27,36
513,3181,25000,2024-05-06,36
514,7817,5000,2024-04-07,36
515,1145,5000,2024-11-03,36
516,99,15000,2024-10-26,24
517,3650,25000,2024-02-17,36
518,494,10000,2024-12-19,36
519,2158,25000,2024-09-28,12
520,4580,5000,2024-07-06,36
521,2178,15000,2024-10-29,24
522,9616,25000,2024-04-19,24
523,8698,5000,2024-11-26,24
524,6913,10000,2024-01-15,12
525,8553,15000,2024-04-11,36
526,8346,5000,2024-04-03,24
527,8108,10000,2024-07-02,36
528,533,25000,2024-08-06,24
529,5667,10000,2024-05-08,24
530,2358,10000,2024-06-01,24
531,6780,10000,2024-11-15,12
532,1970,15000,2024-04-01,36
533,4972,5000,2024-02-12,36
534,7172,5000,2024-09-26,36
535,635,10000,2024-09-04,36
536,2602,25000,2024-03-08,24
537,1193,25000,2024-09-26,36
538,8929,5000,2024-07-26,12
539,9401,25000,2024-08-13,12
540,5805,10000,2024-07-23,12
541,608,5000,2024-05-24,36
542,6422,5000,2024-04-01,12
543,5259,25000,2024-05-17,24
544,3066,5000,2024-01-17,12
545,7867,15000,2024-01-02,36
546,7254,10000,2024-09-06,24
547,4327,15000,2024-11-16,12
548,5571,5000,2024-04-28,36
549,2038,25000,2024-07-15,36
550,2186,15000,2024-12-20,36
551,9189,15000,2024-08-01,24
552,7506,15000,2024-04-16,36
553,1180,25000,2024-07-26,12
554,4703,25000,2024-04-26,12
555,6936,5000,2024-01-09,12
556,9525,25000,2024-05-21,36
557,2745,15000,2024-11-25,36
558,2261,5000,2024-01-22,12
559,6121,25000,2024-09-28,24
560,3499,10000,2024-06-17,24
561,3414,25000,2024-07-13,24
562,5479,25000,2024-04-03,24
563,5799,5000,2024-07-11,36
564,8098,5000,2024-12-07,24
565,206,5000,2024-10-14,12
566,5381,10000,2024-06-28,36
567,1810,10000,2024-09-23,36
568,9092,25000,2024-01-20,12
569,8940,25000,2024-12-05,12
570,6943,5000,2024-08-12,24
571,9954,5000,2024-06-17,36
572,2297,10000,2024-11-18,24
573,4929,10000,2024-02-13,24
574,9924,5000,2024-07-06,36
575,5150,25000,2024-04-04,12
576,3999,10000,2024-12-27,36
577,5935,5000,2024-05-14,12
578,939,5000,2024-04-03,12
579,5251,5000,2024-02-23,24
580,4556,10000,2024-03-22,24
581,6539,25000,2024-09-25,24
582,7696,10000,2024-10-15,36
583,6557,25000,2024-05-14,36
584,2165,10000,2024-06-06,12
585,5269,5000,2024-09-23,12
586,6253,5000,2024-11-21,36
587,6122,15000,2024-10-03,36
588,2874,5000,2024-10-14,12
589,1451,25000,2024-05-12,12
590,5106,5000,2024-12-27,36
591,5637,15000,2024-12-14,24
592,1204,5000,2024-02-04,36
593,7053,5000,2024-09-07,24
594,4492,10000,2024-02-16,24
595,3025,25000,2024-09-24,36
596,6145,15000,2024-10-19,12
597,2056,10000,2024-02-13,24
598,2192,15000,2024-10-04,36
599,9871,5000,2024-05-18,24
600,7833,15000,2024-12-08,24
601,9858,10000,2024-11-06,12
602,4729,5000,2024-08-24,24
603,5691,10000,2024-09-22,36
604,4825,25000,2024-06-18,24
605,3012,25000,2024-08-03,36
606,7620,25000,2024-04-26,24
607,8436,15000,2024-08-25,12
608,8332,25000,2024-09-12,12
609,2449,15000,2024-08-31,24
610,725,15000,2024-12-01,12
611,9757,10000,2024-11-27,24
612,104,5000,2024-03-28,24
613,4048,5000,2024-08-21,12
614,63,10000,2024-04-06,12
615,2063,25000,2024-01-18,24
616,3566,10000,2024-04-20,36
617,9739,10000,2024-07-27,36
618,6585,5000,2024-12-06,12
619,6669,15000,2024-03-05,12
620,4823,10000,2024-05-02,36
621,4834,10000,2024-08-25,36
622,3647,15000,2024-12-29,24
623,9983,5000,2024-05-02,12
624,130,25000,2024-10-13,24
625,3016,10000,2024-08-05,24
626,7670,25000,2024-08-09,36
627,5291,25000,2024-12-10,24
628,927,10000,2024-04-22,12
629,1981,25000,2024-01-18,12
630,5526,10000,2024-08-06,12
631,9918,15000,2024-06-09,24
632,1820,15000,2024-03-10,24
633,5108,15000,2024-01-07,12
634,4784,15000,2024-01-01,36
635,2896,5000,2024-12-23,36
636,1757,15000,2024-04-08,12
637,2328,10000,2024-03-27,24
638,3197,10000,2024-03-20,24
639,3654,10000,2024-11-10,24
640,6255,25000,2024-02-03,24
641,4260,10000,2024-08-13,12
642,415,5000,2024-08-10,24
643,6338,5000,2024-06-28,12
644,8147,5000,2024-01-08,12
645,2871,5000,2024-08-30,24
646,9215,5000,2024-03-28,36
647,6253,5000,2024-11-04,24
648,399,15000,2024-05-22,36
649,3971,5000,2024-01-28,36
650,8321,25000,2024-05-21,12
651,9725,5000,2024-03-30,36
652,6571,10000,2024-07-04,36
653,1051,10000,2024-11-08,12
654,2953,25000,2024-06-28,24
655,344,5000,2024-02-06,36
656,9617,15000,2024-01-02,24
657,604,15000,2024-02-03,12
658,9783,15000,2024-11-09,36
659,7037,15000,2024-08-13,12
660,4829,5000,2024-03-13,12
661,5933,25000,2024-12-29,12
662,4252,15000,2024-04-25,36
663,6584,5000,2024-04-23,12
664,2149,5000,2024-01-30,24
665,6045,5000,2024-03-23,12
666,748,5000,2024-07-26,36
667,8692,5000,2024-04-16,36
668,3357,10000,2024-11-10,36
669,5189,5000,2024-07-04,24
670,5899,5000,2024-05-31,36
671,386,5000,2024-05-29,24
672,4234,10000,2024-06-08,12
673,6247,10000,2024-03-15,24
674,1736,25000,2024-12-14,12
675,2558,25000,2024-06-18,12
676,4823,5000,2024-07-05,12
677,1179,15000,2024-12-09,36
678,880,5000,2024-12-04,24
679,1506,25000,2024-11-06,36
680,5329,15000,2024-06-17,36
681,1007,15000,2024-11-08,24
682,5298,25000,2024-02-22,12
683,3658,5000,2024-09-13,24
684,5110,25000,2024-02-29,36
685,273,15000,2024-08-09,24
686,2896,10000,2024-03-16,12
687,3096,5000,2024-02-15,36
688,1607,25000,2024-09-16,24
689,2448,25000,2024-01-15,12
690,6497,25000,2024-12-02,36
691,1325,10000,2024-04-25,36
692,3903,10000,2024-01-12,12
693,7211,5000,2024-01-01,24
694,3123,5000,2024-03-17,12
695,4867,5000,2024-01-30,36
696,1730,25000,2024-07-20,12
697,5355,10000,2024-11-24,36
698,4586,5000,2024-02-19,12
699,2723,10000,2024-05-09,24
700,4677,15000,2024-01-06,12
701,2895,5000,2024-03-15,36
702,7649,10000,2024-12-11,24
703,1962,5000,2024-12-13,36
704,6569,10000,2024-11-28,24
705,4863,10000,2024-06-14,36
706,2676,25000,2024-11-27,36
707,1940,15000,2024-12-04,36
708,14,5000,2024-09-30,24
709,746,10000,2024-06-04,36
710,8163,5000,2024-09-24,12
711,4571,10000,2024-11-03,36
712,7710,15000,2024-07-23,36
713,2947,10000,2024-08-31,24
714,3183,10000,2024-03-27,36
715,3487,5000,2024-04-09,36
716,6565,15000,2024-07-04,36
717,4507,10000,2024-08-09,36
718,4079,5000,2024-10-04,36
719,1908,10000,2024-12-23,12
720,3992,5000,2024-06-21,12
721,1648,15000,2024-11-13,24
722,4777,25000,2024-02-11,24
723,2664,15000,2024-03-07,12
724,8128,5000,2024-07-10,24
725,1883,15000,2024-05-22,12
726,329,5000,2024-06-02,12
727,4368,5000,2024-04-03,24
728,4718,15000,2024-07-15,24
729,9880,25000,2024-04-04,36
730,5601,15000,2024-09-05,12
731,2167,5000,2024-01-22,12
732,382,25000,2024-02-23,12
733,9626,5000,2024-05-04,24
734,4145,25000,2024-11-09,12
735,3882,15000,2024-07-25,12
736,8109,15000,2024-06-29,24
737,6748,5000,2024-12-20,12
738,2200,25000,2024-10-01,12
739,3533,5000,2024-06-10,36
740,2730,25000,2024-10-04,36
741,8788,5000,2024-05-20,36
742,8039,15000,2024-05-02,12
743,3911,10000,2024-07-10,36
744,3497,5000,2024-02-25,24
745,7503,10000,2024-10-24,36
746,3801,15000,2024-09-03,24
747,8163,10000,2024-11-17,24
748,2637,25000,2024-07-09,24
749,2824,10000,2024-06-18,12
750,1493,5000,2024-08-06,24
751,3317,10000,2024-02-03,12
752,6776,25000,2024-10-11,24
753,3903,15000,2024-02-05,12
754,4938,25000,2024-09-21,24
755,7418,5000,2024-12-06,24
756,4585,25000,2024-10-24,12
757,6395,10000,2024-08-15,36
758,8173,10000,2024-03-07,24
759,6458,25000,2024-01-07,24
760,3297,10000,2024-01-23,36
761,5785,10000,2024-01-23,24
762,7224,5000,2024-09-28,12
763,9716,5000,2024-03-09,12
764,8165,5000,2024-01-13,24
765,5561,15000,2024-09-22,24
766,975,15000,2024-09-04,12
767,6277,5000,2024-02-28,36
768,6225,25000,2024-09-14,24
769,6494,25000,2024-07-26,12
770,1671,25000,2024-05-08,36
771,7119,5000,2024-07-16,24
772,8185,15000,2024-11-05,24
773,5172,10000,2024-10-01,36
774,6638,25000,2024-04-06,24
775,4806,5000,2024-01-28,24
776,6762,5000,2024-05-12,12
777,2804,10000,2024-11-27,36
778,9724,15000,2024-10-01,24
779,3817,15000,2024-04-13,12
780,5134,5000,2024-02-11,24
781,4080,10000,2024-06-01,12
782,8076,15000,2024-10-17,24
783,8774,10000,2024-01-09,24
784,6263,10000,2024-08-11,24
785,7819,5000,2024-02-08,24
786,3558,10000,2024-02-07,24
787,7351,10000,2024-09-27,36
788,2383,10000,2024-04-18,36
789,5682,25000,2024-12-11,36
790,231,10000,2024-02-29,12
791,6455,10000,2024-03-02,36
792,1884,5000,2024-01-31,24
793,6032,15000,2024-01-30,24
794,8877,15000,2024-03-06,36
795,4177,10000,2024-09-19,12
796,9491,5000,2024-06-06,24
797,4484,5000,2024-06-09,12
798,4923,10000,2024-12-24,24
799,1369,10000,2024-04-20,12
800,2267,15000,2024-02-07,12
801,652,15000,2024-07-30,12
802,2111,15000,2024-05-16,24
803,3099,10000,2024-12-07,24
804,2756,15000,2024-06-06,36
805,7549,5000,2024-05-13,12
806,4049,25000,2024-07-07,12
807,1178,25000,2024-06-13,24
808,7750,25000,2024-03-19,12
809,9235,5000,2024-09-08,12
810,2557,25000,2024-07-24,24
811,6795,10000,2024-05-27,24
812,9816,10000,2024-10-12,24
813,7597,25000,2024-01-18,24
814,2085,25000,2024-07-09,24
815,2472,15000,2024-07-03,24
816,4779,5000,2024-08-04,12
817,2386,15000,2024-03-28,24
818,8158,5000,2024-04-04,36
819,9487,15000,2024-09-30,12
820,919,10000,2024-03-01,36
821,4748,5000,2024-03-22,24
822,9796,25000,2024-03-18,24
823,5737,5000,2024-07-14,12
824,5582,5000,2024-11-16,24
825,1082,15000,2024-02-09,12
826,8568,25000,2024-01-24,12
827,7867,15000,2024-06-08,24
828,7624,25000,2024-09-22,12
829,6551,15000,2024-05-16,12
830,9601,25000,2024-02-08,12
831,2104,5000,2024-04-17,24
832,5636,10000,2024-08-14,12
833,5917,25000,2024-03-09,36
834,8209,15000,2024-09-19,12
835,433,5000,2024-10-05,12
836,4051,15000,2024-12-10,24
837,237,5000,2024-01-17,12
838,307,5000,2024-11-29,24
839,5882,25000,2024-08-14,12
840,24,15000,2024-07-10,36
841,5420,5000,2024-11-16,24
842,9206,15000,2024-12-07,36
843,681,5000,2024-01-28,12
844,1516,25000,2024-11-09,36
845,952,10000,2024-08-02,12
846,5408,10000,2024-01-18,12
847,415,10000,2024-04-19,12
848,4849,10000,2024-04-30,12
849,9616,25000,2024-10-26,12
850,4512,25000,2024-03-04,12
851,4972,25000,2024-02-06,24
852,4986,15000,2024-01-03,12
853,7970,5000,2024-09-26,12
854,7651,5000,2024-05-14,12
855,5371,10000,2024-03-23,36
856,6522,10000,2024-07-25,36
857,5458,5000,2024-06-15,24
858,450,5000,2024-05-12,36
859,7329,5000,2024-03-19,24
860,8284,25000,2024-11-03,12
861,6629,25000,2024-04-18,12
862,7587,25000,2024-01-26,24
863,2952,10000,2024-06-15,24
864,3126,25000,2024-06-21,24
865,6745,5000,2024-11-28,12
866,1538,10000,2024-01-31,36
867,3169,10000,2024-05-30,12
868,5688,25000,2024-02-09,24
869,1896,10000,2024-10-14,12
870,7804,5000,2024-12-22,12
871,8377,10000,2024-09-16,12
872,1457,15000,2024-03-21,36
873,1495,5000,2024-12-05,36
874,5061,5000,2024-06-22,12
875,9341,25000,2024-03-15,12
876,9480,5000,2024-02-11,24
877,1751,5000,2024-04-06,12
878,9437,10000,2024-06-15,36
879,6488,15000,2024-07-16,36
880,174,10000,2024-04-12,12
881,4313,15000,2024-02-16,36
882,3278,5000,2024-06-14,36
883,2022,10000,2024-01-18,36
884,5699,10000,2024-01-02,12
885,1397,25000,2024-04-14,24
886,174,10000,2024-04-11,36
887,6222,15000,2024-06-30,24
888,7552,15000,2024-07-27,12
889,2247,5000,2024-12-09,24
890,6746,25000,2024-08-03,24
891,3079,25000,2024-09-16,24
892,3052,10000,2024-01-07,12
893,4730,5000,2024-07-25,12
894,1700,15000,2024-02-26,12
895,6669,25000,2024-01-30,12
896,9155,5000,2024-09-07,36
897,3092,10000,2024-08-08,12
898,3785,25000,2024-08-28,24
899,1845,10000,2024-06-20,24
900,6398,15000,2024-09-01,12
901,3252,15000,2024-07-23,36
902,7521,5000,2024-08-18,36
903,9943,10000,2024-12-11,12
904,893,5000,2024-02-05,36
905,8407,15000,2024-04-08,24
906,3430,25000,2024-09-14,36
907,6746,15000,2024-05-21,36
908,3645,5000,2024-07-26,12
909,5340,10000,2024-04-22,24
910,606,15000,2024-04-09,36
911,8744,5000,2024-04-13,36
912,4415,10000,2024-08-27,24
913,2514,5000,2024-08-28,36
914,7044,15000,2024-10-17,24
915,1178,10000,2024-05-28,36
916,5182,15000,2024-08-07,12
917,1484,15000,2024-03-22,36
918,3312,15000,2024-10-14,36
919,4286,15000,2024-05-30,36
920,7314,15000,2024-05-13,24
921,9738,5000,2024-10-11,24
922,9689,25000,2024-11-14,12
923,8265,25000,2024-08-12,12
924,5359,15000,2024-05-04,12
925,6560,15000,2024-04-05,12
926,1091,15000,2024-12-02,12
927,9809,10000,2024-08-27,24
928,4803,15000,2024-11-09,12
929,9180,10000,2024-03-25,36
930,1592,5000,2024-03-24,12
931,5902,25000,2024-12-08,12
932,8080,15000,2024-09-28,12
933,8780,25000,2024-01-06,12
934,9035,5000,2024-01-07,24
935,3650,25000,2024-01-14,12
936,1566,5000,2024-01-03,24
937,3610,15000,2024-08-12,12
938,2930,5000,2024-10-31,24
939,722,15000,2024-10-18,12
940,1805,25000,2024-10-11,36
941,655,5000,2024-06-16,24
942,8337,10000,2024-05-11,24
943,7685,10000,2024-04-30,12
944,9889,10000,2024-08-23,24
945,6454,15000,2024-01-23,24
946,4240,5000,2024-04-11,24
947,893,10000,2024-05-11,36
948,4291,15000,2024-09-30,12
949,1661,10000,2024-01-01,36
950,4914,25000,2024-02-01,36
951,7337,25000,2024-05-28,12
952,7351,25000,2024-06-14,36
953,3921,10000,2024-10-23,36
954,9329,15000,2024-06-25,24
955,1300,10000,2024-12-06,24
956,2524,15000,2024-04-02,12
957,1661,10000,2024-04-26,12
958,9507,15000,2024-04-05,36
959,8626,10000,2024-02-28,12
960,7631,5000,2024-05-20,12
961,4513,5000,2024-11-12,24
962,1859,15000,2024-02-20,36
963,8903,25000,2024-09-11,24
964,8330,25000,2024-03-31,24
965,1754,25000,2024-11-16,24
966,7336,15000,2024-10-31,36
967,6278,5000,2024-06-25,36
968,1185,15000,2024-04-12,36
969,6928,10000,2024-05-21,24
970,734,10000,2024-01-30,12
971,1852,10000,2024-05-21,36
972,6521,10000,2024-07-21,12
973,9546,10000,2024-08-10,24
974,8587,10000,2024-12-13,36
975,5292,25000,2024-11-13,12
976,2518,25000,2024-01-03,36
977,7590,10000,2024-02-08,24
978,3328,15000,2024-10-01,36
979,6125,5000,2024-12-26,24
980,2067,10000,2024-04-07,24
981,247,10000,2024-05-07,12
982,5325,15000,2024-06-15,24
983,7588,25000,2024-09-22,24
984,3139,15000,2024-12-10,36
985,342,5000,2024-05-30,24
986,2435,5000,2024-09-04,24
987,342,15000,2024-02-28,24
988,108,10000,2024-08-05,24
989,6821,25000,2024-03-23,12
990,4729,10000,2024-04-11,36
991,5094,10000,2024-05-27,36
992,5522,10000,2024-08-31,24
993,9989,10000,2024-10-26,12
994,5227,25000,2024-09-30,12
995,7803,15000,2024-02-17,24
996,2385,5000,2024-11-26,24
997,5921,5000,2024-09-06,36
998,8801,25000,2024-08-04,36
999,5924,15000,2024-08-22,36
1000,5469,25000,2024-01-01,36
1001,7697,10000,2024-04-06,24
1002,2740,25000,2024-09-19,24
1003,4824,15000,2024-12-16,36
1004,5061,5000,2024-03-30,36
1005,7041,25000,2024-07-17,24
1006,8403,5000,2024-04-09,36
1007,8478,5000,2024-05-31,24
1008,5839,5000,2024-03-09,36
1009,8686,15000,2024-08-01,24
1010,1018,10000,2024-04-17,12
1011,3491,10000,2024-06-12,24
1012,2885,15000,2024-11-01,12
1013,2815,10000,2024-09-04,12
1014,8715,10000,2024-10-28,36
1015,4915,10000,2024-07-16,12
1016,9849,25000,2024-10-05,36
1017,7916,10000,2024-01-12,12
1018,3065,25000,2024-06-04,12
1019,590,5000,2024-07-04,36
1020,8827,25000,2024-08-23,24
1021,8400,10000,2024-11-12,36
1022,2234,15000,2024-08-11,12
1023,9169,5000,2024-02-03,36
1024,1314,5000,2024-12-15,36
1025,8170,25000,2024-04-10,12
1026,971,15000,2024-09-10,12
1027,4707,10000,2024-09-30,12
1028,6590,25000,2024-06-11,36
1029,9672,25000,2024-02-06,36
1030,9363,5000,2024-10-23,36
1031,3186,25000,2024-07-29,24
1032,7265,15000,2024-03-26,36
1033,9592,25000,2024-03-31,24
1034,7127,25000,2024-09-07,12
1035,2376,15000,2024-07-26,24
1036,4445,25000,2024-10-21,36
1037,6451,10000,2024-09-16,12
1038,199,25000,2024-11-03,24
1039,3249,10000,2024-04-22,12
1040,1148,15000,2024-10-01,12
1041,5277,10000,2024-04-01,24
1042,6751,15000,2024-09-29,12
1043,4707,10000,2024-06-21,12
1044,4036,10000,2024-05-09,36
1045,9918,15000,2024-03-28,12
1046,9510,15000,2024-09-02,24
1047,3969,10000,2024-02-24,24
1048,5055,15000,2024-12-12,36
1049,1427,5000,2024-01-04,36
1050,1842,25000,2024-12-21,24
1051,7288,10000,2024-11-11,24
1052,4864,5000,2024-01-29,36
1053,6175,5000,2024-07-07,24
1054,2145,5000,2024-02-15,12
1055,9686,15000,2024-04-06,36
1056,705,25000,2024-02-18,36
1057,9961,10000,2024-04-29,36
1058,1070,25000,2024-05-25,36
1059,7729,10000,2024-11-27,12
1060,6481,25000,2024-09-05,36
1061,6818,25000,2024-03-14,36
1062,6429,5000,2024-09-29,24
1063,6278,15000,2024-04-16,36
1064,8961,10000,2024-12-17,24
1065,8452,10000,2024-07-02,24
1066,6647,10000,2024-12-10,24
1067,6736,5000,2024-11-03,12
1068,2944,5000,2024-03-11,36
1069,9780,5000,2024-01-20,36
1070,8276,5000,2024-06-05,24
1071,4506,5000,2024-12-04,36
1072,5276,25000,2024-08-12,24
1073,3562,10000,2024-06-26,36
1074,6472,25000,2024-04-27,24
1075,9832,5000,2024-06-07,24
1076,2394,15000,2024-01-13,24
1077,6241,5000,2024-02-25,12
1078,2685,5000,2024-08-27,24
1079,2231,5000,2024-10-01,12
1080,9006,10000,2024-11-21,12
1081,3748,10000,2024-06-04,24
1082,896,15000,2024-03-20,12
1083,8853,10000,2024-04-23,36
1084,5041,5000,2024-02-02,12
1085,1111,15000,2024-04-23,12
1086,3746,15000,2024-03-03,12
1087,6824,15000,2024-01-26,12
1088,9351,5000,2024-03-27,24
1089,2138,10000,2024-09-13,36
1090,1841,25000,2024-04-02,36
1091,1911,10000,2024-07-18,12
1092,743,25000,2024-12-27,36
1093,3161,5000,2024-07-23,24
1094,1317,10000,2024-03-24,12
1095,4542,5000,2024-04-16,12
1096,7567,5000,2024-09-03,12
1097,7682,15000,2024-01-05,36
1098,7008,10000,2024-09-24,12
1099,3806,15000,2024-10-30,12
1100,9233,10000,2024-01-14,36
1101,8109,5000,2024-11-04,24
1102,1732,15000,2024-08-05,36
1103,9848,5000,2024-08-21,24
1104,7410,25000,2024-02-14,24
1105,1568,5000,2024-06-08,24
1106,1811,25000,2024-06-06,12
1107,7875,25000,2024-09-24,24
1108,5124,15000,2024-04-09,12
1109,9687,15000,2024-03-23,36
1110,8797,10000,2024-02-13,24
1111,8670,10000,2024-06-01,12
1112,7281,15000,2024-06-18,12
1113,5853,10000,2024-01-21,24
1114,4706,5000,2024-09-06,24
1115,142,5000,2024-07-07,24
1116,4656,5000,2024-11-17,12
1117,2099,5000,2024-12-22,12
1118,5390,5000,2024-01-21,24
1119,1287,25000,2024-10-08,36
1120,9402,5000,2024-06-08,12
1121,808,10000,2024-08-06,12
1122,7389,15000,2024-01-17,36
1123,3806,15000,2024-01-04,36
1124,4505,10000,2024-02-08,36
1125,974,10000,2024-09-27,12
1126,2939,10000,2024-10-15,36
1127,86,15000,2024-07-07,36
1128,7724,10000,2024-05-21,12
1129,9989,10000,2024-12-11,12
1130,9500,25000,2024-10-29,12
1131,8652,25000,2024-05-09,36
1132,2509,25000,2024-12-11,24
1133,1145,15000,2024-11-17,24
1134,7829,10000,2024-06-24,12
1135,4665,5000,2024-07-12,36
1136,4646,15000,2024-12-02,36
1137,5833,25000,2024-09-30,36
1138,9602,25000,2024-06-27,12
1139,4267,15000,2024-08-27,24
1140,9546,15000,2024-05-11,36
1141,4131,10000,2024-03-21,24
1142,9417,15000,2024-06-09,24
1143,1192,5000,2024-06-29,36
1144,9725,5000,2024-09-25,12
1145,9440,15000,2024-11-22,24
1146,5922,5000,2024-02-27,24
1147,2026,10000,2024-07-09,24
1148,3512,15000,2024-11-16,24
1149,5742,5000,2024-12-25,24
1150,8025,25000,2024-02-11,36
1151,7873,10000,2024-04-04,12
1152,3693,15000,2024-12-21,24
1153,6500,15000,2024-03-29,12
1154,8160,15000,2024-04-18,12
1155,4629,25000,2024-08-20,36
1156,6517,5000,2024-10-22,12
1157,3484,15000,2024-12-15,12
1158,1016,5000,2024-04-11,12
1159,6158,10000,2024-01-21,12
1160,6359,25000,2024-03-23,24
1161,2584,25000,2024-06-09,36
1162,5140,10000,2024-07-16,36
1163,928,10000,2024-02-11,36
1164,9704,15000,2024-02-06,12
1165,1738,10000,2024-07-18,12
1166,6580,25000,2024-11-28,24
1167,3039,5000,2024-06-02,12
1168,7220,5000,2024-02-08,12
1169,6501,5000,2024-02-16,36
1170,1722,5000,2024-11-07,12
1171,2767,5000,2024-04-19,36
1172,2826,5000,2024-07-04,36
1173,6671,25000,2024-07-03,36
1174,8411,10000,2024-11-22,12
1175,8714,25000,2024-08-03,12
1176,405,15000,2024-04-19,24
1177,5139,5000,2024-07-18,36
1178,8772,10000,2024-06-21,24
1179,6159,10000,2024-11-16,12
1180,4422,5000,2024-01-04,12
1181,3698,10000,2024-03-01,12
1182,5067,5000,2024-06-19,24
1183,158,15000,2024-12-26,12
1184,3176,5000,2024-05-26,12
1185,5912,15000,2024-12-07,12
1186,9814,10000,2024-12-21,24
1187,7044,25000,2024-05-08,24
1188,7922,10000,2024-05-26,12
1189,806,25000,2024-02-20,36
1190,9498,5000,2024-03-04,24
1191,8706,10000,2024-03-03,24
1192,7236,10000,2024-10-11,36
1193,504,15000,2024-02-12,24
1194,7237,5000,2024-03-10,36
1195,7727,25000,2024-09-12,36
1196,5987,5000,2024-10-21,36
1197,5184,15000,2024-01-23,36
1198,2640,15000,2024-09-13,36
1199,8958,15000,2024-03-01,24
1200,237,5000,2024-07-25,12
1201,4492,15000,2024-10-07,36
1202,5961,5000,2024-05-11,24
1203,1800,15000,2024-12-30,12
1204,3388,10000,2024-12-29,12
1205,4000,25000,2024-01-01,24
1206,1447,5000,2024-02-09,12
1207,132,25000,2024-10-03,12
1208,6370,5000,2024-09-03,36
1209,5593,5000,2024-05-17,36
1210,4214,10000,2024-11-17,24
1211,6060,10000,2024-01-17,36
1212,1459,5000,2024-05-03,12
1213,5299,15000,2024-03-31,12
1214,2023,5000,2024-09-02,36
1215,1949,5000,2024-04-22,24
1216,6606,10000,2024-05-05,24
1217,9813,10000,2024-09-22,36
1218,6862,25000,2024-08-28,24
1219,7272,25000,2024-05-17,24
1220,7868,15000,2024-09-02,12
1221,9950,25000,2024-08-25,36
1222,4719,25000,2024-10-29,36
1223,4151,25000,2024-01-09,12
1224,524,15000,2024-02-15,12
1225,2482,5000,2024-12-24,36
1226,4485,5000,2024-05-03,36
1227,6811,15000,2024-03-08,12
1228,7503,5000,2024-12-30,24
1229,8538,25000,2024-11-19,12
1230,2313,25000,2024-05-11,24
1231,7016,25000,2024-12-26,36
1232,7272,25000,2024-08-24,36
1233,9891,5000,2024-07-31,36
1234,141,15000,2024-02-28,36
1235,6893,15000,2024-06-01,36
1236,7777,15000,2024-10-07,12
1237,9314,10000,2024-03-22,36
1238,2884,15000,2024-08-25,36
1239,7629,10000,2024-11-07,36
1240,9227,15000,2024-02-18,36
1241,7462,25000,2024-03-05,24
1242,9175,15000,2024-07-07,36
1243,3461,10000,2024-01-09,24
1244,2585,25000,2024-04-05,24
1245,4734,10000,2024-03-25,36
1246,9349,5000,2024-02-05,24
1247,9770,5000,2024-03-23,36
1248,6548,5000,2024-06-11,24
1249,1308,25000,2024-08-01,12
1250,2853,25000,2024-08-08,36
1251,2225,10000,2024-11-13,36
1252,3445,25000,2024-11-14,24
1253,1252,15000,2024-04-28,12
1254,9864,10000,2024-03-16,36
1255,1396,15000,2024-03-09,24
1256,9207,25000,2024-04-03,24
1257,4742,15000,2024-11-14,36
1258,757,25000,2024-11-12,24
1259,7305,25000,2024-12-20,36
1260,2621,15000,2024-10-19,12
1261,2430,5000,2024-09-10,12
1262,9424,25000,2024-01-04,12
1263,7806,10000,2024-02-25,12
1264,4025,10000,2024-02-12,24
1265,35,5000,2024-10-03,24
1266,7434,15000,2024-02-27,24
1267,21,5000,2024-09-06,36
1268,2313,15000,2024-05-23,12
1269,457,5000,2024-11-04,36
1270,7288,25000,2024-01-18,12
1271,7901,10000,2024-11-08,36
1272,4479,5000,2024-12-16,24
1273,1063,10000,2024-06-14,24
1274,7921,15000,2024-02-01,24
1275,7128,5000,2024-04-21,36
1276,7190,5000,2024-08-12,24
1277,9783,5000,2024-10-01,24
1278,8095,5000,2024-12-05,12
1279,8239,10000,2024-10-30,36
1280,4842,25000,2024-03-14,36
1281,4635,10000,2024-06-02,24
1282,7650,25000,2024-04-19,36
1283,5168,5000,2024-12-03,24
1284,4775,25000,2024-06-21,36
1285,5080,10000,2024-09-27,12
1286,7249,5000,2024-05-25,36
1287,1654,10000,2024-10-13,24
1288,45,10000,2024-04-11,36
1289,4371,10000,2024-01-15,36
1290,3765,25000,2024-09-05,12
1291,3033,5000,2024-03-05,36
1292,4328,5000,2024-12-26,12
1293,86,10000,2024-06-22,12
1294,1614,15000,2024-11-26,12
1295,6782,10000,2024-12-23,24
1296,7228,25000,2024-01-30,12
1297,3292,25000,2024-02-10,36
1298,8780,5000,2024-03-07,36
1299,8795,15000,2024-09-29,12
1300,6782,25000,2024-01-26,12
1301,3517,5000,2024-04-27,12
1302,1257,15000,2024-11-24,24
1303,3036,15000,2024-07-27,12
1304,7517,5000,2024-12-22,12
1305,5287,25000,2024-09-04,12
1306,4956,10000,2024-04-04,12
1307,9002,25000,2024-11-09,12
1308,638,25000,2024-04-04,36
1309,153,25000,2024-04-11,36
1310,5910,5000,2024-08-01,36
1311,2739,5000,2024-05-10,24
1312,139,10000,2024-05-11,24
1313,6240,25000,2024-04-11,36
1314,726,25000,2024-02-26,12
1315,5701,10000,2024-07-11,12
1316,2366,15000,2024-09-11,24
1317,19,15000,2024-06-10,24
1318,9629,10000,2024-02-01,12
1319,1962,25000,2024-06-20,24
1320,1852,5000,2024-04-06,12
1321,7113,25000,2024-05-18,36
1322,5522,10000,2024-10-18,24
1323,9055,10000,2024-05-20,36
1324,101,10000,2024-11-08,24
1325,8785,5000,2024-06-01,36
1326,6839,25000,2024-07-16,36
1327,7136,5000,2024-12-11,24
1328,6030,15000,2024-05-11,24
1329,2510,25000,2024-12-30,36
1330,1956,10000,2024-01-26,36
1331,9847,25000,2024-09-25,12
1332,7079,10000,2024-03-12,36
1333,7544,5000,2024-10-29,24
1334,4781,25000,2024-07-26,12
1335,9881,10000,2024-06-18,12
1336,911,5000,2024-08-18,36
1337,6164,25000,2024-10-13,12
1338,7994,25000,2024-06-16,24
1339,6716,15000,2024-08-02,24
1340,6143,25000,2024-04-25,36
1341,6606,15000,2024-05-23,12
1342,1182,25000,2024-11-07,36
1343,7532,15000,2024-11-25,36
1344,605,5000,2024-02-05,36
1345,5850,25000,2024-08-10,12
1346,2371,5000,2024-08-23,24
1347,203,25000,2024-12-17,24
1348,243,25000,2024-12-01,12
1349,9722,25000,2024-07-02,36
1350,6232,25000,2024-08-29,24
1351,3741,25000,2024-10-30,36
1352,2722,25000,2024-07-26,24
1353,6027,10000,2024-02-27,36
1354,8852,25000,2024-09-27,36
1355,8905,15000,2024-05-28,36
1356,9367,25000,2024-03-04,24
1357,5220,5000,2024-05-14,36
1358,8439,15000,2024-11-03,24
1359,731,15000,2024-01-19,24
1360,1561,15000,2024-03-26,24
1361,9177,10000,2024-06-22,24
1362,8688,25000,2024-02-07,12
1363,5409,5000,2024-05-20,24
1364,6559,5000,2024-10-26,36
1365,2576,5000,2024-07-17,24
1366,7509,10000,2024-02-04,36
1367,1083,10000,2024-05-10,12
1368,2754,10000,2024-08-14,24
1369,2959,25000,2024-05-23,12
1370,8736,10000,2024-05-23,24
1371,6834,5000,2024-07-12,24
1372,4315,10000,2024-12-23,12
1373,5091,5000,2024-12-02,36
1374,2151,15000,2024-06-14,36
1375,6104,5000,2024-01-24,36
1376,884,15000,2024-08-02,24
1377,2678,25000,2024-12-29,36
1378,5239,10000,2024-11-08,36
1379,3976,25000,2024-08-23,24
1380,7,25000,2024-05-02,12
1381,7646,25000,2024-02-25,36
1382,9738,15000,2024-03-26,12
1383,5401,10000,2024-11-17,24
1384,2090,25000,2024-03-18,24
1385,4192,25000,2024-04-01,36
1386,5624,5000,2024-11-28,36
1387,2294,5000,2024-09-04,12
1388,7392,10000,2024-04-11,36
1389,4210,5000,2024-12-02,12
1390,4426,15000,2024-03-13,24
1391,3225,15000,2024-11-13,12
1392,1241,15000,2024-08-19,24
1393,7518,25000,2024-01-14,36
1394,3494,10000,2024-07-12,12
1395,3591,15000,2024-08-21,12
1396,8909,15000,2024-07-06,12
1397,8456,15000,2024-10-03,36
1398,6945,15000,2024-01-30,36
1399,318,15000,2024-01-25,36
1400,2208,15000,2024-07-05,12
1401,641,10000,2024-08-18,12
1402,859,15000,2024-12-20,24
1403,4244,10000,2024-05-13,12
1404,9663,10000,2024-05-10,24
1405,9167,10000,2024-04-21,36
1406,9478,15000,2024-05-08,24
1407,8244,15000,2024-03-05,24
1408,1020,10000,2024-01-26,12
1409,7901,10000,2024-01-18,12
1410,8480,15000,2024-05-13,24
1411,5374,5000,2024-07-21,24
1412,6358,5000,2024-09-10,36
1413,5212,5000,2024-02-09,12
1414,7773,15000,2024-01-30,36
1415,4739,10000,2024-03-18,24
1416,3902,5000,2024-11-25,36
1417,7903,25000,2024-09-05,12
1418,4934,25000,2024-10-13,24
1419,7671,10000,2024-06-12,24
1420,1550,25000,2024-11-30,36
1421,4935,15000,2024-02-17,12
1422,2667,25000,2024-03-18,24
1423,2454,10000,2024-04-20,24
1424,1568,5000,2024-12-08,36
1425,3753,15000,2024-09-29,24
1426,8480,10000,2024-10-09,24
1427,2474,15000,2024-12-29,12
1428,436,5000,2024-09-10,12
1429,9182,5000,2024-05-05,36
1430,6225,5000,2024-06-19,24
1431,2406,15000,2024-07-21,12
1432,8447,25000,2024-05-08,36
1433,1835,15000,2024-10-06,12
1434,7043,5000,2024-01-08,36
1435,8657,15000,2024-10-12,36
1436,4352,15000,2024-01-18,24
1437,423,25000,2024-11-28,36
1438,5934,5000,2024-05-01,36
1439,9481,25000,2024-05-05,12
1440,6073,5000,2024-08-15,36
1441,9541,10000,2024-03-23,36
1442,555,5000,2024-07-06,12
1443,7,15000,2024-06-02,12
1444,1766,10000,2024-05-03,12
1445,2092,15000,2024-12-19,12
1446,4831,10000,2024-11-04,24
1447,1658,15000,2024-04-04,24
1448,9004,10000,2024-05-01,36
1449,6095,10000,2024-12-27,12
1450,7464,15000,2024-03-11,24
1451,9421,10000,2024-04-13,36
1452,1963,15000,2024-06-02,24
1453,491,25000,2024-08-31,24
1454,8510,15000,2024-06-09,24
1455,8083,25000,2024-06-09,36
1456,2549,10000,2024-06-28,24
1457,9409,5000,2024-06-16,36
1458,8525,25000,2024-02-23,12
1459,1177,5000,2024-08-26,12
1460,6100,5000,2024-12-19,12
1461,2601,15000,2024-02-18,12
1462,3095,15000,2024-12-25,24
1463,2264,5000,2024-05-13,24
1464,1067,15000,2024-10-15,12
1465,5745,5000,2024-05-12,36
1466,2791,15000,2024-05-25,24
1467,7080,15000,2024-05-10,24
1468,1674,15000,2024-12-19,36
1469,2364,5000,2024-05-01,36
1470,3724,10000,2024-01-02,36
1471,3502,15000,2024-03-05,12
1472,2815,15000,2024-10-17,12
1473,6643,5000,2024-11-19,36
1474,349,25000,2024-02-04,12
1475,2123,5000,2024-11-23,12
1476,4134,15000,2024-10-11,36
1477,212,15000,2024-11-29,24
1478,3530,10000,2024-10-24,12
1479,7738,15000,2024-04-22,36
1480,6350,25000,2024-04-03,36
1481,4101,15000,2024-04-23,36
1482,9459,15000,2024-01-07,24
1483,148,10000,2024-01-22,36
1484,1710,25000,2024-02-26,36
1485,3023,25000,2024-06-21,24
1486,3991,15000,2024-06-30,36
1487,7855,25000,2024-01-02,12
1488,3837,10000,2024-11-08,24
1489,8184,5000,2024-04-27,24
1490,4524,15000,2024-03-24,36
1491,369,15000,2024-11-26,12
1492,7145,25000,2024-10-16,24
1493,1471,15000,2024-02-13,36
1494,2598,15000,2024-03-09,36
1495,1303,10000,2024-02-22,24
1496,1895,5000,2024-12-15,24
1497,2525,5000,2024-10-15,36
1498,1089,25000,2024-11-27,24
1499,5706,10000,2024-11-20,12
1500,1327,10000,2024-05-08,12
1501,7485,10000,2024-06-11,36
1502,4270,10000,2024-09-07,12
1503,7583,15000,2024-01-25,36
1504,9476,25000,2024-05-11,24
1505,3357,25000,2024-11-24,24
1506,6217,15000,2024-04-27,36
1507,1103,25000,2024-08-23,36
1508,1068,10000,2024-04-24,24
1509,745,15000,2024-05-04,36
1510,3075,15000,2024-07-13,12
1511,2491,5000,2024-04-03,12
1512,7545,15000,2024-07-30,12
1513,3765,5000,2024-05-06,24
1514,6022,15000,2024-05-17,24
1515,2863,25000,2024-05-27,24
1516,9075,5000,2024-10-22,36
1517,5956,5000,2024-03-15,24
1518,6869,5000,2024-01-15,24
1519,2561,5000,2024-06-04,12
1520,4792,10000,2024-12-29,24
1521,3835,15000,2024-02-04,36
1522,2775,10000,2024-01-07,36
1523,8269,25000,2024-06-30,12
1524,3115,15000,2024-06-18,12
1525,5705,10000,2024-10-20,36
1526,1013,15000,2024-07-29,12
1527,4286,10000,2024-11-15,12
1528,9067,25000,2024-02-26,36
1529,4358,10000,2024-12-29,12
1530,3557,25000,2024-05-03,36
1531,2326,5000,2024-07-12,36
1532,6958,10000,2024-03-23,36
1533,9918,5000,2024-07-19,12
1534,3989,25000,2024-09-08,36
1535,2355,5000,2024-12-02,24
1536,6694,10000,2024-01-02,24
1537,2395,15000,2024-09-26,24
1538,5543,10000,2024-08-28,12
1539,4522,5000,2024-05-25,36
1540,42,5000,2024-11-21,24
1541,1849,10000,2024-03-16,36
1542,4192,10000,2024-08-17,12
1543,7431,10000,2024-11-29,12
1544,2867,10000,2024-09-25,24
1545,9839,25000,2024-03-13,12
1546,6894,15000,2024-04-15,12
1547,8397,5000,2024-08-11,36
1548,3335,25000,2024-01-10,36
1549,3660,10000,2024-10-09,24
1550,7080,10000,2024-09-26,24
1551,655,25000,2024-09-21,36
1552,2363,10000,2024-05-16,12
1553,9585,5000,2024-08-05,24
1554,8076,5000,2024-08-11,36
1555,5372,5000,2024-12-26,12
1556,5453,25000,2024-10-17,12
1557,4840,10000,2024-06-02,12
1558,7594,25000,2024-06-17,24
1559,285,5000,2024-12-30,24
1560,9533,25000,2024-04-15,36
1561,512,10000,2024-04-30,36
1562,4125,10000,2024-03-07,36
1563,3079,15000,2024-10-12,36
1564,4638,15000,2024-10-11,36
1565,8407,15000,2024-03-24,24
1566,5120,5000,2024-11-19,12
1567,3332,15000,2024-01-14,12
1568,2309,5000,2024-12-30,24
1569,1838,25000,2024-06-28,12
1570,8011,10000,2024-02-08,24
1571,5120,25000,2024-10-03,12
1572,5737,15000,2024-11-22,12
1573,566,15000,2024-01-06,36
1574,7640,5000,2024-07-01,24
1575,8993,5000,2024-02-09,12
1576,1279,25000,2024-07-16,24
1577,9494,25000,2024-06-01,24
1578,7192,15000,2024-09-08,36
1579,5085,5000,2024-08-16,36
1580,3505,5000,2024-03-29,36
1581,9184,25000,2024-01-22,12
1582,5614,5000,2024-11-07,12
1583,6518,25000,2024-10-28,12
1584,6906,10000,2024-04-29,12
1585,377,15000,2024-07-02,36
1586,8143,5000,2024-07-24,24
1587,1105,5000,2024-03-30,24
1588,6747,10000,2024-04-25,24
1589,9806,10000,2024-06-11,12
1590,5675,10000,2024-04-13,12
1591,5243,25000,2024-05-27,12
1592,2848,25000,2024-09-27,24
1593,8215,10000,2024-04-19,12
1594,2704,15000,2024-07-18,24
1595,4866,15000,2024-10-06,12
1596,6663,5000,2024-08-12,24
1597,3349,25000,2024-03-20,12
1598,9111,15000,2024-09-07,36
1599,377,5000,2024-08-07,12
1600,6435,15000,2024-10-26,24
1601,9443,25000,2024-05-21,24
1602,9389,15000,2024-03-13,24
1603,9863,15000,2024-07-23,36
1604,7621,25000,2024-08-09,36
1605,6486,5000,2024-06-08,24
1606,1357,5000,2024-03-20,24
1607,1767,10000,2024-04-24,24
1608,5506,5000,2024-01-25,12
1609,9558,10000,2024-06-25,24
1610,5427,25000,2024-10-05,12
1611,3842,5000,2024-10-19,36
1612,3245,25000,2024-08-07,36
1613,544,5000,2024-01-03,24
1614,6048,15000,2024-11-11,36
1615,8968,5000,2024-11-10,12
1616,1621,15000,2024-02-02,12
1617,4313,5000,2024-06-30,24
1618,8724,25000,2024-02-08,24
1619,7829,10000,2024-06-01,36
1620,889,5000,2024-03-03,24
1621,393,25000,2024-03-29,24
1622,9814,15000,2024-04-12,24
1623,3458,15000,2024-12-06,12
1624,7669,15000,2024-07-05,36
1625,2364,15000,2024-06-07,24
1626,7355,25000,2024-02-18,24
1627,9541,5000,2024-08-09,24
1628,318,15000,2024-12-24,12
1629,6538,15000,2024-07-06,12
1630,8897,5000,2024-09-09,24
1631,3772,25000,2024-12-30,36
1632,9234,15000,2024-07-10,12
1633,4245,10000,2024-08-31,24
1634,4654,25000,2024-03-11,36
1635,6886,10000,2024-12-12,24
1636,4007,25000,2024-03-17,36
1637,4643,15000,2024-08-08,12
1638,2128,25000,2024-12-08,36
1639,4614,25000,2024-09-20,12
1640,2750,10000,2024-09-25,12
1641,8436,25000,2024-10-08,36
1642,8201,25000,2024-08-08,12
1643,3655,15000,2024-03-31,36
1644,9516,5000,2024-02-25,36
1645,5440,10000,2024-04-15,12
1646,2371,10000,2024-10-13,12
1647,2604,5000,2024-09-29,12
1648,5748,10000,2024-10-19,12
1649,3534,15000,2024-02-16,12
1650,7566,25000,2024-11-02,24
1651,8585,25000,2024-04-23,24
1652,1252,15000,2024-02-27,24
1653,2967,10000,2024-02-13,24
1654,9359,25000,2024-12-19,24
1655,7572,5000,2024-08-18,36
1656,3008,25000,2024-09-23,12
1657,7814,15000,2024-01-12,24
1658,7207,25000,2024-07-23,36
1659,8385,15000,2024-02-23,36
1660,8519,10000,2024-02-03,24
1661,4121,5000,2024-09-04,24
1662,4198,15000,2024-05-15,24
1663,8855,5000,2024-08-17,24
1664,4838,10000,2024-12-21,36
1665,4026,10000,2024-10-04,12
1666,4258,15000,2024-09-17,12
1667,4774,25000,2024-01-20,36
1668,9078,5000,2024-08-02,24
1669,3954,25000,2024-08-19,12
1670,2295,5000,2024-04-27,24
1671,6318,10000,2024-02-18,12
1672,3468,10000,2024-04-28,12
1673,1033,10000,2024-05-26,12
1674,1472,25000,2024-08-05,36
1675,5114,10000,2024-08-15,24
1676,5691,25000,2024-09-19,12
1677,6806,10000,2024-12-01,12
1678,4072,25000,2024-01-10,12
1679,7740,15000,2024-12-28,24
1680,1149,15000,2024-05-29,12
1681,8233,5000,2024-08-05,36
1682,6481,25000,2024-05-12,12
1683,3757,25000,2024-07-22,12
1684,7409,15000,2024-01-24,36
1685,7262,15000,2024-05-22,24
1686,6664,15000,2024-12-09,24
1687,3797,5000,2024-08-03,12
1688,3448,15000,2024-08-21,24
1689,8277,5000,2024-02-24,36
1690,7833,5000,2024-12-19,24
1691,4458,15000,2024-06-19,12
1692,5371,15000,2024-06-21,36
1693,2640,15000,2024-10-07,12
1694,9223,25000,2024-05-23,36
1695,7688,10000,2024-09-03,36
1696,931,25000,2024-01-29,12
1697,1822,5000,2024-11-15,12
1698,5903,5000,2024-05-03,24
1699,5828,10000,2024-06-21,24
1700,3810,10000,2024-08-21,12
1701,9786,15000,2024-12-30,12
1702,5532,25000,2024-01-26,24
1703,9313,25000,2024-03-25,12
1704,9874,25000,2024-02-19,36
1705,1925,10000,2024-06-03,24
1706,2441,25000,2024-04-09,24
1707,7014,10000,2024-03-20,36
1708,3443,25000,2024-01-29,36
1709,1208,10000,2024-05-14,12
1710,9359,25000,2024-03-02,12
1711,5583,5000,2024-03-11,36
1712,8254,10000,2024-10-16,36
1713,8355,15000,2024-05-12,24
1714,4648,5000,2024-04-26,24
1715,7403,5000,2024-01-08,24
1716,9276,10000,2024-07-18,12
1717,239,25000,2024-02-12,24
1718,3787,25000,2024-06-28,36
1719,8630,10000,2024-11-25,24
1720,8721,25000,2024-09-13,36
1721,8297,25000,2024-02-07,36
1722,7261,25000,2024-09-19,12
1723,9431,10000,2024-12-02,12
1724,6633,10000,2024-07-02,24
1725,8343,15000,2024-10-06,24
1726,1794,25000,2024-10-17,24
1727,6957,25000,2024-07-19,12
1728,8823,10000,2024-02-11,36
1729,8108,15000,2024-10-26,36
1730,207,10000,2024-01-04,12
1731,2823,10000,2024-12-29,24
1732,9026,15000,2024-04-28,12
1733,1501,10000,2024-03-17,36
1734,6708,5000,2024-10-06,12
1735,4322,15000,2024-11-22,12
1736,8996,25000,2024-05-02,36
1737,6834,25000,2024-12-12,12
1738,6250,15000,2024-12-15,12
1739,3148,25000,2024-06-04,12
1740,4612,5000,2024-11-24,24
1741,1847,25000,2024-04-12,36
1742,8135,15000,2024-12-24,24
1743,6419,10000,2024-12-06,36
1744,3720,15000,2024-04-11,36
1745,6095,15000,2024-02-14,36
1746,2066,5000,2024-12-10,12
1747,4381,25000,2024-03-10,24
1748,4746,15000,2024-02-18,36
1749,8186,25000,2024-04-28,24
1750,6401,10000,2024-12-05,24
1751,9435,15000,2024-10-22,24
1752,2405,15000,2024-01-18,24
1753,256,25000,2024-02-16,12
1754,6478,5000,2024-01-01,12
1755,7536,5000,2024-06-09,36
1756,6141,25000,2024-10-21,36
1757,6159,15000,2024-04-21,12
1758,179,10000,2024-01-23,36
1759,7613,5000,2024-08-31,12
1760,7940,5000,2024-09-26,24
1761,5523,10000,2024-09-09,24
1762,4184,5000,2024-10-19,12
1763,6238,25000,2024-03-11,36
1764,4941,15000,2024-03-16,36
1765,28,5000,2024-06-13,12
1766,8246,10000,2024-09-19,12
1767,8513,25000,2024-04-18,24
1768,3631,25000,2024-06-28,36
1769,6904,25000,2024-05-24,24
1770,6774,25000,2024-07-08,12
1771,5922,15000,2024-06-13,36
1772,332,25000,2024-01-14,24
1773,1718,25000,2024-08-31,36
1774,317,25000,2024-11-06,36
1775,6245,10000,2024-02-26,12
1776,3552,10000,2024-01-04,24
1777,6099,10000,2024-08-01,12
1778,2918,10000,2024-02-18,24
1779,7793,5000,2024-03-21,12
1780,9555,25000,2024-02-04,12
1781,8340,5000,2024-06-29,12
1782,7464,5000,2024-06-08,24
1783,9925,5000,2024-12-23,12
1784,7575,15000,2024-08-04,36
1785,2629,25000,2024-09-22,12
1786,4574,25000,2024-09-07,36
1787,8049,5000,2024-04-22,24
1788,1210,10000,2024-07-08,36
1789,170,15000,2024-01-02,36
1790,9760,5000,2024-03-03,36
1791,4397,5000,2024-04-29,36
1792,3436,15000,2024-09-01,36
1793,1878,5000,2024-09-28,24
1794,4053,25000,2024-05-10,24
1795,3036,10000,2024-08-04,24
1796,3249,10000,2024-01-18,24
1797,3874,10000,2024-08-18,24
1798,8715,10000,2024-10-24,24
1799,3553,5000,2024-08-19,12
1800,5606,10000,2024-05-03,36
1801,2707,5000,2024-02-19,24
1802,2533,25000,2024-06-25,12
1803,822,5000,2024-01-03,24
1804,3509,5000,2024-03-12,24
1805,195,5000,2024-05-04,12
1806,466,15000,2024-01-05,24
1807,3026,15000,2024-07-03,36
1808,8146,15000,2024-03-24,36
1809,2538,25000,2024-06-01,12
1810,100,10000,2024-07-16,24
1811,8308,5000,2024-08-07,36
1812,5715,5000,2024-01-23,12
1813,6276,10000,2024-05-17,36
1814,9464,15000,2024-06-09,12
1815,2691,25000,2024-03-13,12
1816,1435,5000,2024-07-13,36
1817,1903,10000,2024-04-06,24
1818,3024,15000,2024-03-14,12
1819,7058,25000,2024-01-27,36
1820,6814,10000,2024-06-11,36
1821,6063,10000,2024-03-02,36
1822,2594,5000,2024-09-19,12
1823,6519,25000,2024-07-17,24
1824,4940,25000,2024-08-01,36
1825,4394,15000,2024-09-22,36
1826,7140,15000,2024-01-27,12
1827,7225,5000,2024-03-08,24
1828,2927,25000,2024-07-13,12
1829,6863,15000,2024-10-30,24
1830,6005,25000,2024-12-28,12
1831,1827,10000,2024-11-18,24
1832,6553,10000,2024-12-10,36
1833,1026,10000,2024-11-22,12
1834,786,25000,2024-10-28,24
1835,1801,5000,2024-04-07,36
1836,5187,15000,2024-07-20,36
1837,7237,5000,2024-09-04,24
1838,8553,5000,2024-12-13,12
1839,6602,5000,2024-01-11,36
1840,3398,5000,2024-02-01,24
1841,1227,15000,2024-11-23,12
1842,2641,10000,2024-05-27,36
1843,5051,10000,2024-05-12,24
1844,3650,10000,2024-09-25,36
1845,5912,25000,2024-07-21,12
1846,5638,25000,2024-05-01,12
1847,3204,15000,2024-04-07,36
1848,9993,15000,2024-08-23,12
1849,7236,15000,2024-05-10,12
1850,7294,10000,2024-09-08,24
1851,9609,15000,2024-09-08,36
1852,7851,10000,2024-12-18,36
1853,8528,10000,2024-02-25,24
1854,7856,5000,2024-09-05,12
1855,5939,25000,2024-07-20,36
1856,1962,25000,2024-09-05,36
1857,6948,15000,2024-10-28,24
1858,844,5000,2024-06-24,12
1859,9833,15000,2024-04-14,24
1860,4141,15000,2024-09-01,36
1861,1125,25000,2024-08-12,12
1862,6563,5000,2024-12-18,12
1863,4712,15000,2024-05-30,24
1864,765,15000,2024-11-06,12
1865,9893,15000,2024-02-23,36
1866,5576,10000,2024-11-16,36
1867,7404,25000,2024-08-06,36
1868,4630,10000,2024-11-02,12
1869,9285,15000,2024-08-23,12
1870,1605,5000,2024-12-12,36
1871,9462,10000,2024-06-12,24
1872,6507,10000,2024-10-14,36
1873,531,15000,2024-12-24,24
1874,2791,10000,2024-02-26,36
1875,1253,5000,2024-01-29,24
1876,3942,5000,2024-03-27,24
1877,5629,25000,2024-03-19,12
1878,8850,25000,2024-12-28,24
1879,5234,5000,2024-11-03,12
1880,6387,5000,2024-03-29,36
1881,9361,10000,2024-06-27,24
1882,5793,25000,2024-10-13,24
1883,2487,10000,2024-03-24,36
1884,2844,5000,2024-08-10,36
1885,7790,25000,2024-05-23,24
1886,9923,10000,2024-06-12,24
1887,3239,25000,2024-10-21,12
1888,7701,15000,2024-05-18,12
1889,5285,15000,2024-05-27,24
1890,2690,15000,2024-11-07,24
1891,3333,15000,2024-08-28,36
1892,1199,15000,2024-08-30,36
1893,6955,25000,2024-06-18,12
1894,7264,5000,2024-02-16,12
1895,9573,10000,2024-01-06,36
1896,7051,5000,2024-12-30,36
1897,5262,5000,2024-02-04,36
1898,9383,5000,2024-03-11,36
1899,7871,10000,2024-10-19,36
1900,1343,15000,2024-06-26,36
1901,1655,25000,2024-05-02,12
1902,4754,25000,2024-09-01,36
1903,7137,5000,2024-01-09,24
1904,5982,25000,2024-11-26,24
1905,9181,10000,2024-07-31,24
1906,1078,5000,2024-11-11,24
1907,122,10000,2024-02-20,12
1908,3196,5000,2024-10-28,24
1909,2215,15000,2024-11-22,12
1910,2992,25000,2024-03-04,24
1911,9026,25000,2024-08-19,36
1912,9871,10000,2024-01-21,36
1913,2070,25000,2024-01-05,36
1914,5396,5000,2024-01-06,36
1915,1963,15000,2024-02-12,12
1916,4024,25000,2024-10-08,36
1917,8600,15000,2024-12-14,36
1918,6443,10000,2024-02-23,12
1919,6421,15000,2024-05-10,24
1920,2370,25000,2024-05-18,12
1921,2320,25000,2024-08-02,24
1922,3240,10000,2024-01-25,36
1923,7957,10000,2024-03-05,12
1924,5556,15000,2024-09-16,24
1925,1893,15000,2024-07-16,12
1926,6408,10000,2024-04-18,24
1927,3839,25000,2024-01-16,36
1928,7510,15000,2024-07-21,36
1929,1490,10000,2024-05-21,36
1930,4010,15000,2024-12-23,24
1931,1822,10000,2024-04-22,36
1932,1273,25000,2024-03-14,12
1933,8889,15000,2024-02-22,24
1934,4837,15000,2024-04-27,12
1935,4215,5000,2024-07-04,24
1936,1770,5000,2024-03-03,24
1937,2842,25000,2024-05-20,12
1938,7942,10000,2024-10-27,36
1939,2365,5000,2024-08-13,12
1940,5364,5000,2024-08-12,36
1941,1118,25000,2024-07-01,12
1942,7448,10000,2024-06-09,24
1943,813,25000,2024-03-02,12
1944,38,15000,2024-03-21,12
1945,2461,15000,2024-11-24,24
1946,4339,10000,2024-01-16,36
1947,5484,5000,2024-08-16,36
1948,3720,25000,2024-04-06,24
1949,7232,25000,2024-12-25,36
1950,9047,15000,2024-11-15,36
1951,2355,25000,2024-11-21,36
1952,4043,5000,2024-05-19,24
1953,9990,10000,2024-05-09,24
1954,175,25000,2024-05-22,12
1955,9905,5000,2024-12-02,12
1956,6741,10000,2024-06-28,12
1957,672,25000,2024-06-11,36
1958,694,25000,2024-12-16,12
1959,8740,10000,2024-05-02,36
1960,5977,25000,2024-02-07,36
1961,1123,25000,2024-10-24,36
1962,3298,25000,2024-12-30,12
1963,3987,15000,2024-08-19,12
1964,2597,10000,2024-12-02,12
1965,4369,15000,2024-09-08,36
1966,3024,10000,2024-01-07,36
1967,8976,15000,2024-02-25,24
1968,9402,25000,2024-06-16,24
1969,9132,5000,2024-11-12,36
1970,1529,10000,2024-08-06,24
1971,94,5000,2024-03-05,36
1972,9523,10000,2024-07-12,24
1973,9954,10000,2024-04-02,36
1974,6661,25000,2024-12-06,24
1975,5050,10000,2024-06-18,36
1976,2222,25000,2024-08-13,12
1977,2743,25000,2024-08-18,24
1978,1097,25000,2024-10-07,36
1979,8192,15000,2024-01-06,12
1980,5004,15000,2024-09-20,36
1981,2104,25000,2024-02-22,12
1982,2743,5000,2024-01-19,36
1983,4730,5000,2024-09-21,36
1984,4300,10000,2024-06-09,36
1985,3663,5000,2024-09-20,24
1986,8208,10000,2024-10-20,12
1987,126,10000,2024-06-08,12
1988,5998,10000,2024-01-23,12
1989,5675,15000,2024-06-10,24
1990,4175,25000,2024-12-08,24
1991,8981,5000,2024-01-07,12
1992,5499,25000,2024-12-28,24
1993,6408,25000,2024-01-24,24
1994,2353,15000,2024-05-09,12
1995,9704,10000,2024-09-11,36
1996,6884,25000,2024-09-12,36
1997,4221,10000,2024-09-06,12
1998,4838,15000,2024-12-04,24
1999,8273,25000,2024-04-15,24
2000,7016,5000,2024-12-21,12
2001,9837,25000,2024-11-07,12
2002,175,15000,2024-12-13,12
2003,8868,15000,2024-02-01,12
2004,8540,25000,2024-03-17,24
2005,9583,5000,2024-11-21,36
2006,1559,10000,2024-04-02,12
2007,1439,25000,2024-01-10,24
2008,2926,25000,2024-11-25,12
2009,6987,5000,2024-02-03,36
2010,4820,5000,2024-12-05,12
2011,5372,15000,2024-04-20,24
2012,4704,10000,2024-10-15,12
2013,6713,10000,2024-12-09,36
2014,6378,25000,2024-04-06,24
2015,358,10000,2024-11-08,24
2016,3398,15000,2024-05-29,36
2017,9281,15000,2024-07-22,12
2018,293,5000,2024-08-09,12
2019,5444,5000,2024-02-01,24
2020,9183,15000,2024-05-04,36
2021,2577,5000,2024-04-17,24
2022,6279,15000,2024-07-29,24
2023,820,5000,2024-01-02,36
2024,4226,25000,2024-07-01,36
2025,3621,10000,2024-02-28,36
2026,7930,15000,2024-10-15,12
2027,6713,5000,2024-04-05,24
2028,4689,15000,2024-09-06,24
2029,1925,25000,2024-04-14,12
2030,5752,15000,2024-07-29,36
2031,5615,5000,2024-09-26,12
2032,4635,5000,2024-02-28,24
2033,4357,15000,2024-09-27,12
2034,3645,15000,2024-01-29,24
2035,3208,5000,2024-07-21,12
2036,2657,25000,2024-04-21,12
2037,9877,25000,2024-12-30,24
2038,1251,25000,2024-05-02,24
2039,228,10000,2024-07-19,12
2040,3899,10000,2024-10-29,12
2041,2874,10000,2024-07-03,12
2042,9452,15000,2024-02-27,12
2043,5140,10000,2024-12-14,24
2044,6568,15000,2024-09-11,36
2045,6557,25000,2024-08-16,24
2046,3461,5000,2024-12-06,36
2047,2515,10000,2024-02-22,24
2048,4285,5000,2024-12-07,36
2049,5505,10000,2024-11-15,24
2050,6063,10000,2024-08-31,36
2051,3170,5000,2024-12-03,12
2052,6414,25000,2024-09-14,12
2053,665,25000,2024-02-29,36
2054,5338,25000,2024-08-16,12
2055,1184,5000,2024-12-05,36
2056,6740,15000,2024-10-30,36
2057,2633,5000,2024-04-27,12
2058,3066,15000,2024-01-26,12
2059,1890,25000,2024-12-05,24
2060,960,15000,2024-05-29,36
2061,8350,25000,2024-06-19,24
2062,2008,25000,2024-09-09,36
2063,722,25000,2024-01-20,36
2064,7701,25000,2024-12-14,24
2065,7519,5000,2024-10-30,12
2066,1255,10000,2024-12-16,24
2067,2346,10000,2024-03-01,12
2068,4541,10000,2024-05-30,12
2069,105,5000,2024-08-23,36
2070,1662,25000,2024-11-12,24
2071,5419,25000,2024-08-17,24
2072,1092,25000,2024-12-01,12
2073,8730,10000,2024-07-09,12
2074,5740,25000,2024-10-01,36
2075,6961,15000,2024-07-21,36
2076,9257,5000,2024-07-22,12
2077,1572,25000,2024-08-15,36
2078,3016,25000,2024-09-25,12
2079,7007,25000,2024-06-27,24
2080,3447,15000,2024-11-26,36
2081,1430,25000,2024-09-13,24
2082,242,10000,2024-06-17,12
2083,7087,25000,2024-01-03,36
2084,9555,10000,2024-01-08,12
2085,2068,10000,2024-12-01,24
2086,7832,25000,2024-04-16,36
2087,7339,15000,2024-02-09,24
2088,6888,10000,2024-07-06,24
2089,5136,25000,2024-09-20,12
2090,7451,25000,2024-11-25,24
2091,301,15000,2024-08-30,24
2092,2829,25000,2024-06-13,24
2093,5378,5000,2024-10-09,12
2094,5708,5000,2024-04-04,24
2095,2401,5000,2024-05-10,12
2096,3159,25000,2024-09-18,36
2097,7995,10000,2024-07-27,36
2098,1021,15000,2024-01-10,12
2099,1550,25000,2024-01-29,36
2100,7966,10000,2024-05-27,24
2101,6903,25000,2024-11-30,24
2102,878,5000,2024-03-06,12
2103,7010,5000,2024-01-12,24
2104,3081,10000,2024-01-13,36
2105,3535,10000,2024-12-29,36
2106,7792,10000,2024-04-11,12
2107,9513,15000,2024-06-21,36
2108,5337,10000,2024-07-31,36
2109,3104,5000,2024-06-17,36
2110,2837,5000,2024-07-26,12
2111,6314,15000,2024-12-12,12
2112,2118,25000,2024-03-02,24
2113,9327,10000,2024-01-09,36
2114,2718,15000,2024-05-04,36
2115,8127,25000,2024-06-10,12
2116,6415,25000,2024-01-19,36
2117,7442,10000,2024-12-11,24
2118,8382,5000,2024-03-27,36
2119,3380,10000,2024-01-18,12
2120,1570,10000,2024-08-24,36
2121,3926,5000,2024-06-22,24
2122,1488,5000,2024-04-13,24
2123,8760,5000,2024-08-24,12
2124,3824,25000,2024-05-05,24
2125,3505,25000,2024-02-18,36
2126,2623,10000,2024-04-11,24
2127,5520,15000,2024-03-14,24
2128,6736,10000,2024-06-19,12
2129,914,15000,2024-05-17,24
2130,5230,10000,2024-03-25,12
2131,8240,10000,2024-06-14,36
2132,8936,10000,2024-02-07,24
2133,5202,25000,2024-09-05,36
2134,5398,10000,2024-09-24,36
2135,6696,15000,2024-11-03,24
2136,542,25000,2024-04-14,24
2137,4863,10000,2024-12-13,12
2138,9399,5000,2024-01-24,24
2139,8376,25000,2024-10-13,12
2140,7722,5000,2024-03-22,24
2141,8181,10000,2024-09-11,24
2142,6610,15000,2024-01-23,24
2143,4735,5000,2024-11-22,24
2144,4690,5000,2024-03-12,24
2145,9449,25000,2024-04-27,12
2146,4097,5000,2024-02-07,24
2147,7152,10000,2024-06-04,12
2148,4815,25000,2024-12-12,12
2149,3781,5000,2024-05-06,24
2150,8475,15000,2024-10-03,24
2151,3601,25000,2024-01-27,24
2152,6975,15000,2024-02-25,12
2153,9402,15000,2024-05-04,36
2154,6266,25000,2024-12-27,36
2155,441,5000,2024-01-21,12
2156,3808,5000,2024-01-14,24
2157,474,15000,2024-08-28,24
2158,7290,5000,2024-04-16,12
2159,1858,25000,2024-03-10,24
2160,2780,15000,2024-07-22,12
2161,5037,10000,2024-01-28,24
2162,4343,10000,2024-08-08,24
2163,9739,10000,2024-04-11,12
2164,8749,5000,2024-03-07,36
2165,5244,10000,2024-05-03,36
2166,7034,10000,2024-10-15,36
2167,4343,15000,2024-08-29,24
2168,5055,25000,2024-01-12,36
2169,3339,15000,2024-07-21,36
2170,7758,15000,2024-08-07,36
2171,6295,10000,2024-06-27,36
2172,4220,15000,2024-08-13,36
2173,8187,10000,2024-08-01,36
2174,6416,5000,2024-12-24,12
2175,1895,10000,2024-09-24,36
2176,5460,25000,2024-01-19,24
2177,9945,15000,2024-12-16,12
2178,3802,25000,2024-11-10,24
2179,2656,25000,2024-09-25,36
2180,3519,15000,2024-10-01,36
2181,5682,15000,2024-06-12,36
2182,5077,15000,2024-08-01,24
2183,9673,25000,2024-08-09,36
2184,9746,5000,2024-09-25,36
2185,646,25000,2024-03-24,36
2186,9742,5000,2024-08-18,36
2187,1699,10000,2024-02-13,36
2188,7938,15000,2024-03-16,36
2189,3571,25000,2024-12-30,12
2190,3427,5000,2024-12-02,36
2191,4786,5000,2024-06-09,12
2192,4575,5000,2024-08-23,36
2193,391,15000,2024-11-03,12
2194,1282,5000,2024-12-24,24
2195,507,15000,2024-04-26,24
2196,1723,25000,2024-03-30,12
2197,958,5000,2024-12-04,36
2198,5859,5000,2024-09-25,24
2199,9927,15000,2024-09-10,24
2200,6438,15000,2024-05-17,36
2201,763,25000,2024-04-04,24
2202,5597,15000,2024-06-03,12
2203,5950,25000,2024-07-13,36
2204,6263,25000,2024-11-20,12
2205,6622,5000,2024-01-05,12
2206,9952,10000,2024-03-11,36
2207,2890,10000,2024-04-13,24
2208,7778,15000,2024-02-25,12
2209,1343,15000,2024-11-02,24
2210,5515,10000,2024-11-07,12
2211,7216,25000,2024-06-18,36
2212,9829,10000,2024-05-20,36
2213,6619,25000,2024-02-03,36
2214,7754,25000,2024-12-21,24
2215,8742,15000,2024-02-22,12
2216,2006,15000,2024-01-03,36
2217,6872,15000,2024-11-25,12
2218,2184,10000,2024-09-06,12
2219,8951,10000,2024-04-16,36
2220,324,10000,2024-04-08,12
2221,7365,25000,2024-10-19,12
2222,8303,15000,2024-06-28,36
2223,1824,5000,2024-05-13,12
2224,3622,10000,2024-05-28,36
2225,1139,5000,2024-10-27,24
2226,1721,5000,2024-05-12,12
2227,724,10000,2024-09-15,36
2228,6632,10000,2024-10-02,24
2229,2413,10000,2024-07-22,12
2230,767,15000,2024-03-01,36
2231,9486,5000,2024-06-08,12
2232,4018,25000,2024-05-26,24
2233,4271,5000,2024-05-22,12
2234,7187,25000,2024-11-25,36
2235,1959,5000,2024-11-08,12
2236,8129,5000,2024-06-02,12
2237,9187,15000,2024-11-21,12
2238,6398,25000,2024-04-20,24
2239,1852,10000,2024-03-30,24
2240,6911,10000,2024-02-18,12
2241,3872,15000,2024-05-10,24
2242,3224,10000,2024-07-29,24
2243,9415,5000,2024-08-15,36
2244,7982,15000,2024-09-09,24
2245,9669,25000,2024-04-03,24
2246,4878,15000,2024-06-13,24
2247,9133,5000,2024-04-18,12
2248,6362,15000,2024-02-29,12
2249,818,5000,2024-04-07,24
2250,3917,15000,2024-07-05,36
2251,7488,25000,2024-08-23,24
2252,2071,25000,2024-03-21,36
2253,8829,10000,2024-02-11,36
2254,4807,5000,2024-05-30,24
2255,6843,10000,2024-03-13,36
2256,3676,15000,2024-01-27,36
2257,7862,15000,2024-03-21,36
2258,2521,15000,2024-08-20,24
2259,2526,15000,2024-06-22,36
2260,5018,25000,2024-09-29,24
2261,6700,15000,2024-04-22,12
2262,2636,25000,2024-09-06,24
2263,5773,10000,2024-09-07,12
2264,6838,25000,2024-01-15,12
2265,5160,25000,2024-06-17,24
2266,260,5000,2024-03-13,12
2267,2997,15000,2024-09-26,24
2268,8948,15000,2024-09-20,24
2269,7809,15000,2024-11-27,36
2270,4102,10000,2024-03-07,12
2271,6455,15000,2024-09-15,24
2272,8258,15000,2024-05-11,24
2273,2779,15000,2024-05-03,12
2274,1170,5000,2024-08-11,12
2275,1667,25000,2024-06-22,12
2276,8852,5000,2024-09-26,12
2277,5000,15000,2024-05-20,24
2278,361,25000,2024-05-15,12
2279,8022,5000,2024-08-17,24
2280,5715,15000,2024-04-11,12
2281,6044,15000,2024-10-28,36
2282,7106,5000,2024-10-13,12
2283,7753,25000,2024-03-31,12
2284,7523,25000,2024-07-27,24
2285,3798,5000,2024-02-04,24
2286,3761,15000,2024-03-02,36
2287,8369,25000,2024-05-31,36
2288,4041,5000,2024-03-05,12
2289,6171,5000,2024-08-08,24
2290,8129,5000,2024-12-11,12
2291,9505,25000,2024-10-26,24
2292,6984,10000,2024-12-20,24
2293,4000,10000,2024-02-20,24
2294,8723,10000,2024-04-17,24
2295,1262,10000,2024-12-09,36
2296,5257,10000,2024-06-22,24
2297,5283,15000,2024-10-15,36
2298,2887,5000,2024-07-10,36
2299,4943,10000,2024-12-22,12
2300,7044,25000,2024-06-15,12
2301,5148,5000,2024-08-31,36
2302,8448,25000,2024-09-11,36
2303,7971,25000,2024-02-27,36
2304,5872,25000,2024-01-26,24
2305,1779,15000,2024-04-26,24
2306,4761,25000,2024-08-29,36
2307,4361,5000,2024-08-17,36
2308,1981,5000,2024-11-26,36
2309,1588,15000,2024-09-09,12
2310,8593,15000,2024-04-02,12
2311,6604,5000,2024-08-08,24
2312,3638,5000,2024-07-13,24
2313,7301,25000,2024-07-19,12
2314,7165,25000,2024-08-14,24
2315,9407,15000,2024-02-26,24
2316,1148,10000,2024-03-10,36
2317,5551,25000,2024-09-04,36
2318,7386,25000,2024-03-13,12
2319,2451,10000,2024-09-11,36
2320,7139,25000,2024-09-20,24
2321,3394,10000,2024-03-31,36
2322,6358,10000,2024-05-05,24
2323,9066,5000,2024-10-16,12
2324,5665,10000,2024-08-27,36
2325,8566,10000,2024-11-20,12
2326,1195,15000,2024-01-10,36
2327,6488,15000,2024-07-30,36
2328,3528,15000,2024-01-22,36
2329,3482,25000,2024-06-05,12
2330,5616,15000,2024-06-07,36
2331,7459,5000,2024-09-18,24
2332,8017,5000,2024-04-19,36
2333,2058,5000,2024-09-19,36
2334,2418,25000,2024-12-18,24
2335,126,10000,2024-01-13,12
2336,2833,10000,2024-03-03,12
2337,4479,5000,2024-01-24,24
2338,6471,10000,2024-12-15,36
2339,8642,10000,2024-12-18,24
2340,4619,10000,2024-12-05,24
2341,1010,25000,2024-01-19,36
2342,3779,10000,2024-12-04,24
2343,942,10000,2024-08-17,12
2344,3604,25000,2024-03-28,12
2345,3981,15000,2024-03-09,12
2346,4369,5000,2024-05-29,24
2347,8694,25000,2024-11-11,36
2348,1251,25000,2024-10-04,12
2349,7010,5000,2024-04-01,36
2350,2320,10000,2024-05-24,36
2351,5911,10000,2024-12-16,12
2352,6539,25000,2024-06-23,24
2353,3196,15000,2024-05-24,12
2354,2958,5000,2024-07-09,24
2355,6339,15000,2024-05-14,36
2356,7912,25000,2024-01-29,12
2357,9389,15000,2024-08-24,12
2358,3275,25000,2024-07-18,24
2359,9249,5000,2024-09-16,24
2360,3049,15000,2024-12-25,36
2361,1907,15000,2024-04-27,12
2362,2940,5000,2024-09-28,12
2363,8733,5000,2024-03-20,12
2364,8710,25000,2024-12-07,24
2365,8616,25000,2024-03-15,24
2366,9050,25000,2024-07-05,12
2367,4178,25000,2024-02-10,24
2368,6459,25000,2024-09-02,36
2369,1753,5000,2024-11-11,12
2370,7448,15000,2024-02-27,12
2371,1667,10000,2024-08-17,36
2372,1864,10000,2024-04-21,12
2373,4462,25000,2024-07-22,12
2374,5213,10000,2024-02-09,12
2375,2119,15000,2024-02-27,12
2376,5627,15000,2024-07-07,24
2377,9542,25000,2024-06-21,36
2378,7359,10000,2024-03-17,12
2379,9263,5000,2024-02-17,24
2380,1754,5000,2024-03-30,12
2381,7140,25000,2024-01-11,24
2382,9613,15000,2024-02-25,24
2383,6361,10000,2024-10-05,36
2384,4266,15000,2024-02-02,24
2385,1389,25000,2024-06-28,12
2386,8812,15000,2024-04-25,36
2387,9449,10000,2024-01-28,36
2388,3719,15000,2024-04-24,12
2389,6915,25000,2024-08-07,12
2390,5522,5000,2024-08-13,36
2391,1011,5000,2024-08-30,24
2392,426,10000,2024-06-27,36
2393,6919,25000,2024-11-03,36
2394,7009,25000,2024-07-18,12
2395,8409,15000,2024-09-21,12
2396,6314,5000,2024-09-30,12
2397,8802,10000,2024-07-12,36
2398,186,10000,2024-03-22,36
2399,8917,10000,2024-06-16,12
2400,9016,15000,2024-03-06,36
2401,9960,25000,2024-01-22,12
2402,1185,10000,2024-12-01,36
2403,8376,15000,2024-04-10,24
2404,3609,10000,2024-12-17,12
2405,3767,15000,2024-11-25,24
2406,9812,5000,2024-12-26,12
2407,4327,15000,2024-06-24,12
2408,7636,25000,2024-09-28,36
2409,2436,5000,2024-02-18,12
2410,735,5000,2024-12-19,24
2411,158,10000,2024-04-10,24
2412,9534,5000,2024-03-03,36
2413,5305,15000,2024-11-07,12
2414,3493,25000,2024-12-19,12
2415,3255,5000,2024-12-29,36
2416,7765,25000,2024-11-28,12
2417,1076,15000,2024-02-06,12
2418,5123,15000,2024-07-25,24
2419,8191,25000,2024-08-09,24
2420,7842,15000,2024-08-10,24
2421,6752,25000,2024-12-14,24
2422,5136,10000,2024-12-19,12
2423,6374,15000,2024-02-01,12
2424,5000,10000,2024-12-29,24
2425,2965,5000,2024-05-30,12
2426,9081,5000,2024-03-14,36
2427,8023,10000,2024-03-12,36
2428,5126,5000,2024-10-03,12
2429,1134,5000,2024-07-21,12
2430,4239,5000,2024-04-12,24
2431,6027,5000,2024-06-23,24
2432,5787,15000,2024-07-29,36
2433,6573,5000,2024-09-09,12
2434,8358,15000,2024-12-19,12
2435,6094,25000,2024-11-13,24
2436,8313,5000,2024-10-20,12
2437,2998,25000,2024-12-19,24
2438,6312,10000,2024-06-02,24
2439,3156,10000,2024-10-22,12
2440,421,15000,2024-05-23,24
2441,9922,10000,2024-01-19,36
2442,2836,15000,2024-01-29,24
2443,4364,25000,2024-12-30,36
2444,2086,25000,2024-07-07,12
2445,7070,5000,2024-06-12,12
2446,7471,25000,2024-12-06,12
2447,2386,10000,2024-09-22,12
2448,9970,15000,2024-06-23,12
2449,2378,15000,2024-06-20,24
2450,2858,5000,2024-04-25,12
2451,1456,5000,2024-12-29,12
2452,9181,10000,2024-09-07,12
2453,1891,15000,2024-01-07,36
2454,8842,5000,2024-07-15,24
2455,2429,25000,2024-10-01,12
2456,6210,10000,2024-02-02,12
2457,2318,25000,2024-05-31,24
2458,8239,15000,2024-01-23,36
2459,8049,5000,2024-09-11,12
2460,7348,10000,2024-03-26,36
2461,2116,10000,2024-12-21,24
2462,7283,5000,2024-06-29,12
2463,7194,5000,2024-05-28,24
2464,73,15000,2024-12-03,12
2465,3458,25000,2024-04-11,12
2466,2023,25000,2024-03-31,12
2467,4086,25000,2024-02-06,12
2468,7589,15000,2024-02-18,24
2469,9219,5000,2024-02-08,12
2470,1544,10000,2024-01-30,36
2471,4497,25000,2024-02-12,12
2472,5784,5000,2024-07-24,24
2473,4750,25000,2024-08-13,36
2474,5046,15000,2024-02-01,12
2475,848,15000,2024-05-05,24
2476,9688,5000,2024-04-04,24
2477,935,15000,2024-01-02,12
2478,1396,10000,2024-10-29,36
2479,6575,15000,2024-04-08,24
2480,539,10000,2024-01-23,24
2481,8263,25000,2024-12-06,36
2482,8448,15000,2024-08-05,12
2483,902,10000,2024-08-09,12
2484,8862,25000,2024-10-23,12
2485,1884,25000,2024-10-24,12
2486,8332,25000,2024-03-12,36
2487,2703,25000,2024-06-15,24
2488,9639,5000,2024-08-12,12
2489,4160,10000,2024-05-17,24
2490,9487,5000,2024-07-28,24
2491,9060,25000,2024-04-21,36
2492,1417,15000,2024-08-15,24
2493,4964,10000,2024-08-20,12
2494,4874,10000,2024-02-19,24
2495,5122,25000,2024-11-26,12
2496,2583,15000,2024-08-23,12
2497,359,15000,2024-09-13,12
2498,1501,10000,2024-07-18,24
2499,8120,5000,2024-07-15,36
2500,1939,15000,2024-01-01,24
2501,815,10000,2024-10-09,36
2502,8788,15000,2024-12-30,36
2503,5067,25000,2024-07-07,36
2504,8419,15000,2024-05-04,24
2505,3836,5000,2024-06-24,36
2506,4913,5000,2024-10-05,36
2507,6087,5000,2024-12-30,36
2508,6295,10000,2024-05-18,12
2509,2065,15000,2024-12-21,36
2510,2352,5000,2024-04-11,12
2511,9730,25000,2024-10-13,36
2512,7365,25000,2024-11-06,24
2513,1365,25000,2024-11-13,12
2514,1085,10000,2024-05-26,36
2515,267,5000,2024-12-17,24
2516,8152,5000,2024-10-22,12
2517,9463,15000,2024-12-23,24
2518,8227,10000,2024-09-29,36
2519,4882,25000,2024-12-20,36
2520,68,15000,2024-01-12,36
2521,189,25000,2024-05-22,36
2522,4137,25000,2024-06-15,12
2523,683,5000,2024-09-25,12
2524,3139,15000,2024-04-03,12
2525,9524,10000,2024-04-15,36
2526,3191,25000,2024-10-01,36
2527,853,5000,2024-07-19,24
2528,7354,5000,2024-11-08,24
2529,7238,25000,2024-04-01,12
2530,8949,5000,2024-08-23,36
2531,1695,5000,2024-02-29,36
2532,9500,25000,2024-08-22,24
2533,2596,10000,2024-07-02,12
2534,5468,25000,2024-12-25,36
2535,1219,15000,2024-08-20,24
2536,5900,25000,2024-05-06,12
2537,8676,25000,2024-04-10,12
2538,4684,10000,2024-05-14,12
2539,7448,25000,2024-08-20,24
2540,8001,25000,2024-03-08,36
2541,7760,5000,2024-03-27,24
2542,9314,25000,2024-08-23,36
2543,282,10000,2024-04-17,36
2544,8822,5000,2024-05-16,36
2545,2467,25000,2024-09-21,12
2546,4176,5000,2024-11-28,36
2547,4922,15000,2024-03-03,12
2548,6557,25000,2024-08-17,24
2549,2382,25000,2024-08-25,36
2550,2937,5000,2024-12-14,24
2551,9544,25000,2024-09-03,24
2552,6907,25000,2024-06-07,36
2553,7314,10000,2024-02-07,36
2554,9029,25000,2024-08-31,12
2555,6140,10000,2024-01-07,36
2556,3450,15000,2024-12-25,12
2557,7575,15000,2024-03-17,12
2558,3002,5000,2024-09-13,36
2559,6000,5000,2024-02-06,36
2560,5075,5000,2024-12-15,36
2561,8625,5000,2024-03-06,12
2562,5549,25000,2024-04-09,12
2563,4348,10000,2024-11-27,12
2564,6120,5000,2024-09-17,12
2565,7051,15000,2024-11-07,12
2566,5943,25000,2024-02-11,36
2567,8413,10000,2024-02-18,12
2568,4656,10000,2024-10-28,36
2569,5178,5000,2024-03-11,12
2570,3809,5000,2024-09-02,12
2571,7817,10000,2024-01-02,36
2572,7875,15000,2024-11-18,24
2573,5838,5000,2024-03-02,24
2574,780,10000,2024-12-01,12
2575,2263,25000,2024-01-27,36
2576,7886,10000,2024-12-07,24
2577,4732,5000,2024-03-07,24
2578,1040,25000,2024-05-24,36
2579,7956,15000,2024-08-01,24
2580,7567,10000,2024-11-22,12
2581,2281,10000,2024-02-26,12
2582,9996,10000,2024-10-12,12
2583,1389,25000,2024-07-29,24
2584,7082,5000,2024-07-11,36
2585,7163,10000,2024-04-23,36
2586,8120,25000,2024-05-01,12
2587,3509,10000,2024-12-25,12
2588,2119,5000,2024-04-12,12
2589,1583,25000,2024-06-03,12
2590,7893,15000,2024-03-14,24
2591,3446,10000,2024-12-19,12
2592,8650,5000,2024-06-23,24
2593,2819,15000,2024-01-14,12
2594,677,5000,2024-06-15,36
2595,9606,15000,2024-02-24,24
2596,6364,5000,2024-01-26,36
2597,9098,15000,2024-02-13,36
2598,5388,25000,2024-03-09,36
2599,5750,15000,2024-02-07,12
2600,6337,5000,2024-12-01,36
2601,112,10000,2024-01-12,36
2602,3380,15000,2024-04-14,36
2603,3874,5000,2024-08-31,24
2604,7508,10000,2024-12-29,12
2605,3152,25000,2024-09-29,36
2606,7646,25000,2024-10-07,12
2607,5607,10000,2024-07-10,24
2608,1945,5000,2024-03-28,12
2609,2501,5000,2024-05-18,36
2610,8605,15000,2024-05-25,12
2611,2652,25000,2024-06-12,12
2612,8378,25000,2024-09-15,12
2613,9769,25000,2024-12-04,12
2614,3159,25000,2024-11-21,12
2615,7392,5000,2024-03-27,24
2616,4078,25000,2024-11-22,36
2617,51,10000,2024-12-29,12
2618,1170,5000,2024-08-26,12
2619,7613,10000,2024-09-21,36
2620,5404,10000,2024-07-12,36
2621,8228,5000,2024-05-07,36
2622,8469,10000,2024-05-01,36
2623,5816,10000,2024-08-31,12
2624,7154,15000,2024-02-16,36
2625,6326,25000,2024-11-15,24
2626,6615,10000,2024-12-30,12
2627,5932,15000,2024-04-21,24
2628,889,15000,2024-10-29,36
2629,404,25000,2024-03-15,24
2630,7977,15000,2024-10-24,12
2631,3986,15000,2024-10-31,12
2632,9365,10000,2024-01-30,12
2633,6550,25000,2024-01-08,12
2634,6147,25000,2024-12-06,24
2635,5129,10000,2024-01-08,12
2636,2588,5000,2024-08-26,12
2637,290,15000,2024-07-09,12
2638,2229,10000,2024-05-07,36
2639,9776,15000,2024-01-11,24
2640,9862,25000,2024-09-12,36
2641,5412,25000,2024-08-20,12
2642,648,15000,2024-07-04,36
2643,3155,25000,2024-04-30,12
2644,266,25000,2024-06-15,36
2645,3489,5000,2024-05-23,12
2646,2779,25000,2024-11-22,12
2647,4957,25000,2024-12-17,12
2648,8211,15000,2024-04-10,36
2649,4467,10000,2024-01-22,12
2650,7553,25000,2024-07-17,36
2651,3828,25000,2024-09-25,12
2652,643,10000,2024-03-22,24
2653,9738,10000,2024-06-18,12
2654,817,10000,2024-01-13,24
2655,2192,15000,2024-07-15,12
2656,5927,25000,2024-04-04,12
2657,2669,25000,2024-09-23,12
2658,9056,10000,2024-11-14,12
2659,7560,5000,2024-12-23,12
2660,3373,15000,2024-02-20,36
2661,7009,10000,2024-07-06,36
2662,8721,10000,2024-10-29,36
2663,4063,25000,2024-01-04,24
2664,6893,5000,2024-09-19,12
2665,6071,15000,2024-12-08,12
2666,7503,5000,2024-01-31,12
2667,9725,5000,2024-04-27,24
2668,8748,25000,2024-07-27,24
2669,3893,10000,2024-07-20,24
2670,2801,10000,2024-03-26,24
2671,931,5000,2024-01-30,36
2672,5250,15000,2024-06-05,24
2673,4194,15000,2024-07-27,24
2674,8985,25000,2024-02-12,24
2675,4036,15000,2024-03-25,24
2676,4384,25000,2024-06-24,36
2677,9962,5000,2024-08-18,12
2678,6313,15000,2024-12-25,24
2679,3151,10000,2024-05-29,36
2680,4359,5000,2024-11-14,36
2681,8904,25000,2024-09-16,36
2682,6867,5000,2024-12-11,12
2683,2578,5000,2024-01-03,24
2684,4881,25000,2024-12-02,12
2685,4306,15000,2024-08-22,36
2686,4051,15000,2024-12-04,12
2687,3149,10000,2024-03-22,36
2688,6155,15000,2024-09-08,36
2689,8061,25000,2024-11-02,24
2690,5127,25000,2024-06-02,36
2691,1947,25000,2024-10-17,12
2692,1573,15000,2024-12-01,12
2693,200,25000,2024-09-27,36
2694,2378,15000,2024-06-22,24
2695,4069,25000,2024-01-24,12
2696,8282,25000,2024-01-02,24
2697,591,15000,2024-07-05,24
2698,6199,10000,2024-06-12,24
2699,6032,10000,2024-02-14,24
2700,5341,10000,2024-12-16,36
2701,8284,15000,2024-04-03,36
2702,8132,25000,2024-07-22,36
2703,590,15000,2024-05-02,24
2704,3639,5000,2024-02-06,12
2705,3315,5000,2024-04-27,12
2706,786,15000,2024-12-06,36
2707,8076,5000,2024-05-19,12
2708,4046,10000,2024-05-01,36
2709,3785,10000,2024-08-19,24
2710,1178,10000,2024-08-16,36
2711,1278,5000,2024-08-15,12
2712,2966,10000,2024-11-23,36
2713,8494,10000,2024-08-06,36
2714,2345,10000,2024-06-03,12
2715,7659,15000,2024-12-21,36
2716,5164,25000,2024-01-07,36
2717,3216,25000,2024-01-03,12
2718,8188,15000,2024-01-04,36
2719,62,10000,2024-08-03,24
2720,858,10000,2024-09-20,36
2721,8730,15000,2024-02-14,12
2722,1341,15000,2024-07-23,24
2723,5555,5000,2024-07-19,24
2724,9010,15000,2024-09-06,12
2725,5016,10000,2024-07-30,12
2726,975,15000,2024-05-12,36
2727,4638,10000,2024-06-22,24
2728,3653,5000,2024-03-09,24
2729,3304,15000,2024-10-17,24
2730,1712,5000,2024-05-22,12
2731,790,10000,2024-01-17,36
2732,581,10000,2024-11-27,12
2733,8544,10000,2024-09-04,24
2734,2303,10000,2024-08-15,36
2735,1074,5000,2024-06-19,36
2736,5374,15000,2024-11-30,12
2737,7562,15000,2024-07-24,24
2738,1883,10000,2024-03-31,24
2739,4346,10000,2024-04-23,24
2740,1261,5000,2024-01-22,36
2741,7048,5000,2024-05-16,24
2742,232,10000,2024-10-29,12
2743,9149,10000,2024-07-31,36
2744,4730,15000,2024-01-03,12
2745,9287,15000,2024-10-13,36
2746,3537,15000,2024-01-13,12
2747,3493,10000,2024-01-02,24
2748,5120,25000,2024-09-19,36
2749,1303,5000,2024-10-11,12
2750,4315,5000,2024-05-11,36
2751,8889,5000,2024-12-09,36
2752,307,10000,2024-08-21,24
2753,8506,10000,2024-08-30,36
2754,3475,5000,2024-06-21,12
2755,5849,5000,2024-09-20,36
2756,7656,5000,2024-02-11,12
2757,1403,10000,2024-05-24,24
2758,4377,25000,2024-12-05,36
2759,8227,25000,2024-11-20,12
2760,2118,25000,2024-12-20,36
2761,8552,15000,2024-10-23,36
2762,5810,15000,2024-02-23,24
2763,6031,10000,2024-06-08,36
2764,408,25000,2024-08-10,36
2765,5681,25000,2024-08-10,24
2766,4676,15000,2024-02-12,36
2767,5504,25000,2024-03-09,24
2768,6225,5000,2024-04-09,36
2769,7606,15000,2024-07-22,12
2770,2093,5000,2024-07-26,12
2771,7527,25000,2024-09-28,12
2772,137,10000,2024-06-09,24
2773,9171,25000,2024-06-02,24
2774,1485,10000,2024-10-05,24
2775,3377,5000,2024-03-29,24
2776,6373,5000,2024-06-30,24
2777,6327,25000,2024-12-05,24
2778,467,15000,2024-02-16,36
2779,4934,5000,2024-08-31,12
2780,975,10000,2024-09-05,24
2781,5188,10000,2024-08-28,36
2782,7013,15000,2024-04-27,36
2783,7473,25000,2024-06-12,24
2784,2652,5000,2024-10-17,12
2785,1800,25000,2024-06-19,24
2786,1016,5000,2024-01-05,12
2787,6239,25000,2024-09-16,12
2788,9941,15000,2024-02-27,24
2789,8877,10000,2024-07-18,12
2790,9649,25000,2024-12-28,12
2791,8561,25000,2024-05-17,12
2792,6423,5000,2024-11-13,24
2793,6048,25000,2024-08-24,12
2794,6550,25000,2024-05-27,12
2795,6590,15000,2024-10-14,36
2796,6217,25000,2024-10-30,24
2797,1345,15000,2024-08-06,12
2798,4118,15000,2024-06-25,24
2799,8371,15000,2024-10-08,24
2800,9325,5000,2024-06-11,36
2801,7540,15000,2024-10-10,36
2802,7865,5000,2024-11-16,12
2803,1480,10000,2024-07-04,12
2804,5349,15000,2024-01-06,12
2805,3067,25000,2024-02-19,24
2806,7092,15000,2024-10-31,36
2807,4627,10000,2024-02-15,36
2808,2473,15000,2024-08-04,12
2809,959,5000,2024-07-27,36
2810,9264,10000,2024-12-11,24
2811,1489,10000,2024-04-05,12
2812,4768,5000,2024-01-25,36
2813,1934,5000,2024-12-17,12
2814,5728,25000,2024-05-04,24
2815,5150,10000,2024-12-26,24
2816,5753,15000,2024-03-03,12
2817,7157,5000,2024-12-04,12
2818,4975,25000,2024-11-17,36
2819,7091,5000,2024-06-11,24
2820,3938,5000,2024-12-01,24
2821,3262,25000,2024-10-15,12
2822,9592,10000,2024-08-30,36
2823,6847,15000,2024-11-01,12
2824,6798,5000,2024-05-31,12
2825,9071,10000,2024-04-04,12
2826,5569,25000,2024-12-02,24
2827,4769,25000,2024-04-06,12
2828,4214,25000,2024-10-19,12
2829,5178,10000,2024-12-21,36
2830,8047,15000,2024-03-03,12
2831,871,10000,2024-09-04,36
2832,6602,10000,2024-11-14,12
2833,8898,25000,2024-10-01,24
2834,2690,5000,2024-02-08,12
2835,7110,5000,2024-04-13,24
2836,4582,25000,2024-03-23,12
2837,7288,5000,2024-07-18,24
2838,7035,25000,2024-04-14,24
2839,9770,10000,2024-06-27,12
2840,1968,25000,2024-02-29,36
2841,9445,15000,2024-09-12,24
2842,9445,15000,2024-12-03,24
2843,5081,15000,2024-07-24,12
2844,4439,10000,2024-07-28,36
2845,3129,5000,2024-08-16,24
2846,5336,10000,2024-12-13,12
2847,9859,5000,2024-05-01,24
2848,5823,10000,2024-05-03,12
2849,8220,10000,2024-12-18,12
2850,9812,15000,2024-05-14,36
2851,1345,10000,2024-07-06,12
2852,4669,15000,2024-05-12,36
2853,7681,10000,2024-03-31,12
2854,9120,25000,2024-04-11,12
2855,1779,15000,2024-06-09,24
2856,3104,25000,2024-12-22,36
2857,5867,10000,2024-05-04,24
2858,5531,10000,2024-10-19,36
2859,3089,25000,2024-05-22,36
2860,8092,5000,2024-09-29,24
2861,6745,5000,2024-02-06,36
2862,5172,5000,2024-09-15,36
2863,4466,10000,2024-06-02,24
2864,8356,5000,2024-04-13,36
2865,6594,5000,2024-04-30,24
2866,6688,10000,2024-10-27,12
2867,351,10000,2024-05-13,24
2868,6523,5000,2024-04-08,36
2869,201,5000,2024-08-03,12
2870,7275,25000,2024-08-30,12
2871,2553,10000,2024-08-18,12
2872,7156,10000,2024-08-13,24
2873,7552,25000,2024-01-13,24
2874,1052,15000,2024-11-08,12
2875,8479,15000,2024-08-22,36
2876,7511,10000,2024-11-24,36
2877,9988,10000,2024-03-23,12
2878,3559,5000,2024-08-30,36
2879,8299,15000,2024-08-11,36
2880,2554,5000,2024-12-06,24
2881,3514,15000,2024-08-11,36
2882,8309,25000,2024-07-03,24
2883,9461,5000,2024-06-22,12
2884,6223,25000,2024-09-24,36
2885,8933,25000,2024-04-06,36
2886,7654,15000,2024-11-16,24
2887,23,10000,2024-10-31,24
2888,361,10000,2024-05-06,12
2889,4796,25000,2024-08-02,12
2890,1451,10000,2024-01-28,36
2891,8409,5000,2024-02-19,24
2892,5786,15000,2024-09-24,24
2893,2755,5000,2024-03-23,36
2894,628,10000,2024-08-31,24
2895,3268,25000,2024-08-12,24
2896,567,15000,2024-01-18,24
2897,3759,25000,2024-08-13,24
2898,2021,15000,2024-12-28,36
2899,3531,5000,2024-04-20,12
2900,2507,10000,2024-11-19,12
2901,4410,5000,2024-03-16,36
2902,8921,25000,2024-01-23,12
2903,3329,5000,2024-06-04,24
2904,474,10000,2024-07-21,36
2905,606,10000,2024-08-07,12
2906,9435,5000,2024-02-09,24
2907,5684,15000,2024-04-07,12
2908,3603,10000,2024-10-30,36
2909,7405,10000,2024-06-10,12
2910,3755,10000,2024-07-31,12
2911,4371,10000,2024-04-01,12
2912,3879,15000,2024-07-08,36
2913,3744,15000,2024-06-10,24
2914,4848,25000,2024-02-26,36
2915,5679,25000,2024-08-20,12
2916,6098,25000,2024-01-29,36
2917,676,5000,2024-12-11,12
2918,4054,5000,2024-07-23,24
2919,710,25000,2024-05-03,24
2920,923,10000,2024-12-19,12
2921,3400,25000,2024-01-08,36
2922,408,5000,2024-12-14,12
2923,1110,15000,2024-04-16,36
2924,3593,10000,2024-12-25,36
2925,9981,10000,2024-04-01,12
2926,3960,10000,2024-06-06,24
2927,6642,5000,2024-12-08,24
2928,1491,10000,2024-12-14,36
2929,4201,10000,2024-03-24,12
2930,1482,15000,2024-12-02,12
2931,1281,10000,2024-02-08,12
2932,4855,5000,2024-02-02,24
2933,9067,10000,2024-11-29,24
2934,8056,5000,2024-10-13,36
2935,8304,15000,2024-07-26,24
2936,6167,15000,2024-10-03,24
2937,7081,10000,2024-06-26,12
2938,8062,25000,2024-07-06,12
2939,6459,15000,2024-08-02,24
2940,8394,10000,2024-12-11,36
2941,9187,15000,2024-07-19,12
2942,4753,15000,2024-11-09,36
2943,1532,5000,2024-06-20,24
2944,9582,25000,2024-07-25,24
2945,8723,5000,2024-10-14,12
2946,1618,10000,2024-02-28,12
2947,5155,10000,2024-12-24,12
2948,5655,5000,2024-08-23,12
2949,8557,25000,2024-03-21,24
2950,3372,25000,2024-06-25,24
2951,6560,25000,2024-11-12,12
2952,5466,15000,2024-02-09,36
2953,1373,10000,2024-03-22,12
2954,2238,15000,2024-06-10,12
2955,3475,5000,2024-04-22,12
2956,4445,25000,2024-03-29,36
2957,4469,15000,2024-01-12,12
2958,5759,25000,2024-12-28,24
2959,3577,15000,2024-09-21,36
2960,3976,10000,2024-08-19,24
2961,9177,25000,2024-03-29,36
2962,5675,15000,2024-08-03,36
2963,1527,5000,2024-02-18,12
2964,6790,15000,2024-09-26,24
2965,1037,5000,2024-10-30,36
2966,4619,5000,2024-11-08,24
2967,2231,25000,2024-12-14,36
2968,1043,10000,2024-02-29,12
2969,7942,5000,2024-12-02,36
2970,6169,5000,2024-09-02,24
2971,1330,10000,2024-10-25,24
2972,3656,10000,2024-08-01,24
2973,5554,10000,2024-03-22,24
2974,5542,5000,2024-12-12,36
2975,3906,10000,2024-03-04,36
2976,1081,5000,2024-09-14,36
2977,824,5000,2024-09-13,36
2978,3620,5000,2024-04-27,12
2979,3251,10000,2024-11-15,36
2980,2116,5000,2024-11-23,12
2981,3568,25000,2024-12-06,36
2982,5121,5000,2024-01-24,36
2983,8240,10000,2024-08-23,36
2984,1441,10000,2024-11-10,12
2985,945,5000,2024-04-11,36
2986,3269,5000,2024-11-07,36
2987,3120,5000,2024-01-05,36
2988,6073,25000,2024-04-18,24
2989,8547,10000,2024-07-01,24
2990,3306,25000,2024-04-28,24
2991,4796,10000,2024-10-18,12
2992,1918,15000,2024-11-23,36
2993,6770,10000,2024-12-15,12
2994,369,5000,2024-07-01,36
2995,1193,10000,2024-05-17,12
2996,1387,10000,2024-03-25,24
2997,7345,15000,2024-06-22,36
2998,2548,15000,2024-02-21,24
2999,4800,25000,2024-08-13,24
3000,6316,25000,2024-08-13,36
3001,1554,5000,2024-05-11,12
3002,2811,25000,2024-07-02,24
3003,112,25000,2024-09-23,24
3004,4073,15000,2024-04-14,36
3005,1064,5000,2024-06-26,36
3006,4198,5000,2024-07-07,12
3007,1393,25000,2024-05-30,24
3008,1198,5000,2024-04-22,24
3009,341,5000,2024-10-12,12
3010,5016,15000,2024-05-02,36
3011,2862,25000,2024-03-28,36
3012,9398,5000,2024-01-25,36
3013,8020,25000,2024-01-30,12
3014,5795,25000,2024-06-15,36
3015,9767,5000,2024-03-14,36
3016,3307,10000,2024-03-13,12
3017,6363,5000,2024-04-21,24
3018,9733,10000,2024-07-29,24
3019,6309,15000,2024-06-28,12
3020,3585,25000,2024-01-05,36
3021,6525,10000,2024-11-27,36
3022,5304,25000,2024-07-20,24
3023,1927,15000,2024-09-12,36
3024,3520,15000,2024-05-21,24
3025,7788,10000,2024-01-20,24
3026,9598,15000,2024-04-09,36
3027,7550,25000,2024-10-07,24
3028,2014,15000,2024-06-17,24
3029,448,15000,2024-11-20,12
3030,1721,10000,2024-08-20,36
3031,4094,15000,2024-03-31,12
3032,34,5000,2024-09-14,36
3033,497,25000,2024-01-28,36
3034,1404,10000,2024-02-13,36
3035,3220,5000,2024-05-20,36
3036,8078,10000,2024-03-25,24
3037,2711,5000,2024-10-25,12
3038,9795,15000,2024-11-06,12
3039,5671,5000,2024-11-15,24
3040,5219,5000,2024-09-24,12
3041,3603,5000,2024-10-23,12
3042,6105,25000,2024-02-13,36
3043,4097,10000,2024-01-11,36
3044,2335,15000,2024-10-01,36
3045,6117,15000,2024-11-11,36
3046,1280,25000,2024-07-18,24
3047,3246,25000,2024-07-17,24
3048,4950,25000,2024-04-30,24
3049,50,5000,2024-01-14,12
3050,5652,25000,2024-03-04,36
3051,9967,25000,2024-08-07,12
3052,7211,5000,2024-05-31,36
3053,3589,10000,2024-09-02,36
3054,4047,25000,2024-04-04,12
3055,66,25000,2024-09-24,12
3056,6540,5000,2024-07-11,12
3057,5371,5000,2024-02-27,24
3058,4224,5000,2024-04-03,12
3059,188,10000,2024-10-24,24
3060,5303,25000,2024-01-01,12
3061,2889,25000,2024-12-27,24
3062,4858,5000,2024-11-23,12
3063,667,5000,2024-07-24,24
3064,7580,25000,2024-07-11,12
3065,9125,25000,2024-08-11,36
3066,5139,25000,2024-02-07,12
3067,3853,5000,2024-11-27,12
3068,4141,10000,2024-11-03,36
3069,618,10000,2024-04-20,36
3070,793,25000,2024-09-08,24
3071,9443,15000,2024-12-01,36
3072,2445,10000,2024-03-24,24
3073,4234,15000,2024-12-29,12
3074,1351,15000,2024-06-08,36
3075,2276,25000,2024-06-03,24
3076,6251,5000,2024-04-07,12
3077,2207,15000,2024-07-07,24
3078,1918,25000,2024-03-26,12
3079,9314,5000,2024-03-02,24
3080,609,10000,2024-09-15,12
3081,8961,25000,2024-03-21,12
3082,784,10000,2024-12-12,24
3083,7067,25000,2024-12-24,12
3084,2390,15000,2024-04-04,24
3085,168,5000,2024-10-13,12
3086,4780,15000,2024-08-08,36
3087,6776,25000,2024-07-10,36
3088,3257,25000,2024-06-18,24
3089,2480,15000,2024-02-27,36
3090,7592,25000,2024-02-12,36
3091,9172,10000,2024-06-08,12
3092,2817,15000,2024-06-06,36
3093,8983,5000,2024-08-22,24
3094,1475,10000,2024-12-04,24
3095,8126,10000,2024-10-27,12
3096,4002,25000,2024-05-23,36
3097,7472,15000,2024-01-10,12
3098,7741,25000,2024-11-25,36
3099,9319,15000,2024-12-13,36
3100,9943,15000,2024-09-24,36
3101,6027,5000,2024-06-04,12
3102,4751,25000,2024-01-18,12
3103,7307,15000,2024-10-10,36
3104,8944,5000,2024-08-18,24
3105,1233,15000,2024-09-26,36
3106,6082,25000,2024-09-20,24
3107,9051,15000,2024-12-21,36
3108,4415,10000,2024-09-15,36
3109,3861,25000,2024-07-20,24
3110,4729,10000,2024-05-16,24
3111,7646,5000,2024-02-16,12
3112,2700,15000,2024-03-03,24
3113,7280,25000,2024-03-17,36
3114,8075,5000,2024-12-07,12
3115,5046,10000,2024-04-30,36
3116,2001,10000,2024-01-13,12
3117,6007,10000,2024-06-27,36
3118,240,10000,2024-11-11,24
3119,7440,5000,2024-11-26,36
3120,2191,15000,2024-06-05,36
3121,4215,5000,2024-01-16,12
3122,4692,15000,2024-09-02,24
3123,2016,25000,2024-07-10,24
3124,5371,10000,2024-12-06,36
3125,163,5000,2024-02-24,36
3126,4750,25000,2024-11-29,12
3127,8542,15000,2024-11-06,12
3128,31,25000,2024-07-06,24
3129,6602,25000,2024-06-17,24
3130,8006,15000,2024-07-26,12
3131,2176,25000,2024-01-09,12
3132,2827,10000,2024-01-06,36
3133,3620,15000,2024-04-11,36
3134,5066,15000,2024-05-25,12
3135,848,5000,2024-10-06,12
3136,792,25000,2024-02-20,12
3137,7893,10000,2024-09-29,36
3138,509,10000,2024-08-15,24
3139,7080,15000,2024-10-03,12
3140,7978,25000,2024-03-23,36
3141,4333,15000,2024-11-13,24
3142,7776,10000,2024-12-12,12
3143,9205,10000,2024-04-26,24
3144,3025,10000,2024-03-15,36
3145,3071,15000,2024-11-05,36
3146,1075,25000,2024-06-19,12
3147,5969,25000,2024-08-01,24
3148,469,15000,2024-07-29,24
3149,1916,10000,2024-05-30,24
3150,4484,25000,2024-08-27,24
3151,7230,10000,2024-04-30,36
3152,7321,15000,2024-11-04,24
3153,736,25000,2024-08-02,12
3154,8134,25000,2024-10-22,36
3155,8170,15000,2024-09-21,12
3156,5049,15000,2024-05-31,24
3157,5822,25000,2024-11-27,24
3158,5677,5000,2024-03-16,36
3159,4478,10000,2024-08-11,24
3160,96,5000,2024-05-09,12
3161,9104,25000,2024-09-07,36
3162,4389,5000,2024-11-21,24
3163,4437,15000,2024-09-16,12
3164,8911,10000,2024-11-12,24
3165,6682,15000,2024-07-23,24
3166,9566,15000,2024-05-05,24
3167,7016,15000,2024-07-10,24
3168,7375,15000,2024-02-05,12
3169,5056,10000,2024-02-10,36
3170,7659,25000,2024-12-24,12
3171,7003,25000,2024-06-14,12
3172,6011,10000,2024-12-03,36
3173,3682,15000,2024-05-22,36
3174,7191,5000,2024-10-30,24
3175,2810,25000,2024-12-18,24
3176,6036,15000,2024-08-21,12
3177,6127,5000,2024-08-15,24
3178,8697,5000,2024-07-09,36
3179,6129,15000,2024-01-25,36
3180,5979,10000,2024-09-16,24
3181,4061,15000,2024-01-18,12
3182,2985,10000,2024-04-29,24
3183,2797,5000,2024-12-18,36
3184,5445,25000,2024-03-24,36
3185,4932,10000,2024-07-31,12
3186,3927,10000,2024-11-24,36
3187,7957,10000,2024-03-05,12
3188,3809,25000,2024-01-27,12
3189,8681,15000,2024-07-25,24
3190,7312,5000,2024-03-28,24
3191,6944,5000,2024-08-23,12
3192,2714,10000,2024-02-19,24
3193,9443,5000,2024-07-01,36
3194,6119,10000,2024-12-30,12
3195,5714,25000,2024-08-20,12
3196,1415,10000,2024-07-04,24
3197,9184,25000,2024-03-29,12
3198,6232,10000,2024-03-26,12
3199,8592,10000,2024-04-13,12
3200,4056,25000,2024-04-19,24
3201,4100,15000,2024-04-29,12
3202,5293,25000,2024-03-28,12
3203,9760,10000,2024-02-25,12
3204,3818,5000,2024-06-03,24
3205,6483,15000,2024-03-30,12
3206,5326,5000,2024-10-20,12
3207,9318,15000,2024-12-26,24
3208,6202,10000,2024-07-14,12
3209,5901,15000,2024-01-23,12
3210,3324,5000,2024-03-23,12
3211,7647,25000,2024-07-02,12
3212,2604,15000,2024-07-25,12
3213,1566,15000,2024-08-10,36
3214,9111,10000,2024-03-28,12
3215,4620,10000,2024-02-22,36
3216,1316,15000,2024-07-20,36
3217,7368,10000,2024-07-18,36
3218,4120,10000,2024-07-13,36
3219,1655,25000,2024-01-04,36
3220,3459,15000,2024-12-26,24
3221,9806,5000,2024-01-21,24
3222,242,25000,2024-11-05,24
3223,4299,10000,2024-08-31,36
3224,4333,25000,2024-05-05,12
3225,9143,15000,2024-12-30,12
3226,3070,15000,2024-07-19,12
3227,8486,15000,2024-02-21,12
3228,4306,5000,2024-08-30,24
3229,8980,5000,2024-07-29,36
3230,1633,5000,2024-05-24,24
3231,3074,10000,2024-02-13,12
3232,4071,15000,2024-04-16,36
3233,2277,15000,2024-05-31,12
3234,9684,5000,2024-04-22,24
3235,2602,25000,2024-08-10,24
3236,8578,25000,2024-06-03,24
3237,7683,10000,2024-06-22,12
3238,528,25000,2024-12-12,36
3239,1412,10000,2024-12-12,36
3240,5086,25000,2024-06-11,24
3241,4198,25000,2024-07-03,36
3242,390,25000,2024-10-11,12
3243,9418,15000,2024-11-08,36
3244,3639,5000,2024-07-16,12
3245,3793,15000,2024-02-24,24
3246,841,5000,2024-03-11,24
3247,9570,25000,2024-07-16,24
3248,5713,5000,2024-02-22,36
3249,235,15000,2024-01-14,12
3250,114,5000,2024-01-21,24
3251,6080,5000,2024-12-25,12
3252,3139,5000,2024-01-14,24
3253,809,25000,2024-11-04,12
3254,5160,5000,2024-04-24,24
3255,7901,25000,2024-12-17,12
3256,411,25000,2024-08-05,12
3257,1319,10000,2024-07-13,12
3258,5685,5000,2024-07-25,36
3259,4904,25000,2024-12-06,24
3260,9780,5000,2024-12-15,12
3261,9253,5000,2024-04-20,36
3262,67,15000,2024-06-15,36
3263,6547,10000,2024-04-10,36
3264,2254,5000,2024-06-17,12
3265,8533,5000,2024-06-04,12
3266,8188,25000,2024-09-14,36
3267,5954,25000,2024-10-04,24
3268,956,15000,2024-08-23,12
3269,4305,10000,2024-05-07,12
3270,5634,10000,2024-12-17,24
3271,2011,10000,2024-05-02,12
3272,6820,5000,2024-07-07,24
3273,1889,10000,2024-12-01,24
3274,369,15000,2024-10-18,12
3275,1763,15000,2024-12-02,36
3276,994,5000,2024-10-31,12
3277,8274,5000,2024-09-15,36
3278,1188,5000,2024-10-05,12
3279,377,25000,2024-12-22,36
3280,3,5000,2024-08-18,24
3281,684,15000,2024-06-04,36
3282,3728,5000,2024-04-18,36
3283,764,25000,2024-12-26,12
3284,8458,5000,2024-11-23,24
3285,2483,25000,2024-02-02,36
3286,725,25000,2024-05-05,36
3287,2841,25000,2024-03-08,12
3288,5347,5000,2024-09-01,24
3289,2424,5000,2024-11-22,36
3290,5382,15000,2024-09-23,12
3291,2476,10000,2024-05-15,24
3292,5128,5000,2024-10-02,36
3293,6050,15000,2024-03-02,36
3294,9257,10000,2024-06-19,36
3295,5998,15000,2024-04-12,36
3296,7425,10000,2024-04-01,36
3297,6787,15000,2024-03-15,24
3298,6708,5000,2024-04-23,36
3299,5339,10000,2024-04-30,36
3300,2292,25000,2024-08-01,36
3301,5035,15000,2024-07-16,36
3302,4399,5000,2024-09-19,12
3303,4466,5000,2024-05-17,24
3304,4947,10000,2024-06-16,24
3305,8239,15000,2024-01-04,24
3306,3662,5000,2024-07-19,36
3307,2565,25000,2024-04-11,24
3308,3326,15000,2024-01-19,36
3309,4928,5000,2024-01-22,36
3310,756,5000,2024-12-24,12
3311,1453,25000,2024-05-08,36
3312,6180,5000,2024-05-28,24
3313,905,10000,2024-08-25,36
3314,2455,15000,2024-01-07,24
3315,3488,10000,2024-11-28,36
3316,4061,10000,2024-01-23,12
3317,5805,25000,2024-03-30,36
3318,8971,10000,2024-01-18,24
3319,1791,10000,2024-03-11,12
3320,7489,10000,2024-03-06,36
3321,7737,5000,2024-02-22,12
3322,1602,25000,2024-07-10,36
3323,3844,5000,2024-05-21,12
3324,6268,5000,2024-01-25,36
3325,3676,10000,2024-09-06,24
3326,1006,5000,2024-02-02,36
3327,232,5000,2024-06-24,24
3328,6577,5000,2024-02-08,36
3329,4587,10000,2024-07-30,36
3330,2134,15000,2024-12-29,24
3331,1691,15000,2024-05-12,24
3332,1224,5000,2024-04-22,24
3333,4971,10000,2024-05-28,24
3334,2204,25000,2024-11-10,36
3335,9090,15000,2024-03-17,36
3336,7883,5000,2024-01-14,36
3337,8344,10000,2024-02-23,24
3338,1352,15000,2024-09-09,36
3339,172,15000,2024-06-21,36
3340,5525,10000,2024-06-17,12
3341,1430,15000,2024-04-01,12
3342,8009,5000,2024-05-08,24
3343,4858,5000,2024-05-09,24
3344,5818,10000,2024-03-12,12
3345,3434,10000,2024-09-11,36
3346,3200,25000,2024-05-20,36
3347,1360,25000,2024-11-02,24
3348,5874,5000,2024-05-05,36
3349,8885,10000,2024-09-07,36
3350,7433,25000,2024-01-02,12
3351,100,25000,2024-01-10,12
3352,3443,15000,2024-10-12,24
3353,3050,15000,2024-08-11,24
3354,8620,25000,2024-03-05,12
3355,587,15000,2024-04-18,36
3356,256,25000,2024-10-26,12
3357,1474,15000,2024-02-11,12
3358,721,10000,2024-09-15,24
3359,2001,15000,2024-04-20,36
3360,3008,10000,2024-01-28,24
3361,7947,5000,2024-02-20,24
3362,4503,15000,2024-07-31,12
3363,6191,10000,2024-05-04,12
3364,5113,25000,2024-09-25,24
3365,1732,5000,2024-02-09,12
3366,4902,15000,2024-06-02,12
3367,2178,25000,2024-12-25,36
3368,1581,25000,2024-06-06,36
3369,3227,15000,2024-10-20,24
3370,9186,15000,2024-12-26,36
3371,4591,10000,2024-09-28,24
3372,1853,10000,2024-04-19,36
3373,82,5000,2024-08-21,12
3374,3851,15000,2024-11-06,12
3375,3013,5000,2024-06-25,24
3376,2717,10000,2024-05-06,36
3377,7193,15000,2024-03-20,12
3378,7502,25000,2024-02-21,24
3379,5302,5000,2024-10-31,36
3380,1456,15000,2024-10-30,12
3381,9390,25000,2024-11-25,36
3382,6953,10000,2024-03-22,24
3383,3113,25000,2024-10-20,24
3384,6589,5000,2024-09-29,24
3385,7563,15000,2024-02-10,12
3386,8108,25000,2024-11-05,24
3387,9504,15000,2024-10-22,36
3388,8753,25000,2024-10-13,12
3389,5382,15000,2024-12-11,24
3390,2105,5000,2024-06-02,24
3391,2054,10000,2024-08-19,12
3392,7727,10000,2024-11-27,24
3393,9791,25000,2024-05-25,36
3394,945,5000,2024-10-17,12
3395,8086,15000,2024-02-25,36
3396,8771,5000,2024-01-30,36
3397,9107,5000,2024-03-15,24
3398,8354,25000,2024-02-21,12
3399,7465,10000,2024-07-14,24
3400,5737,5000,2024-11-06,36
3401,775,25000,2024-08-15,24
3402,57,15000,2024-05-17,24
3403,6672,10000,2024-06-30,36
3404,7227,10000,2024-10-16,24
3405,9382,15000,2024-07-09,36
3406,4045,5000,2024-06-07,12
3407,546,10000,2024-07-10,36
3408,2981,5000,2024-06-26,12
3409,4907,25000,2024-12-28,36
3410,9606,15000,2024-02-06,36
3411,6396,10000,2024-08-11,24
3412,5499,15000,2024-06-08,12
3413,3389,10000,2024-07-27,36
3414,3204,15000,2024-10-17,24
3415,1413,25000,2024-09-05,24
3416,572,25000,2024-07-03,12
3417,1741,5000,2024-12-06,24
3418,3928,25000,2024-10-14,24
3419,348,15000,2024-08-13,36
3420,845,15000,2024-08-13,12
3421,2666,25000,2024-01-08,12
3422,4593,15000,2024-01-23,12
3423,5970,15000,2024-08-10,12
3424,6075,15000,2024-12-14,24
3425,3591,5000,2024-06-14,12
3426,8735,5000,2024-10-01,24
3427,216,10000,2024-10-27,24
3428,6614,15000,2024-02-05,24
3429,1370,5000,2024-06-25,24
3430,8478,25000,2024-07-06,12
3431,8053,15000,2024-11-07,24
3432,3060,15000,2024-11-15,36
3433,51,10000,2024-11-13,36
3434,5539,25000,2024-08-14,36
3435,1726,25000,2024-02-28,36
3436,4567,15000,2024-09-13,24
3437,9592,5000,2024-04-06,36
3438,7858,10000,2024-07-27,36
3439,7827,10000,2024-09-05,24
3440,1330,10000,2024-11-28,12
3441,4534,15000,2024-09-17,12
3442,3323,10000,2024-02-27,12
3443,2899,5000,2024-02-26,12
3444,8941,25000,2024-06-18,24
3445,524,5000,2024-03-13,24
3446,8847,10000,2024-12-06,12
3447,4602,25000,2024-01-22,36
3448,2954,10000,2024-02-22,24
3449,3190,10000,2024-02-26,36
3450,2109,15000,2024-04-12,36
3451,1205,25000,2024-04-21,36
3452,4040,10000,2024-11-02,12
3453,4083,10000,2024-09-17,12
3454,6457,15000,2024-05-14,12
3455,8457,25000,2024-11-15,36
3456,5149,10000,2024-07-03,36
3457,3335,10000,2024-01-26,24
3458,712,5000,2024-01-25,24
3459,9105,5000,2024-11-20,12
3460,5711,5000,2024-09-20,24
3461,9927,15000,2024-01-09,36
3462,9638,5000,2024-11-05,36
3463,332,5000,2024-08-07,36
3464,8160,10000,2024-10-02,12
3465,3835,15000,2024-07-13,24
3466,8344,25000,2024-06-20,36
3467,8900,10000,2024-06-18,12
3468,7211,10000,2024-04-21,12
3469,8613,15000,2024-06-19,24
3470,5805,15000,2024-08-01,36
3471,7658,10000,2024-06-22,12
3472,7734,10000,2024-10-16,12
3473,253,10000,2024-03-08,36
3474,9191,15000,2024-05-25,12
3475,5828,10000,2024-05-18,12
3476,3556,10000,2024-08-06,24
3477,8485,25000,2024-11-24,24
3478,9433,5000,2024-01-25,24
3479,8361,5000,2024-09-08,24
3480,7808,5000,2024-08-02,24
3481,7553,5000,2024-06-13,36
3482,37,5000,2024-03-21,12
3483,1445,10000,2024-11-03,36
3484,6023,10000,2024-03-17,36
3485,4392,25000,2024-11-19,24
3486,6579,15000,2024-10-10,36
3487,7905,25000,2024-06-06,12
3488,7794,15000,2024-06-22,36
3489,6678,15000,2024-06-16,36
3490,7467,25000,2024-05-28,24
3491,6718,10000,2024-05-22,36
3492,7862,25000,2024-05-10,36
3493,9115,5000,2024-12-02,24
3494,7184,25000,2024-04-06,12
3495,6421,10000,2024-09-20,24
3496,4745,10000,2024-12-11,24
3497,4379,15000,2024-06-13,36
3498,1663,15000,2024-01-19,24
3499,999,25000,2024-10-09,24
3500,4303,15000,2024-01-16,12
3501,7831,25000,2024-01-02,36
3502,2525,15000,2024-01-10,12
3503,6736,10000,2024-04-15,12
3504,131,15000,2024-01-17,24
3505,3017,5000,2024-07-22,12
3506,1187,10000,2024-01-07,12
3507,4295,5000,2024-07-19,24
3508,8136,10000,2024-02-15,24
3509,4835,25000,2024-06-26,36
3510,7216,10000,2024-01-10,24
3511,7990,15000,2024-09-28,24
3512,9710,5000,2024-09-13,24
3513,4199,10000,2024-05-16,36
3514,6,25000,2024-01-13,12
3515,711,5000,2024-07-07,24
3516,8204,10000,2024-05-23,36
3517,2151,25000,2024-08-13,24
3518,6843,10000,2024-10-12,12
3519,9906,10000,2024-07-23,12
3520,4523,5000,2024-11-23,24
3521,5809,10000,2024-07-01,24
3522,4951,5000,2024-01-11,36
3523,3283,5000,2024-11-26,12
3524,7893,15000,2024-02-17,24
3525,5554,5000,2024-09-19,24
3526,3605,10000,2024-09-13,24
3527,7155,10000,2024-03-27,24
3528,7140,10000,2024-02-01,36
3529,3983,10000,2024-11-13,36
3530,178,5000,2024-05-22,12
3531,4514,15000,2024-04-01,12
3532,8746,5000,2024-07-07,36
3533,7775,10000,2024-03-18,12
3534,242,5000,2024-11-28,36
3535,9572,15000,2024-02-03,24
3536,9789,25000,2024-05-27,24
3537,8029,15000,2024-04-27,36
3538,7396,15000,2024-01-24,24
3539,1301,25000,2024-01-28,24
3540,7924,15000,2024-09-23,36
3541,7479,15000,2024-08-30,24
3542,3396,5000,2024-08-01,12
3543,1071,15000,2024-02-07,24
3544,4918,15000,2024-07-27,12
3545,6674,10000,2024-08-01,36
3546,6644,15000,2024-05-08,12
3547,9981,5000,2024-04-30,24
3548,4288,25000,2024-07-30,12
3549,6238,10000,2024-06-09,24
3550,5027,5000,2024-04-18,24
3551,9965,10000,2024-03-05,12
3552,3806,15000,2024-03-04,24
3553,2215,5000,2024-01-09,12
3554,8122,10000,2024-02-01,24
3555,8249,5000,2024-11-05,36
3556,6150,10000,2024-05-04,36
3557,238,15000,2024-10-08,12
3558,733,25000,2024-11-13,12
3559,6164,25000,2024-04-18,36
3560,3890,5000,2024-06-18,36
3561,2825,25000,2024-06-24,36
3562,1228,5000,2024-09-01,36
3563,6520,5000,2024-09-12,24
3564,2455,15000,2024-10-12,12
3565,6224,15000,2024-08-19,12
3566,768,10000,2024-05-30,36
3567,8169,5000,2024-04-12,12
3568,2425,10000,2024-01-25,12
3569,6184,10000,2024-05-20,24
3570,3425,15000,2024-06-01,24
3571,4549,5000,2024-09-29,12
3572,7591,15000,2024-04-17,24
3573,714,5000,2024-01-27,36
3574,86,25000,2024-05-18,12
3575,1579,25000,2024-05-13,24
3576,6380,10000,2024-03-19,24
3577,2017,15000,2024-10-19,12
3578,5702,15000,2024-08-11,12
3579,3715,5000,2024-08-03,36
3580,9464,10000,2024-07-21,24
3581,9817,15000,2024-04-15,12
3582,2409,10000,2024-06-13,24
3583,6319,15000,2024-07-20,24
3584,6972,25000,2024-11-10,24
3585,2852,15000,2024-01-10,24
3586,1398,15000,2024-09-13,12
3587,4157,25000,2024-08-24,12
3588,3242,10000,2024-02-21,36
3589,1531,10000,2024-08-02,12
3590,775,10000,2024-05-25,24
3591,2462,25000,2024-12-08,36
3592,7986,25000,2024-09-17,12
3593,8308,25000,2024-12-23,12
3594,7343,10000,2024-08-10,36
3595,5248,10000,2024-04-12,12
3596,7657,10000,2024-07-30,12
3597,1350,10000,2024-12-14,12
3598,2746,5000,2024-02-17,24
3599,2848,25000,2024-10-15,36
3600,8015,25000,2024-07-03,36
3601,627,25000,2024-04-12,24
3602,5586,10000,2024-08-11,36
3603,5962,10000,2024-10-07,12
3604,7592,5000,2024-10-26,24
3605,9832,5000,2024-03-31,24
3606,7131,10000,2024-04-20,24
3607,8429,10000,2024-11-17,36
3608,3058,10000,2024-05-07,24
3609,5868,25000,2024-09-07,24
3610,9160,5000,2024-07-14,24
3611,5937,25000,2024-06-01,36
3612,7206,15000,2024-10-05,36
3613,6008,15000,2024-12-21,36
3614,9212,15000,2024-12-08,24
3615,2007,15000,2024-04-29,12
3616,9755,25000,2024-10-10,36
3617,9034,15000,2024-09-20,12
3618,2204,10000,2024-08-12,12
3619,9005,15000,2024-09-10,36
3620,6784,10000,2024-06-05,36
3621,3198,25000,2024-07-02,12
3622,9902,5000,2024-01-15,36
3623,5667,5000,2024-10-19,12
3624,7407,15000,2024-12-28,12
3625,9257,5000,2024-04-29,24
3626,2509,10000,2024-12-06,12
3627,1719,15000,2024-09-04,24
3628,2594,15000,2024-04-27,24
3629,1473,10000,2024-04-01,36
3630,699,10000,2024-02-05,36
3631,7569,25000,2024-12-01,12
3632,6451,10000,2024-01-12,36
3633,9137,25000,2024-01-28,36
3634,8329,15000,2024-10-15,36
3635,1226,5000,2024-03-15,36
3636,2703,5000,2024-03-19,12
3637,2205,25000,2024-07-29,24
3638,3327,5000,2024-07-01,24
3639,2229,5000,2024-03-19,24
3640,4949,15000,2024-07-19,36
3641,3803,25000,2024-07-23,36
3642,3100,10000,2024-11-01,12
3643,1539,5000,2024-01-29,24
3644,9761,15000,2024-11-09,12
3645,4165,15000,2024-10-08,24
3646,8794,5000,2024-01-23,12
3647,4975,10000,2024-01-17,12
3648,6979,10000,2024-05-12,12
3649,546,25000,2024-02-28,24
3650,5933,25000,2024-05-23,36
3651,6204,25000,2024-04-12,24
3652,8376,15000,2024-04-03,36
3653,838,10000,2024-09-17,12
3654,1893,25000,2024-10-08,24
3655,1389,15000,2024-06-19,36
3656,7166,10000,2024-05-05,24
3657,1458,5000,2024-03-26,24
3658,2801,25000,2024-07-04,24
3659,3304,25000,2024-04-18,12
3660,9646,10000,2024-01-02,36
3661,7287,5000,2024-02-13,12
3662,6474,5000,2024-07-22,36
3663,3287,15000,2024-04-15,12
3664,7490,25000,2024-08-06,24
3665,1173,5000,2024-04-18,12
3666,1712,15000,2024-02-13,24
3667,5497,25000,2024-08-04,36
3668,8973,25000,2024-10-31,36
3669,7488,25000,2024-03-31,24
3670,1029,25000,2024-03-21,24
3671,6546,5000,2024-07-03,12
3672,2251,5000,2024-05-13,12
3673,4150,5000,2024-12-03,12
3674,4384,10000,2024-10-25,36
3675,7452,10000,2024-02-13,24
3676,3670,25000,2024-03-06,36
3677,9261,5000,2024-10-27,24
3678,8476,15000,2024-01-19,24
3679,9025,5000,2024-08-30,36
3680,4678,15000,2024-09-04,12
3681,6091,25000,2024-01-04,12
3682,3489,25000,2024-04-06,36
3683,3213,25000,2024-12-19,24
3684,917,5000,2024-04-05,36
3685,8763,5000,2024-07-28,12
3686,2095,15000,2024-08-23,24
3687,6270,15000,2024-05-16,36
3688,4907,10000,2024-12-22,12
3689,6043,25000,2024-02-17,24
3690,8813,15000,2024-06-12,36
3691,8963,5000,2024-07-13,36
3692,6732,15000,2024-09-30,12
3693,4794,10000,2024-10-22,36
3694,9807,5000,2024-11-16,36
3695,65,5000,2024-06-29,36
3696,3699,5000,2024-04-23,36
3697,202,15000,2024-11-04,12
3698,4238,25000,2024-03-02,24
3699,3170,25000,2024-05-05,24
3700,2865,25000,2024-06-11,36
3701,6361,25000,2024-07-03,12
3702,5413,25000,2024-11-12,36
3703,7676,5000,2024-05-19,36
3704,9350,5000,2024-08-30,36
3705,2310,15000,2024-02-18,36
3706,6428,5000,2024-05-29,24
3707,102,15000,2024-03-30,36
3708,377,15000,2024-11-19,36
3709,8398,10000,2024-11-22,36
3710,3664,5000,2024-12-16,24
3711,9827,15000,2024-10-04,12
3712,6295,25000,2024-12-24,12
3713,1061,25000,2024-10-22,12
3714,5594,10000,2024-05-26,12
3715,5564,15000,2024-02-22,12
3716,5125,5000,2024-10-12,36
3717,9082,25000,2024-06-02,36
3718,1563,25000,2024-05-29,12
3719,3196,10000,2024-03-01,24
3720,811,25000,2024-03-13,36
3721,9251,15000,2024-10-28,12
3722,9453,10000,2024-02-27,24
3723,8704,25000,2024-01-29,12
3724,4413,5000,2024-08-11,24
3725,4399,15000,2024-02-22,12
3726,9318,25000,2024-06-07,36
3727,5432,5000,2024-10-14,12
3728,4178,15000,2024-01-09,12
3729,658,25000,2024-02-06,12
3730,6337,10000,2024-09-20,12
3731,53,5000,2024-03-08,12
3732,5111,25000,2024-11-03,24
3733,1109,10000,2024-10-28,36
3734,987,15000,2024-09-29,36
3735,6027,15000,2024-01-21,36
3736,8048,5000,2024-02-17,24
3737,4737,5000,2024-09-21,12
3738,8403,15000,2024-09-08,36
3739,4960,10000,2024-01-05,24
3740,776,15000,2024-01-06,12
3741,9107,25000,2024-08-17,36
3742,7440,25000,2024-02-15,24
3743,506,10000,2024-04-06,24
3744,3299,25000,2024-04-21,36
3745,4189,25000,2024-07-25,12
3746,4426,5000,2024-12-22,24
3747,3002,25000,2024-05-10,24
3748,261,10000,2024-06-07,12
3749,8902,15000,2024-04-12,24
3750,1952,10000,2024-05-14,12
3751,2371,5000,2024-01-16,36
3752,6154,10000,2024-04-01,12
3753,8280,15000,2024-08-14,24
3754,6484,15000,2024-05-22,12
3755,5669,10000,2024-09-19,12
3756,2735,15000,2024-12-20,12
3757,2257,5000,2024-04-21,12
3758,1073,10000,2024-08-27,24
3759,3922,25000,2024-07-02,36
3760,2970,10000,2024-04-07,36
3761,5943,25000,2024-05-26,12
3762,3278,25000,2024-07-24,36
3763,3970,10000,2024-01-19,24
3764,7921,15000,2024-03-27,24
3765,1489,25000,2024-09-16,36
3766,9851,25000,2024-07-10,36
3767,7960,10000,2024-05-09,24
3768,9324,25000,2024-07-22,12
3769,2188,10000,2024-01-23,12
3770,5211,25000,2024-07-02,24
3771,271,25000,2024-04-16,36
3772,7378,10000,2024-03-22,36
3773,9789,10000,2024-12-02,36
3774,366,5000,2024-06-07,36
3775,8195,15000,2024-11-09,36
3776,3052,5000,2024-09-24,36
3777,784,10000,2024-04-30,36
3778,4484,25000,2024-06-11,36
3779,7139,15000,2024-01-04,12
3780,9225,10000,2024-10-10,12
3781,7160,5000,2024-08-17,36
3782,5486,25000,2024-10-15,36
3783,238,25000,2024-11-25,12
3784,7059,10000,2024-07-24,24
3785,1463,25000,2024-01-05,12
3786,9064,5000,2024-09-22,36
3787,9414,25000,2024-06-01,12
3788,1667,5000,2024-01-17,36
3789,6297,25000,2024-08-30,12
3790,1657,15000,2024-07-07,12
3791,1132,10000,2024-07-30,12
3792,811,10000,2024-11-11,36
3793,56,25000,2024-10-15,24
3794,3524,10000,2024-05-16,36
3795,7560,15000,2024-06-26,24
3796,2663,5000,2024-06-07,24
3797,3280,15000,2024-06-22,24
3798,1534,15000,2024-08-30,24
3799,4012,5000,2024-04-20,24
3800,934,10000,2024-05-11,24
3801,663,5000,2024-01-31,36
3802,3846,5000,2024-01-04,36
3803,3024,5000,2024-01-18,12
3804,5968,10000,2024-12-03,24
3805,8336,5000,2024-08-19,36
3806,7908,15000,2024-10-16,36
3807,6610,5000,2024-02-17,36
3808,6281,5000,2024-03-03,36
3809,8432,25000,2024-09-26,12
3810,2005,25000,2024-03-30,36
3811,6593,15000,2024-03-27,12
3812,5435,10000,2024-10-15,24
3813,4247,25000,2024-03-21,12
3814,3397,15000,2024-06-18,36
3815,7571,25000,2024-06-08,24
3816,8995,25000,2024-04-21,12
3817,8545,10000,2024-04-08,12
3818,1975,10000,2024-06-19,12
3819,9326,25000,2024-07-03,36
3820,4562,25000,2024-05-22,24
3821,1064,10000,2024-11-01,12
3822,1396,10000,2024-08-30,36
3823,9741,15000,2024-03-11,24
3824,1531,25000,2024-03-03,12
3825,53,10000,2024-03-10,24
3826,3152,25000,2024-05-20,36
3827,5865,15000,2024-04-13,24
3828,5671,5000,2024-05-25,24
3829,2787,25000,2024-06-11,24
3830,1145,15000,2024-01-01,12
3831,2113,5000,2024-08-03,12
3832,296,25000,2024-05-04,12
3833,4743,15000,2024-02-05,12
3834,1581,5000,2024-08-29,12
3835,6279,15000,2024-07-26,12
3836,2426,15000,2024-09-11,12
3837,8148,15000,2024-10-28,36
3838,7220,15000,2024-09-09,36
3839,7012,5000,2024-06-13,24
3840,2628,10000,2024-05-01,24
3841,4806,15000,2024-03-22,36
3842,6147,5000,2024-10-26,36
3843,9786,15000,2024-12-14,24
3844,7619,25000,2024-11-19,36
3845,8702,25000,2024-03-16,36
3846,7936,10000,2024-11-28,36
3847,1892,5000,2024-11-29,24
3848,1462,25000,2024-06-27,24
3849,6921,5000,2024-07-20,12
3850,2000,25000,2024-03-26,24
3851,1971,5000,2024-09-21,12
3852,1552,15000,2024-12-02,36
3853,3852,15000,2024-12-09,12
3854,102,25000,2024-03-09,36
3855,8084,10000,2024-04-15,12
3856,1461,25000,2024-03-05,36
3857,8926,25000,2024-01-27,24
3858,533,10000,2024-01-06,12
3859,92,15000,2024-11-04,12
3860,1820,15000,2024-04-26,36
3861,1157,25000,2024-05-25,36
3862,4935,5000,2024-06-12,24
3863,8697,25000,2024-04-06,12
3864,4937,15000,2024-11-05,24
3865,4783,5000,2024-06-10,24
3866,6869,10000,2024-10-14,24
3867,9126,15000,2024-02-20,36
3868,9448,10000,2024-05-10,24
3869,884,15000,2024-11-16,24
3870,2705,15000,2024-09-10,36
3871,6442,5000,2024-12-06,36
3872,4060,15000,2024-01-13,24
3873,4319,25000,2024-01-08,12
3874,2110,10000,2024-09-20,12
3875,7073,15000,2024-11-09,36
3876,9471,25000,2024-12-12,24
3877,7619,10000,2024-12-24,12
3878,390,25000,2024-12-08,12
3879,1649,15000,2024-05-15,24
3880,8958,25000,2024-11-12,12
3881,8540,10000,2024-09-04,12
3882,9538,10000,2024-07-17,36
3883,6016,10000,2024-03-16,12
3884,8522,15000,2024-12-23,12
3885,3794,5000,2024-12-28,36
3886,6065,25000,2024-04-03,12
3887,9166,10000,2024-11-25,36
3888,1246,10000,2024-01-18,24
3889,2238,5000,2024-06-20,12
3890,2620,10000,2024-05-27,12
3891,8397,10000,2024-01-02,36
3892,7916,15000,2024-01-30,12
3893,363,5000,2024-06-20,12
3894,332,10000,2024-09-06,36
3895,7594,15000,2024-02-16,12
3896,6988,15000,2024-10-25,36
3897,422,15000,2024-01-11,12
3898,8955,15000,2024-10-01,24
3899,2784,5000,2024-01-04,36
3900,5291,5000,2024-06-14,24
3901,249,15000,2024-07-19,24
3902,6325,5000,2024-06-10,36
3903,483,25000,2024-11-02,24
3904,5504,25000,2024-08-26,12
3905,4415,15000,2024-04-13,36
3906,8892,10000,2024-12-04,12
3907,5233,10000,2024-02-06,24
3908,3862,25000,2024-08-11,36
3909,6707,15000,2024-02-28,24
3910,9560,25000,2024-12-29,12
3911,8315,25000,2024-08-07,36
3912,750,10000,2024-12-26,24
3913,1598,25000,2024-09-30,36
3914,8778,15000,2024-01-25,24
3915,6389,10000,2024-07-25,12
3916,8736,10000,2024-01-25,36
3917,5577,25000,2024-03-24,24
3918,2201,5000,2024-09-04,24
3919,2704,25000,2024-09-04,12
3920,8207,15000,2024-02-20,36
3921,9659,5000,2024-01-10,24
3922,7954,15000,2024-06-25,12
3923,8437,10000,2024-05-04,36
3924,2615,15000,2024-06-14,24
3925,9091,15000,2024-12-13,24
3926,1479,15000,2024-05-05,36
3927,9575,25000,2024-10-28,36
3928,8244,25000,2024-09-03,24
3929,4919,15000,2024-03-10,12
3930,2275,25000,2024-01-11,12
3931,2162,10000,2024-03-23,12
3932,3609,10000,2024-06-08,36
3933,604,5000,2024-02-27,24
3934,4044,25000,2024-12-06,12
3935,7255,25000,2024-03-19,36
3936,5370,15000,2024-07-03,24
3937,3493,5000,2024-03-17,24
3938,9197,10000,2024-03-11,36
3939,6755,10000,2024-04-25,36
3940,3135,15000,2024-07-03,12
3941,815,25000,2024-11-18,24
3942,8724,15000,2024-01-15,24
3943,759,5000,2024-12-05,24
3944,6,10000,2024-01-03,24
3945,8777,5000,2024-02-27,12
3946,3677,10000,2024-10-09,24
3947,1535,10000,2024-07-06,36
3948,1485,5000,2024-09-15,12
3949,2267,10000,2024-06-23,24
3950,2415,10000,2024-03-05,12
3951,561,5000,2024-01-11,12
3952,4460,10000,2024-10-07,12
3953,9606,5000,2024-07-09,36
3954,1319,15000,2024-01-04,12
3955,2553,25000,2024-12-04,24
3956,6321,25000,2024-02-23,24
3957,5419,25000,2024-02-29,24
3958,2861,10000,2024-06-04,12
3959,6721,5000,2024-05-17,24
3960,1078,25000,2024-06-12,12
3961,5440,10000,2024-03-20,12
3962,2527,10000,2024-11-10,12
3963,722,5000,2024-06-21,24
3964,9437,15000,2024-06-27,12
3965,5802,5000,2024-02-15,36
3966,6054,10000,2024-09-12,36
3967,1346,15000,2024-12-14,12
3968,746,15000,2024-05-11,24
3969,8125,25000,2024-06-18,12
3970,5600,10000,2024-05-15,12
3971,878,5000,2024-04-14,36
3972,8326,5000,2024-10-28,24
3973,4814,25000,2024-01-26,24
3974,9240,10000,2024-01-01,12
3975,7765,5000,2024-09-10,24
3976,7310,5000,2024-07-29,12
3977,9655,5000,2024-07-28,12
3978,1348,15000,2024-03-30,36
3979,1365,15000,2024-02-08,24
3980,9424,25000,2024-01-27,24
3981,4262,25000,2024-07-16,36
3982,7209,5000,2024-08-17,24
3983,4083,10000,2024-01-16,12
3984,1580,10000,2024-11-18,24
3985,5600,25000,2024-01-22,24
3986,3420,10000,2024-03-13,24
3987,2018,10000,2024-07-02,12
3988,4018,5000,2024-05-14,24
3989,3038,5000,2024-11-27,12
3990,762,10000,2024-01-01,36
3991,599,5000,2024-07-26,12
3992,3744,10000,2024-01-14,36
3993,8609,10000,2024-08-09,36
3994,3418,15000,2024-08-31,12
3995,6211,10000,2024-05-26,12
3996,2565,15000,2024-10-01,36
3997,8142,25000,2024-03-17,36
3998,1083,10000,2024-04-17,24
3999,588,25000,2024-11-25,12
4000,7184,5000,2024-04-20,36
4001,3659,15000,2024-05-04,12
4002,5581,25000,2024-04-02,12
4003,5914,5000,2024-08-24,36
4004,5027,10000,2024-09-04,36
4005,7055,15000,2024-05-22,12
4006,9552,10000,2024-07-27,24
4007,781,25000,2024-11-14,36
4008,9729,10000,2024-01-23,12
4009,171,5000,2024-01-10,24
4010,5020,25000,2024-09-12,12
4011,4225,15000,2024-06-25,12
4012,2728,5000,2024-09-10,36
4013,2109,5000,2024-12-17,24
4014,9851,15000,2024-10-16,12
4015,9988,5000,2024-04-04,24
4016,6617,25000,2024-10-21,24
4017,2786,10000,2024-03-20,36
4018,397,15000,2024-08-05,12
4019,8996,15000,2024-07-27,12
4020,8032,25000,2024-04-09,36
4021,3005,25000,2024-01-23,36
4022,7765,15000,2024-10-07,12
4023,8847,15000,2024-07-15,36
4024,7645,15000,2024-09-03,12
4025,8460,15000,2024-03-30,24
4026,1093,25000,2024-09-09,24
4027,9661,10000,2024-01-06,36
4028,9514,15000,2024-01-19,24
4029,1498,5000,2024-10-01,12
4030,7328,5000,2024-04-19,24
4031,4994,5000,2024-04-04,24
4032,3080,25000,2024-03-27,24
4033,9947,15000,2024-01-13,12
4034,9701,25000,2024-12-07,36
4035,9014,5000,2024-07-13,12
4036,2136,10000,2024-03-16,36
4037,1165,5000,2024-08-16,24
4038,2573,15000,2024-06-07,24
4039,4922,10000,2024-11-28,24
4040,4671,10000,2024-01-23,12
4041,687,10000,2024-07-23,24
4042,9167,5000,2024-11-21,12
4043,8698,25000,2024-08-27,12
4044,1771,5000,2024-11-09,36
4045,74,15000,2024-07-13,36
4046,4902,10000,2024-07-17,36
4047,581,25000,2024-05-17,36
4048,8415,25000,2024-08-10,12
4049,897,15000,2024-11-19,12
4050,2434,15000,2024-11-21,36
4051,3953,15000,2024-12-03,36
4052,7453,10000,2024-08-02,36
4053,2170,10000,2024-01-08,36
4054,8925,15000,2024-08-03,36
4055,1465,10000,2024-10-10,36
4056,823,5000,2024-09-11,36
4057,8649,25000,2024-11-18,24
4058,2140,10000,2024-07-23,36
4059,4682,25000,2024-06-09,36
4060,8506,5000,2024-04-23,12
4061,2650,10000,2024-09-01,36
4062,5090,15000,2024-12-01,36
4063,3880,15000,2024-07-21,36
4064,7054,5000,2024-08-04,12
4065,1490,5000,2024-05-24,12
4066,1665,10000,2024-05-13,24
4067,2533,5000,2024-06-22,12
4068,656,25000,2024-09-26,12
4069,3719,15000,2024-06-13,24
4070,3983,10000,2024-04-16,12
4071,2675,5000,2024-09-04,24
4072,7445,25000,2024-11-27,24
4073,6210,15000,2024-12-04,12
4074,7867,15000,2024-12-06,12
4075,4016,10000,2024-01-29,24
4076,5977,10000,2024-08-07,24
4077,201,10000,2024-07-27,24
4078,6612,10000,2024-02-18,24
4079,8330,5000,2024-01-02,12
4080,1076,10000,2024-07-16,36
4081,1749,5000,2024-03-29,24
4082,1476,25000,2024-07-29,12
4083,6946,25000,2024-03-10,24
4084,4958,15000,2024-07-11,36
4085,3905,25000,2024-02-15,12
4086,449,25000,2024-03-03,12
4087,69,10000,2024-04-28,36
4088,7097,10000,2024-08-13,36
4089,4909,10000,2024-12-06,12
4090,7370,25000,2024-01-27,36
4091,7742,10000,2024-07-09,12
4092,1191,10000,2024-10-05,36
4093,1741,10000,2024-08-15,24
4094,3193,10000,2024-12-21,24
4095,3893,5000,2024-08-11,12
4096,8289,10000,2024-10-21,12
4097,9707,25000,2024-02-27,12
4098,6044,10000,2024-10-27,24
4099,1077,10000,2024-07-27,24
4100,9,5000,2024-05-21,12
4101,251,10000,2024-05-29,36
4102,8552,10000,2024-01-17,12
4103,2397,15000,2024-08-27,12
4104,124,10000,2024-02-07,12
4105,9021,25000,2024-12-11,36
4106,9627,15000,2024-10-13,24
4107,7673,15000,2024-04-07,36
4108,2078,25000,2024-02-27,24
4109,9308,25000,2024-12-12,24
4110,596,10000,2024-01-17,36
4111,3087,10000,2024-04-29,24
4112,6965,10000,2024-01-23,36
4113,1745,15000,2024-07-28,24
4114,23,25000,2024-07-31,12
4115,8518,5000,2024-05-27,24
4116,4973,5000,2024-04-05,36
4117,8155,10000,2024-09-16,24
4118,263,25000,2024-03-13,12
4119,1586,10000,2024-11-26,36
4120,433,15000,2024-02-18,12
4121,8752,15000,2024-08-09,12
4122,6312,5000,2024-12-30,12
4123,9895,25000,2024-10-08,36
4124,2489,25000,2024-02-01,24
4125,5695,15000,2024-01-28,12
4126,6072,25000,2024-11-02,36
4127,214,5000,2024-06-16,24
4128,9858,10000,2024-02-06,24
4129,7024,25000,2024-08-21,36
4130,7922,25000,2024-06-27,36
4131,3479,5000,2024-02-26,24
4132,2798,5000,2024-08-20,24
4133,9234,10000,2024-12-01,12
4134,2392,5000,2024-03-12,24
4135,5366,15000,2024-07-13,12
4136,9276,15000,2024-01-03,12
4137,5762,10000,2024-07-20,24
4138,7217,10000,2024-07-09,36
4139,1951,25000,2024-07-25,24
4140,6824,15000,2024-04-20,12
4141,848,15000,2024-12-12,24
4142,5503,15000,2024-02-20,24
4143,7477,15000,2024-08-25,36
4144,4672,5000,2024-05-13,12
4145,8737,15000,2024-10-07,12
4146,4154,10000,2024-08-13,12
4147,2112,25000,2024-01-26,12
4148,2173,25000,2024-08-03,36
4149,8572,10000,2024-03-20,36
4150,9354,15000,2024-10-18,12
4151,66,5000,2024-01-21,24
4152,5299,15000,2024-08-09,12
4153,798,15000,2024-02-18,24
4154,5291,10000,2024-12-05,12
4155,632,25000,2024-02-29,36
4156,9560,25000,2024-12-27,36
4157,3259,25000,2024-08-29,12
4158,7102,10000,2024-01-19,24
4159,8419,5000,2024-03-18,24
4160,7434,5000,2024-12-21,24
4161,8384,25000,2024-05-10,36
4162,2800,25000,2024-08-01,24
4163,5726,5000,2024-05-07,24
4164,1150,10000,2024-04-16,24
4165,3004,5000,2024-06-29,36
4166,3546,15000,2024-07-12,12
4167,20,15000,2024-11-13,36
4168,8625,10000,2024-02-14,36
4169,1000,25000,2024-02-26,12
4170,2659,15000,2024-12-22,12
4171,2535,5000,2024-07-01,24
4172,4426,15000,2024-10-01,24
4173,1691,5000,2024-11-12,12
4174,7475,5000,2024-01-05,24
4175,6329,5000,2024-06-02,12
4176,8527,15000,2024-01-19,24
4177,2554,10000,2024-01-31,36
4178,2511,5000,2024-05-26,24
4179,6053,15000,2024-12-27,12
4180,7139,25000,2024-12-02,12
4181,1872,10000,2024-12-11,36
4182,1605,15000,2024-05-04,24
4183,9749,10000,2024-11-23,12
4184,7144,15000,2024-12-25,24
4185,8981,5000,2024-01-25,12
4186,642,25000,2024-06-01,24
4187,7303,15000,2024-08-24,36
4188,7371,10000,2024-08-01,24
4189,3107,25000,2024-05-20,24
4190,9644,25000,2024-10-24,12
4191,2990,25000,2024-05-22,24
4192,4919,5000,2024-01-23,12
4193,4304,5000,2024-10-10,12
4194,9071,15000,2024-04-21,24
4195,7743,5000,2024-09-25,12
4196,2390,25000,2024-04-05,36
4197,1613,10000,2024-11-26,24
4198,7633,25000,2024-06-20,36
4199,3465,25000,2024-10-17,24
4200,6981,5000,2024-10-29,12
4201,8763,10000,2024-08-22,36
4202,9367,25000,2024-11-01,36
4203,5740,10000,2024-03-27,12
4204,5227,10000,2024-10-22,24
4205,5259,25000,2024-11-28,24
4206,280,5000,2024-07-16,24
4207,6216,5000,2024-08-08,24
4208,2671,15000,2024-10-24,36
4209,5858,25000,2024-05-22,12
4210,2154,25000,2024-02-29,12
4211,7669,10000,2024-11-09,36
4212,6303,10000,2024-10-15,12
4213,5270,15000,2024-01-02,12
4214,4110,15000,2024-06-01,12
4215,2053,10000,2024-09-10,36
4216,3067,10000,2024-02-28,36
4217,9050,15000,2024-09-07,12
4218,7247,5000,2024-01-25,36
4219,7773,15000,2024-05-12,36
4220,5887,10000,2024-08-30,36
4221,8969,25000,2024-03-02,24
4222,7546,10000,2024-04-13,36
4223,3449,5000,2024-03-18,24
4224,7314,10000,2024-07-27,12
4225,7823,10000,2024-04-14,12
4226,1556,15000,2024-03-31,12
4227,5690,5000,2024-06-12,36
4228,3368,15000,2024-12-19,24
4229,578,25000,2024-04-24,36
4230,5517,25000,2024-05-29,12
4231,2523,5000,2024-08-20,24
4232,5694,25000,2024-03-26,36
4233,46,25000,2024-01-28,36
4234,5725,10000,2024-02-17,12
4235,981,15000,2024-07-06,36
4236,5548,15000,2024-03-24,36
4237,3295,15000,2024-03-03,12
4238,5989,5000,2024-01-02,24
4239,2115,10000,2024-10-05,36
4240,8818,10000,2024-02-20,12
4241,3555,5000,2024-08-13,36
4242,7730,15000,2024-03-20,24
4243,258,10000,2024-09-02,24
4244,4044,10000,2024-07-24,12
4245,6952,15000,2024-04-25,12
4246,253,25000,2024-09-13,36
4247,5701,5000,2024-01-15,12
4248,9405,10000,2024-08-04,12
4249,6297,15000,2024-02-12,12
4250,2125,25000,2024-04-12,36
4251,6847,15000,2024-10-20,12
4252,8917,15000,2024-03-03,24
4253,4664,25000,2024-08-18,12
4254,5875,5000,2024-08-25,36
4255,9370,10000,2024-11-02,36
4256,2203,5000,2024-09-06,24
4257,2842,5000,2024-03-18,24
4258,271,15000,2024-03-23,36
4259,8754,15000,2024-06-02,36
4260,5510,15000,2024-08-17,36
4261,3140,5000,2024-04-06,36
4262,1694,10000,2024-06-22,24
4263,9037,15000,2024-05-19,36
4264,3624,25000,2024-04-02,24
4265,4995,10000,2024-05-19,36
4266,7081,10000,2024-01-29,24
4267,9295,10000,2024-12-26,36
4268,751,25000,2024-03-01,12
4269,7740,25000,2024-02-10,36
4270,4414,15000,2024-05-27,24
4271,8015,10000,2024-10-28,36
4272,9965,5000,2024-09-03,36
4273,2087,5000,2024-06-06,12
4274,5702,5000,2024-10-21,36
4275,3866,15000,2024-09-02,12
4276,8699,5000,2024-10-22,36
4277,329,10000,2024-06-27,12
4278,9907,15000,2024-09-14,12
4279,8414,15000,2024-08-05,12
4280,3888,25000,2024-06-04,36
4281,6817,10000,2024-11-02,12
4282,6317,5000,2024-04-29,36
4283,9171,10000,2024-09-20,24
4284,3094,10000,2024-10-13,36
4285,6954,15000,2024-02-08,36
4286,621,5000,2024-07-06,24
4287,3466,5000,2024-08-29,12
4288,6191,5000,2024-03-23,36
4289,9824,25000,2024-07-23,36
4290,5245,10000,2024-05-23,36
4291,5415,15000,2024-10-05,12
4292,4936,15000,2024-06-30,12
4293,9753,15000,2024-11-20,24
4294,6714,5000,2024-01-12,36
4295,6075,5000,2024-10-18,24
4296,6682,15000,2024-02-26,12
4297,5417,10000,2024-06-02,12
4298,8236,15000,2024-04-01,24
4299,4470,10000,2024-03-30,12
4300,6757,15000,2024-01-04,36
4301,1028,10000,2024-08-08,12
4302,9919,15000,2024-05-23,12
4303,9025,25000,2024-01-22,24
4304,7801,25000,2024-07-10,12
4305,1389,5000,2024-04-16,12
4306,913,5000,2024-11-21,24
4307,9285,5000,2024-08-07,36
4308,7640,5000,2024-08-26,24
4309,7673,15000,2024-12-06,36
4310,5433,25000,2024-08-05,36
4311,5192,5000,2024-02-08,24
4312,9462,10000,2024-09-01,24
4313,758,10000,2024-05-29,24
4314,9981,5000,2024-01-30,12
4315,8044,5000,2024-06-09,36
4316,5193,5000,2024-04-13,36
4317,2834,15000,2024-06-06,36
4318,7696,10000,2024-11-04,24
4319,3062,10000,2024-05-13,36
4320,2088,10000,2024-02-23,36
4321,3111,25000,2024-11-30,36
4322,7029,15000,2024-02-05,36
4323,3244,25000,2024-11-14,24
4324,7658,15000,2024-05-10,12
4325,7600,10000,2024-11-08,12
4326,1725,10000,2024-03-20,24
4327,9126,25000,2024-09-28,12
4328,555,10000,2024-04-29,36
4329,8196,5000,2024-05-13,12
4330,1285,15000,2024-07-23,12
4331,4977,10000,2024-09-21,36
4332,6159,5000,2024-08-20,36
4333,8280,25000,2024-01-28,36
4334,6104,10000,2024-10-27,24
4335,5104,10000,2024-02-27,12
4336,9833,15000,2024-01-29,24
4337,217,10000,2024-12-16,24
4338,6554,15000,2024-11-08,36
4339,8383,25000,2024-02-02,12
4340,1734,15000,2024-04-17,24
4341,4713,25000,2024-09-28,36
4342,7195,10000,2024-12-10,24
4343,1206,5000,2024-07-09,12
4344,2643,25000,2024-03-21,36
4345,6374,10000,2024-03-22,24
4346,3356,25000,2024-04-05,12
4347,2165,10000,2024-05-25,12
4348,100,10000,2024-02-26,24
4349,600,5000,2024-08-05,12
4350,9052,15000,2024-08-29,36
4351,5785,5000,2024-10-10,36
4352,6439,25000,2024-06-16,36
4353,5843,5000,2024-05-15,36
4354,7181,10000,2024-05-20,24
4355,7743,10000,2024-06-20,24
4356,9186,5000,2024-02-16,12
4357,3911,25000,2024-01-10,12
4358,9369,15000,2024-10-23,12
4359,5821,15000,2024-07-13,36
4360,1377,10000,2024-11-25,24
4361,8764,15000,2024-01-15,24
4362,9708,15000,2024-08-03,12
4363,4660,25000,2024-07-07,24
4364,8372,15000,2024-09-09,24
4365,726,5000,2024-11-25,12
4366,1041,25000,2024-02-21,24
4367,6270,5000,2024-02-28,36
4368,82,10000,2024-06-24,24
4369,5736,25000,2024-10-21,36
4370,1206,15000,2024-05-05,36
4371,6674,25000,2024-02-11,12
4372,5773,10000,2024-11-02,12
4373,6143,5000,2024-11-01,12
4374,2982,10000,2024-12-13,24
4375,5307,25000,2024-12-26,12
4376,3447,5000,2024-09-10,36
4377,9683,5000,2024-03-06,12
4378,2289,25000,2024-02-27,36
4379,5857,10000,2024-05-06,36
4380,2382,15000,2024-01-04,24
4381,8240,10000,2024-08-22,36
4382,4009,15000,2024-02-01,24
4383,7272,10000,2024-06-23,24
4384,8655,25000,2024-03-02,12
4385,5194,10000,2024-08-13,24
4386,7735,10000,2024-05-23,36
4387,2365,25000,2024-01-18,36
4388,7922,25000,2024-08-07,36
4389,1794,5000,2024-08-21,36
4390,3541,10000,2024-08-22,36
4391,9226,25000,2024-12-27,12
4392,8780,25000,2024-11-16,12
4393,7426,5000,2024-03-20,24
4394,5753,25000,2024-10-19,36
4395,6977,5000,2024-03-13,36
4396,2775,25000,2024-12-02,24
4397,476,5000,2024-04-09,12
4398,4341,10000,2024-09-12,24
4399,7505,25000,2024-11-10,36
4400,4584,25000,2024-12-16,12
4401,7889,10000,2024-06-10,24
4402,5024,10000,2024-10-19,24
4403,5582,10000,2024-06-10,36
4404,5486,5000,2024-12-22,36
4405,3567,25000,2024-05-08,12
4406,6361,25000,2024-11-04,36
4407,1349,15000,2024-09-09,24
4408,2358,15000,2024-03-02,36
4409,5001,25000,2024-05-22,24
4410,5215,5000,2024-08-10,36
4411,5909,5000,2024-11-02,12
4412,4609,15000,2024-01-14,12
4413,2447,15000,2024-12-29,12
4414,9793,15000,2024-04-07,36
4415,3078,15000,2024-02-28,12
4416,6056,15000,2024-06-28,24
4417,8099,10000,2024-01-01,36
4418,9879,25000,2024-08-14,12
4419,4756,25000,2024-05-24,36
4420,2002,15000,2024-11-07,36
4421,8327,25000,2024-05-12,24
4422,1790,25000,2024-05-24,36
4423,7248,10000,2024-09-30,36
4424,7949,10000,2024-12-10,36
4425,2908,5000,2024-11-06,24
4426,6535,5000,2024-02-16,12
4427,6743,15000,2024-07-26,12
4428,7063,5000,2024-08-26,36
4429,2271,15000,2024-08-29,12
4430,9020,5000,2024-04-13,36
4431,7987,25000,2024-10-03,12
4432,9536,25000,2024-06-05,12
4433,7274,5000,2024-07-06,24
4434,6397,25000,2024-06-22,24
4435,4295,25000,2024-04-09,24
4436,3128,15000,2024-01-10,12
4437,7072,25000,2024-03-24,12
4438,8599,5000,2024-02-22,12
4439,1462,25000,2024-05-06,12
4440,1775,15000,2024-05-14,24
4441,5577,5000,2024-10-12,24
4442,9563,15000,2024-12-14,12
4443,8678,25000,2024-02-24,12
4444,6997,25000,2024-08-31,24
4445,363,25000,2024-03-05,12
4446,8134,10000,2024-01-21,36
4447,3802,15000,2024-09-19,24
4448,212,5000,2024-10-26,24
4449,4797,25000,2024-11-19,12
4450,8015,10000,2024-12-24,36
4451,7021,10000,2024-09-04,12
4452,2662,15000,2024-05-22,36
4453,9108,25000,2024-04-07,12
4454,9653,15000,2024-01-02,24
4455,1094,25000,2024-12-22,24
4456,7745,25000,2024-05-10,36
4457,5054,25000,2024-06-24,36
4458,9926,10000,2024-02-16,12
4459,1552,15000,2024-08-28,24
4460,9526,15000,2024-12-21,12
4461,9057,15000,2024-01-27,12
4462,9479,5000,2024-02-05,24
4463,4156,5000,2024-12-04,36
4464,4618,10000,2024-12-19,24
4465,8501,10000,2024-12-01,24
4466,1544,10000,2024-06-28,36
4467,1406,15000,2024-02-20,24
4468,6485,15000,2024-12-07,36
4469,5722,25000,2024-06-08,24
4470,1573,15000,2024-09-14,36
4471,2002,10000,2024-01-17,36
4472,9092,10000,2024-10-05,12
4473,1108,25000,2024-06-20,24
4474,8176,5000,2024-10-28,12
4475,3306,15000,2024-02-23,24
4476,4858,15000,2024-01-13,12
4477,7272,5000,2024-07-20,12
4478,4321,10000,2024-11-22,12
4479,5513,10000,2024-09-02,12
4480,8594,10000,2024-09-27,12
4481,3248,15000,2024-08-15,24
4482,3857,5000,2024-03-02,12
4483,10000,5000,2024-07-19,12
4484,9582,10000,2024-05-31,24
4485,5293,15000,2024-03-10,36
4486,4400,5000,2024-07-07,24
4487,2399,15000,2024-11-22,36
4488,8284,25000,2024-07-26,24
4489,5223,10000,2024-05-10,12
4490,2180,10000,2024-06-05,36
4491,1313,25000,2024-10-03,12
4492,9091,5000,2024-02-23,36
4493,3173,10000,2024-08-31,12
4494,5933,5000,2024-08-02,36
4495,3093,10000,2024-01-11,12
4496,8441,25000,2024-08-06,36
4497,2633,25000,2024-07-23,36
4498,3385,5000,2024-07-19,12
4499,4264,10000,2024-03-12,24
4500,3705,10000,2024-04-18,24
4501,5629,15000,2024-01-27,12
4502,1198,15000,2024-12-14,12
4503,4504,10000,2024-10-15,24
4504,8693,5000,2024-01-05,36
4505,9354,25000,2024-09-21,12
4506,8291,10000,2024-05-20,12
4507,3129,15000,2024-08-12,12
4508,2295,25000,2024-12-15,12
4509,8905,5000,2024-03-29,24
4510,3915,10000,2024-05-13,24
4511,8299,10000,2024-04-12,12
4512,6989,25000,2024-11-25,24
4513,8238,25000,2024-05-04,24
4514,3132,15000,2024-10-30,24
4515,9142,5000,2024-03-23,36
4516,3799,25000,2024-09-23,12
4517,5238,5000,2024-09-19,12
4518,4725,5000,2024-12-26,12
4519,6536,10000,2024-02-26,12
4520,3318,25000,2024-10-13,24
4521,4045,25000,2024-07-05,24
4522,7359,15000,2024-06-22,36
4523,2222,10000,2024-12-02,12
4524,4268,25000,2024-11-30,36
4525,9150,25000,2024-05-14,36
4526,6820,15000,2024-04-03,36
4527,4905,15000,2024-12-16,36
4528,4719,5000,2024-01-09,24
4529,4815,10000,2024-01-09,36
4530,9627,5000,2024-04-22,24
4531,7238,15000,2024-05-01,24
4532,2985,25000,2024-04-17,36
4533,5637,25000,2024-12-07,12
4534,3257,15000,2024-09-28,24
4535,9629,5000,2024-09-14,12
4536,4474,5000,2024-07-16,24
4537,8165,15000,2024-04-27,24
4538,7180,25000,2024-06-04,36
4539,1433,10000,2024-05-07,36
4540,9967,5000,2024-02-12,12
4541,418,10000,2024-03-03,24
4542,6475,25000,2024-05-24,12
4543,983,15000,2024-10-01,36
4544,6424,5000,2024-01-23,36
4545,1139,5000,2024-12-29,12
4546,2929,25000,2024-10-01,12
4547,9426,15000,2024-05-08,24
4548,4543,5000,2024-10-25,12
4549,831,25000,2024-10-07,12
4550,7633,5000,2024-06-30,36
4551,4289,10000,2024-09-18,36
4552,2861,5000,2024-08-15,12
4553,7106,25000,2024-09-07,36
4554,5376,10000,2024-03-21,36
4555,7791,5000,2024-03-16,36
4556,2472,5000,2024-10-07,36
4557,6235,15000,2024-07-20,24
4558,4837,15000,2024-04-28,24
4559,6289,5000,2024-09-08,12
4560,7596,10000,2024-05-01,24
4561,4338,15000,2024-06-22,12
4562,9702,15000,2024-12-24,24
4563,5151,15000,2024-02-28,24
4564,8965,25000,2024-02-24,12
4565,5180,5000,2024-05-31,12
4566,1779,10000,2024-11-26,12
4567,8781,10000,2024-05-31,36
4568,273,5000,2024-06-16,36
4569,1502,15000,2024-05-27,36
4570,6903,10000,2024-12-08,12
4571,7089,25000,2024-07-15,36
4572,3577,25000,2024-05-03,24
4573,7629,10000,2024-08-15,24
4574,5728,25000,2024-11-28,24
4575,1282,5000,2024-07-12,24
4576,9007,25000,2024-12-14,36
4577,1270,25000,2024-03-19,36
4578,4336,10000,2024-01-08,24
4579,9344,25000,2024-12-19,12
4580,9930,10000,2024-02-24,24
4581,2255,15000,2024-02-06,24
4582,1576,15000,2024-12-11,12
4583,9025,25000,2024-09-05,12
4584,9562,15000,2024-07-18,36
4585,8760,10000,2024-09-26,12
4586,3188,15000,2024-03-29,12
4587,3284,5000,2024-08-13,36
4588,599,15000,2024-11-18,36
4589,6412,15000,2024-06-08,24
4590,8236,10000,2024-11-30,24
4591,1882,15000,2024-05-01,12
4592,3544,25000,2024-09-30,36
4593,6153,5000,2024-08-24,12
4594,1884,15000,2024-09-23,12
4595,7357,15000,2024-11-25,24
4596,8573,25000,2024-05-11,12
4597,5952,5000,2024-06-30,12
4598,5763,5000,2024-07-11,24
4599,6871,15000,2024-04-19,24
4600,2163,10000,2024-08-01,36
4601,1659,5000,2024-08-27,24
4602,6583,5000,2024-05-20,36
4603,8038,10000,2024-03-13,36
4604,2893,5000,2024-01-03,24
4605,6044,5000,2024-01-02,24
4606,2983,10000,2024-12-09,24
4607,9068,15000,2024-07-28,12
4608,7872,10000,2024-11-07,24
4609,3516,25000,2024-02-27,36
4610,7828,25000,2024-08-04,36
4611,28,15000,2024-09-13,36
4612,636,25000,2024-04-22,24
4613,2016,25000,2024-03-11,36
4614,587,5000,2024-04-11,36
4615,7526,5000,2024-02-14,12
4616,3623,15000,2024-05-23,24
4617,7416,25000,2024-05-02,24
4618,3471,25000,2024-09-29,36
4619,3715,10000,2024-08-17,12
4620,2396,5000,2024-01-30,36
4621,3471,10000,2024-10-19,12
4622,9475,25000,2024-09-30,36
4623,6901,15000,2024-07-22,36
4624,6563,25000,2024-08-27,24
4625,8583,15000,2024-09-23,12
4626,5982,15000,2024-02-29,12
4627,6133,10000,2024-08-22,12
4628,1951,25000,2024-09-03,24
4629,2638,10000,2024-06-02,24
4630,5968,25000,2024-03-20,36
4631,6259,15000,2024-02-07,12
4632,8196,5000,2024-05-16,12
4633,7907,25000,2024-08-12,36
4634,4105,15000,2024-08-29,36
4635,7492,5000,2024-07-29,36
4636,3539,25000,2024-02-15,36
4637,2748,5000,2024-06-20,12
4638,1675,25000,2024-02-11,36
4639,9124,25000,2024-01-23,12
4640,8317,5000,2024-12-27,12
4641,8066,10000,2024-10-16,12
4642,2866,5000,2024-08-17,36
4643,8451,5000,2024-07-15,36
4644,7027,15000,2024-07-11,36
4645,9164,5000,2024-06-02,36
4646,8184,25000,2024-02-24,24
4647,7802,25000,2024-09-11,36
4648,1147,5000,2024-01-15,24
4649,4685,15000,2024-06-29,36
4650,6802,25000,2024-03-19,24
4651,893,10000,2024-01-11,36
4652,4314,5000,2024-02-27,36
4653,6829,10000,2024-08-26,12
4654,3624,15000,2024-10-24,24
4655,8039,10000,2024-12-02,36
4656,360,5000,2024-07-15,24
4657,1489,10000,2024-06-09,12
4658,5761,25000,2024-06-20,24
4659,291,10000,2024-12-10,36
4660,4956,15000,2024-05-14,12
4661,2114,15000,2024-08-13,36
4662,6941,15000,2024-11-03,12
4663,5675,25000,2024-09-25,12
4664,6265,15000,2024-02-01,24
4665,6336,25000,2024-10-21,36
4666,5474,15000,2024-03-18,36
4667,1567,15000,2024-11-14,12
4668,480,15000,2024-01-20,36
4669,4893,25000,2024-01-16,12
4670,5193,15000,2024-06-06,24
4671,7559,25000,2024-04-14,12
4672,7098,25000,2024-08-01,36
4673,1100,25000,2024-12-22,12
4674,2236,10000,2024-03-14,36
4675,8668,15000,2024-03-12,24
4676,917,25000,2024-08-08,24
4677,4745,10000,2024-11-29,12
4678,4898,5000,2024-07-21,24
4679,6191,25000,2024-08-12,24
4680,9552,25000,2024-12-27,12
4681,1308,15000,2024-02-18,36
4682,2222,25000,2024-04-10,12
4683,7475,5000,2024-08-16,12
4684,4975,25000,2024-05-12,36
4685,6115,25000,2024-12-26,24
4686,8895,15000,2024-10-25,12
4687,118,25000,2024-02-16,12
4688,3264,5000,2024-07-05,36
4689,5044,10000,2024-07-15,12
4690,4668,15000,2024-09-11,36
4691,4619,10000,2024-01-19,12
4692,8964,5000,2024-11-07,12
4693,6799,25000,2024-06-02,36
4694,1288,10000,2024-07-12,36
4695,7659,15000,2024-04-01,12
4696,9560,10000,2024-05-10,36
4697,8048,25000,2024-11-30,12
4698,8291,10000,2024-02-19,36
4699,1047,5000,2024-08-13,24
4700,5383,25000,2024-09-22,24
4701,5445,25000,2024-07-02,24
4702,3804,25000,2024-12-19,24
4703,3756,5000,2024-01-16,12
4704,4483,15000,2024-10-19,12
4705,8798,5000,2024-04-09,24
4706,2170,25000,2024-10-04,24
4707,5420,25000,2024-10-14,24
4708,563,10000,2024-03-21,36
4709,6461,5000,2024-11-24,12
4710,5939,15000,2024-09-08,24
4711,4001,25000,2024-06-28,24
4712,8212,5000,2024-02-02,12
4713,4638,25000,2024-04-29,24
4714,3961,15000,2024-04-06,24
4715,9516,15000,2024-01-14,12
4716,3542,10000,2024-04-10,12
4717,3158,10000,2024-11-12,36
4718,5862,10000,2024-08-12,12
4719,6549,15000,2024-11-16,24
4720,7122,5000,2024-08-26,12
4721,6837,5000,2024-03-26,12
4722,7307,15000,2024-01-30,24
4723,7178,15000,2024-10-09,12
4724,1315,5000,2024-03-04,36
4725,2427,25000,2024-10-15,12
4726,940,5000,2024-11-04,12
4727,8430,15000,2024-03-20,24
4728,8836,5000,2024-06-03,36
4729,8377,5000,2024-06-13,36
4730,1831,15000,2024-12-15,12
4731,7888,25000,2024-10-25,36
4732,1786,15000,2024-07-29,24
4733,9641,10000,2024-04-08,12
4734,8030,10000,2024-09-23,36
4735,7491,5000,2024-02-21,24
4736,4578,15000,2024-05-05,24
4737,1382,25000,2024-05-01,24
4738,362,5000,2024-02-01,12
4739,1060,15000,2024-12-01,24
4740,8708,5000,2024-10-11,24
4741,5866,5000,2024-10-18,12
4742,8522,15000,2024-03-28,12
4743,6413,25000,2024-06-19,24
4744,3142,25000,2024-11-03,12
4745,5639,10000,2024-11-04,36
4746,3740,25000,2024-03-08,12
4747,293,10000,2024-05-12,24
4748,6031,15000,2024-03-23,12
4749,5406,5000,2024-06-24,12
4750,360,5000,2024-04-21,24
4751,1610,25000,2024-09-13,24
4752,1361,5000,2024-12-20,12
4753,624,15000,2024-09-14,36
4754,1566,25000,2024-07-09,36
4755,1921,25000,2024-02-28,24
4756,1512,10000,2024-09-18,36
4757,7547,15000,2024-04-13,12
4758,6488,10000,2024-08-17,24
4759,4714,25000,2024-07-30,12
4760,5920,10000,2024-12-04,36
4761,7930,15000,2024-06-24,36
4762,8767,10000,2024-02-17,36
4763,2002,25000,2024-04-29,24
4764,397,10000,2024-12-09,36
4765,5676,25000,2024-11-24,24
4766,4498,25000,2024-02-01,24
4767,1512,10000,2024-12-25,24
4768,2693,5000,2024-09-09,24
4769,2033,15000,2024-09-17,24
4770,6989,25000,2024-03-25,24
4771,5873,5000,2024-01-17,36
4772,9547,15000,2024-01-24,24
4773,4735,5000,2024-12-12,12
4774,7640,10000,2024-04-21,12
4775,9485,25000,2024-03-22,12
4776,4253,5000,2024-12-07,36
4777,4710,5000,2024-01-06,24
4778,1909,15000,2024-10-10,36
4779,5078,15000,2024-04-15,36
4780,1276,25000,2024-05-27,24
4781,59,5000,2024-07-26,36
4782,3924,25000,2024-05-26,24
4783,617,15000,2024-01-08,24
4784,3672,25000,2024-09-30,24
4785,5784,10000,2024-10-19,12
4786,1712,25000,2024-07-07,24
4787,1343,10000,2024-06-21,24
4788,4753,25000,2024-08-10,36
4789,4933,25000,2024-02-07,12
4790,1024,10000,2024-01-02,36
4791,6966,15000,2024-08-11,36
4792,734,25000,2024-02-28,12
4793,8590,15000,2024-03-15,36
4794,9161,5000,2024-05-12,36
4795,462,15000,2024-12-27,24
4796,8330,5000,2024-08-08,12
4797,762,15000,2024-07-30,12
4798,9055,15000,2024-05-27,12
4799,593,5000,2024-03-22,36
4800,5697,10000,2024-07-03,36
4801,7822,15000,2024-12-02,12
4802,2348,5000,2024-03-08,36
4803,1447,15000,2024-10-01,12
4804,1443,15000,2024-09-05,36
4805,2807,15000,2024-09-09,12
4806,7451,15000,2024-03-27,12
4807,3326,25000,2024-10-09,36
4808,6648,15000,2024-04-25,12
4809,3757,5000,2024-06-18,12
4810,1337,15000,2024-09-08,24
4811,5398,5000,2024-10-27,12
4812,8994,5000,2024-11-29,12
4813,8073,10000,2024-11-19,24
4814,7590,5000,2024-07-14,12
4815,8788,5000,2024-12-08,12
4816,2048,10000,2024-02-05,24
4817,8219,15000,2024-08-17,36
4818,2429,25000,2024-05-12,12
4819,5440,10000,2024-10-09,36
4820,131,25000,2024-06-13,12
4821,3068,15000,2024-01-27,12
4822,3352,15000,2024-04-04,36
4823,2333,25000,2024-11-27,24
4824,5317,25000,2024-06-23,24
4825,737,5000,2024-03-16,12
4826,3848,15000,2024-05-07,24
4827,1299,10000,2024-09-02,12
4828,1092,10000,2024-10-04,12
4829,233,15000,2024-07-01,36
4830,222,25000,2024-11-26,36
4831,8645,25000,2024-12-25,24
4832,5756,10000,2024-02-21,36
4833,4400,25000,2024-12-24,12
4834,936,10000,2024-04-11,24
4835,5734,5000,2024-09-12,36
4836,8131,5000,2024-03-17,24
4837,7568,5000,2024-09-18,24
4838,1344,15000,2024-11-05,12
4839,365,25000,2024-01-02,24
4840,9443,5000,2024-07-21,12
4841,8648,10000,2024-11-23,12
4842,9956,5000,2024-06-06,24
4843,9011,25000,2024-12-12,36
4844,3392,10000,2024-05-07,36
4845,736,5000,2024-05-11,24
4846,3607,25000,2024-12-09,12
4847,1468,10000,2024-12-17,12
4848,3515,5000,2024-02-11,24
4849,3776,5000,2024-12-20,24
4850,4662,25000,2024-06-18,36
4851,9012,5000,2024-11-02,12
4852,8157,25000,2024-09-15,12
4853,1715,5000,2024-07-28,24
4854,516,10000,2024-02-06,12
4855,5221,5000,2024-01-22,24
4856,9621,15000,2024-06-09,12
4857,5250,5000,2024-08-17,36
4858,8011,25000,2024-12-24,12
4859,9036,5000,2024-12-19,24
4860,8132,15000,2024-12-08,24
4861,6143,10000,2024-11-13,12
4862,3136,15000,2024-02-04,36
4863,5879,10000,2024-10-11,36
4864,7034,15000,2024-11-17,36
4865,4325,15000,2024-11-01,24
4866,5072,15000,2024-01-14,24
4867,5943,10000,2024-02-17,36
4868,3980,5000,2024-10-26,12
4869,9469,25000,2024-08-29,12
4870,1512,5000,2024-03-12,12
4871,4901,15000,2024-09-15,12
4872,4660,10000,2024-07-17,24
4873,2963,10000,2024-04-07,36
4874,9087,5000,2024-10-30,36
4875,9046,10000,2024-05-05,12
4876,2411,10000,2024-06-08,36
4877,180,15000,2024-09-21,24
4878,589,10000,2024-09-03,12
4879,2046,10000,2024-07-03,36
4880,5855,15000,2024-10-28,24
4881,3226,5000,2024-02-27,36
4882,8757,25000,2024-07-02,24
4883,4765,25000,2024-09-27,36
4884,7088,25000,2024-04-28,36
4885,4054,5000,2024-08-10,24
4886,4465,10000,2024-05-23,36
4887,2707,15000,2024-08-26,12
4888,7167,5000,2024-02-15,36
4889,5239,25000,2024-08-16,36
4890,3927,10000,2024-11-22,24
4891,1641,25000,2024-10-17,12
4892,1651,25000,2024-03-06,36
4893,8695,25000,2024-11-08,36
4894,8254,5000,2024-10-16,36
4895,5767,10000,2024-08-14,36
4896,5616,25000,2024-10-13,24
4897,5730,5000,2024-01-12,36
4898,3287,15000,2024-06-23,24
4899,1693,15000,2024-08-08,12
4900,7275,5000,2024-03-05,24
4901,357,15000,2024-05-08,12
4902,596,25000,2024-11-30,12
4903,1625,5000,2024-09-06,12
4904,9322,5000,2024-07-13,36
4905,8029,15000,2024-09-26,24
4906,4967,10000,2024-06-30,12
4907,3954,15000,2024-11-18,24
4908,7316,25000,2024-12-05,12
4909,8061,10000,2024-11-01,12
4910,6231,10000,2024-04-09,12
4911,2571,25000,2024-12-12,36
4912,93,10000,2024-08-28,24
4913,4900,5000,2024-04-25,36
4914,9071,10000,2024-06-12,24
4915,4704,10000,2024-08-26,12
4916,7742,15000,2024-01-11,24
4917,1897,5000,2024-06-15,24
4918,9175,25000,2024-01-10,24
4919,2965,5000,2024-02-20,36
4920,9303,10000,2024-10-14,12
4921,6355,15000,2024-11-23,24
4922,8069,25000,2024-02-16,24
4923,8575,25000,2024-01-13,24
4924,9740,10000,2024-11-18,12
4925,2919,5000,2024-11-04,24
4926,7321,15000,2024-11-04,24
4927,5125,5000,2024-04-30,12
4928,2459,5000,2024-10-24,36
4929,1107,25000,2024-10-11,24
4930,5037,5000,2024-09-01,24
4931,8623,5000,2024-02-16,12
4932,3544,25000,2024-08-06,24
4933,6113,25000,2024-10-12,12
4934,2083,5000,2024-05-02,36
4935,3728,25000,2024-01-14,12
4936,5004,15000,2024-09-09,24
4937,2859,15000,2024-03-19,12
4938,8476,5000,2024-08-25,12
4939,727,10000,2024-11-10,12
4940,1782,25000,2024-04-19,12
4941,7406,10000,2024-12-27,36
4942,337,25000,2024-03-04,12
4943,3603,25000,2024-02-13,12
4944,6084,5000,2024-09-26,24
4945,8778,15000,2024-03-31,24
4946,1915,10000,2024-08-26,12
4947,8759,15000,2024-10-26,12
4948,6227,15000,2024-11-12,36
4949,4971,10000,2024-09-14,24
4950,6823,25000,2024-08-30,36
4951,1652,10000,2024-03-19,12
4952,1321,15000,2024-11-25,36
4953,1791,10000,2024-08-25,36
4954,5462,5000,2024-09-21,24
4955,2882,25000,2024-07-07,24
4956,955,25000,2024-07-13,24
4957,5985,10000,2024-06-14,24
4958,5544,25000,2024-07-16,12
4959,7131,25000,2024-03-08,24
4960,2067,15000,2024-07-13,12
4961,3952,15000,2024-08-24,24
4962,2862,25000,2024-06-06,12
4963,5401,25000,2024-08-15,36
4964,8255,15000,2024-03-02,24
4965,9206,25000,2024-05-14,24
4966,6134,25000,2024-06-08,36
4967,1990,15000,2024-04-16,24
4968,1805,15000,2024-11-25,12
4969,3326,15000,2024-08-30,36
4970,3699,5000,2024-08-30,24
4971,5974,15000,2024-04-10,24
4972,5892,25000,2024-08-12,12
4973,9218,15000,2024-10-08,24
4974,6211,5000,2024-02-12,12
4975,878,15000,2024-12-30,24
4976,3358,15000,2024-11-13,36
4977,132,5000,2024-01-23,12
4978,5168,10000,2024-03-04,12
4979,7085,10000,2024-11-23,24
4980,993,15000,2024-07-01,12
4981,5773,10000,2024-05-23,12
4982,1071,10000,2024-04-29,36
4983,7399,25000,2024-09-21,12
4984,9952,25000,2024-09-16,36
4985,6428,25000,2024-02-08,12
4986,2597,5000,2024-10-26,36
4987,5531,10000,2024-10-23,36
4988,2950,15000,2024-09-25,36
4989,5342,5000,2024-03-16,36
4990,9094,10000,2024-10-06,36
4991,3485,15000,2024-02-17,24
4992,5591,5000,2024-07-23,12
4993,7238,25000,2024-04-08,24
4994,66,15000,2024-10-14,12
4995,3765,25000,2024-10-03,12
4996,2794,10000,2024-06-07,36
4997,1420,15000,2024-11-15,12
4998,5478,25000,2024-06-11,24
4999,1416,25000,2024-05-23,12
5000,8568,10000,2024-06-16,12
5001,5425,10000,2024-03-30,24
5002,6208,10000,2024-02-07,24
5003,8370,10000,2024-09-15,24
5004,235,10000,2024-06-13,36
5005,2913,5000,2024-04-09,36
5006,762,25000,2024-09-14,12
5007,3879,10000,2024-09-15,12
5008,5407,25000,2024-04-13,36
5009,1283,5000,2024-06-23,24
5010,1264,15000,2024-04-15,24
5011,5704,25000,2024-04-20,24
5012,3614,25000,2024-12-11,36
5013,4447,25000,2024-01-27,24
5014,4637,15000,2024-02-07,12
5015,7110,5000,2024-06-20,36
5016,3384,25000,2024-01-08,24
5017,3010,5000,2024-01-23,12
5018,1623,25000,2024-05-13,12
5019,7276,25000,2024-02-28,24
5020,30,25000,2024-02-27,36
5021,309,15000,2024-09-12,36
5022,9702,5000,2024-10-08,24
5023,2094,5000,2024-11-30,36
5024,3431,10000,2024-06-23,12
5025,137,25000,2024-04-05,24
5026,775,15000,2024-05-26,36
5027,1599,25000,2024-04-26,36
5028,9647,5000,2024-08-27,36
5029,2604,5000,2024-12-20,24
5030,2481,25000,2024-06-02,24
5031,9039,5000,2024-11-03,12
5032,8399,25000,2024-11-28,24
5033,3131,25000,2024-10-29,24
5034,9422,10000,2024-07-18,36
5035,6475,15000,2024-01-14,36
5036,4692,15000,2024-06-02,24
5037,6669,5000,2024-02-16,36
5038,2797,5000,2024-09-04,36
5039,1128,10000,2024-04-03,24
5040,6503,5000,2024-08-19,24
5041,9395,5000,2024-04-15,36
5042,1288,25000,2024-08-15,12
5043,4851,10000,2024-09-14,12
5044,8741,25000,2024-06-06,24
5045,3946,25000,2024-10-06,12
5046,3930,5000,2024-09-01,36
5047,1388,25000,2024-03-22,36
5048,9466,15000,2024-01-23,24
5049,3264,15000,2024-04-26,12
5050,8999,15000,2024-03-10,36
5051,1928,10000,2024-03-15,36
5052,7975,10000,2024-05-14,12
5053,3982,15000,2024-08-12,36
5054,1746,15000,2024-05-17,36
5055,3989,25000,2024-12-06,12
5056,1226,10000,2024-07-19,12
5057,8107,5000,2024-08-27,24
5058,6283,5000,2024-01-25,12
5059,5972,10000,2024-08-04,24
5060,2067,25000,2024-10-06,12
5061,8287,15000,2024-01-12,24
5062,130,25000,2024-07-17,36
5063,7273,25000,2024-05-13,24
5064,7089,10000,2024-11-10,24
5065,3269,15000,2024-03-23,36
5066,987,10000,2024-11-23,12
5067,3111,10000,2024-02-05,12
5068,3573,25000,2024-11-12,24
5069,9009,10000,2024-08-18,12
5070,7299,10000,2024-04-09,24
5071,2601,10000,2024-07-17,36
5072,2170,10000,2024-07-11,12
5073,1780,25000,2024-06-18,12
5074,757,15000,2024-05-21,12
5075,1168,15000,2024-09-04,36
5076,7354,25000,2024-11-16,24
5077,2595,5000,2024-01-12,24
5078,5331,10000,2024-07-29,36
5079,3105,25000,2024-09-26,24
5080,7327,5000,2024-11-18,24
5081,406,5000,2024-04-24,36
5082,2412,10000,2024-12-20,12
5083,8355,25000,2024-11-18,24
5084,8323,10000,2024-09-26,36
5085,3168,5000,2024-10-27,24
5086,2701,5000,2024-05-16,12
5087,5801,10000,2024-06-05,12
5088,7535,10000,2024-03-01,12
5089,4883,10000,2024-10-15,12
5090,1934,15000,2024-11-23,12
5091,8139,25000,2024-06-16,12
5092,3506,25000,2024-12-23,12
5093,3133,25000,2024-01-23,12
5094,2980,5000,2024-02-28,24
5095,1347,25000,2024-12-21,36
5096,2637,25000,2024-11-07,36
5097,8237,5000,2024-06-19,24
5098,347,5000,2024-03-24,36
5099,3794,15000,2024-09-04,36
5100,2543,5000,2024-11-09,12
5101,5001,10000,2024-05-13,24
5102,8252,15000,2024-10-14,12
5103,2346,5000,2024-07-11,12
5104,4327,25000,2024-07-06,12
5105,2845,15000,2024-05-31,24
5106,3767,15000,2024-06-05,24
5107,448,25000,2024-01-08,24
5108,7794,25000,2024-09-25,12
5109,2416,25000,2024-03-03,24
5110,4079,10000,2024-01-25,12
5111,5149,15000,2024-06-05,36
5112,3036,10000,2024-07-05,12
5113,2325,10000,2024-11-12,36
5114,6753,25000,2024-03-28,36
5115,4927,5000,2024-05-04,24
5116,8230,10000,2024-08-30,12
5117,9423,5000,2024-01-26,24
5118,5826,5000,2024-03-24,24
5119,7820,25000,2024-07-14,36
5120,8481,5000,2024-10-04,36
5121,7119,10000,2024-05-14,12
5122,5613,5000,2024-11-13,36
5123,7937,10000,2024-04-27,12
5124,6596,25000,2024-09-22,12
5125,5493,10000,2024-10-13,24
5126,6705,5000,2024-01-26,36
5127,7469,10000,2024-07-01,24
5128,204,5000,2024-08-26,36
5129,6523,5000,2024-04-18,36
5130,5235,25000,2024-03-30,24
5131,9236,5000,2024-10-07,12
5132,1621,15000,2024-04-29,24
5133,2444,10000,2024-06-28,36
5134,3837,15000,2024-01-18,24
5135,3124,15000,2024-05-31,24
5136,3732,10000,2024-04-17,36
5137,3258,25000,2024-05-22,36
5138,1138,10000,2024-09-20,12
5139,8738,25000,2024-02-12,36
5140,8865,5000,2024-08-04,36
5141,7338,15000,2024-01-24,36
5142,8952,10000,2024-09-06,36
5143,9537,5000,2024-04-11,36
5144,520,10000,2024-11-16,12
5145,8001,10000,2024-01-26,36
5146,4206,5000,2024-11-25,24
5147,9794,10000,2024-06-02,24
5148,6468,5000,2024-11-17,36
5149,6072,15000,2024-09-26,24
5150,1823,5000,2024-05-08,12
5151,2025,10000,2024-04-03,24
5152,1185,15000,2024-02-06,12
5153,380,15000,2024-09-30,12
5154,2128,5000,2024-06-06,24
5155,9487,25000,2024-06-03,24
5156,8808,5000,2024-07-06,36
5157,436,25000,2024-04-22,36
5158,5018,5000,2024-01-30,36
5159,3150,15000,2024-09-01,24
5160,1548,5000,2024-04-09,12
5161,4891,25000,2024-01-21,12
5162,9327,10000,2024-01-18,36
5163,8644,25000,2024-06-10,12
5164,4356,15000,2024-06-07,24
5165,8098,5000,2024-01-10,24
5166,6852,15000,2024-12-26,12
5167,6319,10000,2024-09-06,24
5168,712,10000,2024-01-04,12
5169,5820,10000,2024-01-15,36
5170,5506,5000,2024-02-22,24
5171,7440,25000,2024-07-05,24
5172,6021,5000,2024-02-24,36
5173,8359,15000,2024-08-20,12
5174,6287,5000,2024-06-04,24
5175,4589,15000,2024-05-18,24
5176,2120,5000,2024-06-10,12
5177,7512,25000,2024-09-06,36
5178,6291,10000,2024-05-04,24
5179,7669,5000,2024-04-25,36
5180,5458,25000,2024-12-15,12
5181,1109,5000,2024-08-06,12
5182,1841,5000,2024-10-07,36
5183,2855,10000,2024-08-27,12
5184,3215,15000,2024-04-11,36
5185,9083,25000,2024-02-09,24
5186,9527,5000,2024-04-02,36
5187,3441,10000,2024-07-09,36
5188,5827,5000,2024-01-11,36
5189,1720,5000,2024-07-06,24
5190,2861,10000,2024-07-10,12
5191,9163,5000,2024-09-02,24
5192,67,5000,2024-05-11,36
5193,7902,25000,2024-11-25,24
5194,3846,25000,2024-11-05,12
5195,9030,25000,2024-12-01,24
5196,927,5000,2024-02-25,36
5197,3606,5000,2024-12-15,24
5198,341,25000,2024-12-20,24
5199,3750,5000,2024-02-13,36
5200,102,10000,2024-07-27,36
5201,8134,10000,2024-09-17,12
5202,1134,5000,2024-07-13,24
5203,5003,5000,2024-03-20,12
5204,828,15000,2024-03-08,36
5205,5150,10000,2024-05-16,36
5206,7019,5000,2024-01-04,12
5207,5092,15000,2024-12-06,12
5208,385,10000,2024-04-26,24
5209,8790,15000,2024-04-04,12
5210,9,25000,2024-07-27,24
5211,1314,15000,2024-01-16,36
5212,979,25000,2024-04-20,36
5213,3724,5000,2024-11-21,24
5214,2091,5000,2024-08-09,24
5215,3103,10000,2024-09-27,36
5216,3754,15000,2024-12-28,24
5217,3745,15000,2024-06-07,12
5218,6931,5000,2024-04-03,24
5219,1789,10000,2024-12-01,36
5220,1243,5000,2024-10-26,24
5221,8305,10000,2024-06-12,12
5222,3767,15000,2024-10-22,24
5223,3332,25000,2024-11-14,24
5224,6156,10000,2024-09-11,24
5225,1364,15000,2024-11-14,36
5226,6653,10000,2024-09-29,24
5227,3376,25000,2024-02-07,12
5228,5633,25000,2024-06-30,36
5229,3433,5000,2024-07-05,24
5230,5439,25000,2024-01-25,36
5231,6653,25000,2024-11-28,24
5232,7689,5000,2024-05-21,36
5233,5894,25000,2024-05-03,24
5234,1350,5000,2024-01-25,12
5235,308,10000,2024-10-17,36
5236,9539,15000,2024-11-30,24
5237,9059,5000,2024-06-23,24
5238,7056,10000,2024-08-19,24
5239,7810,25000,2024-05-24,36
5240,5737,10000,2024-12-10,36
5241,8056,5000,2024-01-23,24
5242,7710,5000,2024-08-11,24
5243,8110,5000,2024-05-01,24
5244,9705,5000,2024-08-10,36
5245,2284,10000,2024-08-17,12
5246,7553,15000,2024-01-17,12
5247,8135,15000,2024-10-11,24
5248,3779,10000,2024-01-02,36
5249,5376,15000,2024-09-23,24
5250,9060,25000,2024-01-16,24
5251,1383,10000,2024-12-02,36
5252,3615,10000,2024-01-21,12
5253,7096,10000,2024-09-07,36
5254,9176,15000,2024-10-03,24
5255,1025,10000,2024-01-06,12
5256,8310,10000,2024-10-28,36
5257,2527,5000,2024-08-24,12
5258,6603,5000,2024-01-23,36
5259,9411,15000,2024-11-09,36
5260,7820,5000,2024-07-03,12
5261,1044,25000,2024-08-11,12
5262,2506,5000,2024-02-08,24
5263,7759,5000,2024-01-31,24
5264,2688,10000,2024-01-02,12
5265,3157,25000,2024-12-07,24
5266,576,25000,2024-06-13,24
5267,403,5000,2024-10-26,36
5268,8445,15000,2024-05-06,24
5269,1630,10000,2024-11-14,36
5270,7969,15000,2024-03-15,24
5271,2710,15000,2024-11-04,12
5272,4824,15000,2024-03-16,36
5273,4044,25000,2024-12-15,24
5274,2660,15000,2024-10-01,12
5275,5242,15000,2024-10-27,36
5276,9171,25000,2024-08-22,24
5277,3817,5000,2024-02-24,12
5278,2727,25000,2024-07-17,36
5279,569,25000,2024-01-29,24
5280,4106,5000,2024-10-30,24
5281,2773,15000,2024-11-23,36
5282,4055,15000,2024-03-03,12
5283,7878,5000,2024-05-28,36
5284,3999,15000,2024-11-08,12
5285,137,5000,2024-09-25,12
5286,4787,25000,2024-06-03,36
5287,9616,15000,2024-07-14,12
5288,1466,15000,2024-12-09,24
5289,4772,10000,2024-04-14,36
5290,3833,15000,2024-09-21,12
5291,1537,10000,2024-03-14,24
5292,2325,15000,2024-03-15,12
5293,9572,10000,2024-04-06,36
5294,9125,5000,2024-08-28,24
5295,7261,15000,2024-05-18,12
5296,6785,5000,2024-04-18,36
5297,7304,10000,2024-01-28,12
5298,9260,10000,2024-04-11,36
5299,211,10000,2024-12-15,24
5300,7527,10000,2024-04-28,36
5301,6505,25000,2024-03-12,24
5302,6555,5000,2024-01-27,12
5303,8424,10000,2024-05-29,12
5304,804,15000,2024-06-18,24
5305,9386,10000,2024-06-08,12
5306,8426,5000,2024-05-21,24
5307,2568,25000,2024-06-02,12
5308,2148,5000,2024-09-06,12
5309,6397,15000,2024-07-01,36
5310,1724,25000,2024-07-21,36
5311,1147,5000,2024-03-11,36
5312,8324,10000,2024-07-01,24
5313,6365,15000,2024-06-21,36
5314,9024,15000,2024-01-30,36
5315,732,25000,2024-11-17,36
5316,8595,5000,2024-12-20,12
5317,6315,15000,2024-06-02,24
5318,5596,25000,2024-03-29,36
5319,9810,10000,2024-08-08,36
5320,270,10000,2024-11-06,36
5321,7581,25000,2024-12-23,12
5322,1155,5000,2024-11-16,24
5323,6857,10000,2024-01-25,36
5324,7016,10000,2024-04-07,36
5325,7901,25000,2024-02-11,36
5326,5637,5000,2024-10-26,12
5327,6773,10000,2024-03-09,12
5328,2349,5000,2024-12-26,36
5329,2752,25000,2024-09-20,12
5330,6059,5000,2024-12-27,24
5331,4523,5000,2024-03-03,36
5332,2164,15000,2024-07-24,24
5333,2284,10000,2024-05-27,24
5334,6157,10000,2024-11-24,24
5335,4164,10000,2024-09-11,12
5336,4487,5000,2024-09-07,12
5337,8965,25000,2024-09-17,24
5338,2427,5000,2024-05-08,12
5339,3247,10000,2024-01-11,12
5340,5512,10000,2024-01-17,36
5341,3477,10000,2024-03-08,36
5342,4184,10000,2024-01-05,36
5343,5912,25000,2024-07-24,36
5344,5209,15000,2024-03-22,24
5345,8179,5000,2024-03-07,12
5346,3893,25000,2024-09-01,24
5347,2780,15000,2024-09-23,36
5348,6600,10000,2024-08-26,36
5349,8647,25000,2024-08-18,12
5350,3635,25000,2024-08-15,12
5351,6655,25000,2024-06-01,12
5352,3247,5000,2024-02-11,36
5353,4305,15000,2024-10-17,12
5354,7797,15000,2024-03-19,12
5355,5433,5000,2024-02-28,36
5356,2851,15000,2024-04-26,24
5357,5624,10000,2024-09-05,24
5358,2134,25000,2024-02-17,36
5359,5340,15000,2024-07-31,24
5360,1722,15000,2024-09-15,36
5361,2027,25000,2024-01-24,24
5362,6650,10000,2024-08-23,12
5363,1187,10000,2024-07-15,24
5364,1151,15000,2024-12-22,36
5365,4213,10000,2024-02-02,36
5366,1430,5000,2024-11-21,24
5367,649,25000,2024-06-23,36
5368,7936,25000,2024-02-22,24
5369,356,5000,2024-06-21,36
5370,2824,10000,2024-07-29,12
5371,8158,10000,2024-11-08,24
5372,5119,25000,2024-07-31,24
5373,7544,5000,2024-07-16,12
5374,5270,5000,2024-10-22,36
5375,6380,25000,2024-01-03,24
5376,3935,15000,2024-02-18,12
5377,9384,25000,2024-01-14,36
5378,5615,15000,2024-07-24,12
5379,7086,15000,2024-07-12,12
5380,267,15000,2024-10-07,24
5381,7318,25000,2024-09-16,36
5382,1881,5000,2024-09-03,24
5383,1549,5000,2024-03-03,36
5384,382,5000,2024-02-24,36
5385,1636,25000,2024-09-14,12
5386,8877,25000,2024-01-23,12
5387,7418,10000,2024-04-17,24
5388,2638,25000,2024-06-24,36
5389,5571,5000,2024-01-15,12
5390,4850,10000,2024-11-02,36
5391,6051,25000,2024-05-31,12
5392,1952,25000,2024-10-02,12
5393,9638,25000,2024-11-07,24
5394,5946,10000,2024-02-07,36
5395,21,10000,2024-10-07,12
5396,1010,15000,2024-03-26,36
5397,7780,10000,2024-11-19,36
5398,7141,5000,2024-03-20,36
5399,5288,5000,2024-11-15,12
5400,9274,25000,2024-06-19,36
5401,2649,5000,2024-03-11,24
5402,7825,5000,2024-03-28,24
5403,4853,5000,2024-02-26,12
5404,5386,5000,2024-06-15,24
5405,2453,10000,2024-04-28,24
5406,6509,5000,2024-10-11,12
5407,8577,25000,2024-08-23,36
5408,4105,10000,2024-11-15,12
5409,7537,15000,2024-10-29,12
5410,6453,5000,2024-01-20,24
5411,2218,15000,2024-01-07,12
5412,147,15000,2024-07-28,36
5413,1927,25000,2024-08-25,12
5414,3755,15000,2024-12-15,12
5415,8272,5000,2024-04-23,36
5416,6596,25000,2024-11-04,12
5417,9952,25000,2024-06-06,36
5418,978,10000,2024-11-17,36
5419,4903,25000,2024-05-06,24
5420,6053,15000,2024-07-21,12
5421,2805,5000,2024-08-11,36
5422,7580,10000,2024-03-10,12
5423,9778,15000,2024-12-13,24
5424,4391,25000,2024-04-29,24
5425,9346,5000,2024-06-01,24
5426,6013,25000,2024-01-23,36
5427,5884,10000,2024-05-19,24
5428,5285,10000,2024-04-21,12
5429,8805,5000,2024-05-17,12
5430,3579,15000,2024-06-28,36
5431,4165,5000,2024-04-28,12
5432,4652,15000,2024-05-09,36
5433,2957,5000,2024-07-06,24
5434,5782,10000,2024-03-21,36
5435,3207,10000,2024-07-19,36
5436,830,25000,2024-11-22,12
5437,4598,10000,2024-03-14,12
5438,9166,25000,2024-10-04,24
5439,8922,10000,2024-05-05,12
5440,9093,10000,2024-06-04,12
5441,660,25000,2024-07-01,12
5442,7806,5000,2024-04-15,12
5443,761,5000,2024-11-29,12
5444,8524,5000,2024-05-26,24
5445,959,15000,2024-01-01,24
5446,9951,15000,2024-07-02,24
5447,5841,10000,2024-03-28,24
5448,6800,10000,2024-07-10,24
5449,4409,10000,2024-03-27,12
5450,1856,25000,2024-03-09,36
5451,355,15000,2024-12-05,24
5452,5622,15000,2024-04-19,36
5453,2273,5000,2024-12-25,24
5454,4195,15000,2024-06-20,36
5455,4891,25000,2024-06-25,12
5456,3163,25000,2024-04-08,12
5457,3881,25000,2024-02-05,12
5458,6518,25000,2024-08-12,36
5459,8396,10000,2024-12-09,24
5460,3966,25000,2024-10-19,12
5461,9966,5000,2024-09-09,36
5462,609,25000,2024-02-20,24
5463,8077,15000,2024-10-19,12
5464,1141,25000,2024-06-01,24
5465,4875,5000,2024-12-07,24
5466,4997,15000,2024-08-24,12
5467,4924,15000,2024-09-17,12
5468,8174,15000,2024-05-15,24
5469,6236,10000,2024-09-10,12
5470,5197,15000,2024-11-04,12
5471,7918,10000,2024-04-14,12
5472,739,25000,2024-10-09,36
5473,7488,5000,2024-11-12,12
5474,3724,15000,2024-11-16,12
5475,658,25000,2024-03-24,24
5476,7313,10000,2024-07-17,24
5477,2727,10000,2024-02-14,12
5478,9302,5000,2024-07-07,24
5479,3213,25000,2024-02-19,36
5480,6189,5000,2024-10-30,12
5481,8038,5000,2024-07-19,24
5482,2165,15000,2024-06-23,24
5483,8339,15000,2024-05-21,12
5484,6803,5000,2024-10-01,24
5485,5141,15000,2024-07-08,24
5486,4632,25000,2024-05-13,24
5487,3230,10000,2024-04-10,12
5488,5168,10000,2024-12-11,12
5489,4515,15000,2024-09-25,24
5490,5230,25000,2024-12-22,24
5491,3601,15000,2024-10-28,24
5492,6626,25000,2024-02-02,12
5493,5197,10000,2024-04-25,24
5494,2318,25000,2024-04-06,24
5495,922,10000,2024-02-10,24
5496,4788,15000,2024-11-24,36
5497,5771,25000,2024-07-25,36
5498,3891,15000,2024-01-29,24
5499,7850,5000,2024-09-19,24
5500,4338,5000,2024-04-04,36
5501,4030,15000,2024-06-30,24
5502,2979,10000,2024-01-11,24
5503,9280,25000,2024-02-11,12
5504,5778,15000,2024-09-17,36
5505,6542,10000,2024-01-02,36
5506,7032,25000,2024-02-12,36
5507,2097,15000,2024-01-04,12
5508,5573,15000,2024-12-02,12
5509,2193,10000,2024-04-04,36
5510,917,25000,2024-02-28,12
5511,4767,25000,2024-01-30,12
5512,5423,10000,2024-03-28,12
5513,8620,15000,2024-11-25,24
5514,3089,10000,2024-08-07,36
5515,4177,10000,2024-05-07,24
5516,6611,15000,2024-06-19,36
5517,7239,25000,2024-12-17,12
5518,6234,5000,2024-08-12,36
5519,8901,5000,2024-09-30,36
5520,3664,10000,2024-06-13,24
5521,1982,25000,2024-06-06,24
5522,1389,15000,2024-07-15,12
5523,8395,25000,2024-11-10,12
5524,3303,10000,2024-01-30,24
5525,4102,25000,2024-07-14,36
5526,3218,25000,2024-06-17,36
5527,5817,15000,2024-11-02,12
5528,8339,5000,2024-12-09,12
5529,4682,25000,2024-03-07,12
5530,9172,25000,2024-07-02,36
5531,8928,5000,2024-08-25,36
5532,8887,25000,2024-07-20,12
5533,7659,25000,2024-04-18,36
5534,6053,25000,2024-08-05,36
5535,854,5000,2024-03-16,36
5536,248,10000,2024-11-16,36
5537,6493,5000,2024-01-02,36
5538,4538,5000,2024-01-11,36
5539,9602,10000,2024-03-16,12
5540,2464,15000,2024-04-01,12
5541,3738,5000,2024-04-06,24
5542,9178,25000,2024-06-18,12
5543,5782,15000,2024-09-15,24
5544,6474,15000,2024-10-23,36
5545,7312,10000,2024-10-31,36
5546,5367,15000,2024-03-23,36
5547,3135,25000,2024-03-22,12
5548,4001,15000,2024-10-19,36
5549,7671,25000,2024-12-13,12
5550,7404,10000,2024-08-10,12
5551,9613,15000,2024-09-19,12
5552,4897,5000,2024-02-07,36
5553,123,10000,2024-05-12,12
5554,2318,10000,2024-03-01,24
5555,6152,25000,2024-03-23,24
5556,6874,10000,2024-07-23,36
5557,6486,5000,2024-01-28,24
5558,8878,15000,2024-07-03,12
5559,1662,15000,2024-05-09,24
5560,7483,15000,2024-03-10,36
5561,2876,25000,2024-07-25,24
5562,6892,5000,2024-06-04,24
5563,2164,25000,2024-02-06,24
5564,2839,15000,2024-08-04,12
5565,3461,15000,2024-04-05,12
5566,7253,5000,2024-09-05,24
5567,7800,25000,2024-07-01,12
5568,9364,5000,2024-04-10,24
5569,555,15000,2024-08-15,24
5570,7926,5000,2024-12-03,24
5571,4009,5000,2024-01-03,36
5572,4602,25000,2024-03-11,36
5573,1817,25000,2024-04-06,12
5574,7540,5000,2024-03-25,36
5575,189,10000,2024-08-26,12
5576,1441,10000,2024-06-24,24
5577,1221,25000,2024-10-19,36
5578,2598,15000,2024-05-10,24
5579,6668,15000,2024-06-25,12
5580,2908,25000,2024-04-10,24
5581,5684,25000,2024-08-04,36
5582,1716,5000,2024-07-06,12
5583,7810,15000,2024-09-02,36
5584,6111,10000,2024-12-18,36
5585,612,25000,2024-09-25,36
5586,284,25000,2024-06-29,36
5587,2671,15000,2024-11-01,24
5588,9820,15000,2024-06-02,12
5589,1612,10000,2024-06-29,36
5590,8909,25000,2024-02-26,36
5591,8874,10000,2024-02-15,24
5592,7165,5000,2024-12-15,36
5593,7631,5000,2024-03-26,12
5594,4257,25000,2024-08-22,36
5595,4270,5000,2024-03-22,36
5596,1523,15000,2024-06-26,36
5597,9552,15000,2024-11-21,12
5598,2074,15000,2024-04-02,36
5599,1790,10000,2024-07-16,12
5600,3371,15000,2024-06-10,12
5601,2485,10000,2024-08-13,36
5602,6903,25000,2024-07-11,24
5603,2059,25000,2024-05-25,36
5604,7406,15000,2024-09-10,24
5605,2667,15000,2024-10-09,36
5606,1434,25000,2024-01-10,24
5607,3385,10000,2024-05-09,12
5608,523,10000,2024-11-10,12
5609,1694,10000,2024-03-31,36
5610,4184,5000,2024-03-03,36
5611,9348,5000,2024-01-15,24
5612,598,15000,2024-08-29,24
5613,9838,15000,2024-07-11,12
5614,7496,25000,2024-12-26,24
5615,2337,15000,2024-08-03,12
5616,6218,25000,2024-09-18,12
5617,7684,5000,2024-08-08,24
5618,1715,15000,2024-05-13,36
5619,3177,10000,2024-10-20,24
5620,8395,25000,2024-10-30,36
5621,2899,10000,2024-01-15,12
5622,1265,5000,2024-11-23,12
5623,6944,10000,2024-01-29,36
5624,6851,10000,2024-09-14,12
5625,9430,15000,2024-11-26,12
5626,1555,10000,2024-07-19,24
5627,7380,10000,2024-03-28,24
5628,8245,5000,2024-06-10,12
5629,672,10000,2024-01-24,24
5630,8883,25000,2024-08-28,12
5631,8275,10000,2024-04-11,12
5632,3569,25000,2024-10-07,36
5633,1452,15000,2024-04-26,24
5634,5314,25000,2024-02-02,24
5635,5238,25000,2024-12-29,12
5636,6979,15000,2024-09-10,36
5637,7039,15000,2024-10-25,24
5638,6044,5000,2024-01-17,24
5639,7139,25000,2024-01-07,12
5640,9368,15000,2024-01-27,24
5641,1080,10000,2024-02-05,24
5642,7986,5000,2024-09-27,12
5643,9475,10000,2024-03-10,36
5644,535,10000,2024-07-03,24
5645,7762,15000,2024-08-15,12
5646,4667,5000,2024-03-09,12
5647,4674,5000,2024-02-22,36
5648,2163,15000,2024-08-24,36
5649,3999,25000,2024-07-15,12
5650,6618,5000,2024-01-02,12
5651,7502,10000,2024-04-16,12
5652,3693,25000,2024-05-25,24
5653,7477,5000,2024-06-08,24
5654,4060,10000,2024-08-26,24
5655,8523,5000,2024-05-05,24
5656,5664,5000,2024-06-05,36
5657,1528,15000,2024-10-31,24
5658,7052,15000,2024-07-26,12
5659,574,25000,2024-07-21,24
5660,6147,5000,2024-11-11,36
5661,7551,25000,2024-05-06,12
5662,3696,10000,2024-10-10,24
5663,524,15000,2024-12-07,24
5664,9364,15000,2024-06-03,12
5665,9614,25000,2024-05-15,12
5666,2217,25000,2024-05-30,12
5667,6337,15000,2024-02-01,36
5668,9044,25000,2024-01-15,36
5669,5480,5000,2024-12-12,36
5670,7711,10000,2024-05-07,12
5671,9372,25000,2024-04-05,24
5672,3596,10000,2024-11-08,12
5673,4368,5000,2024-10-29,24
5674,5857,10000,2024-04-10,24
5675,5002,15000,2024-04-27,12
5676,738,10000,2024-01-10,36
5677,2819,25000,2024-04-26,12
5678,5343,25000,2024-12-13,24
5679,2164,15000,2024-06-28,12
5680,3077,15000,2024-08-11,12
5681,6917,5000,2024-08-11,24
5682,8719,15000,2024-09-04,12
5683,449,10000,2024-09-10,36
5684,7435,10000,2024-11-14,36
5685,6874,10000,2024-11-21,36
5686,6698,10000,2024-05-16,24
5687,4162,10000,2024-08-17,12
5688,7997,15000,2024-12-15,12
5689,8078,5000,2024-02-10,36
5690,120,5000,2024-02-09,24
5691,4485,25000,2024-09-28,36
5692,2848,10000,2024-09-08,36
5693,1791,15000,2024-01-25,36
5694,3018,25000,2024-05-17,36
5695,351,5000,2024-01-09,24
5696,5458,10000,2024-10-22,24
5697,9745,15000,2024-02-26,36
5698,2251,5000,2024-10-28,24
5699,5061,15000,2024-04-28,36
5700,6584,10000,2024-09-19,36
5701,3238,15000,2024-06-19,36
5702,6523,5000,2024-12-25,36
5703,8240,5000,2024-07-22,12
5704,5848,25000,2024-02-26,12
5705,5395,15000,2024-05-24,36
5706,1893,25000,2024-01-25,36
5707,898,5000,2024-04-20,36
5708,1739,25000,2024-02-24,12
5709,9161,25000,2024-05-26,12
5710,4107,15000,2024-02-01,36
5711,2504,15000,2024-03-27,12
5712,6061,25000,2024-06-08,12
5713,5151,10000,2024-03-12,12
5714,6747,10000,2024-01-22,24
5715,9663,15000,2024-08-25,36
5716,3500,5000,2024-07-01,12
5717,2562,10000,2024-05-15,12
5718,4495,5000,2024-02-15,24
5719,3604,15000,2024-01-05,24
5720,387,5000,2024-01-12,24
5721,6762,25000,2024-01-27,24
5722,7975,5000,2024-03-24,24
5723,5450,15000,2024-02-05,24
5724,8330,10000,2024-02-21,24
5725,3752,25000,2024-05-09,36
5726,2701,10000,2024-03-14,24
5727,5845,5000,2024-09-04,12
5728,8492,15000,2024-01-12,12
5729,32,15000,2024-02-24,12
5730,2505,10000,2024-12-01,12
5731,8734,25000,2024-09-10,24
5732,3457,15000,2024-06-07,36
5733,547,15000,2024-03-31,36
5734,984,5000,2024-06-08,24
5735,4141,25000,2024-11-15,36
5736,8572,25000,2024-04-13,24
5737,497,5000,2024-03-31,12
5738,1916,10000,2024-11-10,24
5739,5055,10000,2024-10-07,36
5740,7727,5000,2024-12-25,36
5741,8377,15000,2024-03-08,36
5742,489,15000,2024-06-20,24
5743,1721,5000,2024-06-19,24
5744,6779,5000,2024-05-22,24
5745,171,5000,2024-08-12,36
5746,8592,5000,2024-07-15,36
5747,8431,15000,2024-07-16,36
5748,1341,25000,2024-06-21,12
5749,8083,15000,2024-06-01,24
5750,4416,10000,2024-06-01,24
5751,6621,5000,2024-01-10,36
5752,9541,10000,2024-07-08,36
5753,7923,15000,2024-01-12,36
5754,4855,10000,2024-01-29,36
5755,2090,15000,2024-02-12,12
5756,234,15000,2024-03-28,36
5757,556,10000,2024-12-09,36
5758,4772,10000,2024-04-20,36
5759,3734,25000,2024-03-09,24
5760,3276,5000,2024-04-28,24
5761,5004,25000,2024-09-23,36
5762,8995,25000,2024-12-28,24
5763,7474,15000,2024-09-03,12
5764,4947,5000,2024-11-14,12
5765,997,5000,2024-01-22,12
5766,846,15000,2024-11-21,12
5767,6654,10000,2024-07-10,24
5768,1320,5000,2024-03-30,24
5769,4118,5000,2024-05-13,36
5770,9903,25000,2024-12-17,12
5771,5104,15000,2024-10-25,12
5772,8434,25000,2024-05-04,24
5773,2891,10000,2024-12-20,12
5774,2626,25000,2024-07-08,24
5775,5514,10000,2024-11-18,24
5776,8645,5000,2024-03-22,12
5777,1630,15000,2024-08-14,36
5778,3313,25000,2024-06-28,24
5779,7137,25000,2024-12-21,24
5780,4718,5000,2024-11-19,12
5781,559,10000,2024-11-08,24
5782,8071,5000,2024-05-31,36
5783,1069,15000,2024-06-02,12
5784,8037,25000,2024-10-31,24
5785,9453,5000,2024-08-08,12
5786,5899,10000,2024-10-20,36
5787,4603,25000,2024-02-05,12
5788,7811,15000,2024-05-01,36
5789,7997,25000,2024-06-30,12
5790,450,15000,2024-04-05,36
5791,3640,15000,2024-04-13,12
5792,1914,15000,2024-03-22,12
5793,4634,25000,2024-01-24,24
5794,5974,15000,2024-06-16,12
5795,7925,25000,2024-12-03,24
5796,5329,5000,2024-04-12,36
5797,5410,15000,2024-09-20,36
5798,2546,10000,2024-08-18,12
5799,7887,25000,2024-06-30,24
5800,4812,15000,2024-04-24,24
5801,5328,10000,2024-09-23,12
5802,3462,25000,2024-12-28,24
5803,7534,10000,2024-08-14,12
5804,1460,10000,2024-08-03,12
5805,9113,10000,2024-12-16,12
5806,6483,10000,2024-10-24,24
5807,457,5000,2024-09-18,12
5808,8169,10000,2024-01-03,36
5809,5531,10000,2024-11-25,12
5810,645,10000,2024-12-19,24
5811,5710,5000,2024-11-16,12
5812,7265,25000,2024-02-05,12
5813,4939,15000,2024-07-02,36
5814,7364,10000,2024-06-28,36
5815,5748,5000,2024-05-04,24
5816,4257,5000,2024-06-08,12
5817,4351,5000,2024-04-21,12
5818,9286,15000,2024-05-13,36
5819,2762,5000,2024-11-30,12
5820,8228,10000,2024-07-20,24
5821,6874,10000,2024-05-31,36
5822,470,10000,2024-11-23,36
5823,8501,15000,2024-12-02,24
5824,6018,5000,2024-03-17,12
5825,8673,10000,2024-09-21,24
5826,5959,10000,2024-09-10,36
5827,6848,25000,2024-03-10,36
5828,8981,25000,2024-01-23,24
5829,291,25000,2024-12-07,36
5830,430,10000,2024-07-31,12
5831,598,15000,2024-09-29,36
5832,8051,10000,2024-04-07,24
5833,4528,5000,2024-05-02,24
5834,1558,25000,2024-01-25,36
5835,6790,5000,2024-02-07,24
5836,4601,25000,2024-09-15,24
5837,8056,15000,2024-07-13,12
5838,673,15000,2024-09-26,36
5839,2855,15000,2024-09-22,12
5840,1579,5000,2024-03-06,24
5841,1433,15000,2024-07-17,24
5842,5522,15000,2024-05-21,12
5843,8233,25000,2024-08-28,36
5844,4480,5000,2024-07-27,24
5845,2934,10000,2024-05-05,24
5846,1315,15000,2024-09-22,24
5847,1816,10000,2024-12-20,36
5848,4279,10000,2024-10-31,12
5849,6908,10000,2024-06-24,12
5850,1896,10000,2024-02-16,36
5851,1064,15000,2024-02-29,24
5852,5405,15000,2024-10-07,24
5853,8330,15000,2024-05-14,36
5854,8527,5000,2024-11-28,24
5855,5594,5000,2024-04-30,12
5856,2677,10000,2024-06-15,12
5857,8093,25000,2024-02-12,24
5858,9826,5000,2024-02-15,36
5859,5266,10000,2024-08-04,36
5860,9726,10000,2024-10-25,24
5861,1109,15000,2024-10-11,24
5862,1587,15000,2024-12-04,24
5863,7775,5000,2024-04-12,36
5864,3862,15000,2024-03-26,36
5865,5129,5000,2024-07-12,36
5866,4955,15000,2024-08-01,24
5867,1113,25000,2024-12-20,36
5868,1113,15000,2024-08-13,36
5869,2890,5000,2024-07-15,12
5870,350,10000,2024-06-03,24
5871,3963,5000,2024-12-03,12
5872,1924,15000,2024-01-03,36
5873,8060,10000,2024-11-07,12
5874,7966,15000,2024-11-15,12
5875,7329,15000,2024-10-03,24
5876,43,15000,2024-01-24,12
5877,5878,10000,2024-05-27,24
5878,5975,15000,2024-11-03,12
5879,852,25000,2024-01-13,12
5880,1287,5000,2024-08-05,36
5881,3780,25000,2024-06-19,24
5882,6007,25000,2024-12-15,36
5883,3691,5000,2024-03-18,36
5884,1049,5000,2024-08-26,24
5885,2616,10000,2024-09-01,24
5886,513,25000,2024-04-11,24
5887,6114,25000,2024-01-30,24
5888,183,5000,2024-09-27,36
5889,2102,15000,2024-07-21,12
5890,9297,25000,2024-07-30,12
5891,160,10000,2024-06-01,24
5892,5569,15000,2024-06-14,36
5893,8930,25000,2024-02-12,24
5894,2669,15000,2024-02-09,12
5895,3381,25000,2024-05-30,36
5896,3116,15000,2024-02-13,24
5897,8393,25000,2024-03-21,24
5898,1308,5000,2024-09-13,24
5899,5560,5000,2024-04-12,24
5900,4807,10000,2024-12-03,24
5901,9962,25000,2024-02-10,24
5902,3256,10000,2024-11-13,12
5903,2595,5000,2024-07-06,36
5904,1233,25000,2024-07-26,36
5905,4968,5000,2024-04-17,12
5906,8767,15000,2024-11-24,36
5907,82,5000,2024-11-29,24
5908,8455,15000,2024-07-12,36
5909,8478,5000,2024-02-26,12
5910,8215,15000,2024-04-30,12
5911,3546,5000,2024-10-24,24
5912,6447,5000,2024-03-25,24
5913,4302,25000,2024-03-06,36
5914,1456,25000,2024-03-10,24
5915,95,25000,2024-08-20,36
5916,2523,10000,2024-08-30,36
5917,137,10000,2024-09-23,24
5918,2038,15000,2024-01-04,36
5919,3671,10000,2024-03-19,36
5920,9538,10000,2024-08-05,36
5921,4645,5000,2024-08-23,36
5922,2685,15000,2024-03-19,12
5923,9192,10000,2024-06-25,12
5924,9217,25000,2024-08-29,12
5925,5458,25000,2024-06-13,36
5926,4167,10000,2024-10-02,24
5927,4204,5000,2024-12-17,12
5928,2646,25000,2024-11-24,36
5929,3097,25000,2024-06-26,12
5930,1834,5000,2024-06-07,12
5931,5385,25000,2024-10-26,12
5932,2251,5000,2024-01-31,12
5933,3635,15000,2024-11-26,36
5934,9691,5000,2024-02-10,12
5935,6120,15000,2024-01-04,36
5936,569,5000,2024-09-26,24
5937,5202,10000,2024-06-22,24
5938,5026,25000,2024-11-05,12
5939,1293,15000,2024-04-01,24
5940,4276,25000,2024-03-29,24
5941,7964,5000,2024-03-27,36
5942,2646,5000,2024-02-02,36
5943,8664,25000,2024-05-16,12
5944,7838,10000,2024-06-14,24
5945,8724,10000,2024-03-29,24
5946,609,25000,2024-03-22,36
5947,7526,10000,2024-02-12,12
5948,9275,5000,2024-05-14,24
5949,9167,25000,2024-12-09,24
5950,9167,25000,2024-10-22,12
5951,4320,25000,2024-12-06,36
5952,6954,25000,2024-04-28,36
5953,5128,10000,2024-11-13,36
5954,1508,10000,2024-07-01,24
5955,4921,15000,2024-02-04,24
5956,614,15000,2024-06-19,36
5957,5972,15000,2024-01-11,36
5958,8576,5000,2024-11-30,24
5959,8604,15000,2024-03-19,36
5960,3377,25000,2024-05-12,24
5961,6039,5000,2024-06-16,36
5962,2776,10000,2024-08-23,36
5963,7478,5000,2024-10-28,24
5964,6375,5000,2024-01-21,12
5965,2284,25000,2024-05-16,36
5966,663,10000,2024-11-22,12
5967,4142,15000,2024-06-03,12
5968,4036,15000,2024-09-29,36
5969,8414,15000,2024-03-06,36
5970,752,10000,2024-08-19,12
5971,3155,5000,2024-01-26,12
5972,1269,25000,2024-12-30,36
5973,6719,10000,2024-07-18,24
5974,4106,25000,2024-06-21,36
5975,7845,10000,2024-07-01,24
5976,2374,10000,2024-02-09,12
5977,8407,10000,2024-09-28,12
5978,996,5000,2024-07-30,12
5979,5328,25000,2024-08-11,36
5980,3211,15000,2024-06-08,24
5981,1665,25000,2024-02-04,36
5982,9174,15000,2024-11-15,12
5983,402,25000,2024-04-30,36
5984,8804,10000,2024-10-12,24
5985,6667,5000,2024-06-18,36
5986,8074,10000,2024-12-01,36
5987,9098,5000,2024-08-18,24
5988,7830,10000,2024-04-09,24
5989,7158,15000,2024-08-20,12
5990,5875,15000,2024-01-02,24
5991,1107,10000,2024-01-16,12
5992,8420,25000,2024-08-08,36
5993,1989,15000,2024-09-19,12
5994,2179,10000,2024-07-01,36
5995,7178,5000,2024-01-23,24
5996,8141,5000,2024-09-03,12
5997,6020,5000,2024-09-13,12
5998,5688,5000,2024-04-25,12
5999,4641,25000,2024-03-09,24
6000,8436,25000,2024-05-20,36
6001,9442,25000,2024-02-21,12
6002,6372,10000,2024-04-05,36
6003,6389,15000,2024-02-24,36
6004,444,5000,2024-10-11,36
6005,8807,15000,2024-05-25,12
6006,5933,10000,2024-10-09,36
6007,825,15000,2024-02-19,12
6008,9128,15000,2024-10-24,36
6009,9937,15000,2024-07-13,36
6010,8714,25000,2024-08-09,12
6011,4938,10000,2024-05-17,12
6012,1877,10000,2024-01-09,24
6013,4033,10000,2024-01-03,24
6014,2206,15000,2024-12-07,24
6015,8018,25000,2024-02-07,36
6016,547,5000,2024-03-10,24
6017,8359,25000,2024-03-09,24
6018,2070,5000,2024-06-06,24
6019,6211,15000,2024-09-26,36
6020,6854,25000,2024-01-02,24
6021,6731,25000,2024-12-18,12
6022,2936,5000,2024-04-10,36
6023,17,5000,2024-05-15,36
6024,2810,15000,2024-11-25,12
6025,8520,25000,2024-07-31,24
6026,3452,25000,2024-03-23,24
6027,8538,25000,2024-12-20,12
6028,5593,10000,2024-09-30,24
6029,2355,5000,2024-05-20,24
6030,8736,25000,2024-10-28,24
6031,3451,10000,2024-05-19,36
6032,3706,25000,2024-10-22,12
6033,7708,5000,2024-03-28,24
6034,7044,25000,2024-11-18,12
6035,2749,25000,2024-10-07,36
6036,9549,15000,2024-08-28,24
6037,5260,15000,2024-04-21,12
6038,1807,25000,2024-10-27,36
6039,9559,10000,2024-05-20,36
6040,6413,10000,2024-05-31,12
6041,8378,10000,2024-07-22,24
6042,4206,25000,2024-09-14,24
6043,8959,10000,2024-10-01,12
6044,8227,15000,2024-08-01,36
6045,8104,25000,2024-10-06,12
6046,3916,15000,2024-07-07,12
6047,5342,15000,2024-05-12,36
6048,9838,10000,2024-03-20,12
6049,7941,15000,2024-04-10,36
6050,5866,15000,2024-12-23,36
6051,798,5000,2024-03-04,12
6052,7267,5000,2024-01-12,12
6053,6775,5000,2024-05-02,12
6054,3657,10000,2024-12-30,24
6055,6353,10000,2024-04-18,36
6056,9852,15000,2024-07-05,36
6057,38,15000,2024-12-17,36
6058,1979,10000,2024-07-24,36
6059,9079,25000,2024-02-16,36
6060,6242,25000,2024-11-04,24
6061,3455,25000,2024-04-08,36
6062,4675,5000,2024-11-24,24
6063,3361,15000,2024-08-21,12
6064,4237,25000,2024-08-08,12
6065,4299,5000,2024-03-18,24
6066,3476,15000,2024-08-04,36
6067,6561,25000,2024-06-22,36
6068,3378,25000,2024-04-15,36
6069,5042,5000,2024-06-13,36
6070,2185,25000,2024-04-22,36
6071,5001,15000,2024-05-25,24
6072,7298,25000,2024-05-11,24
6073,1140,5000,2024-03-24,24
6074,4234,25000,2024-01-01,12
6075,2463,5000,2024-09-09,12
6076,3233,10000,2024-01-24,24
6077,8440,25000,2024-10-24,24
6078,8047,15000,2024-07-06,12
6079,526,25000,2024-04-20,24
6080,4321,5000,2024-01-24,12
6081,9337,10000,2024-02-25,12
6082,4831,15000,2024-03-09,24
6083,8107,25000,2024-01-18,24
6084,463,10000,2024-08-15,12
6085,2964,5000,2024-02-27,24
6086,6384,15000,2024-06-11,36
6087,5917,5000,2024-05-11,12
6088,3401,25000,2024-08-06,12
6089,9378,5000,2024-11-26,36
6090,303,10000,2024-10-10,36
6091,5884,5000,2024-05-18,36
6092,777,15000,2024-01-03,24
6093,624,10000,2024-12-21,36
6094,1460,25000,2024-09-15,36
6095,3387,5000,2024-10-07,24
6096,7031,5000,2024-11-27,36
6097,4776,25000,2024-01-12,12
6098,8672,25000,2024-02-22,36
6099,1062,5000,2024-09-10,36
6100,288,25000,2024-04-05,24
6101,7235,10000,2024-08-19,24
6102,3640,15000,2024-09-22,36
6103,7956,10000,2024-04-21,36
6104,6336,5000,2024-02-16,12
6105,1144,10000,2024-06-30,24
6106,6545,5000,2024-08-22,12
6107,9616,10000,2024-09-10,12
6108,8850,5000,2024-01-07,36
6109,3086,25000,2024-12-09,36
6110,7714,10000,2024-10-14,36
6111,9932,5000,2024-10-05,12
6112,4989,25000,2024-11-01,12
6113,2202,5000,2024-07-13,24
6114,5290,10000,2024-01-25,24
6115,8871,10000,2024-01-06,24
6116,3458,5000,2024-12-18,24
6117,2745,25000,2024-05-22,24
6118,2354,15000,2024-07-09,24
6119,1649,5000,2024-05-27,12
6120,1680,5000,2024-06-19,36
6121,5003,15000,2024-04-05,24
6122,5331,5000,2024-07-13,12
6123,3967,10000,2024-09-16,12
6124,2742,10000,2024-08-23,36
6125,854,25000,2024-01-06,24
6126,6336,15000,2024-02-28,36
6127,8785,5000,2024-09-05,36
6128,3407,10000,2024-02-21,36
6129,2953,5000,2024-10-01,24
6130,5064,15000,2024-05-01,24
6131,9212,10000,2024-01-26,24
6132,9777,15000,2024-10-30,12
6133,4912,5000,2024-08-04,12
6134,1872,25000,2024-07-01,12
6135,9283,5000,2024-03-29,24
6136,627,5000,2024-02-07,36
6137,4208,15000,2024-03-24,36
6138,4767,10000,2024-04-17,12
6139,8218,15000,2024-06-11,36
6140,3049,10000,2024-07-15,12
6141,8814,5000,2024-09-09,36
6142,8909,5000,2024-08-14,24
6143,2661,25000,2024-01-03,12
6144,7668,25000,2024-10-23,12
6145,1742,15000,2024-06-08,36
6146,3073,10000,2024-10-18,24
6147,7904,25000,2024-01-30,24
6148,6726,25000,2024-04-25,24
6149,3734,5000,2024-06-15,24
6150,4465,5000,2024-04-02,12
6151,1846,15000,2024-08-05,24
6152,8206,15000,2024-04-18,36
6153,7636,10000,2024-03-29,12
6154,2759,25000,2024-07-06,36
6155,531,5000,2024-07-02,24
6156,7578,10000,2024-07-28,12
6157,7318,25000,2024-07-04,36
6158,7942,10000,2024-10-08,24
6159,2879,10000,2024-07-02,12
6160,3405,15000,2024-12-26,24
6161,8630,25000,2024-05-16,24
6162,383,10000,2024-10-14,24
6163,5011,10000,2024-11-28,24
6164,9482,10000,2024-04-16,36
6165,5069,15000,2024-03-28,24
6166,7095,15000,2024-05-04,12
6167,7165,5000,2024-07-15,36
6168,9078,15000,2024-04-19,24
6169,3015,15000,2024-11-13,12
6170,3983,25000,2024-02-17,12
6171,4175,25000,2024-11-17,36
6172,8501,10000,2024-07-08,36
6173,8919,5000,2024-04-20,36
6174,3105,15000,2024-08-09,36
6175,2938,25000,2024-03-09,24
6176,9906,5000,2024-07-02,36
6177,713,25000,2024-11-25,36
6178,951,10000,2024-06-12,12
6179,1436,15000,2024-10-18,36
6180,4566,10000,2024-01-07,12
6181,1539,10000,2024-08-08,24
6182,7938,25000,2024-08-06,12
6183,2169,5000,2024-02-27,24
6184,2201,15000,2024-10-02,12
6185,1671,5000,2024-02-20,12
6186,3365,10000,2024-08-02,36
6187,2116,15000,2024-06-09,12
6188,8417,10000,2024-01-01,24
6189,847,25000,2024-03-07,12
6190,6702,5000,2024-02-19,36
6191,5436,5000,2024-02-04,36
6192,4070,10000,2024-06-11,24
6193,2957,5000,2024-11-10,36
6194,4388,5000,2024-11-28,12
6195,7648,10000,2024-04-06,24
6196,6912,15000,2024-01-13,36
6197,9776,25000,2024-10-04,12
6198,6749,15000,2024-02-25,36
6199,971,15000,2024-03-21,36
6200,7686,25000,2024-07-20,24
6201,1217,10000,2024-09-07,24
6202,5107,10000,2024-08-06,24
6203,9831,25000,2024-01-15,12
6204,5554,5000,2024-04-18,36
6205,7242,15000,2024-10-24,24
6206,2712,5000,2024-05-03,12
6207,9479,10000,2024-03-11,12
6208,58,15000,2024-07-03,12
6209,9877,10000,2024-07-10,36
6210,6870,25000,2024-11-23,24
6211,1305,25000,2024-02-29,36
6212,1631,5000,2024-01-31,12
6213,4081,5000,2024-02-24,36
6214,4304,10000,2024-06-10,24
6215,6004,10000,2024-08-12,12
6216,9359,25000,2024-05-11,36
6217,413,15000,2024-04-11,24
6218,1619,25000,2024-12-11,24
6219,5172,10000,2024-08-11,24
6220,5137,25000,2024-08-18,24
6221,2778,5000,2024-12-27,12
6222,740,5000,2024-02-28,12
6223,4900,10000,2024-10-23,36
6224,919,25000,2024-08-05,24
6225,7586,10000,2024-10-09,24
6226,5622,15000,2024-03-19,12
6227,7808,5000,2024-05-28,36
6228,6333,25000,2024-03-31,36
6229,1504,5000,2024-08-13,12
6230,3228,25000,2024-05-18,12
6231,828,5000,2024-12-08,12
6232,3232,10000,2024-04-23,12
6233,2874,5000,2024-01-22,12
6234,9810,25000,2024-01-23,12
6235,9378,10000,2024-03-05,36
6236,5853,25000,2024-02-28,12
6237,9877,15000,2024-03-29,12
6238,8702,25000,2024-07-16,36
6239,5633,25000,2024-04-23,36
6240,8887,10000,2024-01-28,24
6241,3280,25000,2024-07-28,24
6242,4017,15000,2024-08-26,36
6243,2069,15000,2024-09-13,12
6244,5625,10000,2024-10-11,36
6245,5524,15000,2024-02-15,12
6246,9439,10000,2024-11-28,12
6247,8592,5000,2024-07-03,12
6248,2608,25000,2024-05-19,36
6249,288,25000,2024-06-15,12
6250,1404,25000,2024-07-31,36
6251,4533,25000,2024-06-07,12
6252,441,10000,2024-02-08,12
6253,5613,25000,2024-04-11,36
6254,4886,15000,2024-12-01,36
6255,5093,15000,2024-04-19,12
6256,1269,5000,2024-09-20,12
6257,7220,10000,2024-10-24,24
6258,6865,5000,2024-11-30,36
6259,7008,25000,2024-11-29,24
6260,186,15000,2024-04-05,24
6261,4258,10000,2024-03-01,24
6262,3544,15000,2024-05-18,36
6263,9672,10000,2024-08-17,12
6264,4887,5000,2024-02-01,12
6265,4641,25000,2024-05-12,36
6266,1145,5000,2024-08-22,24
6267,4165,25000,2024-11-27,36
6268,635,15000,2024-08-22,12
6269,7578,5000,2024-08-29,36
6270,1304,5000,2024-10-21,24
6271,533,15000,2024-09-05,36
6272,2698,15000,2024-01-23,12
6273,953,15000,2024-08-12,12
6274,2806,10000,2024-05-23,12
6275,7587,15000,2024-11-01,24
6276,8762,10000,2024-03-12,12
6277,6783,15000,2024-08-12,12
6278,9172,10000,2024-02-17,36
6279,5213,15000,2024-02-03,36
6280,4131,10000,2024-09-10,24
6281,7943,25000,2024-03-03,24
6282,3542,25000,2024-04-11,36
6283,3387,5000,2024-01-17,12
6284,9930,15000,2024-08-28,36
6285,6091,15000,2024-10-16,36
6286,5496,10000,2024-09-12,12
6287,7659,5000,2024-12-26,36
6288,2401,25000,2024-03-07,36
6289,3553,5000,2024-10-06,12
6290,979,10000,2024-09-22,12
6291,6548,15000,2024-01-05,24
6292,5514,5000,2024-01-31,24
6293,8595,15000,2024-05-31,36
6294,1515,25000,2024-09-23,24
6295,9740,10000,2024-02-20,12
6296,394,15000,2024-09-03,12
6297,2631,5000,2024-02-17,24
6298,5816,10000,2024-11-29,12
6299,104,25000,2024-05-11,12
6300,1744,5000,2024-05-15,36
6301,5437,15000,2024-01-07,12
6302,422,15000,2024-04-28,36
6303,6417,10000,2024-10-14,12
6304,6198,25000,2024-12-07,36
6305,5293,5000,2024-10-04,24
6306,6809,25000,2024-08-05,36
6307,4714,5000,2024-04-24,12
6308,3178,5000,2024-06-12,36
6309,3777,10000,2024-10-11,36
6310,4391,15000,2024-08-10,36
6311,8468,15000,2024-03-26,24
6312,6729,15000,2024-07-07,12
6313,7211,25000,2024-02-22,36
6314,8386,5000,2024-11-23,24
6315,1127,10000,2024-12-06,36
6316,250,25000,2024-01-15,36
6317,5052,5000,2024-05-06,12
6318,6112,10000,2024-06-24,24
6319,4392,5000,2024-04-27,36
6320,8430,10000,2024-06-30,12
6321,7788,25000,2024-03-08,36
6322,3721,5000,2024-11-20,12
6323,4010,5000,2024-12-21,24
6324,4906,25000,2024-07-10,24
6325,2337,10000,2024-07-12,24
6326,2585,15000,2024-06-26,36
6327,1766,15000,2024-02-16,24
6328,3918,10000,2024-05-21,24
6329,9335,10000,2024-01-09,12
6330,1115,15000,2024-01-12,24
6331,6041,5000,2024-04-01,12
6332,1140,25000,2024-01-13,24
6333,7968,15000,2024-10-03,36
6334,5654,10000,2024-02-07,36
6335,6493,5000,2024-11-03,24
6336,4663,10000,2024-10-08,12
6337,3517,15000,2024-10-04,36
6338,9789,25000,2024-08-31,36
6339,1146,25000,2024-08-31,36
6340,1628,5000,2024-11-23,12
6341,1246,25000,2024-02-06,24
6342,9675,15000,2024-08-19,36
6343,5762,15000,2024-06-21,36
6344,9714,15000,2024-09-07,36
6345,370,5000,2024-04-29,36
6346,4856,15000,2024-12-07,36
6347,5321,25000,2024-11-28,36
6348,3233,5000,2024-01-14,24
6349,1786,15000,2024-09-30,36
6350,575,15000,2024-12-18,36
6351,5505,10000,2024-05-14,36
6352,8021,15000,2024-07-06,24
6353,3704,5000,2024-02-24,12
6354,5478,10000,2024-10-16,12
6355,2573,5000,2024-05-06,36
6356,5906,15000,2024-10-27,24
6357,2116,25000,2024-09-15,24
6358,7438,10000,2024-11-27,12
6359,9349,10000,2024-04-09,12
6360,1086,10000,2024-11-04,24
6361,8353,5000,2024-06-07,36
6362,7194,10000,2024-01-23,24
6363,8951,25000,2024-07-18,12
6364,2749,25000,2024-03-05,24
6365,5406,10000,2024-07-01,36
6366,9022,5000,2024-08-14,36
6367,9041,5000,2024-04-20,12
6368,7900,5000,2024-03-19,24
6369,6982,15000,2024-09-01,24
6370,4345,5000,2024-04-01,36
6371,7204,5000,2024-05-19,24
6372,9722,10000,2024-01-01,36
6373,5441,15000,2024-09-23,36
6374,2893,10000,2024-02-20,24
6375,3625,5000,2024-08-16,12
6376,6688,5000,2024-02-14,24
6377,9870,10000,2024-04-08,24
6378,7424,15000,2024-03-12,12
6379,6305,15000,2024-10-13,24
6380,4106,10000,2024-03-25,36
6381,4455,5000,2024-06-29,24
6382,9492,15000,2024-11-18,36
6383,2172,15000,2024-08-04,12
6384,8822,25000,2024-10-23,24
6385,8470,10000,2024-06-04,24
6386,1024,15000,2024-12-13,12
6387,4622,25000,2024-11-23,12
6388,9392,25000,2024-03-05,36
6389,1718,25000,2024-05-22,12
6390,7204,5000,2024-12-25,36
6391,1981,10000,2024-12-07,12
6392,1591,15000,2024-08-18,36
6393,270,25000,2024-01-20,12
6394,4098,5000,2024-11-28,36
6395,2621,5000,2024-07-10,36
6396,9579,10000,2024-12-11,24
6397,5227,10000,2024-10-21,36
6398,5254,5000,2024-05-14,24
6399,8727,5000,2024-07-21,24
6400,9801,25000,2024-06-07,12
6401,2399,25000,2024-06-10,24
6402,7196,15000,2024-07-21,36
6403,4633,25000,2024-03-28,12
6404,7233,25000,2024-12-10,36
6405,8656,25000,2024-02-20,24
6406,23,15000,2024-07-02,24
6407,8881,15000,2024-12-18,24
6408,1287,15000,2024-10-11,24
6409,3861,15000,2024-09-06,36
6410,737,25000,2024-11-14,36
6411,6885,10000,2024-07-31,12
6412,9533,15000,2024-10-15,12
6413,2378,15000,2024-10-27,36
6414,8388,15000,2024-01-06,36
6415,5629,25000,2024-02-06,24
6416,9697,5000,2024-06-29,24
6417,2116,25000,2024-09-14,12
6418,5393,15000,2024-04-15,12
6419,5419,25000,2024-08-09,12
6420,2919,10000,2024-11-08,36
6421,8024,25000,2024-12-13,12
6422,9063,5000,2024-12-17,36
6423,8377,5000,2024-04-26,36
6424,9882,15000,2024-06-27,12
6425,1213,5000,2024-03-31,36
6426,6225,15000,2024-05-29,36
6427,8690,25000,2024-11-30,12
6428,1566,25000,2024-06-19,12
6429,9855,15000,2024-10-20,12
6430,8410,15000,2024-07-10,12
6431,4621,25000,2024-02-06,24
6432,9554,10000,2024-04-09,24
6433,6613,5000,2024-10-20,24
6434,7540,5000,2024-11-22,12
6435,1506,5000,2024-01-31,24
6436,6323,5000,2024-10-26,12
6437,8989,25000,2024-04-03,24
6438,4957,5000,2024-09-26,36
6439,6766,25000,2024-04-07,12
6440,2252,15000,2024-02-21,24
6441,6671,25000,2024-12-08,24
6442,7090,15000,2024-10-24,12
6443,4962,15000,2024-12-15,36
6444,9225,10000,2024-01-07,24
6445,3185,10000,2024-09-02,12
6446,5749,10000,2024-01-18,24
6447,8532,10000,2024-07-03,36
6448,4926,5000,2024-08-17,12
6449,489,10000,2024-07-20,24
6450,9538,5000,2024-02-13,24
6451,8983,5000,2024-04-07,12
6452,7266,5000,2024-03-03,36
6453,5372,15000,2024-06-08,24
6454,1187,15000,2024-12-16,36
6455,5278,5000,2024-05-22,12
6456,6723,10000,2024-01-02,24
6457,4408,5000,2024-05-30,24
6458,6434,15000,2024-01-23,36
6459,7942,10000,2024-08-14,36
6460,3270,15000,2024-12-12,36
6461,1707,10000,2024-10-08,12
6462,3600,15000,2024-08-28,36
6463,703,5000,2024-05-20,24
6464,5657,25000,2024-06-16,12
6465,1274,25000,2024-04-25,12
6466,539,15000,2024-01-10,12
6467,4213,10000,2024-06-15,24
6468,2940,15000,2024-03-30,36
6469,486,25000,2024-12-03,12
6470,1387,10000,2024-12-20,12
6471,1050,15000,2024-04-20,24
6472,784,25000,2024-06-28,24
6473,2925,15000,2024-07-02,36
6474,8812,5000,2024-09-20,36
6475,8178,10000,2024-06-29,36
6476,7770,10000,2024-01-13,24
6477,5613,5000,2024-06-22,12
6478,8062,25000,2024-03-26,12
6479,7290,15000,2024-02-05,24
6480,3533,25000,2024-06-19,36
6481,8025,10000,2024-04-03,12
6482,4525,25000,2024-03-03,12
6483,1805,10000,2024-12-30,24
6484,6396,10000,2024-03-08,36
6485,9291,5000,2024-05-20,12
6486,8304,5000,2024-05-13,36
6487,7831,10000,2024-05-25,24
6488,970,15000,2024-09-20,24
6489,1634,15000,2024-06-17,36
6490,8552,5000,2024-11-12,12
6491,4863,15000,2024-07-31,12
6492,919,5000,2024-02-25,12
6493,168,10000,2024-05-01,36
6494,3322,10000,2024-12-17,36
6495,6190,10000,2024-08-21,12
6496,5138,5000,2024-12-26,24
6497,4975,15000,2024-06-08,24
6498,8950,10000,2024-05-02,12
6499,4784,25000,2024-01-22,36
6500,4494,15000,2024-08-05,12
6501,1974,15000,2024-02-10,24
6502,98,5000,2024-12-30,24
6503,3077,5000,2024-02-14,24
6504,2207,15000,2024-09-17,12
6505,8131,15000,2024-01-12,12
6506,87,10000,2024-08-20,24
6507,9959,10000,2024-08-20,24
6508,6316,25000,2024-10-14,24
6509,3648,10000,2024-09-30,24
6510,3678,15000,2024-07-20,36
6511,8874,5000,2024-11-15,12
6512,7646,25000,2024-03-27,36
6513,8327,15000,2024-06-29,24
6514,6213,25000,2024-06-18,24
6515,6961,25000,2024-08-16,36
6516,3790,25000,2024-03-22,36
6517,8927,10000,2024-12-15,36
6518,1134,10000,2024-07-29,24
6519,3099,5000,2024-06-14,12
6520,3472,15000,2024-01-28,12
6521,5440,25000,2024-01-22,36
6522,3266,10000,2024-10-28,36
6523,1969,5000,2024-10-20,36
6524,7514,10000,2024-02-01,24
6525,3145,5000,2024-11-06,36
6526,7092,15000,2024-12-10,24
6527,1225,25000,2024-05-16,12
6528,7813,5000,2024-10-19,24
6529,1188,25000,2024-03-05,36
6530,7,15000,2024-12-14,24
6531,2109,15000,2024-03-19,24
6532,5021,10000,2024-11-11,24
6533,9630,15000,2024-09-11,24
6534,936,25000,2024-12-06,24
6535,7199,10000,2024-03-03,24
6536,8752,25000,2024-03-16,12
6537,5638,10000,2024-10-08,12
6538,8638,25000,2024-10-27,12
6539,1309,15000,2024-12-16,36
6540,1417,5000,2024-02-04,12
6541,5046,15000,2024-03-18,36
6542,1906,25000,2024-09-19,12
6543,8522,15000,2024-02-22,24
6544,7301,5000,2024-10-23,24
6545,7783,25000,2024-01-04,12
6546,6103,25000,2024-01-02,12
6547,3398,10000,2024-10-17,36
6548,3679,10000,2024-12-26,36
6549,9746,15000,2024-05-20,36
6550,6031,5000,2024-04-24,24
6551,3003,5000,2024-04-24,12
6552,6623,5000,2024-09-19,36
6553,2566,5000,2024-05-03,12
6554,2584,25000,2024-09-06,12
6555,5852,15000,2024-10-21,12
6556,7498,25000,2024-03-31,24
6557,1815,15000,2024-02-18,24
6558,3919,10000,2024-09-29,36
6559,6512,5000,2024-06-01,12
6560,3214,15000,2024-08-09,36
6561,3888,25000,2024-05-21,12
6562,7758,25000,2024-08-08,12
6563,1223,25000,2024-09-17,12
6564,5747,25000,2024-07-17,24
6565,3108,15000,2024-03-23,24
6566,2514,5000,2024-07-31,12
6567,4853,25000,2024-11-02,36
6568,4977,5000,2024-07-31,36
6569,4984,10000,2024-09-29,24
6570,4139,5000,2024-05-05,12
6571,1321,10000,2024-03-01,24
6572,2367,10000,2024-12-12,36
6573,4314,5000,2024-01-31,36
6574,2536,5000,2024-01-15,24
6575,6290,15000,2024-12-25,12
6576,2376,25000,2024-02-09,24
6577,2614,5000,2024-11-16,24
6578,4386,5000,2024-10-02,24
6579,9855,10000,2024-08-20,12
6580,225,5000,2024-11-16,12
6581,7397,25000,2024-10-14,36
6582,2801,15000,2024-08-27,12
6583,1281,25000,2024-05-29,12
6584,522,25000,2024-03-02,12
6585,1619,15000,2024-08-08,24
6586,7807,5000,2024-09-07,36
6587,1602,5000,2024-01-11,36
6588,2307,10000,2024-02-07,24
6589,7823,5000,2024-03-05,36
6590,9408,10000,2024-07-09,24
6591,943,5000,2024-02-07,24
6592,3932,10000,2024-09-11,12
6593,9346,15000,2024-09-25,12
6594,3750,5000,2024-08-31,12
6595,8453,5000,2024-10-06,36
6596,8582,25000,2024-10-18,12
6597,4741,10000,2024-05-27,36
6598,408,10000,2024-02-12,12
6599,2044,25000,2024-04-18,12
6600,5273,5000,2024-04-08,36
6601,8759,10000,2024-02-12,36
6602,5758,5000,2024-12-05,12
6603,1980,15000,2024-04-13,24
6604,6165,10000,2024-07-11,36
6605,3839,5000,2024-04-24,36
6606,7141,15000,2024-02-15,12
6607,2316,5000,2024-03-02,12
6608,8293,5000,2024-04-23,36
6609,4757,15000,2024-07-16,12
6610,6797,10000,2024-09-08,24
6611,33,25000,2024-04-14,36
6612,4332,25000,2024-01-29,24
6613,6891,15000,2024-06-17,36
6614,8524,5000,2024-01-15,24
6615,3517,25000,2024-05-01,12
6616,4582,15000,2024-12-22,12
6617,4216,25000,2024-01-19,36
6618,158,5000,2024-12-02,36
6619,4946,15000,2024-04-05,24
6620,3629,10000,2024-10-10,12
6621,3783,15000,2024-07-04,12
6622,3822,15000,2024-02-22,24
6623,2689,25000,2024-10-24,36
6624,8885,25000,2024-11-24,24
6625,9244,10000,2024-03-31,24
6626,5045,25000,2024-01-19,24
6627,7847,25000,2024-03-17,24
6628,5386,25000,2024-05-09,36
6629,2099,5000,2024-05-25,24
6630,2157,15000,2024-09-01,12
6631,5455,25000,2024-06-29,36
6632,8326,5000,2024-05-15,24
6633,3751,15000,2024-07-30,24
6634,2128,10000,2024-05-16,12
6635,2386,15000,2024-07-23,24
6636,5601,5000,2024-05-28,12
6637,7032,5000,2024-12-13,12
6638,7457,10000,2024-02-13,24
6639,7763,5000,2024-02-29,36
6640,4198,10000,2024-11-22,36
6641,4427,10000,2024-09-05,24
6642,2279,5000,2024-05-05,24
6643,1475,5000,2024-02-14,36
6644,5990,25000,2024-01-02,24
6645,7489,25000,2024-06-10,24
6646,9241,10000,2024-07-15,12
6647,416,5000,2024-07-12,36
6648,5508,25000,2024-11-13,12
6649,2167,25000,2024-02-16,36
6650,5783,25000,2024-08-13,12
6651,2379,25000,2024-01-02,36
6652,8854,10000,2024-07-30,36
6653,7294,15000,2024-08-02,12
6654,289,5000,2024-10-19,24
6655,2601,5000,2024-03-20,36
6656,1726,25000,2024-04-28,24
6657,6054,10000,2024-03-26,24
6658,8767,15000,2024-11-14,12
6659,717,15000,2024-02-25,24
6660,3413,5000,2024-03-03,24
6661,5324,10000,2024-01-08,36
6662,2394,10000,2024-07-01,36
6663,4081,5000,2024-08-22,36
6664,1013,15000,2024-03-30,24
6665,6249,10000,2024-04-13,36
6666,2361,25000,2024-10-05,36
6667,1947,10000,2024-12-06,36
6668,3513,5000,2024-09-06,12
6669,8119,5000,2024-05-07,24
6670,5600,25000,2024-12-25,12
6671,1352,15000,2024-06-28,12
6672,3076,15000,2024-04-02,12
6673,3905,25000,2024-06-30,36
6674,7861,10000,2024-07-30,12
6675,528,5000,2024-07-22,24
6676,5648,25000,2024-02-06,12
6677,5161,5000,2024-08-05,12
6678,9474,5000,2024-05-25,24
6679,5486,25000,2024-02-28,36
6680,3280,15000,2024-05-08,12
6681,7411,15000,2024-05-20,24
6682,6733,25000,2024-02-02,12
6683,4017,25000,2024-01-22,12
6684,3937,10000,2024-07-23,36
6685,1045,25000,2024-03-12,24
6686,3440,5000,2024-06-29,12
6687,313,15000,2024-07-06,12
6688,8508,5000,2024-02-19,24
6689,1891,15000,2024-11-17,12
6690,4222,5000,2024-03-23,36
6691,6979,25000,2024-01-24,24
6692,8688,25000,2024-03-09,36
6693,9173,10000,2024-01-08,24
6694,4840,15000,2024-09-05,12
6695,4796,25000,2024-04-08,24
6696,2029,15000,2024-11-17,24
6697,2908,25000,2024-07-16,24
6698,3144,10000,2024-11-10,12
6699,8920,25000,2024-07-26,12
6700,5391,25000,2024-10-29,36
6701,7575,10000,2024-07-10,36
6702,9660,5000,2024-01-26,12
6703,9307,15000,2024-05-27,12
6704,1678,5000,2024-12-14,24
6705,2044,5000,2024-01-04,12
6706,7682,5000,2024-03-05,36
6707,3115,15000,2024-08-04,12
6708,4167,10000,2024-10-17,36
6709,4854,25000,2024-04-26,12
6710,8096,25000,2024-03-25,12
6711,8299,5000,2024-11-03,24
6712,6600,15000,2024-10-05,36
6713,2342,5000,2024-10-02,12
6714,6320,10000,2024-12-11,24
6715,9323,25000,2024-10-09,24
6716,1110,25000,2024-06-17,36
6717,1251,25000,2024-01-26,24
6718,6473,25000,2024-12-29,36
6719,7409,10000,2024-02-09,36
6720,3074,15000,2024-07-26,36
6721,5371,15000,2024-12-28,24
6722,5546,10000,2024-03-24,24
6723,8273,25000,2024-08-25,36
6724,916,15000,2024-12-09,24
6725,262,10000,2024-07-12,24
6726,5515,5000,2024-11-24,36
6727,3320,10000,2024-12-03,36
6728,8151,25000,2024-12-27,24
6729,3041,25000,2024-12-15,36
6730,4904,25000,2024-09-15,36
6731,2663,5000,2024-07-10,12
6732,6959,15000,2024-10-11,36
6733,6242,25000,2024-06-30,12
6734,5265,5000,2024-01-07,24
6735,6938,10000,2024-06-01,24
6736,1973,15000,2024-10-25,12
6737,2175,15000,2024-09-18,12
6738,1328,10000,2024-03-19,12
6739,4891,15000,2024-02-09,12
6740,6723,10000,2024-07-07,12
6741,7315,5000,2024-10-03,12
6742,9032,25000,2024-09-06,12
6743,7249,5000,2024-11-09,24
6744,6727,25000,2024-04-18,12
6745,548,15000,2024-04-05,12
6746,5730,10000,2024-02-01,24
6747,5553,10000,2024-09-24,24
6748,3877,5000,2024-08-23,12
6749,5882,5000,2024-01-20,12
6750,9518,15000,2024-07-23,36
6751,3792,10000,2024-08-25,12
6752,2872,25000,2024-01-21,36
6753,7543,15000,2024-10-27,36
6754,575,15000,2024-08-04,24
6755,1102,15000,2024-04-30,36
6756,8222,10000,2024-10-22,12
6757,1376,5000,2024-12-15,36
6758,5235,10000,2024-12-16,24
6759,3949,25000,2024-09-18,36
6760,6875,10000,2024-09-11,36
6761,3805,25000,2024-01-11,36
6762,4465,25000,2024-03-04,36
6763,5846,25000,2024-05-01,36
6764,3732,10000,2024-07-05,36
6765,7526,25000,2024-07-18,36
6766,4398,25000,2024-02-24,24
6767,7888,15000,2024-10-21,12
6768,5791,15000,2024-02-24,24
6769,3751,10000,2024-11-27,36
6770,3135,15000,2024-05-10,36
6771,1300,15000,2024-03-20,24
6772,4607,5000,2024-05-07,36
6773,887,10000,2024-08-06,24
6774,9751,10000,2024-09-28,36
6775,2047,15000,2024-09-17,36
6776,4891,10000,2024-09-07,12
6777,7003,10000,2024-10-22,36
6778,6602,10000,2024-11-18,12
6779,5968,10000,2024-08-14,12
6780,5528,15000,2024-06-21,24
6781,7895,5000,2024-09-09,12
6782,5897,15000,2024-01-24,24
6783,3458,5000,2024-10-11,24
6784,7558,10000,2024-05-05,12
6785,3299,25000,2024-09-12,24
6786,7503,10000,2024-10-15,12
6787,5277,10000,2024-06-27,36
6788,1527,25000,2024-03-20,24
6789,2151,10000,2024-04-06,12
6790,2157,10000,2024-07-20,12
6791,2795,25000,2024-01-30,12
6792,4244,10000,2024-03-01,12
6793,6827,10000,2024-06-11,36
6794,3043,5000,2024-09-19,24
6795,6696,15000,2024-05-22,12
6796,6893,10000,2024-12-17,24
6797,4092,10000,2024-03-06,12
6798,3235,10000,2024-08-11,24
6799,436,5000,2024-08-07,12
6800,9650,10000,2024-12-06,12
6801,2373,15000,2024-09-29,36
6802,112,25000,2024-01-19,24
6803,3035,5000,2024-09-26,12
6804,5575,25000,2024-02-18,12
6805,5889,5000,2024-11-02,36
6806,9289,10000,2024-02-03,36
6807,8175,5000,2024-08-27,36
6808,5050,10000,2024-03-24,36
6809,7361,25000,2024-06-24,36
6810,9489,25000,2024-11-18,24
6811,958,15000,2024-11-09,12
6812,4832,15000,2024-11-29,24
6813,4969,5000,2024-05-28,36
6814,8286,5000,2024-10-09,12
6815,2767,10000,2024-06-05,24
6816,6826,25000,2024-08-19,36
6817,668,25000,2024-07-25,24
6818,7924,5000,2024-06-20,24
6819,515,25000,2024-06-14,36
6820,9436,15000,2024-09-27,12
6821,4290,5000,2024-01-15,36
6822,812,15000,2024-02-01,36
6823,5708,10000,2024-02-09,24
6824,5850,15000,2024-03-16,12
6825,6073,5000,2024-07-30,36
6826,1521,15000,2024-03-31,12
6827,5750,15000,2024-09-14,24
6828,1479,5000,2024-08-20,36
6829,2002,10000,2024-01-22,12
6830,5819,15000,2024-06-02,12
6831,9224,5000,2024-05-15,24
6832,2139,15000,2024-10-18,12
6833,3070,15000,2024-04-10,12
6834,351,25000,2024-03-21,12
6835,2306,15000,2024-04-30,36
6836,7209,10000,2024-05-14,36
6837,6871,15000,2024-08-06,24
6838,4792,5000,2024-08-21,24
6839,1265,5000,2024-08-05,36
6840,1558,25000,2024-12-04,12
6841,4961,25000,2024-09-21,36
6842,6389,15000,2024-08-22,24
6843,8978,25000,2024-02-28,24
6844,6735,10000,2024-03-05,36
6845,3907,25000,2024-09-02,24
6846,8058,5000,2024-05-28,24
6847,3434,25000,2024-06-25,24
6848,666,10000,2024-02-02,24
6849,8753,10000,2024-05-24,24
6850,3658,25000,2024-09-25,12
6851,4149,25000,2024-08-28,36
6852,6904,25000,2024-10-25,24
6853,5300,5000,2024-04-22,24
6854,1543,5000,2024-11-24,24
6855,718,10000,2024-11-16,36
6856,3140,25000,2024-02-09,36
6857,2921,15000,2024-06-10,36
6858,655,10000,2024-02-05,24
6859,9324,5000,2024-12-30,24
6860,6329,10000,2024-07-24,36
6861,9968,5000,2024-08-22,12
6862,7891,15000,2024-04-16,12
6863,6734,25000,2024-03-25,36
6864,3812,25000,2024-04-01,24
6865,1750,25000,2024-08-11,24
6866,5818,15000,2024-02-09,12
6867,6112,15000,2024-04-02,24
6868,1082,15000,2024-09-28,36
6869,6775,15000,2024-12-18,24
6870,5364,5000,2024-11-01,24
6871,3202,10000,2024-08-21,36
6872,6999,15000,2024-02-12,12
6873,5332,5000,2024-12-08,36
6874,9272,10000,2024-05-12,24
6875,291,10000,2024-03-05,36
6876,6961,15000,2024-12-16,36
6877,5739,15000,2024-03-22,12
6878,3424,10000,2024-05-28,12
6879,3500,10000,2024-03-11,24
6880,8174,5000,2024-11-16,36
6881,7805,15000,2024-10-05,24
6882,5569,10000,2024-03-31,36
6883,844,10000,2024-09-11,36
6884,914,25000,2024-06-10,12
6885,4440,15000,2024-11-08,36
6886,5668,5000,2024-09-28,12
6887,7897,5000,2024-12-25,36
6888,3991,25000,2024-12-05,24
6889,9169,15000,2024-06-24,24
6890,1201,5000,2024-10-07,36
6891,7390,25000,2024-07-14,12
6892,1649,5000,2024-06-08,12
6893,122,5000,2024-10-27,12
6894,4371,25000,2024-04-01,36
6895,9152,10000,2024-06-16,24
6896,3816,10000,2024-05-20,12
6897,4408,5000,2024-09-17,24
6898,1353,15000,2024-05-24,12
6899,5223,15000,2024-08-26,36
6900,688,15000,2024-03-11,36
6901,856,25000,2024-07-05,12
6902,4437,5000,2024-02-04,24
6903,22,25000,2024-07-02,12
6904,7318,15000,2024-05-23,12
6905,2005,25000,2024-11-03,12
6906,6713,10000,2024-06-03,24
6907,6814,15000,2024-07-08,12
6908,970,15000,2024-09-18,12
6909,3779,10000,2024-04-12,36
6910,7335,10000,2024-10-06,24
6911,8537,5000,2024-08-30,36
6912,9922,25000,2024-03-27,36
6913,5581,5000,2024-05-12,12
6914,8078,5000,2024-07-17,12
6915,3332,5000,2024-03-26,12
6916,4296,5000,2024-04-02,36
6917,6149,10000,2024-06-29,24
6918,6444,10000,2024-06-07,24
6919,3308,25000,2024-02-04,36
6920,5867,25000,2024-04-07,36
6921,540,25000,2024-05-26,24
6922,5272,10000,2024-02-03,12
6923,7173,15000,2024-07-29,24
6924,1489,15000,2024-06-17,36
6925,286,25000,2024-05-01,12
6926,5734,15000,2024-11-04,12
6927,6483,5000,2024-07-26,24
6928,1238,25000,2024-05-05,12
6929,113,15000,2024-07-10,36
6930,4434,5000,2024-03-02,24
6931,8282,5000,2024-02-24,36
6932,6927,5000,2024-12-13,36
6933,9692,5000,2024-01-11,36
6934,1054,15000,2024-08-27,24
6935,1564,10000,2024-11-03,36
6936,8549,5000,2024-08-11,36
6937,3727,25000,2024-01-26,12
6938,6690,15000,2024-11-25,12
6939,4555,5000,2024-12-08,36
6940,8663,25000,2024-02-17,12
6941,2915,5000,2024-10-27,24
6942,2987,10000,2024-10-15,12
6943,2621,5000,2024-03-18,24
6944,7170,10000,2024-01-09,24
6945,9334,25000,2024-11-29,12
6946,4404,15000,2024-08-15,12
6947,4660,5000,2024-09-03,24
6948,1039,10000,2024-04-14,36
6949,6568,25000,2024-01-02,36
6950,55,5000,2024-09-26,36
6951,8114,5000,2024-06-12,36
6952,9494,5000,2024-02-04,12
6953,7413,10000,2024-03-04,12
6954,7126,15000,2024-04-15,24
6955,3468,25000,2024-08-31,24
6956,1495,10000,2024-12-18,36
6957,4134,15000,2024-01-09,24
6958,3704,25000,2024-07-23,12
6959,4866,10000,2024-02-12,36
6960,183,10000,2024-09-22,36
6961,1237,15000,2024-07-03,36
6962,8813,25000,2024-02-02,24
6963,9737,15000,2024-02-23,36
6964,4128,15000,2024-08-19,12
6965,235,10000,2024-09-25,36
6966,73,15000,2024-05-31,24
6967,5768,5000,2024-03-02,24
6968,1790,5000,2024-06-16,36
6969,8820,5000,2024-11-10,36
6970,8860,5000,2024-11-07,24
6971,4024,25000,2024-03-04,12
6972,8786,15000,2024-02-29,12
6973,2261,15000,2024-10-05,36
6974,4263,5000,2024-06-03,36
6975,7389,25000,2024-04-17,36
6976,6546,15000,2024-11-12,24
6977,6935,5000,2024-10-26,24
6978,7457,10000,2024-02-26,36
6979,9161,15000,2024-02-12,24
6980,8371,10000,2024-11-13,24
6981,6315,15000,2024-12-14,12
6982,6118,15000,2024-04-21,24
6983,2052,15000,2024-11-25,36
6984,4432,10000,2024-08-10,12
6985,8387,25000,2024-07-13,24
6986,2941,10000,2024-06-29,12
6987,3629,5000,2024-06-19,24
6988,7635,25000,2024-12-25,24
6989,5464,10000,2024-09-13,12
6990,9424,10000,2024-02-18,24
6991,3699,5000,2024-02-17,36
6992,1960,10000,2024-08-14,24
6993,1527,25000,2024-07-25,12
6994,7840,10000,2024-08-13,12
6995,6930,25000,2024-06-29,24
6996,3520,5000,2024-01-11,36
6997,1696,25000,2024-11-12,24
6998,5897,10000,2024-04-30,24
6999,7991,5000,2024-03-28,24
7000,6467,25000,2024-04-10,24
7001,377,25000,2024-04-08,36
7002,779,15000,2024-01-22,24
7003,5276,15000,2024-04-13,36
7004,3344,10000,2024-03-11,24
7005,5993,15000,2024-10-12,36
7006,3596,10000,2024-11-11,24
7007,2500,5000,2024-02-24,12
7008,587,25000,2024-05-06,24
7009,7490,5000,2024-02-08,24
7010,9247,5000,2024-05-18,12
7011,3000,15000,2024-05-11,12
7012,6745,25000,2024-08-23,24
7013,8802,5000,2024-06-09,36
7014,8999,25000,2024-02-14,12
7015,2484,25000,2024-06-13,12
7016,5796,5000,2024-12-05,12
7017,7910,25000,2024-08-13,12
7018,2700,10000,2024-05-28,12
7019,7485,25000,2024-11-09,12
7020,9544,10000,2024-11-02,24
7021,109,10000,2024-11-22,24
7022,8718,10000,2024-05-23,12
7023,1499,5000,2024-08-11,36
7024,6098,10000,2024-06-26,36
7025,9142,25000,2024-11-26,36
7026,1668,15000,2024-06-24,24
7027,3185,15000,2024-01-29,24
7028,7454,15000,2024-10-24,24
7029,4948,10000,2024-04-07,24
7030,8798,5000,2024-07-05,12
7031,9817,10000,2024-11-25,12
7032,4918,15000,2024-08-11,36
7033,7429,25000,2024-04-17,36
7034,6862,10000,2024-03-24,12
7035,4403,15000,2024-09-14,36
7036,1058,25000,2024-05-15,24
7037,6313,5000,2024-04-23,36
7038,1369,25000,2024-10-23,24
7039,8103,5000,2024-05-07,36
7040,5739,25000,2024-03-29,24
7041,9864,5000,2024-05-18,36
7042,4634,5000,2024-01-24,24
7043,3739,5000,2024-02-04,12
7044,9120,10000,2024-05-12,12
7045,3626,25000,2024-04-15,24
7046,5201,5000,2024-09-26,12
7047,2737,25000,2024-09-30,36
7048,8897,10000,2024-04-13,12
7049,8475,15000,2024-06-22,24
7050,3684,15000,2024-08-12,12
7051,971,5000,2024-03-08,36
7052,489,10000,2024-02-26,24
7053,7462,25000,2024-02-09,12
7054,8362,5000,2024-07-31,12
7055,7151,15000,2024-06-21,12
7056,9785,10000,2024-04-21,36
7057,8758,15000,2024-11-13,12
7058,9610,10000,2024-10-05,36
7059,7356,15000,2024-08-03,24
7060,8577,5000,2024-07-19,36
7061,3136,5000,2024-03-23,12
7062,4177,5000,2024-08-06,24
7063,6924,15000,2024-04-13,12
7064,3257,25000,2024-02-20,12
7065,7513,15000,2024-09-13,36
7066,8430,15000,2024-03-17,12
7067,7464,25000,2024-01-04,36
7068,6443,5000,2024-11-06,24
7069,4833,15000,2024-03-29,24
7070,2577,15000,2024-05-17,24
7071,2072,5000,2024-09-06,12
7072,8524,15000,2024-12-28,36
7073,3130,25000,2024-01-30,12
7074,4285,10000,2024-08-11,12
7075,3536,15000,2024-06-06,36
7076,6366,25000,2024-01-05,12
7077,353,5000,2024-09-27,24
7078,3123,10000,2024-02-17,36
7079,5208,5000,2024-12-18,24
7080,2032,5000,2024-07-22,12
7081,9052,5000,2024-10-07,12
7082,2927,10000,2024-10-01,24
7083,5826,25000,2024-02-28,12
7084,4045,25000,2024-06-29,12
7085,7882,25000,2024-06-15,36
7086,7592,25000,2024-09-17,36
7087,4621,10000,2024-07-31,24
7088,1171,5000,2024-04-09,12
7089,5641,15000,2024-01-19,24
7090,4918,10000,2024-11-19,12
7091,5246,5000,2024-01-24,36
7092,9798,15000,2024-03-30,36
7093,7307,5000,2024-05-26,12
7094,5802,25000,2024-11-10,36
7095,6746,10000,2024-11-12,36
7096,8264,10000,2024-02-01,12
7097,2293,15000,2024-12-27,36
7098,4675,10000,2024-02-14,12
7099,9426,5000,2024-08-19,24
7100,194,5000,2024-05-09,12
7101,8922,15000,2024-08-12,24
7102,8228,15000,2024-10-27,12
7103,5198,15000,2024-06-09,12
7104,7189,15000,2024-10-05,12
7105,8437,25000,2024-08-13,12
7106,3467,5000,2024-04-15,12
7107,5213,5000,2024-03-09,24
7108,8121,5000,2024-07-26,36
7109,5946,5000,2024-07-17,12
7110,5496,25000,2024-05-16,24
7111,6320,15000,2024-08-31,24
7112,1782,10000,2024-12-26,12
7113,9408,5000,2024-03-28,12
7114,616,10000,2024-02-18,12
7115,4164,25000,2024-01-26,24
7116,5275,25000,2024-08-11,12
7117,8646,15000,2024-10-09,12
7118,1532,25000,2024-06-17,36
7119,4562,15000,2024-12-04,24
7120,6572,10000,2024-07-29,12
7121,1776,25000,2024-04-16,24
7122,7137,15000,2024-12-08,12
7123,9342,10000,2024-11-17,12
7124,3707,5000,2024-11-12,24
7125,5156,15000,2024-11-18,24
7126,7406,15000,2024-11-17,24
7127,5347,10000,2024-07-23,24
7128,83,10000,2024-08-11,36
7129,9716,10000,2024-02-12,24
7130,6795,10000,2024-04-16,12
7131,4937,10000,2024-03-02,12
7132,1108,15000,2024-01-13,24
7133,2075,10000,2024-03-23,24
7134,7738,5000,2024-10-06,24
7135,4475,10000,2024-12-18,24
7136,8573,25000,2024-03-17,24
7137,637,15000,2024-04-04,12
7138,800,5000,2024-06-14,36
7139,4013,15000,2024-01-08,24
7140,283,25000,2024-11-09,24
7141,4310,10000,2024-06-06,24
7142,9372,15000,2024-01-19,24
7143,2047,15000,2024-10-12,36
7144,6674,10000,2024-02-24,36
7145,855,15000,2024-06-22,12
7146,617,15000,2024-06-14,24
7147,3231,15000,2024-09-29,24
7148,2089,25000,2024-12-19,12
7149,3874,25000,2024-02-06,12
7150,7673,25000,2024-11-06,24
7151,4615,5000,2024-11-20,36
7152,9221,15000,2024-02-11,12
7153,1045,10000,2024-09-11,24
7154,646,10000,2024-03-05,24
7155,941,15000,2024-12-01,24
7156,343,10000,2024-04-03,12
7157,1667,5000,2024-01-10,12
7158,2465,10000,2024-06-28,12
7159,38,25000,2024-10-06,24
7160,4432,25000,2024-01-21,12
7161,251,25000,2024-06-28,24
7162,5008,25000,2024-12-24,36
7163,7239,10000,2024-03-19,36
7164,264,15000,2024-05-12,36
7165,6528,5000,2024-06-12,12
7166,5887,5000,2024-04-24,24
7167,9607,10000,2024-10-04,12
7168,5106,10000,2024-02-21,36
7169,1622,25000,2024-03-24,24
7170,1754,15000,2024-10-10,36
7171,8754,25000,2024-10-13,24
7172,3583,15000,2024-11-04,12
7173,1158,25000,2024-05-31,24
7174,5509,5000,2024-09-10,36
7175,9958,15000,2024-10-27,24
7176,4157,5000,2024-05-09,24
7177,3836,25000,2024-03-03,36
7178,5862,5000,2024-12-04,36
7179,3104,10000,2024-02-10,36
7180,4753,5000,2024-03-29,36
7181,1046,5000,2024-10-05,24
7182,8016,25000,2024-06-26,24
7183,2858,5000,2024-11-25,36
7184,1103,5000,2024-06-09,24
7185,7304,10000,2024-02-12,36
7186,6446,15000,2024-02-24,24
7187,6003,15000,2024-02-20,12
7188,8579,5000,2024-12-19,24
7189,1613,15000,2024-06-13,36
7190,1566,15000,2024-03-03,12
7191,3356,5000,2024-11-18,12
7192,2508,25000,2024-09-05,36
7193,2201,5000,2024-11-22,36
7194,4005,15000,2024-04-16,24
7195,5811,10000,2024-06-25,24
7196,8999,15000,2024-05-08,12
7197,3784,25000,2024-09-11,24
7198,641,5000,2024-07-11,24
7199,5926,15000,2024-04-03,24
7200,4087,15000,2024-04-05,12
7201,2100,10000,2024-06-25,24
7202,7868,25000,2024-02-16,24
7203,7899,15000,2024-05-06,36
7204,8434,15000,2024-09-22,12
7205,5790,5000,2024-10-26,36
7206,3750,25000,2024-08-27,12
7207,4747,10000,2024-10-26,36
7208,9627,15000,2024-08-12,36
7209,7196,25000,2024-12-30,36
7210,1434,25000,2024-01-04,36
7211,6503,25000,2024-03-04,24
7212,9632,25000,2024-11-05,24
7213,4278,15000,2024-08-23,24
7214,4888,25000,2024-09-09,36
7215,8104,5000,2024-06-17,12
7216,5934,5000,2024-01-30,12
7217,7508,10000,2024-03-11,36
7218,4449,10000,2024-08-17,36
7219,8669,25000,2024-12-15,24
7220,9511,10000,2024-05-15,36
7221,5329,25000,2024-03-25,24
7222,5195,5000,2024-12-30,24
7223,5351,5000,2024-11-22,36
7224,5697,5000,2024-07-15,12
7225,3658,5000,2024-06-08,12
7226,9481,10000,2024-07-26,36
7227,269,10000,2024-02-09,24
7228,2936,25000,2024-07-08,24
7229,9214,10000,2024-08-05,12
7230,90,5000,2024-06-03,24
7231,1926,5000,2024-05-02,12
7232,3248,25000,2024-08-07,36
7233,1149,5000,2024-10-15,36
7234,9795,5000,2024-11-17,24
7235,5298,25000,2024-04-14,36
7236,9995,25000,2024-03-19,36
7237,8197,15000,2024-07-17,24
7238,5933,10000,2024-07-30,24
7239,3062,10000,2024-01-13,12
7240,431,25000,2024-12-17,36
7241,8582,15000,2024-10-11,36
7242,8016,10000,2024-11-19,24
7243,3543,5000,2024-05-17,36
7244,1374,25000,2024-12-21,12
7245,4840,25000,2024-03-16,12
7246,4180,10000,2024-07-04,24
7247,453,5000,2024-08-01,36
7248,8515,5000,2024-12-20,12
7249,4015,25000,2024-07-04,36
7250,6050,25000,2024-12-25,24
7251,5659,5000,2024-07-27,24
7252,9321,25000,2024-03-10,36
7253,9302,15000,2024-02-14,12
7254,2551,10000,2024-06-26,24
7255,8698,5000,2024-06-24,36
7256,7029,10000,2024-09-26,36
7257,9372,15000,2024-12-18,12
7258,496,25000,2024-06-20,24
7259,5037,10000,2024-08-31,36
7260,7138,10000,2024-06-04,24
7261,386,25000,2024-07-07,24
7262,3615,10000,2024-07-17,24
7263,4772,10000,2024-03-15,36
7264,7281,15000,2024-02-02,36
7265,1897,10000,2024-07-13,12
7266,7009,25000,2024-04-02,12
7267,3518,25000,2024-05-13,24
7268,811,25000,2024-07-10,36
7269,883,5000,2024-04-15,24
7270,9595,15000,2024-08-18,36
7271,3795,10000,2024-10-25,36
7272,9481,10000,2024-01-28,24
7273,5308,25000,2024-11-09,12
7274,9090,25000,2024-01-15,36
7275,8122,25000,2024-05-31,24
7276,9409,25000,2024-12-28,12
7277,5230,5000,2024-03-30,12
7278,2956,15000,2024-07-08,36
7279,2954,15000,2024-07-11,24
7280,3571,5000,2024-01-26,12
7281,5743,10000,2024-04-19,36
7282,5185,10000,2024-12-16,24
7283,1089,15000,2024-05-08,36
7284,317,15000,2024-03-22,24
7285,6239,10000,2024-07-27,36
7286,7971,5000,2024-02-15,36
7287,395,5000,2024-01-01,24
7288,5316,10000,2024-02-20,36
7289,9766,5000,2024-06-12,24
7290,1063,25000,2024-11-20,12
7291,2424,15000,2024-11-20,12
7292,4552,10000,2024-11-17,36
7293,4372,25000,2024-04-08,24
7294,5675,25000,2024-10-12,12
7295,3582,5000,2024-09-14,24
7296,6549,5000,2024-04-09,12
7297,4259,15000,2024-12-24,24
7298,9835,15000,2024-01-25,24
7299,4896,10000,2024-05-26,12
7300,6948,15000,2024-08-30,12
7301,7785,25000,2024-03-11,36
7302,7237,15000,2024-12-25,24
7303,5229,25000,2024-01-14,36
7304,1543,25000,2024-10-15,12
7305,2900,10000,2024-10-19,12
7306,1479,5000,2024-12-28,24
7307,9204,15000,2024-10-12,24
7308,9624,10000,2024-07-24,12
7309,8649,15000,2024-09-25,36
7310,5011,25000,2024-12-03,24
7311,4052,15000,2024-10-20,24
7312,3577,5000,2024-03-13,36
7313,7836,15000,2024-03-27,12
7314,8096,15000,2024-12-16,12
7315,6654,25000,2024-11-17,12
7316,2293,15000,2024-06-14,12
7317,4880,5000,2024-10-23,36
7318,7206,15000,2024-08-18,12
7319,1139,25000,2024-07-10,24
7320,2546,10000,2024-02-25,24
7321,9553,25000,2024-08-02,24
7322,3191,25000,2024-10-31,36
7323,8248,25000,2024-07-05,36
7324,4520,10000,2024-04-05,24
7325,4978,5000,2024-09-01,12
7326,6705,25000,2024-06-15,12
7327,6192,25000,2024-11-06,12
7328,5766,5000,2024-09-15,12
7329,8430,5000,2024-05-15,24
7330,3040,15000,2024-07-25,12
7331,8581,5000,2024-09-05,36
7332,8877,10000,2024-09-10,12
7333,3984,25000,2024-11-24,12
7334,187,25000,2024-01-16,24
7335,3429,10000,2024-10-08,12
7336,7759,15000,2024-06-08,24
7337,6755,25000,2024-12-03,24
7338,3389,25000,2024-09-20,12
7339,5070,15000,2024-12-24,24
7340,2935,15000,2024-02-29,36
7341,4372,15000,2024-09-24,24
7342,6935,10000,2024-07-05,24
7343,5988,10000,2024-07-05,12
7344,6860,5000,2024-02-13,12
7345,3970,15000,2024-06-14,24
7346,2752,10000,2024-06-01,36
7347,8174,10000,2024-05-31,36
7348,1576,5000,2024-04-06,24
7349,6504,10000,2024-07-07,24
7350,1260,25000,2024-05-16,24
7351,1057,10000,2024-08-04,24
7352,5661,15000,2024-12-05,12
7353,8737,5000,2024-10-30,24
7354,6244,15000,2024-07-27,24
7355,6801,15000,2024-02-21,36
7356,330,5000,2024-07-16,24
7357,2170,25000,2024-02-05,24
7358,9771,5000,2024-04-14,24
7359,3007,25000,2024-12-25,24
7360,5841,25000,2024-01-12,24
7361,7146,15000,2024-06-16,36
7362,2524,15000,2024-08-01,12
7363,4223,15000,2024-02-11,12
7364,2916,15000,2024-12-14,36
7365,9965,5000,2024-12-07,24
7366,5675,10000,2024-03-07,36
7367,1957,5000,2024-06-17,24
7368,6190,10000,2024-05-31,12
7369,2073,5000,2024-07-15,12
7370,873,15000,2024-01-13,12
7371,7498,10000,2024-08-16,24
7372,6005,5000,2024-06-10,24
7373,6438,5000,2024-04-12,36
7374,7334,25000,2024-05-10,24
7375,8449,5000,2024-04-05,24
7376,4918,15000,2024-08-03,12
7377,4033,5000,2024-07-19,24
7378,3261,5000,2024-05-10,36
7379,7167,15000,2024-07-20,36
7380,8886,10000,2024-10-17,12
7381,7443,10000,2024-10-02,24
7382,4038,15000,2024-12-26,12
7383,7202,10000,2024-11-27,12
7384,556,25000,2024-02-17,36
7385,5610,5000,2024-02-12,12
7386,6643,5000,2024-03-21,12
7387,9470,10000,2024-03-08,36
7388,5229,10000,2024-08-21,12
7389,9140,10000,2024-08-28,12
7390,4581,15000,2024-07-17,24
7391,4374,25000,2024-07-01,24
7392,398,25000,2024-07-28,24
7393,222,10000,2024-06-02,24
7394,2366,15000,2024-06-07,36
7395,1778,10000,2024-06-30,36
7396,4061,15000,2024-07-02,24
7397,3955,15000,2024-02-25,12
7398,5729,5000,2024-05-06,12
7399,775,10000,2024-02-22,12
7400,340,5000,2024-07-18,24
7401,7,5000,2024-02-03,12
7402,1297,25000,2024-02-15,36
7403,288,15000,2024-07-26,24
7404,893,15000,2024-12-05,24
7405,6991,15000,2024-11-25,12
7406,8909,15000,2024-02-19,24
7407,4280,5000,2024-07-15,12
7408,1854,15000,2024-01-11,24
7409,570,25000,2024-08-18,12
7410,4719,25000,2024-03-26,12
7411,8835,5000,2024-11-26,12
7412,3673,5000,2024-05-25,12
7413,6992,10000,2024-06-07,12
7414,6774,10000,2024-11-13,36
7415,2552,15000,2024-01-23,36
7416,110,5000,2024-12-25,12
7417,3651,5000,2024-06-29,36
7418,3220,25000,2024-03-02,12
7419,732,25000,2024-03-14,12
7420,5694,25000,2024-01-17,36
7421,8760,5000,2024-10-23,36
7422,5557,10000,2024-09-11,12
7423,7105,5000,2024-12-30,36
7424,9550,5000,2024-09-20,24
7425,7264,5000,2024-10-31,36
7426,1072,10000,2024-07-03,12
7427,7974,25000,2024-06-29,24
7428,7446,15000,2024-08-05,36
7429,5072,15000,2024-04-15,36
7430,7371,15000,2024-02-24,36
7431,2247,10000,2024-05-16,36
7432,1921,10000,2024-10-14,36
7433,6013,15000,2024-12-08,12
7434,8316,15000,2024-12-17,36
7435,6344,10000,2024-02-26,24
7436,75,15000,2024-04-09,36
7437,1989,5000,2024-01-05,36
7438,8349,25000,2024-04-21,12
7439,7288,10000,2024-04-04,12
7440,3084,25000,2024-11-14,24
7441,3819,15000,2024-08-10,12
7442,3692,15000,2024-07-04,24
7443,5240,10000,2024-05-16,36
7444,8275,10000,2024-08-12,12
7445,3066,5000,2024-09-07,36
7446,7955,10000,2024-12-20,36
7447,2234,25000,2024-01-26,12
7448,9977,10000,2024-07-09,12
7449,2091,5000,2024-07-12,12
7450,5629,25000,2024-10-16,36
7451,4169,15000,2024-12-02,12
7452,4013,10000,2024-01-06,24
7453,1878,15000,2024-11-13,24
7454,7187,5000,2024-12-16,12
7455,6309,10000,2024-08-07,24
7456,2315,5000,2024-07-31,12
7457,9656,15000,2024-03-15,36
7458,5248,25000,2024-11-05,24
7459,3993,5000,2024-06-12,24
7460,2915,10000,2024-08-18,24
7461,9534,10000,2024-08-27,24
7462,3935,15000,2024-03-31,24
7463,2702,15000,2024-12-05,36
7464,4045,15000,2024-04-22,24
7465,34,15000,2024-12-05,12
7466,2146,10000,2024-05-09,24
7467,6460,10000,2024-04-10,12
7468,7488,10000,2024-01-27,12
7469,9472,5000,2024-01-18,36
7470,5674,25000,2024-07-23,24
7471,405,25000,2024-07-28,36
7472,4712,25000,2024-01-11,24
7473,1925,5000,2024-01-04,24
7474,7622,15000,2024-04-12,36
7475,882,15000,2024-07-23,36
7476,6024,15000,2024-03-23,12
7477,2903,10000,2024-02-12,12
7478,9790,5000,2024-09-08,12
7479,1246,25000,2024-02-08,36
7480,8632,15000,2024-11-10,24
7481,5368,25000,2024-06-01,12
7482,116,15000,2024-11-30,36
7483,4501,25000,2024-08-30,12
7484,9471,10000,2024-03-24,24
7485,297,5000,2024-12-02,36
7486,7693,15000,2024-02-24,36
7487,2949,15000,2024-11-16,24
7488,8128,15000,2024-04-02,36
7489,2606,15000,2024-04-17,36
7490,6478,5000,2024-12-04,36
7491,7922,5000,2024-12-15,12
7492,1095,15000,2024-08-07,24
7493,5102,25000,2024-02-06,12
7494,1075,10000,2024-08-21,24
7495,16,15000,2024-05-01,36
7496,1528,10000,2024-03-15,24
7497,8243,25000,2024-07-26,36
7498,3200,15000,2024-12-03,36
7499,9796,15000,2024-11-05,24
7500,7801,10000,2024-03-13,36
7501,1993,15000,2024-03-31,12
7502,2954,25000,2024-11-03,24
7503,6472,5000,2024-10-20,24
7504,5823,10000,2024-10-26,24
7505,932,5000,2024-12-08,36
7506,2016,10000,2024-08-22,12
7507,6445,5000,2024-11-13,24
7508,7419,25000,2024-08-01,36
7509,6406,25000,2024-03-08,12
7510,2139,15000,2024-08-11,36
7511,4290,25000,2024-08-03,36
7512,3401,25000,2024-06-14,12
7513,9280,15000,2024-03-01,36
7514,8418,10000,2024-10-10,12
7515,8637,25000,2024-03-10,24
7516,1903,25000,2024-12-18,24
7517,3604,5000,2024-01-31,12
7518,9675,25000,2024-07-03,36
7519,5453,15000,2024-05-06,24
7520,8437,25000,2024-05-17,12
7521,4049,5000,2024-05-19,12
7522,805,25000,2024-09-19,36
7523,8044,5000,2024-03-28,36
7524,9124,25000,2024-06-04,24
7525,1761,10000,2024-11-26,24
7526,6306,15000,2024-10-02,24
7527,7999,25000,2024-04-29,36
7528,8217,10000,2024-11-16,24
7529,4396,10000,2024-06-12,12
7530,5345,15000,2024-11-21,12
7531,8266,5000,2024-05-17,24
7532,7882,10000,2024-08-18,36
7533,7983,15000,2024-10-26,24
7534,7457,25000,2024-07-20,12
7535,4188,5000,2024-03-30,24
7536,1411,5000,2024-08-20,12
7537,3613,5000,2024-03-14,36
7538,7340,10000,2024-10-15,12
7539,4781,10000,2024-06-13,24
7540,4468,15000,2024-05-20,36
7541,5356,5000,2024-12-23,36
7542,9258,5000,2024-12-15,36
7543,3996,15000,2024-03-28,24
7544,6869,25000,2024-12-19,12
7545,8803,5000,2024-10-19,24
7546,7646,5000,2024-01-19,12
7547,4216,15000,2024-11-17,36
7548,1839,15000,2024-01-30,12
7549,5649,10000,2024-08-01,36
7550,6685,25000,2024-09-08,36
7551,6945,10000,2024-06-16,36
7552,7296,10000,2024-05-22,36
7553,3574,15000,2024-07-16,24
7554,7615,10000,2024-12-21,12
7555,5700,25000,2024-12-29,24
7556,8186,5000,2024-12-01,36
7557,7153,10000,2024-03-25,12
7558,6183,10000,2024-12-19,12
7559,473,10000,2024-04-13,12
7560,9349,25000,2024-04-27,24
7561,4420,25000,2024-02-07,12
7562,8244,25000,2024-05-15,12
7563,7092,15000,2024-03-16,12
7564,9620,5000,2024-10-21,12
7565,5879,15000,2024-11-11,36
7566,6661,5000,2024-04-18,12
7567,4456,10000,2024-02-25,36
7568,5780,25000,2024-01-18,12
7569,7405,25000,2024-04-13,12
7570,68,25000,2024-05-28,24
7571,9366,10000,2024-08-06,24
7572,4577,5000,2024-01-06,24
7573,6057,15000,2024-06-07,12
7574,8453,15000,2024-04-07,36
7575,1650,10000,2024-11-22,24
7576,677,5000,2024-09-07,24
7577,7224,25000,2024-03-01,12
7578,6552,5000,2024-03-08,24
7579,3940,5000,2024-09-09,12
7580,4339,25000,2024-11-12,36
7581,6658,5000,2024-04-21,12
7582,9871,10000,2024-01-17,36
7583,9385,15000,2024-06-05,36
7584,666,10000,2024-03-07,12
7585,4863,5000,2024-11-10,12
7586,9794,25000,2024-01-03,36
7587,1910,15000,2024-04-12,24
7588,7453,10000,2024-06-03,12
7589,6598,5000,2024-01-01,12
7590,188,25000,2024-11-30,12
7591,8897,10000,2024-11-29,36
7592,7691,5000,2024-01-04,24
7593,9559,25000,2024-07-21,12
7594,7391,10000,2024-02-02,12
7595,335,25000,2024-01-11,24
7596,6601,10000,2024-07-22,36
7597,7616,10000,2024-07-25,12
7598,356,5000,2024-07-03,12
7599,1923,15000,2024-06-02,36
7600,4328,15000,2024-12-09,12
7601,3339,25000,2024-06-30,36
7602,796,25000,2024-06-03,24
7603,190,25000,2024-08-15,24
7604,7452,25000,2024-04-11,36
7605,9006,25000,2024-06-30,36
7606,2167,5000,2024-09-14,36
7607,9872,25000,2024-09-21,24
7608,2059,15000,2024-03-12,24
7609,6071,15000,2024-12-25,12
7610,4394,10000,2024-11-15,36
7611,9413,10000,2024-08-28,36
7612,9820,5000,2024-04-24,12
7613,2381,5000,2024-03-05,12
7614,9592,25000,2024-10-03,24
7615,8326,10000,2024-05-22,12
7616,5052,5000,2024-08-04,12
7617,2710,5000,2024-06-15,36
7618,1280,15000,2024-01-16,12
7619,553,5000,2024-02-04,36
7620,6332,5000,2024-10-05,36
7621,6873,10000,2024-05-19,36
7622,1154,25000,2024-08-27,12
7623,6920,25000,2024-11-03,12
7624,4159,5000,2024-10-01,36
7625,955,10000,2024-12-19,24
7626,5566,25000,2024-04-24,24
7627,6869,25000,2024-03-27,36
7628,236,5000,2024-05-18,24
7629,1109,25000,2024-02-12,12
7630,1797,25000,2024-12-19,36
7631,3474,15000,2024-03-09,12
7632,5286,10000,2024-06-13,24
7633,7396,5000,2024-06-01,24
7634,9583,5000,2024-05-31,12
7635,5530,15000,2024-04-15,24
7636,2212,5000,2024-10-16,24
7637,2642,15000,2024-12-03,12
7638,3229,10000,2024-12-24,12
7639,927,25000,2024-03-19,12
7640,5823,25000,2024-04-20,12
7641,2922,10000,2024-09-24,24
7642,3828,5000,2024-05-27,12
7643,7336,10000,2024-11-30,36
7644,8313,25000,2024-12-01,24
7645,966,15000,2024-11-12,24
7646,4214,15000,2024-03-11,12
7647,3720,5000,2024-08-28,24
7648,3914,25000,2024-08-15,12
7649,3180,15000,2024-05-29,24
7650,3371,15000,2024-03-13,12
7651,6819,15000,2024-01-17,24
7652,5907,5000,2024-04-06,36
7653,5139,25000,2024-09-14,12
7654,3092,10000,2024-09-19,12
7655,9969,15000,2024-08-10,36
7656,8964,10000,2024-01-14,12
7657,4657,10000,2024-09-16,24
7658,3578,5000,2024-06-21,24
7659,6298,5000,2024-07-09,24
7660,1539,10000,2024-09-22,36
7661,2868,5000,2024-02-14,36
7662,3550,10000,2024-08-03,24
7663,6528,15000,2024-10-26,36
7664,8996,25000,2024-07-01,12
7665,4777,10000,2024-05-25,36
7666,179,25000,2024-01-11,12
7667,8807,10000,2024-08-29,24
7668,1755,15000,2024-06-30,24
7669,7696,5000,2024-05-08,24
7670,8239,10000,2024-02-22,36
7671,8016,5000,2024-12-17,24
7672,6702,15000,2024-07-26,36
7673,6327,25000,2024-07-24,24
7674,6498,10000,2024-02-02,12
7675,2535,10000,2024-03-23,36
7676,8408,25000,2024-01-25,12
7677,2940,10000,2024-03-14,12
7678,5766,10000,2024-05-11,12
7679,2900,25000,2024-05-31,24
7680,2877,5000,2024-07-08,12
7681,9429,5000,2024-12-05,12
7682,1008,25000,2024-08-05,12
7683,4830,15000,2024-11-13,36
7684,6465,25000,2024-08-12,36
7685,8058,25000,2024-11-13,36
7686,2160,5000,2024-03-16,36
7687,3185,10000,2024-06-14,36
7688,8566,15000,2024-05-24,36
7689,1287,10000,2024-01-10,36
7690,8560,10000,2024-06-19,24
7691,4474,15000,2024-10-15,36
7692,4921,25000,2024-02-06,12
7693,3926,25000,2024-04-29,24
7694,4770,10000,2024-06-22,36
7695,3117,10000,2024-12-30,36
7696,1295,15000,2024-02-07,12
7697,3977,5000,2024-01-21,12
7698,6866,15000,2024-06-09,12
7699,6391,15000,2024-08-05,24
7700,174,15000,2024-08-31,24
7701,7326,5000,2024-02-12,24
7702,7819,25000,2024-04-27,24
7703,4982,15000,2024-04-03,12
7704,3835,5000,2024-11-19,12
7705,2430,10000,2024-07-16,12
7706,6568,15000,2024-09-07,12
7707,8006,10000,2024-07-10,12
7708,7790,10000,2024-11-15,36
7709,7463,5000,2024-05-04,12
7710,8885,10000,2024-02-06,12
7711,874,10000,2024-03-19,36
7712,3097,15000,2024-04-13,24
7713,8950,10000,2024-05-30,12
7714,3625,15000,2024-08-21,36
7715,5554,10000,2024-03-13,36
7716,1566,25000,2024-02-03,36
7717,3117,25000,2024-12-28,36
7718,8501,5000,2024-06-10,24
7719,8346,10000,2024-07-26,24
7720,9159,5000,2024-09-16,24
7721,1164,15000,2024-12-02,12
7722,2817,15000,2024-07-22,36
7723,8577,10000,2024-07-15,12
7724,2796,10000,2024-08-17,36
7725,1057,25000,2024-04-09,36
7726,9924,15000,2024-04-03,24
7727,7346,15000,2024-03-03,24
7728,9862,15000,2024-11-29,12
7729,4077,5000,2024-07-12,36
7730,3775,10000,2024-10-10,36
7731,1460,15000,2024-10-03,12
7732,8134,15000,2024-07-25,24
7733,6,10000,2024-12-29,36
7734,4787,10000,2024-03-27,36
7735,6939,5000,2024-05-17,36
7736,9834,25000,2024-01-26,24
7737,8169,15000,2024-10-16,24
7738,8110,25000,2024-09-14,12
7739,3830,10000,2024-06-20,24
7740,7035,25000,2024-08-26,24
7741,5351,5000,2024-02-12,12
7742,5521,25000,2024-11-03,12
7743,6871,15000,2024-04-19,36
7744,4881,5000,2024-05-26,24
7745,8809,10000,2024-05-02,12
7746,9078,5000,2024-10-31,12
7747,2071,15000,2024-08-26,36
7748,6951,10000,2024-07-09,24
7749,161,25000,2024-04-25,36
7750,9410,15000,2024-06-05,24
7751,4179,5000,2024-11-27,12
7752,168,5000,2024-07-25,36
7753,3913,5000,2024-02-22,24
7754,2703,10000,2024-04-07,12
7755,2603,5000,2024-01-28,36
7756,4440,10000,2024-07-31,36
7757,4108,5000,2024-05-24,12
7758,3606,5000,2024-09-01,24
7759,9746,10000,2024-09-04,24
7760,450,10000,2024-12-03,36
7761,4670,10000,2024-01-24,12
7762,4028,15000,2024-09-09,24
7763,6735,25000,2024-12-09,24
7764,2538,5000,2024-11-27,24
7765,2710,15000,2024-02-05,36
7766,2958,25000,2024-07-15,36
7767,2665,5000,2024-07-02,36
7768,1790,5000,2024-03-07,24
7769,4103,5000,2024-02-02,12
7770,3235,25000,2024-06-15,12
7771,319,5000,2024-12-05,12
7772,2178,15000,2024-07-04,36
7773,429,5000,2024-01-12,24
7774,901,15000,2024-09-01,24
7775,9813,10000,2024-03-24,12
7776,7423,25000,2024-12-02,24
7777,749,15000,2024-02-12,12
7778,6145,5000,2024-04-16,36
7779,4873,15000,2024-01-13,12
7780,4290,15000,2024-12-04,36
7781,7532,10000,2024-03-30,24
7782,1028,25000,2024-04-25,24
7783,1141,10000,2024-04-15,36
7784,8101,25000,2024-06-21,24
7785,8430,10000,2024-12-10,36
7786,4826,25000,2024-01-23,12
7787,4554,5000,2024-10-17,36
7788,1755,15000,2024-08-28,12
7789,6993,15000,2024-04-05,24
7790,1611,10000,2024-11-05,12
7791,4440,5000,2024-05-04,12
7792,9680,5000,2024-08-21,24
7793,4759,5000,2024-06-25,24
7794,6520,10000,2024-03-10,12
7795,246,25000,2024-07-24,36
7796,9470,5000,2024-08-20,12
7797,6843,5000,2024-04-29,24
7798,7059,25000,2024-10-19,36
7799,1557,25000,2024-04-28,12
7800,1558,5000,2024-01-22,24
7801,2223,10000,2024-09-05,36
7802,2333,10000,2024-07-30,24
7803,8497,15000,2024-07-03,36
7804,8985,15000,2024-11-22,12
7805,8599,15000,2024-07-06,36
7806,2967,10000,2024-07-01,36
7807,4003,15000,2024-02-10,12
7808,1361,5000,2024-01-28,36
7809,9246,10000,2024-10-13,12
7810,440,10000,2024-01-21,24
7811,4354,15000,2024-03-14,24
7812,783,5000,2024-11-02,24
7813,2611,5000,2024-02-05,12
7814,234,10000,2024-01-19,12
7815,6667,10000,2024-09-18,12
7816,4489,15000,2024-06-24,12
7817,8654,5000,2024-01-15,24
7818,1752,10000,2024-04-19,12
7819,839,25000,2024-04-18,24
7820,3210,5000,2024-05-03,36
7821,2785,25000,2024-10-31,36
7822,5595,10000,2024-01-18,24
7823,1352,15000,2024-03-24,36
7824,206,10000,2024-07-11,24
7825,1095,10000,2024-07-06,12
7826,185,25000,2024-06-12,24
7827,6746,10000,2024-07-28,12
7828,6903,15000,2024-01-20,36
7829,5503,25000,2024-09-07,24
7830,6689,25000,2024-04-22,12
7831,5779,15000,2024-11-12,24
7832,2730,25000,2024-12-22,24
7833,7894,15000,2024-11-10,24
7834,314,25000,2024-05-29,36
7835,8420,10000,2024-11-19,12
7836,6802,10000,2024-09-16,36
7837,3094,5000,2024-03-23,12
7838,4096,25000,2024-11-09,24
7839,2740,15000,2024-02-27,36
7840,927,15000,2024-02-23,12
7841,3337,25000,2024-01-28,12
7842,3122,10000,2024-12-26,36
7843,6886,15000,2024-07-23,12
7844,7543,5000,2024-02-26,12
7845,2356,15000,2024-03-04,24
7846,8729,15000,2024-04-01,12
7847,7375,15000,2024-10-12,12
7848,4171,5000,2024-12-07,36
7849,5773,5000,2024-01-23,12
7850,9634,15000,2024-01-18,24
7851,3400,5000,2024-09-10,36
7852,5696,10000,2024-03-21,36
7853,6738,15000,2024-06-30,12
7854,7930,5000,2024-12-16,36
7855,609,5000,2024-05-15,36
7856,612,5000,2024-04-16,36
7857,1021,10000,2024-05-13,24
7858,241,5000,2024-07-18,24
7859,2053,25000,2024-09-10,12
7860,5335,25000,2024-10-22,24
7861,1603,10000,2024-06-27,12
7862,4490,10000,2024-02-16,36
7863,9607,5000,2024-08-10,24
7864,369,10000,2024-04-24,24
7865,2077,5000,2024-11-21,24
7866,9639,5000,2024-07-14,24
7867,7110,5000,2024-09-05,36
7868,8201,25000,2024-08-13,36
7869,3517,25000,2024-10-09,24
7870,4430,15000,2024-02-23,36
7871,5046,10000,2024-05-21,36
7872,8585,25000,2024-08-20,36
7873,1852,10000,2024-05-29,12
7874,5428,5000,2024-07-15,24
7875,8971,10000,2024-02-25,12
7876,3432,5000,2024-12-29,12
7877,9891,10000,2024-07-28,36
7878,4483,25000,2024-11-11,12
7879,6253,10000,2024-02-20,36
7880,6483,5000,2024-05-07,36
7881,3272,25000,2024-09-13,12
7882,3509,5000,2024-01-12,24
7883,6977,5000,2024-01-24,24
7884,3893,25000,2024-05-05,36
7885,3112,10000,2024-11-26,12
7886,4318,15000,2024-06-19,24
7887,1867,15000,2024-04-14,12
7888,9245,10000,2024-08-08,12
7889,927,10000,2024-02-26,12
7890,3773,25000,2024-05-28,36
7891,5928,5000,2024-02-09,36
7892,2096,25000,2024-02-02,36
7893,9019,25000,2024-06-09,24
7894,4696,5000,2024-04-17,12
7895,770,5000,2024-03-05,36
7896,6715,10000,2024-03-16,12
7897,8649,5000,2024-02-15,12
7898,9265,5000,2024-12-29,36
7899,2776,10000,2024-08-22,24
7900,5368,25000,2024-04-23,36
7901,6434,15000,2024-11-03,12
7902,4631,5000,2024-05-03,12
7903,7699,25000,2024-10-12,24
7904,5503,25000,2024-05-22,36
7905,2972,15000,2024-05-16,12
7906,4401,5000,2024-09-03,12
7907,1643,25000,2024-10-14,12
7908,1018,25000,2024-03-12,12
7909,4043,5000,2024-10-09,36
7910,9656,5000,2024-02-11,36
7911,1512,25000,2024-09-20,36
7912,5618,10000,2024-08-08,36
7913,6276,10000,2024-09-23,36
7914,4472,25000,2024-08-30,24
7915,1722,5000,2024-02-13,36
7916,687,5000,2024-10-15,12
7917,4467,10000,2024-03-07,36
7918,4251,10000,2024-11-06,24
7919,6389,15000,2024-09-25,12
7920,3278,10000,2024-02-05,24
7921,5956,5000,2024-03-27,12
7922,3500,10000,2024-01-26,12
7923,1445,25000,2024-10-20,36
7924,8280,15000,2024-04-09,24
7925,1530,15000,2024-05-30,24
7926,3186,5000,2024-05-15,12
7927,13,25000,2024-09-26,36
7928,5277,10000,2024-10-06,12
7929,8512,15000,2024-04-10,24
7930,4388,15000,2024-06-01,12
7931,4869,25000,2024-04-27,36
7932,9876,15000,2024-08-26,24
7933,5597,25000,2024-01-17,12
7934,5771,5000,2024-05-11,36
7935,4254,15000,2024-09-07,24
7936,8576,10000,2024-03-25,36
7937,6200,25000,2024-07-30,12
7938,1097,5000,2024-12-30,24
7939,970,10000,2024-04-14,36
7940,6904,25000,2024-12-02,24
7941,2521,10000,2024-04-08,12
7942,3252,15000,2024-02-10,12
7943,194,5000,2024-02-29,36
7944,7552,25000,2024-03-27,24
7945,1253,25000,2024-02-12,12
7946,795,5000,2024-11-03,36
7947,1627,10000,2024-01-21,36
7948,5191,5000,2024-05-31,36
7949,8283,5000,2024-05-01,24
7950,7244,5000,2024-06-20,12
7951,7365,5000,2024-07-29,12
7952,4173,15000,2024-05-12,24
7953,1321,25000,2024-10-26,12
7954,3460,10000,2024-08-06,36
7955,2370,10000,2024-11-29,36
7956,2469,5000,2024-03-05,24
7957,9850,5000,2024-06-07,36
7958,4038,10000,2024-10-27,12
7959,346,10000,2024-04-23,12
7960,1665,15000,2024-03-14,24
7961,3874,5000,2024-11-06,36
7962,650,10000,2024-02-29,12
7963,5381,25000,2024-09-10,12
7964,7852,15000,2024-08-30,12
7965,6293,15000,2024-04-24,36
7966,1913,5000,2024-10-21,12
7967,7197,15000,2024-04-13,36
7968,6096,15000,2024-02-17,12
7969,8051,25000,2024-03-20,36
7970,8059,15000,2024-01-27,12
7971,5681,25000,2024-09-28,36
7972,3261,15000,2024-08-20,24
7973,2113,15000,2024-09-10,24
7974,9675,5000,2024-12-30,24
7975,8868,5000,2024-12-12,12
7976,476,5000,2024-05-16,36
7977,326,5000,2024-06-01,12
7978,7687,10000,2024-12-09,36
7979,3264,5000,2024-02-27,36
7980,8040,5000,2024-08-07,12
7981,2136,5000,2024-01-18,36
7982,4254,15000,2024-03-30,24
7983,9489,15000,2024-11-25,12
7984,5036,15000,2024-06-25,24
7985,8136,5000,2024-02-13,24
7986,282,25000,2024-07-21,24
7987,657,10000,2024-04-19,12
7988,2211,25000,2024-07-11,24
7989,9093,25000,2024-12-02,12
7990,7469,25000,2024-05-07,12
7991,144,25000,2024-01-10,24
7992,3370,10000,2024-11-14,36
7993,3934,25000,2024-04-03,36
7994,7356,5000,2024-10-28,12
7995,2536,25000,2024-08-12,24
7996,9606,10000,2024-09-14,12
7997,9236,10000,2024-08-11,36
7998,650,25000,2024-09-15,12
7999,4761,5000,2024-02-05,12
8000,3292,25000,2024-09-17,36
8001,7122,15000,2024-10-02,24
8002,8365,10000,2024-09-15,36
8003,3022,25000,2024-09-15,24
8004,2049,15000,2024-12-21,24
8005,5324,5000,2024-11-21,36
8006,1895,15000,2024-08-15,12
8007,5321,10000,2024-03-28,12
8008,3977,15000,2024-10-29,36
8009,409,15000,2024-04-11,24
8010,3376,15000,2024-10-19,36
8011,6888,5000,2024-01-08,12
8012,7900,5000,2024-04-11,12
8013,578,5000,2024-04-22,24
8014,8146,5000,2024-07-26,36
8015,4178,25000,2024-12-28,12
8016,603,15000,2024-02-14,36
8017,3756,10000,2024-01-10,36
8018,6691,15000,2024-12-07,36
8019,4070,25000,2024-08-19,24
8020,6321,15000,2024-08-20,12
8021,5335,15000,2024-12-08,24
8022,9180,10000,2024-06-17,12
8023,4237,10000,2024-09-24,12
8024,4235,10000,2024-08-24,36
8025,3119,15000,2024-09-20,36
8026,1084,25000,2024-10-27,12
8027,9780,5000,2024-03-28,36
8028,1085,5000,2024-06-02,36
8029,1750,15000,2024-12-07,36
8030,3167,5000,2024-04-16,24
8031,9848,5000,2024-08-04,24
8032,3547,15000,2024-06-07,12
8033,8232,15000,2024-11-07,36
8034,1351,25000,2024-12-19,36
8035,1995,5000,2024-02-06,36
8036,6581,15000,2024-03-12,24
8037,744,5000,2024-04-30,12
8038,3283,10000,2024-06-20,36
8039,4134,10000,2024-08-14,24
8040,6612,25000,2024-08-04,24
8041,9299,15000,2024-04-04,36
8042,3428,5000,2024-06-25,36
8043,8822,10000,2024-03-27,24
8044,4911,15000,2024-04-11,24
8045,3986,10000,2024-11-19,12
8046,5757,10000,2024-12-21,24
8047,7444,15000,2024-05-06,24
8048,492,10000,2024-03-10,12
8049,6442,15000,2024-08-10,24
8050,7977,25000,2024-09-16,24
8051,4154,15000,2024-10-03,12
8052,9675,10000,2024-10-24,12
8053,1950,10000,2024-03-24,36
8054,5494,5000,2024-05-13,24
8055,3134,25000,2024-09-11,36
8056,2135,10000,2024-01-11,12
8057,611,25000,2024-07-28,24
8058,7567,5000,2024-03-13,12
8059,9340,25000,2024-05-19,24
8060,6118,15000,2024-10-13,36
8061,4742,25000,2024-06-07,24
8062,2562,10000,2024-06-19,12
8063,7046,10000,2024-07-04,24
8064,829,15000,2024-02-19,36
8065,1696,10000,2024-09-03,36
8066,5775,5000,2024-12-19,36
8067,3466,10000,2024-07-26,12
8068,266,5000,2024-02-10,24
8069,1290,25000,2024-04-21,24
8070,5412,25000,2024-07-22,12
8071,473,10000,2024-07-23,36
8072,6543,10000,2024-06-20,12
8073,5193,15000,2024-05-06,24
8074,1897,25000,2024-03-06,24
8075,3155,5000,2024-09-27,24
8076,6318,15000,2024-02-03,24
8077,9082,15000,2024-07-16,24
8078,1612,25000,2024-02-13,36
8079,6435,15000,2024-09-09,12
8080,4477,5000,2024-06-09,36
8081,8378,15000,2024-11-30,24
8082,3334,5000,2024-12-20,36
8083,2227,5000,2024-12-13,12
8084,3214,10000,2024-12-27,24
8085,4016,25000,2024-04-27,36
8086,1292,25000,2024-10-22,12
8087,2518,25000,2024-09-18,36
8088,8050,25000,2024-03-15,36
8089,2155,5000,2024-01-14,12
8090,7605,25000,2024-01-05,24
8091,3103,25000,2024-10-27,36
8092,3619,5000,2024-07-05,24
8093,3844,10000,2024-07-19,12
8094,521,25000,2024-10-25,24
8095,1645,15000,2024-09-07,36
8096,655,10000,2024-06-03,36
8097,42,10000,2024-07-15,12
8098,3785,10000,2024-03-09,36
8099,3952,25000,2024-02-17,36
8100,5421,5000,2024-09-05,12
8101,1514,25000,2024-08-19,24
8102,4767,25000,2024-04-20,24
8103,3737,10000,2024-11-24,24
8104,9473,5000,2024-10-07,24
8105,4925,25000,2024-05-15,36
8106,7893,25000,2024-03-18,24
8107,8412,25000,2024-08-18,12
8108,4010,25000,2024-09-11,12
8109,4960,5000,2024-06-08,24
8110,1630,5000,2024-03-01,36
8111,7227,5000,2024-03-27,12
8112,3250,15000,2024-01-01,12
8113,461,5000,2024-04-20,36
8114,290,5000,2024-06-07,12
8115,9328,10000,2024-08-21,24
8116,224,25000,2024-03-10,24
8117,2446,25000,2024-12-29,24
8118,7328,10000,2024-03-21,36
8119,454,5000,2024-07-20,12
8120,2047,25000,2024-04-02,12
8121,5912,15000,2024-12-27,36
8122,8883,15000,2024-03-12,24
8123,5480,10000,2024-02-26,24
8124,9041,15000,2024-01-11,36
8125,3387,10000,2024-05-25,12
8126,4702,15000,2024-05-27,24
8127,4825,15000,2024-07-26,24
8128,6166,15000,2024-03-31,12
8129,2469,10000,2024-03-27,24
8130,6091,25000,2024-04-18,12
8131,9621,10000,2024-10-09,12
8132,5775,5000,2024-07-23,24
8133,2316,5000,2024-04-06,24
8134,3926,15000,2024-09-21,12
8135,739,15000,2024-09-25,36
8136,5226,25000,2024-09-20,36
8137,4752,25000,2024-04-23,24
8138,7797,25000,2024-11-07,12
8139,2219,15000,2024-08-06,12
8140,7916,10000,2024-08-20,12
8141,6544,15000,2024-04-06,36
8142,7107,5000,2024-01-07,24
8143,875,15000,2024-03-17,24
8144,8527,25000,2024-05-07,36
8145,5988,5000,2024-07-02,12
8146,1179,15000,2024-04-13,36
8147,630,25000,2024-03-24,36
8148,6520,15000,2024-10-19,24
8149,6015,15000,2024-03-04,36
8150,81,25000,2024-08-20,12
8151,910,5000,2024-01-17,36
8152,8642,5000,2024-04-02,12
8153,3071,10000,2024-10-03,36
8154,5430,5000,2024-03-18,12
8155,4079,15000,2024-12-26,24
8156,1980,25000,2024-04-20,24
8157,4776,5000,2024-12-07,36
8158,6829,15000,2024-11-03,24
8159,730,15000,2024-03-17,36
8160,7906,5000,2024-08-21,12
8161,3021,25000,2024-04-04,12
8162,9206,25000,2024-09-24,24
8163,4776,10000,2024-12-17,36
8164,1321,25000,2024-02-15,12
8165,6333,25000,2024-11-21,36
8166,3265,5000,2024-08-02,24
8167,4609,5000,2024-11-22,36
8168,2909,15000,2024-10-02,24
8169,3044,5000,2024-03-08,36
8170,2191,10000,2024-12-06,24
8171,5947,15000,2024-10-26,36
8172,3505,25000,2024-10-12,36
8173,7307,5000,2024-10-13,36
8174,9495,10000,2024-05-06,24
8175,8982,15000,2024-08-20,36
8176,8115,10000,2024-06-30,24
8177,7965,10000,2024-01-14,12
8178,1965,25000,2024-04-11,36
8179,8609,15000,2024-05-30,36
8180,1345,5000,2024-11-20,24
8181,2738,25000,2024-06-28,36
8182,2646,10000,2024-06-26,36
8183,805,15000,2024-07-31,12
8184,8022,25000,2024-02-02,36
8185,6022,5000,2024-01-09,36
8186,4919,10000,2024-12-16,12
8187,4406,15000,2024-09-20,24
8188,4799,25000,2024-07-21,12
8189,2576,25000,2024-09-19,12
8190,6784,10000,2024-05-28,36
8191,4793,25000,2024-04-01,36
8192,3714,5000,2024-02-22,24
8193,8797,5000,2024-01-15,24
8194,9843,5000,2024-02-21,24
8195,4417,15000,2024-07-18,12
8196,304,25000,2024-02-06,12
8197,519,5000,2024-12-12,12
8198,4031,5000,2024-03-19,24
8199,9133,15000,2024-11-12,24
8200,6336,25000,2024-05-29,36
8201,6166,5000,2024-02-05,12
8202,80,5000,2024-04-03,36
8203,8295,5000,2024-12-18,24
8204,8921,15000,2024-07-09,36
8205,2451,25000,2024-06-14,12
8206,9148,5000,2024-02-09,24
8207,4915,10000,2024-03-04,12
8208,8932,15000,2024-07-02,24
8209,5710,10000,2024-09-26,12
8210,8786,25000,2024-05-09,36
8211,3550,15000,2024-08-26,24
8212,563,15000,2024-10-01,12
8213,5011,15000,2024-03-18,24
8214,1700,25000,2024-11-22,24
8215,6395,10000,2024-05-04,12
8216,8917,5000,2024-01-09,36
8217,9626,25000,2024-10-15,24
8218,1343,5000,2024-05-06,12
8219,1896,5000,2024-08-03,24
8220,6229,5000,2024-04-25,36
8221,4101,15000,2024-11-12,36
8222,2283,15000,2024-04-15,12
8223,375,10000,2024-07-31,36
8224,2323,25000,2024-02-13,24
8225,9587,5000,2024-03-05,36
8226,9748,25000,2024-03-25,36
8227,9116,25000,2024-02-26,36
8228,9033,25000,2024-08-19,24
8229,9923,15000,2024-10-06,36
8230,4724,5000,2024-04-11,24
8231,2052,5000,2024-06-20,12
8232,1548,25000,2024-04-14,24
8233,2454,10000,2024-01-06,24
8234,9629,15000,2024-02-03,12
8235,2365,25000,2024-01-27,36
8236,7599,25000,2024-01-18,36
8237,6484,5000,2024-01-05,12
8238,7822,10000,2024-04-27,36
8239,4615,25000,2024-04-05,36
8240,6031,10000,2024-07-31,12
8241,924,5000,2024-09-11,36
8242,9643,5000,2024-02-13,12
8243,9738,25000,2024-12-19,36
8244,4787,10000,2024-04-02,36
8245,6759,25000,2024-09-03,36
8246,7468,25000,2024-09-17,36
8247,7222,25000,2024-11-12,12
8248,2259,25000,2024-09-07,24
8249,4543,10000,2024-08-29,24
8250,70,25000,2024-12-13,12
8251,9517,5000,2024-05-13,12
8252,5914,5000,2024-03-15,36
8253,8126,10000,2024-10-21,36
8254,7392,25000,2024-08-27,24
8255,368,25000,2024-05-15,24
8256,1884,15000,2024-08-14,12
8257,5309,25000,2024-03-24,12
8258,6530,10000,2024-09-02,36
8259,8877,10000,2024-08-30,36
8260,5077,15000,2024-03-26,36
8261,9966,5000,2024-04-21,24
8262,6926,10000,2024-03-09,24
8263,6821,25000,2024-12-27,12
8264,3714,25000,2024-10-12,24
8265,3202,5000,2024-05-30,36
8266,1921,15000,2024-06-24,12
8267,8880,10000,2024-07-16,24
8268,153,25000,2024-02-11,36
8269,4654,5000,2024-01-29,12
8270,7518,5000,2024-03-25,24
8271,7177,5000,2024-11-22,12
8272,9263,25000,2024-08-16,12
8273,6474,5000,2024-06-21,24
8274,3791,5000,2024-02-10,36
8275,6897,5000,2024-07-19,24
8276,4099,10000,2024-11-14,36
8277,7577,25000,2024-04-09,12
8278,1060,10000,2024-12-16,36
8279,2859,15000,2024-08-07,36
8280,7602,5000,2024-05-26,12
8281,5951,25000,2024-03-05,24
8282,8149,15000,2024-04-02,12
8283,9634,10000,2024-07-20,36
8284,2267,15000,2024-10-18,24
8285,2249,10000,2024-07-28,24
8286,4490,25000,2024-08-07,12
8287,7707,10000,2024-10-26,12
8288,8793,15000,2024-09-19,36
8289,7987,10000,2024-02-07,24
8290,836,10000,2024-04-14,24
8291,8592,15000,2024-09-07,12
8292,1008,15000,2024-09-10,12
8293,8959,5000,2024-10-04,36
8294,433,15000,2024-08-24,36
8295,8592,10000,2024-07-21,24
8296,5122,25000,2024-02-23,12
8297,329,25000,2024-07-29,36
8298,4731,5000,2024-01-06,24
8299,9964,10000,2024-07-19,36
8300,1613,15000,2024-12-29,24
8301,4246,10000,2024-10-11,36
8302,2005,15000,2024-02-12,12
8303,6704,15000,2024-07-13,24
8304,6770,15000,2024-09-04,12
8305,5625,5000,2024-12-30,12
8306,6720,15000,2024-11-13,24
8307,3011,10000,2024-09-25,36
8308,4246,5000,2024-07-10,36
8309,9801,5000,2024-02-16,24
8310,3119,25000,2024-07-06,24
8311,362,5000,2024-09-27,12
8312,1717,10000,2024-09-17,24
8313,2422,25000,2024-03-09,24
8314,4191,15000,2024-09-14,24
8315,7269,25000,2024-04-23,12
8316,3462,5000,2024-10-20,12
8317,3982,15000,2024-08-29,12
8318,4729,15000,2024-04-03,12
8319,2051,10000,2024-06-30,24
8320,4260,5000,2024-10-21,12
8321,4713,10000,2024-09-09,24
8322,9561,5000,2024-01-20,12
8323,8028,5000,2024-09-06,24
8324,4262,15000,2024-10-11,36
8325,6204,15000,2024-01-17,12
8326,5865,25000,2024-02-20,24
8327,6526,5000,2024-05-15,24
8328,8853,5000,2024-05-28,12
8329,5243,15000,2024-05-30,12
8330,4563,5000,2024-04-24,24
8331,7457,5000,2024-12-12,36
8332,8708,5000,2024-09-18,12
8333,6381,10000,2024-06-28,36
8334,8912,25000,2024-05-15,24
8335,8364,25000,2024-04-08,24
8336,1470,5000,2024-11-20,36
8337,1174,5000,2024-10-15,12
8338,4667,15000,2024-07-08,24
8339,4901,25000,2024-07-09,12
8340,1175,25000,2024-08-03,12
8341,3745,15000,2024-06-08,36
8342,4209,25000,2024-11-06,24
8343,4032,10000,2024-10-15,12
8344,6632,15000,2024-06-14,12
8345,7102,5000,2024-09-14,12
8346,9590,10000,2024-08-23,24
8347,4022,25000,2024-07-27,36
8348,8890,5000,2024-08-16,36
8349,1775,25000,2024-03-06,24
8350,5367,25000,2024-08-09,36
8351,3474,5000,2024-01-15,36
8352,4064,5000,2024-11-12,36
8353,8124,10000,2024-06-07,36
8354,6269,25000,2024-09-01,36
8355,4609,15000,2024-09-07,12
8356,2681,15000,2024-06-14,24
8357,6745,15000,2024-06-05,12
8358,3604,25000,2024-07-24,12
8359,3345,25000,2024-04-30,24
8360,9622,5000,2024-06-19,12
8361,5914,10000,2024-05-01,36
8362,8219,25000,2024-10-05,12
8363,3772,15000,2024-01-25,24
8364,9634,25000,2024-06-04,12
8365,6743,10000,2024-04-08,36
8366,8759,25000,2024-12-15,24
8367,8439,10000,2024-08-06,12
8368,1524,5000,2024-07-18,36
8369,2365,10000,2024-03-23,24
8370,7602,15000,2024-12-30,24
8371,5353,25000,2024-12-29,36
8372,5055,25000,2024-10-02,24
8373,6926,15000,2024-08-09,24
8374,3966,10000,2024-01-29,12
8375,3693,25000,2024-05-15,36
8376,5082,25000,2024-03-02,12
8377,1774,10000,2024-06-14,12
8378,2938,10000,2024-05-10,12
8379,3891,10000,2024-09-15,36
8380,7537,25000,2024-11-06,24
8381,7336,15000,2024-07-24,36
8382,1092,15000,2024-06-11,24
8383,8120,5000,2024-10-26,36
8384,6107,10000,2024-06-20,24
8385,8939,15000,2024-06-17,12
8386,9767,10000,2024-06-03,12
8387,4441,25000,2024-04-01,24
8388,3602,15000,2024-06-04,12
8389,3517,25000,2024-01-05,36
8390,2853,5000,2024-06-19,36
8391,592,15000,2024-07-09,36
8392,693,15000,2024-02-08,24
8393,1164,5000,2024-01-10,24
8394,8601,10000,2024-03-03,36
8395,2383,15000,2024-09-21,24
8396,5401,5000,2024-03-24,36
8397,8597,25000,2024-01-29,12
8398,5843,5000,2024-07-31,12
8399,5976,25000,2024-12-20,12
8400,4743,5000,2024-08-08,36
8401,1484,15000,2024-09-27,24
8402,5159,10000,2024-07-27,36
8403,9057,15000,2024-05-31,36
8404,1585,15000,2024-02-04,36
8405,8409,25000,2024-03-01,12
8406,7414,15000,2024-10-02,12
8407,743,5000,2024-11-09,12
8408,4514,10000,2024-04-09,36
8409,9056,15000,2024-07-21,24
8410,3983,10000,2024-09-03,24
8411,2856,25000,2024-08-09,24
8412,4047,15000,2024-07-06,24
8413,3685,10000,2024-03-26,24
8414,8642,5000,2024-03-28,24
8415,1116,10000,2024-05-21,36
8416,2838,5000,2024-06-12,12
8417,3429,5000,2024-05-20,24
8418,7045,25000,2024-09-13,12
8419,2194,10000,2024-03-31,36
8420,3339,15000,2024-09-25,24
8421,2167,15000,2024-06-11,12
8422,1527,15000,2024-01-18,36
8423,8456,15000,2024-06-10,36
8424,9492,10000,2024-02-21,24
8425,3419,25000,2024-11-21,12
8426,2713,15000,2024-02-27,24
8427,787,15000,2024-10-09,24
8428,4989,5000,2024-05-25,24
8429,236,10000,2024-02-26,24
8430,3335,5000,2024-01-09,36
8431,1075,5000,2024-07-10,36
8432,744,25000,2024-03-19,36
8433,1006,15000,2024-05-30,12
8434,8205,15000,2024-11-10,24
8435,7025,10000,2024-07-13,36
8436,1851,5000,2024-07-19,36
8437,4902,15000,2024-10-04,36
8438,3604,25000,2024-03-24,36
8439,2261,5000,2024-09-19,36
8440,9176,25000,2024-05-24,12
8441,7815,25000,2024-08-20,12
8442,9955,25000,2024-05-30,12
8443,1289,15000,2024-02-06,24
8444,9209,25000,2024-11-19,12
8445,2154,25000,2024-07-19,12
8446,4583,15000,2024-12-27,24
8447,4500,15000,2024-07-10,12
8448,4486,15000,2024-01-18,12
8449,608,10000,2024-06-11,12
8450,4045,5000,2024-10-05,36
8451,7144,5000,2024-12-16,36
8452,2837,10000,2024-07-30,24
8453,8902,10000,2024-05-14,24
8454,767,10000,2024-07-07,24
8455,3599,15000,2024-11-27,24
8456,92,25000,2024-08-30,24
8457,100,15000,2024-07-03,36
8458,8878,25000,2024-07-14,36
8459,7623,5000,2024-09-01,12
8460,1751,25000,2024-01-15,12
8461,3670,10000,2024-06-23,36
8462,394,5000,2024-11-07,36
8463,8786,25000,2024-04-06,12
8464,9078,10000,2024-01-14,12
8465,8140,25000,2024-06-03,24
8466,3053,25000,2024-06-14,12
8467,8697,25000,2024-04-13,36
8468,5237,5000,2024-07-30,24
8469,3751,25000,2024-05-09,24
8470,1778,10000,2024-01-04,24
8471,6934,25000,2024-08-28,24
8472,8326,10000,2024-05-31,36
8473,2926,15000,2024-05-16,36
8474,7348,5000,2024-05-26,12
8475,6821,15000,2024-07-08,12
8476,585,15000,2024-06-17,36
8477,9629,5000,2024-05-07,36
8478,8549,15000,2024-04-01,12
8479,7603,10000,2024-03-17,36
8480,5197,10000,2024-03-18,36
8481,9943,10000,2024-04-23,24
8482,1701,10000,2024-03-14,36
8483,9902,15000,2024-05-04,24
8484,3682,5000,2024-07-30,36
8485,8729,15000,2024-07-11,12
8486,2469,5000,2024-03-16,36
8487,8343,5000,2024-08-14,36
8488,9948,15000,2024-12-05,12
8489,2551,15000,2024-11-27,12
8490,888,10000,2024-05-19,12
8491,4839,5000,2024-06-15,36
8492,2563,5000,2024-07-04,12
8493,9801,25000,2024-11-18,36
8494,7791,5000,2024-11-22,12
8495,6728,10000,2024-08-02,36
8496,5532,5000,2024-03-17,12
8497,9434,25000,2024-03-15,12
8498,208,25000,2024-04-25,24
8499,3833,5000,2024-12-05,36
8500,3362,10000,2024-02-18,12
8501,2900,25000,2024-11-14,36
8502,8152,25000,2024-08-26,12
8503,5751,25000,2024-10-09,36
8504,4035,15000,2024-07-16,36
8505,2280,10000,2024-12-26,36
8506,5762,10000,2024-02-27,24
8507,9181,15000,2024-05-01,36
8508,6748,5000,2024-05-01,12
8509,6476,25000,2024-09-21,24
8510,7805,25000,2024-07-31,36
8511,1650,15000,2024-08-29,12
8512,2409,5000,2024-08-29,36
8513,9317,10000,2024-03-16,24
8514,8721,5000,2024-07-11,12
8515,5597,10000,2024-12-13,12
8516,9464,25000,2024-01-19,12
8517,7543,5000,2024-05-01,24
8518,1420,10000,2024-05-21,12
8519,5696,5000,2024-08-05,36
8520,8127,5000,2024-12-01,36
8521,4174,5000,2024-12-09,12
8522,1736,15000,2024-06-08,24
8523,4386,10000,2024-09-18,12
8524,1149,10000,2024-04-22,12
8525,8024,25000,2024-12-15,12
8526,5588,10000,2024-09-09,36
8527,9716,25000,2024-10-05,36
8528,6696,15000,2024-01-19,24
8529,8903,25000,2024-08-04,24
8530,9153,25000,2024-08-04,24
8531,7859,15000,2024-05-09,36
8532,5,15000,2024-07-20,36
8533,4920,15000,2024-06-29,36
8534,8310,5000,2024-04-17,36
8535,2792,10000,2024-04-14,24
8536,9759,5000,2024-02-12,36
8537,6893,25000,2024-10-15,24
8538,6574,15000,2024-07-29,36
8539,5830,15000,2024-04-28,12
8540,6825,5000,2024-10-16,24
8541,3373,25000,2024-11-29,24
8542,5540,10000,2024-12-21,36
8543,5182,25000,2024-01-20,24
8544,9378,15000,2024-11-13,12
8545,7254,25000,2024-01-02,24
8546,5133,5000,2024-08-03,24
8547,4513,25000,2024-03-28,12
8548,1148,5000,2024-09-09,36
8549,3067,25000,2024-08-10,36
8550,8808,25000,2024-07-26,12
8551,3121,5000,2024-04-27,24
8552,1027,5000,2024-03-08,36
8553,3071,10000,2024-08-13,36
8554,8954,10000,2024-03-19,36
8555,5843,25000,2024-12-04,12
8556,5670,15000,2024-05-26,12
8557,7321,15000,2024-02-04,24
8558,7485,10000,2024-05-27,12
8559,4823,10000,2024-12-24,12
8560,8626,25000,2024-10-23,12
8561,1223,5000,2024-05-01,36
8562,9726,5000,2024-02-01,12
8563,6184,5000,2024-05-20,12
8564,4794,15000,2024-11-05,36
8565,5609,15000,2024-01-16,12
8566,8984,15000,2024-09-22,12
8567,7749,15000,2024-09-05,36
8568,6548,5000,2024-07-02,24
8569,9245,25000,2024-07-12,12
8570,2085,25000,2024-06-14,24
8571,2555,15000,2024-02-22,24
8572,1682,15000,2024-03-22,24
8573,3723,5000,2024-02-03,36
8574,2037,5000,2024-12-06,24
8575,7104,25000,2024-03-25,36
8576,3158,10000,2024-07-25,12
8577,7556,25000,2024-07-20,24
8578,7568,25000,2024-02-28,24
8579,8614,25000,2024-12-20,24
8580,959,5000,2024-01-25,12
8581,5453,15000,2024-01-31,12
8582,8787,5000,2024-03-14,36
8583,2218,15000,2024-01-03,36
8584,9541,10000,2024-12-07,36
8585,2830,10000,2024-04-11,36
8586,228,10000,2024-07-12,36
8587,7494,15000,2024-08-02,36
8588,5,25000,2024-04-30,12
8589,152,15000,2024-12-25,24
8590,3078,10000,2024-11-13,24
8591,6434,25000,2024-06-29,24
8592,3972,10000,2024-12-09,12
8593,1005,15000,2024-02-02,12
8594,7302,25000,2024-08-28,36
8595,8003,15000,2024-03-31,36
8596,3661,15000,2024-05-20,24
8597,3519,15000,2024-02-08,24
8598,9187,25000,2024-01-29,12
8599,6490,10000,2024-04-14,12
8600,9929,10000,2024-01-25,24
8601,9815,25000,2024-10-01,12
8602,2628,5000,2024-04-08,24
8603,4709,25000,2024-01-16,24
8604,6088,5000,2024-03-12,24
8605,6818,15000,2024-07-17,24
8606,6457,10000,2024-03-25,24
8607,1926,15000,2024-08-05,24
8608,5703,5000,2024-07-03,24
8609,8365,25000,2024-06-21,36
8610,9385,15000,2024-09-18,12
8611,9319,25000,2024-10-19,12
8612,228,25000,2024-11-05,24
8613,7301,5000,2024-01-04,12
8614,3644,25000,2024-06-23,36
8615,3729,5000,2024-12-06,12
8616,9427,25000,2024-06-13,36
8617,5229,25000,2024-08-22,36
8618,4617,25000,2024-06-18,24
8619,3716,10000,2024-06-24,12
8620,4522,25000,2024-08-15,12
8621,2122,15000,2024-07-07,36
8622,7264,10000,2024-01-15,24
8623,7297,5000,2024-09-10,24
8624,343,25000,2024-02-28,36
8625,6545,5000,2024-09-03,12
8626,4318,15000,2024-10-24,24
8627,9551,15000,2024-06-07,36
8628,4833,15000,2024-09-18,24
8629,3175,15000,2024-10-01,36
8630,8930,25000,2024-06-14,24
8631,8055,5000,2024-05-01,24
8632,1027,5000,2024-12-25,24
8633,5950,5000,2024-12-11,24
8634,4640,10000,2024-06-29,36
8635,1104,10000,2024-09-10,24
8636,2684,25000,2024-05-05,12
8637,4945,10000,2024-11-26,12
8638,6965,15000,2024-04-19,12
8639,8588,25000,2024-05-21,24
8640,7504,25000,2024-05-01,12
8641,7378,25000,2024-01-10,24
8642,9727,5000,2024-09-11,24
8643,8237,10000,2024-01-17,36
8644,1980,15000,2024-07-21,12
8645,1865,25000,2024-01-15,36
8646,10000,15000,2024-01-03,24
8647,4445,25000,2024-08-29,24
8648,3102,15000,2024-11-07,36
8649,3434,5000,2024-07-05,24
8650,8996,15000,2024-10-08,36
8651,2070,10000,2024-04-12,12
8652,5141,15000,2024-08-22,24
8653,8683,25000,2024-06-26,24
8654,1480,25000,2024-03-27,36
8655,1704,5000,2024-11-12,24
8656,4317,5000,2024-09-09,12
8657,4687,25000,2024-11-06,12
8658,5618,25000,2024-07-10,12
8659,4909,15000,2024-01-03,24
8660,3231,25000,2024-06-06,36
8661,8335,5000,2024-07-04,12
8662,1850,5000,2024-05-20,12
8663,4021,10000,2024-11-20,24
8664,8237,10000,2024-02-20,36
8665,451,25000,2024-11-05,36
8666,1260,15000,2024-06-27,12
8667,9196,25000,2024-06-03,36
8668,4778,5000,2024-09-24,12
8669,7393,5000,2024-04-22,24
8670,7576,5000,2024-04-29,12
8671,7987,25000,2024-03-29,24
8672,1997,25000,2024-04-15,12
8673,4889,10000,2024-07-25,24
8674,7137,5000,2024-01-31,24
8675,1495,10000,2024-09-23,36
8676,9265,5000,2024-06-12,12
8677,1579,10000,2024-04-30,24
8678,1236,25000,2024-05-13,12
8679,9932,15000,2024-05-02,24
8680,9208,15000,2024-10-27,12
8681,6994,5000,2024-03-30,36
8682,1560,25000,2024-03-12,12
8683,9761,5000,2024-12-24,12
8684,7889,10000,2024-02-06,12
8685,9703,25000,2024-04-10,12
8686,4576,10000,2024-04-21,24
8687,3857,10000,2024-01-30,36
8688,9904,5000,2024-02-07,24
8689,4140,10000,2024-07-25,12
8690,7833,5000,2024-06-14,12
8691,3528,10000,2024-01-09,24
8692,6499,5000,2024-10-03,12
8693,5820,10000,2024-06-17,36
8694,3869,10000,2024-11-20,12
8695,4452,10000,2024-10-01,36
8696,7305,5000,2024-09-05,12
8697,8095,25000,2024-04-21,36
8698,5740,15000,2024-03-20,24
8699,9694,15000,2024-01-18,24
8700,815,5000,2024-03-20,12
8701,7585,5000,2024-07-13,12
8702,4066,15000,2024-07-17,24
8703,1324,25000,2024-04-25,36
8704,8197,25000,2024-02-01,24
8705,9451,15000,2024-08-10,12
8706,2035,10000,2024-03-28,24
8707,6591,10000,2024-06-09,24
8708,5967,5000,2024-11-23,12
8709,200,15000,2024-11-05,12
8710,1706,15000,2024-04-12,12
8711,3932,5000,2024-10-24,24
8712,2069,25000,2024-06-11,36
8713,3759,25000,2024-04-11,24
8714,2844,15000,2024-07-07,36
8715,2197,10000,2024-11-11,36
8716,8817,15000,2024-09-06,36
8717,2134,15000,2024-08-13,12
8718,2579,10000,2024-05-03,12
8719,6207,15000,2024-10-31,12
8720,8884,25000,2024-10-05,36
8721,2598,25000,2024-11-19,36
8722,814,10000,2024-10-17,36
8723,6552,25000,2024-10-04,24
8724,1628,10000,2024-06-06,36
8725,4617,10000,2024-01-03,12
8726,3593,15000,2024-11-26,24
8727,2581,10000,2024-01-10,36
8728,6239,25000,2024-03-07,12
8729,3933,25000,2024-06-17,36
8730,8488,5000,2024-02-19,12
8731,7114,25000,2024-05-06,12
8732,3252,15000,2024-07-15,12
8733,1155,10000,2024-01-15,36
8734,533,25000,2024-05-01,12
8735,5128,5000,2024-02-17,36
8736,888,5000,2024-04-23,12
8737,3273,10000,2024-01-06,36
8738,2926,25000,2024-01-04,24
8739,2433,25000,2024-10-05,12
8740,3598,5000,2024-06-21,36
8741,8012,25000,2024-11-16,36
8742,5526,25000,2024-02-25,36
8743,4619,10000,2024-01-15,12
8744,9027,25000,2024-03-31,24
8745,9570,25000,2024-07-23,12
8746,3481,5000,2024-09-03,12
8747,4607,15000,2024-08-26,24
8748,8404,25000,2024-12-25,24
8749,9119,10000,2024-01-09,24
8750,2673,5000,2024-08-16,12
8751,4033,5000,2024-08-04,24
8752,8537,10000,2024-07-03,24
8753,5994,15000,2024-07-13,24
8754,6004,25000,2024-02-08,12
8755,9894,25000,2024-02-09,24
8756,7426,10000,2024-01-16,12
8757,3847,5000,2024-03-21,24
8758,4017,10000,2024-03-31,24
8759,296,15000,2024-05-17,36
8760,7725,5000,2024-06-29,36
8761,7385,15000,2024-03-05,12
8762,4484,15000,2024-04-24,36
8763,1497,5000,2024-02-19,36
8764,1568,15000,2024-10-11,36
8765,6034,5000,2024-05-25,12
8766,5451,15000,2024-06-28,24
8767,1976,15000,2024-12-28,12
8768,4133,5000,2024-06-09,36
8769,7399,15000,2024-12-28,12
8770,4279,15000,2024-09-23,12
8771,7926,25000,2024-04-10,12
8772,4166,15000,2024-05-27,24
8773,8429,10000,2024-05-29,24
8774,464,15000,2024-08-11,36
8775,5238,10000,2024-07-18,24
8776,930,5000,2024-10-17,36
8777,1887,5000,2024-03-20,24
8778,7674,25000,2024-04-17,36
8779,7672,5000,2024-06-10,12
8780,7919,10000,2024-05-27,36
8781,3912,5000,2024-07-23,24
8782,6545,5000,2024-11-07,36
8783,4413,15000,2024-11-02,24
8784,718,10000,2024-12-16,12
8785,6366,10000,2024-03-25,12
8786,658,10000,2024-02-19,24
8787,1213,5000,2024-04-30,36
8788,6436,10000,2024-06-01,12
8789,758,5000,2024-12-15,36
8790,6903,5000,2024-07-17,12
8791,5537,25000,2024-08-13,12
8792,3479,25000,2024-09-16,36
8793,5573,5000,2024-03-03,24
8794,9423,5000,2024-10-04,24
8795,6070,15000,2024-11-08,24
8796,5480,25000,2024-06-30,24
8797,5126,10000,2024-01-04,36
8798,5094,25000,2024-07-11,36
8799,5593,25000,2024-09-11,12
8800,83,25000,2024-10-30,12
8801,7967,10000,2024-05-30,12
8802,3763,5000,2024-01-06,36
8803,1401,25000,2024-08-02,12
8804,659,25000,2024-08-17,36
8805,6246,5000,2024-11-22,36
8806,5151,5000,2024-05-12,36
8807,1338,15000,2024-03-25,12
8808,7141,25000,2024-06-02,24
8809,8886,5000,2024-07-20,36
8810,4328,10000,2024-07-12,12
8811,9337,10000,2024-01-20,12
8812,3257,15000,2024-09-26,24
8813,864,25000,2024-09-02,36
8814,1250,5000,2024-03-11,36
8815,9411,10000,2024-07-20,12
8816,4905,15000,2024-12-16,36
8817,9242,25000,2024-02-27,24
8818,7362,10000,2024-09-13,36
8819,2903,15000,2024-08-08,12
8820,4807,5000,2024-06-07,36
8821,5384,10000,2024-05-15,36
8822,9687,25000,2024-07-26,36
8823,2337,10000,2024-08-25,36
8824,368,5000,2024-12-04,12
8825,412,5000,2024-08-05,12
8826,3094,15000,2024-07-06,36
8827,8035,5000,2024-07-08,12
8828,354,25000,2024-09-30,12
8829,9758,25000,2024-09-10,12
8830,5679,10000,2024-07-12,36
8831,1339,10000,2024-12-14,36
8832,4878,5000,2024-11-17,36
8833,329,5000,2024-06-28,36
8834,9686,5000,2024-11-18,24
8835,8156,5000,2024-03-28,36
8836,7017,10000,2024-09-21,36
8837,1487,25000,2024-12-28,36
8838,7608,15000,2024-10-30,24
8839,3736,10000,2024-11-11,36
8840,738,10000,2024-11-29,24
8841,5368,25000,2024-05-05,24
8842,3889,15000,2024-06-28,36
8843,6893,25000,2024-02-12,36
8844,4844,5000,2024-07-21,24
8845,9987,15000,2024-11-01,12
8846,9495,10000,2024-04-16,24
8847,6292,5000,2024-03-28,24
8848,2669,5000,2024-01-14,36
8849,4239,5000,2024-08-30,36
8850,5072,5000,2024-01-18,12
8851,4167,5000,2024-08-15,24
8852,638,5000,2024-03-17,24
8853,4563,15000,2024-10-16,12
8854,2642,5000,2024-12-04,12
8855,8233,15000,2024-02-10,24
8856,8963,15000,2024-04-28,24
8857,5803,25000,2024-03-15,12
8858,4375,25000,2024-06-25,36
8859,7639,15000,2024-08-05,24
8860,3017,5000,2024-03-09,24
8861,3711,25000,2024-07-31,24
8862,58,5000,2024-10-30,24
8863,9846,5000,2024-01-12,12
8864,3238,25000,2024-04-22,12
8865,6517,25000,2024-09-26,12
8866,82,25000,2024-11-15,12
8867,5990,5000,2024-01-26,12
8868,6508,10000,2024-02-24,36
8869,1509,10000,2024-11-10,36
8870,5166,25000,2024-07-26,36
8871,8454,5000,2024-03-19,36
8872,3707,10000,2024-11-19,12
8873,6236,25000,2024-05-30,12
8874,4115,5000,2024-11-23,36
8875,2318,5000,2024-07-16,12
8876,4673,5000,2024-08-07,12
8877,8861,5000,2024-10-30,24
8878,1271,5000,2024-09-17,24
8879,9927,5000,2024-01-21,36
8880,3815,5000,2024-06-26,12
8881,4020,25000,2024-12-28,24
8882,4716,25000,2024-03-11,12
8883,6647,15000,2024-12-15,24
8884,6840,25000,2024-04-03,36
8885,2232,25000,2024-07-25,12
8886,8633,15000,2024-03-13,12
8887,581,25000,2024-06-03,24
8888,3322,10000,2024-09-14,36
8889,376,10000,2024-08-15,24
8890,6082,25000,2024-12-12,36
8891,5578,25000,2024-06-23,36
8892,3802,25000,2024-10-22,36
8893,6490,25000,2024-08-04,12
8894,10000,15000,2024-02-05,24
8895,729,15000,2024-12-22,12
8896,4276,25000,2024-07-30,12
8897,6781,25000,2024-05-29,12
8898,2424,15000,2024-09-30,36
8899,6327,10000,2024-04-24,36
8900,2377,5000,2024-07-21,36
8901,6634,25000,2024-01-06,36
8902,2248,10000,2024-11-18,36
8903,6623,5000,2024-05-04,36
8904,9952,5000,2024-11-03,12
8905,5575,10000,2024-07-16,36
8906,7161,25000,2024-07-25,24
8907,5994,5000,2024-01-03,36
8908,5560,25000,2024-03-06,12
8909,1913,25000,2024-07-26,24
8910,3809,10000,2024-10-04,12
8911,2678,15000,2024-04-22,12
8912,5579,25000,2024-05-18,24
8913,9887,15000,2024-06-12,36
8914,4532,10000,2024-11-04,12
8915,1738,10000,2024-11-27,12
8916,5698,10000,2024-06-16,24
8917,46,10000,2024-02-04,36
8918,7020,5000,2024-02-12,24
8919,5892,15000,2024-10-27,24
8920,1942,10000,2024-06-17,12
8921,6061,10000,2024-11-15,36
8922,8348,25000,2024-09-27,12
8923,962,15000,2024-10-26,36
8924,945,10000,2024-02-11,24
8925,7775,15000,2024-07-05,36
8926,9471,15000,2024-03-25,12
8927,9578,10000,2024-01-04,36
8928,3920,5000,2024-11-22,36
8929,9929,10000,2024-10-11,12
8930,6059,5000,2024-09-18,12
8931,3839,10000,2024-07-27,12
8932,5560,5000,2024-09-11,24
8933,2651,25000,2024-07-12,12
8934,8432,15000,2024-03-21,24
8935,3255,15000,2024-04-02,36
8936,6403,10000,2024-05-18,36
8937,7628,10000,2024-08-05,12
8938,8692,5000,2024-08-31,24
8939,6220,5000,2024-04-12,24
8940,4393,5000,2024-02-01,24
8941,7720,5000,2024-12-08,12
8942,9622,5000,2024-02-20,12
8943,8719,10000,2024-08-25,24
8944,5852,15000,2024-02-09,36
8945,1809,5000,2024-09-13,36
8946,9403,15000,2024-08-10,12
8947,8176,15000,2024-01-06,12
8948,9241,10000,2024-04-04,24
8949,4395,25000,2024-09-28,24
8950,4669,5000,2024-05-25,24
8951,9347,5000,2024-11-23,36
8952,5881,5000,2024-08-16,24
8953,676,5000,2024-08-18,24
8954,3279,10000,2024-02-18,12
8955,2240,25000,2024-12-28,12
8956,9244,10000,2024-09-07,24
8957,429,5000,2024-10-21,12
8958,2132,5000,2024-02-27,24
8959,8690,15000,2024-07-17,24
8960,3867,15000,2024-06-18,24
8961,851,25000,2024-10-27,12
8962,2892,5000,2024-08-14,24
8963,9251,5000,2024-01-28,12
8964,2145,25000,2024-03-29,36
8965,8036,15000,2024-04-01,36
8966,6551,15000,2024-03-13,12
8967,7104,5000,2024-09-17,36
8968,9974,15000,2024-11-08,36
8969,8681,25000,2024-03-20,36
8970,8596,10000,2024-01-29,24
8971,5343,15000,2024-08-22,36
8972,8595,25000,2024-11-06,24
8973,3658,5000,2024-05-30,12
8974,9994,10000,2024-02-26,12
8975,184,25000,2024-05-25,36
8976,6421,10000,2024-05-12,24
8977,1517,15000,2024-05-26,12
8978,7463,5000,2024-08-16,12
8979,4157,15000,2024-07-14,24
8980,9901,15000,2024-03-24,36
8981,5086,25000,2024-02-19,12
8982,3694,25000,2024-12-07,36
8983,9742,15000,2024-11-27,36
8984,4411,25000,2024-09-20,24
8985,2792,25000,2024-07-31,36
8986,996,10000,2024-04-18,12
8987,2857,15000,2024-02-02,24
8988,8844,15000,2024-04-11,36
8989,7074,25000,2024-06-22,24
8990,9085,15000,2024-08-24,24
8991,6180,15000,2024-05-06,24
8992,2003,25000,2024-08-09,36
8993,9257,5000,2024-07-13,24
8994,8361,25000,2024-07-09,36
8995,171,5000,2024-04-03,24
8996,3690,5000,2024-09-15,36
8997,739,10000,2024-11-03,24
8998,3563,5000,2024-02-13,36
8999,1318,15000,2024-11-11,12
9000,7826,25000,2024-02-27,12
9001,1288,15000,2024-04-04,24
9002,6082,5000,2024-05-21,12
9003,4037,25000,2024-10-01,36
9004,4537,25000,2024-01-05,12
9005,8850,25000,2024-09-03,36
9006,4204,25000,2024-05-02,36
9007,8124,10000,2024-10-08,12
9008,5335,10000,2024-04-23,12
9009,7925,10000,2024-09-03,36
9010,3202,25000,2024-12-29,12
9011,8768,15000,2024-01-18,12
9012,8492,5000,2024-06-21,24
9013,1893,10000,2024-08-15,36
9014,5482,15000,2024-08-10,24
9015,224,10000,2024-07-28,36
9016,6721,10000,2024-08-31,12
9017,7655,5000,2024-01-09,36
9018,3649,25000,2024-12-11,12
9019,2742,15000,2024-05-01,24
9020,7153,10000,2024-10-24,36
9021,5228,25000,2024-12-30,24
9022,5512,15000,2024-11-21,36
9023,6220,10000,2024-12-05,24
9024,2298,25000,2024-11-23,12
9025,4337,5000,2024-04-18,36
9026,7394,10000,2024-11-19,24
9027,9892,25000,2024-12-10,12
9028,3335,5000,2024-01-31,12
9029,2063,25000,2024-05-01,36
9030,8857,10000,2024-10-01,36
9031,8688,5000,2024-03-11,36
9032,1465,10000,2024-06-23,24
9033,3706,25000,2024-10-19,12
9034,6913,25000,2024-12-15,12
9035,436,10000,2024-07-27,36
9036,4397,10000,2024-08-11,12
9037,7097,15000,2024-01-19,12
9038,1698,15000,2024-08-04,36
9039,8130,10000,2024-04-02,12
9040,8095,25000,2024-02-22,12
9041,7123,25000,2024-03-15,36
9042,9239,25000,2024-05-11,24
9043,9282,15000,2024-02-15,36
9044,1419,25000,2024-02-05,12
9045,3049,15000,2024-05-11,36
9046,8762,25000,2024-05-09,36
9047,7161,10000,2024-06-15,12
9048,8221,25000,2024-08-30,12
9049,7644,10000,2024-08-12,24
9050,641,10000,2024-10-26,24
9051,7202,25000,2024-03-31,12
9052,6419,15000,2024-12-11,24
9053,6488,15000,2024-12-29,24
9054,4776,15000,2024-10-23,36
9055,1986,25000,2024-05-01,36
9056,4817,10000,2024-12-24,24
9057,4168,15000,2024-12-18,36
9058,2030,15000,2024-10-20,36
9059,7313,5000,2024-07-11,12
9060,7206,25000,2024-04-23,24
9061,8666,25000,2024-01-11,24
9062,5117,25000,2024-07-05,12
9063,171,5000,2024-03-18,12
9064,3245,10000,2024-03-10,12
9065,2472,10000,2024-10-25,36
9066,7032,15000,2024-04-13,12
9067,5976,5000,2024-12-10,12
9068,1246,5000,2024-08-02,12
9069,7770,10000,2024-04-27,12
9070,8990,15000,2024-01-05,36
9071,6020,25000,2024-06-02,24
9072,5568,25000,2024-07-28,12
9073,322,25000,2024-10-14,12
9074,3935,10000,2024-10-29,24
9075,7320,25000,2024-03-30,24
9076,3896,15000,2024-02-19,12
9077,9261,5000,2024-12-20,12
9078,7164,15000,2024-07-20,24
9079,8516,5000,2024-06-04,12
9080,6556,25000,2024-04-04,36
9081,3333,5000,2024-03-19,12
9082,5339,25000,2024-07-01,12
9083,2668,5000,2024-11-09,36
9084,8837,10000,2024-06-16,24
9085,3845,10000,2024-07-04,24
9086,9904,10000,2024-11-23,24
9087,9033,15000,2024-11-25,12
9088,8495,10000,2024-06-21,24
9089,3262,5000,2024-05-17,36
9090,3761,25000,2024-12-23,36
9091,5080,10000,2024-07-28,12
9092,7003,25000,2024-10-30,24
9093,336,5000,2024-08-07,24
9094,1879,10000,2024-07-08,36
9095,1853,15000,2024-10-10,24
9096,4756,15000,2024-04-23,36
9097,2001,5000,2024-01-20,12
9098,5239,10000,2024-03-28,36
9099,7789,10000,2024-11-21,24
9100,2130,5000,2024-10-23,36
9101,5133,15000,2024-12-17,24
9102,969,10000,2024-09-18,12
9103,2526,10000,2024-01-30,36
9104,2347,10000,2024-02-23,12
9105,750,25000,2024-06-23,12
9106,9492,25000,2024-09-06,36
9107,8496,15000,2024-01-10,36
9108,2916,10000,2024-10-01,36
9109,5957,15000,2024-09-21,12
9110,3345,25000,2024-05-14,36
9111,7580,25000,2024-03-01,24
9112,8228,10000,2024-01-14,24
9113,3550,15000,2024-09-14,24
9114,5622,5000,2024-10-27,24
9115,6726,15000,2024-10-02,12
9116,1434,5000,2024-01-26,12
9117,81,10000,2024-02-08,12
9118,9695,25000,2024-09-02,24
9119,5506,10000,2024-05-30,12
9120,3512,25000,2024-07-26,12
9121,6179,10000,2024-06-01,24
9122,2943,5000,2024-04-25,36
9123,8987,10000,2024-07-19,12
9124,9923,15000,2024-06-29,12
9125,8376,15000,2024-10-07,36
9126,4654,5000,2024-06-22,12
9127,9364,15000,2024-06-03,24
9128,2043,5000,2024-12-21,36
9129,1288,5000,2024-11-14,12
9130,3561,25000,2024-04-24,12
9131,7794,25000,2024-10-29,12
9132,282,10000,2024-05-21,12
9133,4711,25000,2024-10-05,24
9134,7774,5000,2024-01-16,36
9135,8609,25000,2024-05-27,24
9136,317,15000,2024-09-18,24
9137,2964,15000,2024-01-29,12
9138,1092,10000,2024-09-16,12
9139,5079,5000,2024-04-23,12
9140,3886,10000,2024-01-08,36
9141,5600,10000,2024-10-30,24
9142,677,25000,2024-09-11,24
9143,1125,10000,2024-03-24,24
9144,1114,25000,2024-01-16,36
9145,1973,25000,2024-10-29,12
9146,7768,10000,2024-10-13,12
9147,4223,10000,2024-04-05,36
9148,4715,5000,2024-05-01,36
9149,4930,25000,2024-08-13,12
9150,9615,15000,2024-01-29,24
9151,7662,5000,2024-03-16,12
9152,7144,25000,2024-11-19,36
9153,8948,25000,2024-04-28,36
9154,4872,25000,2024-06-19,12
9155,3837,25000,2024-02-03,24
9156,7310,25000,2024-09-18,36
9157,7382,5000,2024-10-31,36
9158,4475,25000,2024-07-06,36
9159,8684,10000,2024-02-20,12
9160,684,15000,2024-01-09,12
9161,1976,5000,2024-05-12,36
9162,304,5000,2024-07-10,12
9163,1953,15000,2024-01-16,24
9164,3570,5000,2024-07-05,12
9165,7910,25000,2024-07-02,36
9166,4005,25000,2024-07-11,24
9167,6066,15000,2024-03-24,12
9168,9453,5000,2024-06-23,36
9169,7398,10000,2024-04-01,36
9170,1031,15000,2024-10-17,24
9171,5827,5000,2024-03-02,12
9172,4352,5000,2024-02-02,12
9173,9387,15000,2024-05-22,12
9174,7720,25000,2024-12-06,12
9175,8426,15000,2024-12-27,24
9176,1719,15000,2024-05-02,36
9177,493,15000,2024-04-24,36
9178,2015,15000,2024-12-22,36
9179,8030,15000,2024-03-20,12
9180,7535,25000,2024-08-29,12
9181,8537,10000,2024-05-15,12
9182,5887,25000,2024-12-30,12
9183,7628,10000,2024-04-04,36
9184,8457,25000,2024-09-20,36
9185,1673,15000,2024-05-20,24
9186,3648,5000,2024-03-28,24
9187,6389,10000,2024-08-24,12
9188,8621,10000,2024-02-28,24
9189,3163,5000,2024-12-02,36
9190,2911,10000,2024-06-23,36
9191,8646,25000,2024-02-29,36
9192,8541,10000,2024-06-17,36
9193,8614,25000,2024-02-21,12
9194,6634,15000,2024-08-15,12
9195,582,10000,2024-09-04,24
9196,2663,10000,2024-11-27,12
9197,5353,10000,2024-02-05,24
9198,4259,25000,2024-11-28,36
9199,6924,15000,2024-04-08,24
9200,6829,5000,2024-03-09,12
9201,9222,5000,2024-05-20,12
9202,1325,5000,2024-07-18,36
9203,101,25000,2024-09-23,12
9204,416,5000,2024-01-08,36
9205,5060,10000,2024-03-02,12
9206,9576,15000,2024-05-19,36
9207,1044,15000,2024-11-28,24
9208,1747,25000,2024-12-26,24
9209,4492,10000,2024-12-07,36
9210,7658,5000,2024-04-19,24
9211,4444,15000,2024-06-20,12
9212,9481,10000,2024-02-27,36
9213,4861,10000,2024-12-09,24
9214,4171,25000,2024-01-08,24
9215,4149,25000,2024-12-28,12
9216,7454,10000,2024-03-04,24
9217,6210,25000,2024-11-03,24
9218,38,10000,2024-11-22,36
9219,8958,25000,2024-10-04,12
9220,4807,15000,2024-07-09,24
9221,4844,25000,2024-08-09,36
9222,116,10000,2024-03-19,24
9223,7765,15000,2024-02-06,36
9224,279,10000,2024-07-06,12
9225,454,10000,2024-05-27,12
9226,3214,25000,2024-04-04,12
9227,4704,15000,2024-04-24,24
9228,4465,10000,2024-06-21,24
9229,301,5000,2024-05-01,36
9230,8909,25000,2024-11-09,12
9231,6043,15000,2024-07-22,12
9232,5067,15000,2024-06-13,36
9233,9568,10000,2024-08-09,36
9234,195,15000,2024-09-15,24
9235,1329,15000,2024-03-17,12
9236,6394,5000,2024-03-15,24
9237,4354,15000,2024-08-09,36
9238,7134,5000,2024-07-19,12
9239,7389,25000,2024-08-09,36
9240,1558,25000,2024-04-02,36
9241,5977,25000,2024-02-07,12
9242,7530,15000,2024-08-21,24
9243,3125,25000,2024-04-30,36
9244,4883,5000,2024-02-18,36
9245,7120,15000,2024-02-03,36
9246,8721,15000,2024-06-02,24
9247,8690,5000,2024-05-09,24
9248,6783,5000,2024-02-25,24
9249,6299,5000,2024-04-09,12
9250,7147,25000,2024-05-14,24
9251,1811,15000,2024-02-05,36
9252,7915,10000,2024-06-16,36
9253,2846,10000,2024-07-24,12
9254,2126,15000,2024-10-08,24
9255,7342,15000,2024-03-24,12
9256,320,5000,2024-03-15,36
9257,8087,25000,2024-03-30,24
9258,3364,5000,2024-04-30,12
9259,3387,5000,2024-04-08,24
9260,3339,10000,2024-11-20,24
9261,8178,25000,2024-09-28,36
9262,8437,15000,2024-03-15,36
9263,6735,15000,2024-12-18,36
9264,7259,10000,2024-05-16,12
9265,870,5000,2024-09-17,12
9266,1460,25000,2024-07-30,12
9267,6785,5000,2024-02-12,24
9268,4110,25000,2024-04-07,24
9269,7043,5000,2024-10-12,36
9270,6430,25000,2024-03-14,24
9271,8863,5000,2024-05-07,24
9272,686,10000,2024-02-01,36
9273,5028,25000,2024-08-03,12
9274,1975,5000,2024-09-29,36
9275,7595,25000,2024-12-29,24
9276,9204,5000,2024-03-07,36
9277,9577,10000,2024-08-18,24
9278,4139,25000,2024-08-22,36
9279,9103,5000,2024-06-02,24
9280,1318,10000,2024-01-12,24
9281,5465,5000,2024-02-06,36
9282,5116,15000,2024-06-18,24
9283,7410,5000,2024-11-08,24
9284,567,15000,2024-01-12,24
9285,7896,10000,2024-06-22,36
9286,9658,5000,2024-08-12,12
9287,9400,25000,2024-06-03,12
9288,7298,25000,2024-11-29,36
9289,2466,25000,2024-01-07,36
9290,4145,25000,2024-08-23,12
9291,4349,5000,2024-02-07,36
9292,3927,5000,2024-10-24,24
9293,7560,15000,2024-08-31,36
9294,4011,5000,2024-05-02,12
9295,2878,10000,2024-06-03,24
9296,1401,25000,2024-10-24,12
9297,6708,5000,2024-09-02,12
9298,9761,10000,2024-12-28,24
9299,741,15000,2024-02-10,12
9300,6331,10000,2024-09-21,12
9301,8892,15000,2024-04-17,12
9302,703,25000,2024-08-13,12
9303,6256,15000,2024-06-22,36
9304,4389,15000,2024-04-14,12
9305,9148,10000,2024-12-14,36
9306,9066,25000,2024-12-03,12
9307,7128,10000,2024-06-30,12
9308,1821,25000,2024-04-02,36
9309,7907,10000,2024-04-28,24
9310,4745,5000,2024-04-30,24
9311,4392,10000,2024-07-05,24
9312,1380,15000,2024-09-25,12
9313,8471,10000,2024-12-07,24
9314,8039,15000,2024-01-16,12
9315,4348,10000,2024-02-01,12
9316,9224,10000,2024-12-11,24
9317,1344,15000,2024-04-04,36
9318,5271,25000,2024-04-15,36
9319,605,10000,2024-06-23,36
9320,6520,5000,2024-11-21,36
9321,7533,5000,2024-10-17,24
9322,6584,15000,2024-11-26,24
9323,592,15000,2024-02-06,24
9324,8039,15000,2024-01-22,24
9325,6164,5000,2024-08-05,36
9326,3955,15000,2024-03-26,12
9327,8204,15000,2024-11-11,24
9328,6780,25000,2024-02-11,24
9329,122,5000,2024-05-20,36
9330,2277,25000,2024-08-02,36
9331,8096,25000,2024-06-08,24
9332,7077,15000,2024-10-05,12
9333,878,25000,2024-06-19,24
9334,786,10000,2024-06-08,36
9335,2077,10000,2024-08-27,36
9336,5672,10000,2024-12-23,36
9337,101,25000,2024-06-04,36
9338,8568,10000,2024-08-19,36
9339,8838,5000,2024-08-09,36
9340,3383,10000,2024-12-02,24
9341,5961,10000,2024-06-18,12
9342,6344,25000,2024-10-11,12
9343,4817,5000,2024-08-30,36
9344,2024,25000,2024-12-23,24
9345,7293,5000,2024-06-10,24
9346,1046,5000,2024-04-23,36
9347,2098,25000,2024-09-24,36
9348,3823,10000,2024-03-31,36
9349,4822,15000,2024-10-22,24
9350,3867,15000,2024-12-22,24
9351,6210,10000,2024-11-03,12
9352,8077,15000,2024-11-13,12
9353,2350,15000,2024-11-20,12
9354,384,5000,2024-11-12,12
9355,2586,25000,2024-12-05,12
9356,703,25000,2024-10-28,36
9357,2097,10000,2024-08-20,24
9358,319,10000,2024-03-12,12
9359,8213,25000,2024-04-16,36
9360,592,15000,2024-02-19,24
9361,4105,10000,2024-12-26,12
9362,1461,5000,2024-01-02,36
9363,1912,25000,2024-03-06,12
9364,3127,15000,2024-12-23,12
9365,6913,5000,2024-06-19,24
9366,6848,25000,2024-08-02,36
9367,7045,25000,2024-05-17,24
9368,5349,15000,2024-12-30,12
9369,1271,10000,2024-06-29,12
9370,7167,5000,2024-12-13,12
9371,282,5000,2024-07-29,24
9372,5213,5000,2024-10-10,12
9373,1830,25000,2024-01-02,36
9374,8745,15000,2024-06-05,12
9375,3740,15000,2024-11-03,24
9376,6277,25000,2024-05-21,12
9377,2965,5000,2024-01-28,36
9378,5617,5000,2024-09-13,36
9379,7764,15000,2024-10-26,24
9380,2808,10000,2024-09-04,12
9381,2920,25000,2024-12-01,24
9382,1571,10000,2024-03-25,36
9383,5757,5000,2024-08-30,24
9384,6708,25000,2024-07-24,12
9385,7950,25000,2024-09-29,12
9386,6877,10000,2024-09-27,36
9387,8253,25000,2024-02-17,36
9388,3576,15000,2024-02-15,36
9389,2829,10000,2024-06-25,36
9390,2575,15000,2024-09-26,36
9391,3383,5000,2024-08-15,12
9392,3765,10000,2024-12-21,12
9393,3425,25000,2024-09-10,12
9394,1099,10000,2024-09-02,24
9395,198,15000,2024-01-22,24
9396,2689,15000,2024-01-22,36
9397,7099,5000,2024-08-11,12
9398,6130,25000,2024-12-12,36
9399,9761,25000,2024-07-17,12
9400,9063,5000,2024-08-18,12
9401,510,15000,2024-11-27,12
9402,2464,25000,2024-12-01,12
9403,7098,25000,2024-08-17,12
9404,1889,15000,2024-07-15,12
9405,2251,5000,2024-08-21,12
9406,4672,15000,2024-10-17,24
9407,5011,25000,2024-09-21,24
9408,985,10000,2024-06-05,36
9409,796,5000,2024-01-27,12
9410,6090,10000,2024-08-11,36
9411,848,15000,2024-07-20,24
9412,1392,5000,2024-03-29,12
9413,7594,5000,2024-11-10,24
9414,5718,5000,2024-06-18,24
9415,2994,15000,2024-10-20,36
9416,7628,5000,2024-12-10,12
9417,4458,5000,2024-12-28,36
9418,4572,25000,2024-06-28,12
9419,9630,5000,2024-10-26,12
9420,8594,25000,2024-01-23,12
9421,878,5000,2024-07-20,24
9422,3155,15000,2024-11-21,24
9423,5710,5000,2024-03-17,36
9424,9099,5000,2024-08-10,36
9425,4442,15000,2024-11-20,36
9426,1096,5000,2024-07-06,24
9427,1807,10000,2024-09-07,24
9428,5997,5000,2024-05-10,12
9429,1677,5000,2024-01-23,12
9430,8400,25000,2024-02-06,36
9431,9558,25000,2024-01-18,12
9432,5502,10000,2024-12-20,12
9433,9602,15000,2024-09-17,24
9434,7277,5000,2024-02-10,24
9435,7182,25000,2024-12-13,24
9436,8438,10000,2024-12-03,36
9437,8069,15000,2024-03-12,24
9438,2603,25000,2024-05-19,36
9439,5168,15000,2024-08-01,12
9440,3482,10000,2024-01-06,12
9441,1478,15000,2024-04-28,12
9442,6286,15000,2024-03-09,12
9443,2498,10000,2024-03-17,24
9444,5851,15000,2024-10-02,12
9445,1481,10000,2024-12-16,24
9446,1788,15000,2024-04-01,12
9447,1813,25000,2024-06-01,12
9448,2924,25000,2024-01-18,24
9449,2562,25000,2024-11-18,36
9450,2947,25000,2024-02-04,24
9451,916,10000,2024-04-11,36
9452,9085,15000,2024-09-27,24
9453,6372,10000,2024-11-02,36
9454,7314,5000,2024-10-03,36
9455,2816,15000,2024-09-15,24
9456,5286,10000,2024-02-04,36
9457,4594,15000,2024-01-08,24
9458,977,15000,2024-09-15,36
9459,750,5000,2024-11-05,12
9460,3556,25000,2024-07-18,12
9461,7581,15000,2024-05-19,12
9462,4800,15000,2024-01-19,24
9463,7456,5000,2024-03-25,36
9464,3016,10000,2024-01-22,12
9465,8461,25000,2024-08-22,24
9466,3029,10000,2024-10-12,24
9467,6449,10000,2024-12-03,36
9468,9204,10000,2024-05-08,24
9469,5240,25000,2024-02-21,24
9470,1249,10000,2024-01-29,36
9471,8955,10000,2024-11-13,12
9472,8915,25000,2024-01-29,36
9473,1406,25000,2024-05-12,12
9474,6155,5000,2024-07-29,12
9475,439,10000,2024-01-22,12
9476,315,5000,2024-06-25,12
9477,2113,15000,2024-04-28,24
9478,4997,5000,2024-05-15,12
9479,592,5000,2024-03-22,24
9480,5534,5000,2024-12-29,36
9481,3671,5000,2024-03-08,12
9482,8049,10000,2024-02-09,12
9483,1910,15000,2024-03-31,12
9484,8028,15000,2024-05-31,12
9485,4464,25000,2024-08-09,12
9486,6775,15000,2024-03-16,36
9487,2424,5000,2024-08-22,12
9488,3271,25000,2024-05-20,36
9489,9446,5000,2024-03-30,36
9490,1454,10000,2024-03-05,36
9491,196,10000,2024-06-03,24
9492,5587,15000,2024-08-02,24
9493,8982,5000,2024-12-27,12
9494,3554,5000,2024-12-23,36
9495,9005,5000,2024-05-18,36
9496,4931,25000,2024-08-18,12
9497,2581,25000,2024-02-11,12
9498,9724,25000,2024-08-23,36
9499,8166,15000,2024-03-26,24
9500,405,15000,2024-12-13,36
9501,8145,5000,2024-06-14,12
9502,2845,5000,2024-07-16,36
9503,2337,15000,2024-12-10,12
9504,7847,25000,2024-03-02,24
9505,90,25000,2024-02-03,36
9506,9598,25000,2024-10-08,12
9507,5063,25000,2024-08-18,36
9508,6729,25000,2024-11-05,24
9509,9810,15000,2024-06-15,36
9510,3595,10000,2024-07-31,12
9511,9718,10000,2024-10-03,12
9512,9888,10000,2024-02-23,36
9513,4042,5000,2024-07-02,36
9514,8945,5000,2024-08-08,12
9515,716,25000,2024-04-07,12
9516,2442,5000,2024-03-03,36
9517,8140,15000,2024-02-11,24
9518,3430,10000,2024-09-05,12
9519,5269,15000,2024-04-19,24
9520,8667,15000,2024-06-02,24
9521,2822,15000,2024-07-15,24
9522,8061,25000,2024-05-27,12
9523,9844,25000,2024-07-28,24
9524,6152,25000,2024-08-30,36
9525,7397,5000,2024-04-16,36
9526,2902,25000,2024-01-05,36
9527,3101,5000,2024-05-23,12
9528,3593,15000,2024-05-16,24
9529,8375,10000,2024-10-07,36
9530,6666,25000,2024-06-14,24
9531,6833,5000,2024-05-15,12
9532,9815,5000,2024-05-07,36
9533,84,25000,2024-03-05,12
9534,86,25000,2024-10-15,24
9535,7465,15000,2024-05-07,24
9536,9935,5000,2024-07-15,12
9537,1311,10000,2024-03-22,24
9538,9133,15000,2024-10-18,24
9539,1037,5000,2024-03-24,24
9540,1401,15000,2024-05-31,24
9541,3481,15000,2024-07-07,12
9542,4821,25000,2024-07-29,12
9543,5750,10000,2024-01-28,24
9544,4714,10000,2024-02-29,24
9545,6159,5000,2024-04-03,12
9546,725,15000,2024-11-30,36
9547,188,25000,2024-04-23,36
9548,6378,5000,2024-11-24,24
9549,4831,5000,2024-05-03,24
9550,6602,5000,2024-02-08,36
9551,2773,10000,2024-09-13,36
9552,4613,15000,2024-01-13,12
9553,2581,15000,2024-08-15,24
9554,3701,25000,2024-07-12,12
9555,2940,10000,2024-02-11,24
9556,1139,10000,2024-07-03,24
9557,7212,5000,2024-02-04,12
9558,8396,25000,2024-02-06,24
9559,7641,5000,2024-03-15,36
9560,3381,25000,2024-09-06,36
9561,1346,25000,2024-05-06,12
9562,8553,10000,2024-01-20,36
9563,1144,10000,2024-08-03,24
9564,214,15000,2024-09-03,12
9565,1849,15000,2024-07-26,36
9566,642,15000,2024-05-30,12
9567,606,10000,2024-11-08,12
9568,366,5000,2024-06-14,24
9569,1229,25000,2024-10-29,24
9570,899,25000,2024-04-17,12
9571,2751,15000,2024-12-14,36
9572,5381,25000,2024-05-07,36
9573,90,25000,2024-06-06,12
9574,989,10000,2024-12-14,12
9575,7058,10000,2024-08-23,36
9576,2441,25000,2024-05-01,24
9577,5564,5000,2024-10-25,12
9578,293,15000,2024-08-20,24
9579,9682,25000,2024-03-22,24
9580,4727,25000,2024-03-04,24
9581,4266,15000,2024-01-06,12
9582,5430,10000,2024-12-17,36
9583,9642,15000,2024-10-13,24
9584,4986,5000,2024-07-22,24
9585,9283,25000,2024-03-27,36
9586,6200,25000,2024-06-05,36
9587,2616,25000,2024-04-06,24
9588,8343,15000,2024-12-24,24
9589,5435,5000,2024-08-07,12
9590,984,25000,2024-07-28,12
9591,1820,10000,2024-04-17,36
9592,977,5000,2024-08-01,24
9593,6150,5000,2024-05-27,36
9594,8381,5000,2024-07-26,36
9595,6461,5000,2024-02-27,12
9596,2779,10000,2024-08-31,36
9597,2572,5000,2024-02-26,12
9598,9379,10000,2024-03-11,12
9599,3902,15000,2024-09-16,36
9600,3440,15000,2024-02-11,12
9601,7234,15000,2024-12-23,24
9602,9540,15000,2024-02-03,24
9603,5485,10000,2024-09-30,12
9604,7538,25000,2024-12-18,24
9605,3408,10000,2024-07-11,36
9606,8859,15000,2024-05-21,12
9607,773,25000,2024-09-23,24
9608,9357,25000,2024-04-30,12
9609,4954,25000,2024-09-10,36
9610,4595,25000,2024-09-09,12
9611,8841,5000,2024-09-20,24
9612,4947,15000,2024-11-11,36
9613,9252,15000,2024-10-24,36
9614,988,15000,2024-05-23,36
9615,2191,10000,2024-09-07,36
9616,4624,15000,2024-06-15,36
9617,1786,15000,2024-04-10,36
9618,9720,15000,2024-12-16,36
9619,6150,10000,2024-02-11,24
9620,6817,15000,2024-04-05,12
9621,1902,15000,2024-10-12,12
9622,2404,5000,2024-06-26,12
9623,2986,15000,2024-08-29,36
9624,1851,25000,2024-08-14,12
9625,9200,10000,2024-10-27,12
9626,5156,25000,2024-10-13,12
9627,8738,5000,2024-02-15,36
9628,6018,15000,2024-02-15,36
9629,8717,10000,2024-08-12,12
9630,9930,5000,2024-01-05,24
9631,1081,10000,2024-09-22,24
9632,2022,25000,2024-04-19,12
9633,7175,5000,2024-08-30,12
9634,5563,10000,2024-05-30,24
9635,9531,25000,2024-01-07,12
9636,9523,5000,2024-11-09,12
9637,771,15000,2024-10-29,36
9638,8181,15000,2024-12-13,36
9639,5787,25000,2024-10-03,24
9640,9934,15000,2024-06-07,12
9641,7360,15000,2024-06-03,36
9642,6946,5000,2024-03-12,12
9643,7447,5000,2024-05-16,36
9644,9551,5000,2024-05-18,24
9645,6781,5000,2024-05-29,12
9646,1597,5000,2024-12-25,24
9647,8748,5000,2024-12-11,36
9648,5447,15000,2024-02-19,36
9649,4355,5000,2024-04-10,36
9650,835,10000,2024-06-16,36
9651,9840,10000,2024-03-06,12
9652,9059,25000,2024-08-29,36
9653,904,10000,2024-05-26,12
9654,143,5000,2024-08-29,24
9655,6021,15000,2024-04-25,36
9656,7887,10000,2024-09-28,12
9657,3724,5000,2024-05-11,12
9658,2787,5000,2024-10-31,12
9659,3391,15000,2024-02-07,36
9660,6946,5000,2024-05-14,12
9661,2760,5000,2024-07-01,24
9662,7820,10000,2024-01-14,24
9663,9914,10000,2024-07-22,24
9664,3154,25000,2024-03-25,24
9665,2832,25000,2024-08-31,24
9666,6513,10000,2024-10-16,12
9667,9897,10000,2024-05-28,36
9668,8650,25000,2024-05-06,24
9669,9469,25000,2024-11-14,36
9670,7532,10000,2024-10-24,36
9671,5313,5000,2024-03-11,12
9672,7446,5000,2024-03-25,36
9673,7203,15000,2024-05-17,24
9674,1609,10000,2024-10-03,36
9675,3895,10000,2024-04-22,12
9676,6789,10000,2024-03-03,36
9677,1097,10000,2024-03-29,36
9678,627,10000,2024-03-17,36
9679,1291,25000,2024-04-28,24
9680,4718,25000,2024-11-01,24
9681,3412,5000,2024-10-09,36
9682,2145,5000,2024-08-16,36
9683,900,10000,2024-05-15,12
9684,698,25000,2024-05-02,36
9685,6081,5000,2024-07-17,12
9686,4056,10000,2024-01-30,12
9687,7232,15000,2024-01-18,36
9688,3441,10000,2024-01-23,24
9689,3417,15000,2024-02-07,12
9690,2490,15000,2024-08-24,24
9691,6595,10000,2024-09-04,24
9692,6378,10000,2024-12-26,24
9693,6120,10000,2024-01-30,12
9694,793,10000,2024-04-28,12
9695,7749,5000,2024-10-12,36
9696,923,5000,2024-03-14,12
9697,1482,15000,2024-03-11,36
9698,6988,10000,2024-09-29,12
9699,7506,5000,2024-11-20,24
9700,8934,5000,2024-12-27,12
9701,2034,25000,2024-07-31,24
9702,1446,25000,2024-11-30,12
9703,8567,5000,2024-05-20,24
9704,2910,15000,2024-08-25,36
9705,5769,5000,2024-01-07,24
9706,8816,10000,2024-08-03,24
9707,6443,5000,2024-03-08,12
9708,9241,25000,2024-11-11,36
9709,606,25000,2024-04-14,12
9710,2114,10000,2024-02-04,24
9711,2577,5000,2024-01-29,24
9712,5741,10000,2024-12-21,24
9713,5511,15000,2024-04-28,24
9714,278,25000,2024-02-03,12
9715,2058,5000,2024-09-16,12
9716,1165,5000,2024-11-17,12
9717,3172,15000,2024-12-15,36
9718,5307,15000,2024-11-08,24
9719,6537,25000,2024-12-14,36
9720,261,15000,2024-05-11,24
9721,5186,25000,2024-12-06,12
9722,3566,25000,2024-07-19,24
9723,3819,10000,2024-04-22,24
9724,4563,10000,2024-04-06,36
9725,6208,25000,2024-11-06,12
9726,2795,5000,2024-01-06,24
9727,9396,10000,2024-01-29,12
9728,6989,5000,2024-12-01,36
9729,2013,15000,2024-12-21,24
9730,6243,5000,2024-06-13,24
9731,8496,15000,2024-02-06,24
9732,1097,25000,2024-03-03,24
9733,1167,25000,2024-08-26,12
9734,4310,25000,2024-09-06,36
9735,7885,15000,2024-07-03,36
9736,2353,5000,2024-09-03,24
9737,5534,10000,2024-02-09,36
9738,8085,10000,2024-03-04,36
9739,5849,5000,2024-08-10,12
9740,8537,10000,2024-05-01,12
9741,744,15000,2024-05-10,12
9742,9814,15000,2024-10-25,12
9743,2542,10000,2024-05-04,24
9744,5801,10000,2024-01-25,12
9745,1149,15000,2024-11-06,24
9746,8849,5000,2024-12-27,36
9747,4713,10000,2024-02-05,36
9748,776,10000,2024-04-17,12
9749,9862,25000,2024-07-04,24
9750,6208,25000,2024-04-12,24
9751,9852,5000,2024-01-19,24
9752,7179,15000,2024-07-05,36
9753,8799,5000,2024-08-21,12
9754,430,5000,2024-04-03,36
9755,9197,5000,2024-08-18,24
9756,1613,10000,2024-12-20,36
9757,9813,15000,2024-05-07,12
9758,4312,15000,2024-11-10,12
9759,4466,10000,2024-10-30,12
9760,9164,5000,2024-09-15,24
9761,2289,25000,2024-12-13,36
9762,9751,10000,2024-08-29,24
9763,2369,5000,2024-04-24,12
9764,2093,5000,2024-05-31,24
9765,7754,5000,2024-04-25,12
9766,8112,5000,2024-09-18,36
9767,284,25000,2024-09-05,12
9768,8864,25000,2024-07-08,36
9769,2135,10000,2024-08-08,36
9770,7175,5000,2024-09-12,12
9771,1483,10000,2024-10-18,36
9772,6327,5000,2024-10-11,36
9773,2347,25000,2024-05-20,12
9774,6542,10000,2024-05-22,12
9775,14,15000,2024-10-15,12
9776,6244,10000,2024-09-07,24
9777,756,15000,2024-12-10,12
9778,8361,10000,2024-05-23,12
9779,2280,25000,2024-03-25,36
9780,1135,15000,2024-06-28,36
9781,2662,25000,2024-04-10,36
9782,4825,10000,2024-08-24,24
9783,240,25000,2024-12-02,24
9784,2288,5000,2024-07-23,12
9785,4366,15000,2024-10-16,36
9786,2588,5000,2024-05-06,36
9787,1310,15000,2024-12-26,36
9788,6479,25000,2024-10-04,24
9789,443,25000,2024-11-02,12
9790,8917,5000,2024-09-16,24
9791,908,5000,2024-09-09,36
9792,1527,10000,2024-06-25,24
9793,9336,5000,2024-08-26,12
9794,8267,15000,2024-06-15,12
9795,2471,15000,2024-08-02,36
9796,70,15000,2024-07-23,24
9797,4841,10000,2024-07-18,36
9798,6415,10000,2024-01-01,36
9799,8324,15000,2024-06-17,12
9800,9314,5000,2024-09-29,36
9801,7596,25000,2024-09-20,36
9802,9383,10000,2024-03-07,12
9803,1129,5000,2024-12-14,24
9804,598,10000,2024-04-27,24
9805,9765,10000,2024-03-26,24
9806,5562,25000,2024-08-22,12
9807,8864,10000,2024-11-17,36
9808,4731,10000,2024-09-14,24
9809,5020,25000,2024-01-17,12
9810,6106,15000,2024-03-13,24
9811,3716,10000,2024-06-09,24
9812,3338,10000,2024-08-08,24
9813,2900,15000,2024-06-30,36
9814,6564,15000,2024-12-29,12
9815,2309,15000,2024-09-05,24
9816,2464,15000,2024-04-16,24
9817,5475,5000,2024-04-10,12
9818,3991,15000,2024-10-27,12
9819,2749,15000,2024-09-13,12
9820,5505,15000,2024-12-01,12
9821,7074,5000,2024-11-02,12
9822,9904,25000,2024-10-04,36
9823,8364,15000,2024-06-10,12
9824,5944,5000,2024-11-28,24
9825,3402,10000,2024-02-18,36
9826,4102,25000,2024-10-31,24
9827,7756,5000,2024-06-18,36
9828,1228,15000,2024-04-01,12
9829,2417,25000,2024-09-25,36
9830,722,5000,2024-08-17,24
9831,931,5000,2024-12-15,36
9832,9271,5000,2024-09-06,36
9833,5289,5000,2024-08-15,12
9834,2476,5000,2024-07-14,24
9835,9728,5000,2024-05-21,36
9836,8605,5000,2024-07-02,24
9837,839,5000,2024-08-02,36
9838,3688,10000,2024-03-09,24
9839,1027,10000,2024-02-15,24
9840,2836,15000,2024-01-15,24
9841,6473,15000,2024-12-08,12
9842,6377,15000,2024-05-15,12
9843,5796,15000,2024-05-01,24
9844,8252,15000,2024-07-02,24
9845,590,15000,2024-09-23,12
9846,3169,10000,2024-07-17,36
9847,2035,10000,2024-06-21,24
9848,5186,10000,2024-04-19,24
9849,5151,5000,2024-04-14,12
9850,5078,5000,2024-10-13,36
9851,777,15000,2024-06-23,24
9852,8340,25000,2024-12-25,24
9853,8239,10000,2024-11-17,24
9854,9460,25000,2024-12-29,24
9855,1502,15000,2024-03-01,12
9856,9811,10000,2024-09-20,36
9857,6500,25000,2024-11-16,36
9858,1665,10000,2024-09-29,24
9859,6597,25000,2024-06-06,36
9860,6666,15000,2024-08-10,36
9861,6321,15000,2024-04-24,36
9862,2023,5000,2024-09-10,24
9863,8402,25000,2024-11-03,36
9864,7210,10000,2024-03-03,36
9865,7292,25000,2024-03-01,24
9866,9380,5000,2024-09-12,12
9867,8031,5000,2024-03-17,12
9868,3054,5000,2024-03-30,12
9869,35,5000,2024-10-14,12
9870,2044,10000,2024-12-30,36
9871,9469,10000,2024-10-17,24
9872,4855,5000,2024-09-28,12
9873,2955,10000,2024-05-16,24
9874,8456,5000,2024-10-01,12
9875,9321,15000,2024-02-09,36
9876,3292,5000,2024-06-22,24
9877,8599,15000,2024-04-18,12
9878,9422,5000,2024-05-10,36
9879,6780,5000,2024-06-02,36
9880,2112,10000,2024-12-22,36
9881,3017,15000,2024-03-12,12
9882,6958,10000,2024-11-21,24
9883,9064,5000,2024-01-05,12
9884,4134,15000,2024-07-31,36
9885,4856,5000,2024-10-09,36
9886,4761,15000,2024-06-20,12
9887,4866,25000,2024-10-20,24
9888,473,15000,2024-08-01,12
9889,7704,25000,2024-03-29,24
9890,4675,5000,2024-03-11,24
9891,3833,5000,2024-11-29,12
9892,4331,10000,2024-06-17,24
9893,2142,25000,2024-11-09,24
9894,2909,10000,2024-07-16,36
9895,6333,25000,2024-04-05,36
9896,4112,5000,2024-11-14,36
9897,1399,10000,2024-01-19,36
9898,8556,25000,2024-06-03,24
9899,8936,10000,2024-04-03,24
9900,3470,5000,2024-02-22,36
9901,2458,25000,2024-12-18,12
9902,6318,15000,2024-01-11,36
9903,3685,25000,2024-04-14,12
9904,2234,5000,2024-01-10,12
9905,470,25000,2024-08-08,36
9906,5500,10000,2024-12-07,12
9907,8504,5000,2024-01-20,12
9908,8030,5000,2024-05-26,36
9909,6673,15000,2024-12-09,24
9910,4324,15000,2024-09-11,12
9911,989,10000,2024-05-09,36
9912,1432,10000,2024-09-03,24
9913,6697,25000,2024-05-25,24
9914,214,10000,2024-03-22,24
9915,5026,10000,2024-01-02,24
9916,7484,10000,2024-10-29,24
9917,9505,25000,2024-09-04,12
9918,3221,5000,2024-02-16,24
9919,4628,5000,2024-03-19,12
9920,3441,25000,2024-05-03,36
9921,5733,10000,2024-12-10,36
9922,2405,15000,2024-03-22,36
9923,8892,25000,2024-10-03,24
9924,7598,15000,2024-02-01,36
9925,5153,10000,2024-10-01,12
9926,9759,5000,2024-05-25,12
9927,7958,15000,2024-10-06,24
9928,7018,15000,2024-04-15,24
9929,9502,15000,2024-06-06,36
9930,4613,15000,2024-04-02,24
9931,681,5000,2024-09-02,24
9932,9901,5000,2024-12-06,36
9933,4823,15000,2024-05-28,24
9934,3901,25000,2024-10-30,12
9935,4365,5000,2024-05-08,24
9936,1788,5000,2024-01-22,36
9937,718,10000,2024-02-25,12
9938,8913,10000,2024-02-07,36
9939,3858,25000,2024-01-19,36
9940,8063,25000,2024-07-12,24
9941,2188,10000,2024-04-02,36
9942,3753,10000,2024-08-02,12
9943,781,15000,2024-06-23,12
9944,630,10000,2024-11-09,12
9945,5730,25000,2024-09-12,12
9946,4531,25000,2024-09-10,24
9947,5665,10000,2024-02-14,36
9948,7622,25000,2024-08-02,24
9949,3922,5000,2024-08-07,12
9950,7235,25000,2024-01-28,24
9951,3313,15000,2024-11-11,36
9952,2431,5000,2024-09-17,36
9953,6578,5000,2024-07-26,24
9954,9822,5000,2024-10-07,36
9955,1474,10000,2024-05-08,12
9956,8672,15000,2024-06-16,24
9957,2070,10000,2024-08-18,36
9958,561,15000,2024-12-16,12
9959,2696,25000,2024-06-15,24
9960,7911,25000,2024-04-04,36
9961,7461,25000,2024-03-16,36
9962,2004,5000,2024-09-03,12
9963,3993,25000,2024-06-19,36
9964,1462,15000,2024-10-30,24
9965,895,5000,2024-08-07,12
9966,9199,10000,2024-10-20,24
9967,5279,5000,2024-12-11,12
9968,518,10000,2024-10-06,36
9969,6826,10000,2024-09-10,12
9970,8055,10000,2024-05-12,12
9971,5300,5000,2024-08-23,24
9972,7380,25000,2024-06-13,36
9973,1001,10000,2024-09-27,24
9974,3748,15000,2024-07-12,24
9975,8832,15000,2024-10-02,36
9976,730,15000,2024-06-06,12
9977,8625,15000,2024-02-13,24
9978,6788,10000,2024-07-05,12
9979,3938,15000,2024-05-11,36
9980,2811,5000,2024-06-07,12
9981,2938,15000,2024-09-03,36
9982,4197,15000,2024-10-23,36
9983,6464,25000,2024-03-16,12
9984,1122,5000,2024-01-08,36
9985,2327,5000,2024-03-18,24
9986,3417,25000,2024-04-16,24
9987,5981,15000,2024-02-09,12
9988,9807,10000,2024-04-14,24
9989,7523,5000,2024-06-01,36
9990,1063,10000,2024-11-13,24
9991,7471,10000,2024-02-27,24
9992,5468,15000,2024-11-22,12
9993,4551,10000,2024-03-27,36
9994,5444,10000,2024-06-22,24
9995,8711,10000,2024-12-24,36
9996,3425,25000,2024-06-02,12
9997,5935,25000,2024-10-24,24
9998,5423,15000,2024-01-07,36
9999,210,5000,2024-02-25,24
10000,9059,15000,2024-03-08,12
10001,3941,5000,2024-10-26,12
10002,7301,10000,2024-11-03,36
10003,176,5000,2024-05-25,24
10004,7255,5000,2024-10-04,24
10005,4857,5000,2024-09-16,36
10006,3530,5000,2024-06-05,12
10007,8409,25000,2024-08-03,12
10008,5526,10000,2024-06-16,24
10009,2911,5000,2024-11-11,36
10010,604,5000,2024-06-17,24
10011,9935,10000,2024-03-13,12
10012,820,5000,2024-09-27,12
10013,7598,15000,2024-03-17,12
10014,1062,5000,2024-02-26,24
10015,3013,15000,2024-12-15,36
10016,2956,15000,2024-04-08,24
10017,185,15000,2024-06-11,36
10018,3449,25000,2024-12-11,24
10019,6419,25000,2024-10-01,36
10020,8794,10000,2024-10-03,36
10021,1310,15000,2024-12-09,12
10022,1372,25000,2024-01-26,12
10023,1013,15000,2024-02-25,24
10024,7,25000,2024-01-31,36
10025,8380,10000,2024-01-30,12
10026,4046,10000,2024-01-24,24
10027,1624,25000,2024-04-05,12
10028,9332,25000,2024-06-06,36
10029,8255,15000,2024-04-30,12
10030,8633,10000,2024-06-02,24
10031,1368,5000,2024-12-23,24
10032,587,15000,2024-03-22,24
10033,379,25000,2024-12-26,24
10034,9448,15000,2024-11-05,12
10035,2488,5000,2024-11-27,24
10036,3947,10000,2024-10-03,24
10037,737,5000,2024-05-05,12
10038,3348,25000,2024-10-10,12
10039,9066,25000,2024-05-03,36
10040,3239,25000,2024-03-21,24
10041,8150,25000,2024-11-30,12
10042,8291,25000,2024-10-05,24
10043,8606,5000,2024-06-29,12
10044,314,10000,2024-11-04,12
10045,6273,10000,2024-06-10,24
10046,9978,15000,2024-11-19,36
10047,7620,15000,2024-12-26,24
10048,1433,15000,2024-01-12,36
10049,9787,25000,2024-05-09,36
10050,338,10000,2024-10-07,24
10051,4342,25000,2024-12-09,36
10052,7817,15000,2024-12-16,24
10053,558,25000,2024-05-04,12
10054,4300,5000,2024-06-20,36
10055,7049,15000,2024-05-13,24
10056,1217,10000,2024-12-16,36
10057,3431,10000,2024-02-08,24
10058,5674,15000,2024-06-26,24
10059,8928,10000,2024-10-06,36
10060,2266,10000,2024-01-05,12
10061,4669,15000,2024-02-23,12
10062,8374,15000,2024-11-05,36
10063,5691,25000,2024-09-22,24
10064,5070,25000,2024-03-22,12
10065,208,5000,2024-08-08,24
10066,1194,10000,2024-11-26,36
10067,4235,15000,2024-08-28,24
10068,1190,5000,2024-04-03,12
10069,4665,10000,2024-12-28,12
10070,1659,10000,2024-03-09,36
10071,7564,5000,2024-01-06,36
10072,426,10000,2024-07-24,36
10073,9622,15000,2024-01-16,24
10074,5030,5000,2024-02-29,12
10075,5065,5000,2024-05-21,36
10076,4858,25000,2024-10-15,12
10077,569,15000,2024-12-22,12
10078,231,25000,2024-07-24,12
10079,995,5000,2024-02-09,12
10080,9849,15000,2024-01-09,36
10081,4040,15000,2024-03-31,36
10082,5920,25000,2024-07-13,24
10083,8982,10000,2024-07-20,36
10084,2626,10000,2024-02-17,12
10085,9229,10000,2024-09-22,24
10086,4439,25000,2024-09-01,24
10087,1613,10000,2024-09-18,36
10088,8531,25000,2024-11-13,36
10089,7203,25000,2024-01-31,12
10090,6042,10000,2024-09-18,36
10091,586,25000,2024-12-16,24
10092,5606,25000,2024-02-03,12
10093,422,15000,2024-09-01,12
10094,9506,5000,2024-12-14,24
10095,1314,25000,2024-11-18,24
10096,3843,5000,2024-09-24,24
10097,7460,10000,2024-10-20,24
10098,7940,15000,2024-07-29,36
10099,6522,15000,2024-05-14,24
10100,1178,25000,2024-03-04,36
10101,9931,15000,2024-09-03,24
10102,1667,5000,2024-11-28,24
10103,4529,25000,2024-10-03,24
10104,6958,15000,2024-03-18,36
10105,8707,10000,2024-06-12,24
10106,3330,25000,2024-03-17,36
10107,5462,15000,2024-06-25,12
10108,4598,25000,2024-04-06,12
10109,9181,10000,2024-05-18,24
10110,9610,25000,2024-08-30,24
10111,4975,5000,2024-12-24,24
10112,5173,5000,2024-12-10,24
10113,6572,15000,2024-12-24,12
10114,2015,5000,2024-09-07,36
10115,6819,5000,2024-10-06,24
10116,8643,25000,2024-10-04,12
10117,8726,25000,2024-06-19,36
10118,6676,15000,2024-06-27,24
10119,4819,5000,2024-06-25,12
10120,1544,10000,2024-10-04,24
10121,9011,15000,2024-11-30,24
10122,1690,10000,2024-01-18,12
10123,5683,5000,2024-10-26,24
10124,2294,15000,2024-04-18,24
10125,9665,10000,2024-02-01,12
10126,8438,15000,2024-02-25,24
10127,9007,25000,2024-08-15,36
10128,3115,25000,2024-03-14,24
10129,8585,10000,2024-01-09,12
10130,4259,25000,2024-03-29,24
10131,4608,25000,2024-05-11,24
10132,9363,10000,2024-10-20,24
10133,2194,15000,2024-08-25,36
10134,7579,10000,2024-12-21,24
10135,7412,25000,2024-09-06,12
10136,6951,15000,2024-02-11,12
10137,2617,25000,2024-08-18,12
10138,9335,5000,2024-06-18,12
10139,4570,10000,2024-11-11,24
10140,4824,10000,2024-03-30,36
10141,588,10000,2024-07-09,12
10142,1190,10000,2024-10-03,24
10143,8253,5000,2024-05-06,36
10144,9495,15000,2024-05-12,36
10145,6916,15000,2024-10-12,12
10146,37,15000,2024-03-03,24
10147,9350,5000,2024-08-27,24
10148,7919,5000,2024-02-07,24
10149,4831,15000,2024-06-12,24
10150,7316,15000,2024-02-07,12
10151,2960,5000,2024-10-05,36
10152,9613,25000,2024-05-30,36
10153,8699,5000,2024-02-27,12
10154,9807,10000,2024-06-24,36
10155,9460,15000,2024-08-30,36
10156,973,25000,2024-12-28,12
10157,8642,15000,2024-06-22,12
10158,212,25000,2024-12-08,36
10159,2332,15000,2024-05-22,12
10160,3602,15000,2024-09-13,24
10161,6421,15000,2024-04-09,24
10162,9257,10000,2024-12-13,36
10163,1447,5000,2024-07-20,12
10164,3017,25000,2024-02-02,24
10165,1533,10000,2024-05-31,12
10166,2954,10000,2024-03-10,36
10167,1834,15000,2024-05-21,36
10168,6597,25000,2024-09-02,12
10169,7483,25000,2024-04-05,12
10170,5750,25000,2024-12-04,12
10171,2408,25000,2024-03-24,24
10172,3306,25000,2024-05-04,36
10173,5163,10000,2024-12-05,36
10174,8066,25000,2024-06-14,24
10175,1357,10000,2024-05-18,24
10176,7660,25000,2024-06-08,24
10177,2254,15000,2024-10-12,36
10178,9128,10000,2024-03-26,12
10179,1123,10000,2024-05-18,12
10180,6518,25000,2024-04-14,36
10181,7559,25000,2024-03-18,36
10182,1510,5000,2024-08-06,12
10183,8903,15000,2024-07-10,24
10184,994,15000,2024-07-06,24
10185,55,10000,2024-07-14,36
10186,9833,15000,2024-12-15,36
10187,6730,5000,2024-03-14,36
10188,3176,25000,2024-09-17,36
10189,1757,25000,2024-10-29,12
10190,6160,25000,2024-10-18,12
10191,5529,10000,2024-05-22,36
10192,6173,5000,2024-10-21,12
10193,8968,10000,2024-02-07,24
10194,6100,10000,2024-02-05,24
10195,8548,15000,2024-04-24,36
10196,564,15000,2024-01-02,24
10197,2395,10000,2024-01-15,36
10198,2893,5000,2024-03-24,12
10199,1527,10000,2024-11-06,36
10200,4121,10000,2024-09-10,24
10201,4188,10000,2024-08-13,36
10202,6009,25000,2024-11-28,12
10203,9754,25000,2024-07-06,12
10204,3020,5000,2024-01-25,36
10205,4698,15000,2024-09-26,24
10206,5807,15000,2024-08-27,36
10207,2945,5000,2024-09-02,36
10208,6540,15000,2024-06-25,24
10209,3992,10000,2024-06-11,36
10210,8734,25000,2024-08-01,12
10211,7670,25000,2024-09-17,12
10212,1154,15000,2024-08-23,24
10213,9939,15000,2024-12-22,12
10214,1173,5000,2024-05-24,12
10215,9492,5000,2024-03-09,24
10216,3733,10000,2024-09-07,36
10217,7720,10000,2024-02-23,36
10218,3268,15000,2024-06-23,24
10219,4505,5000,2024-08-10,24
10220,5756,25000,2024-06-25,36
10221,71,5000,2024-11-25,12
10222,1223,10000,2024-03-02,36
10223,4641,15000,2024-12-14,12
10224,4915,15000,2024-01-16,12
10225,602,5000,2024-07-27,24
10226,1489,5000,2024-05-14,12
10227,4981,5000,2024-02-12,24
10228,1812,5000,2024-06-20,12
10229,5831,10000,2024-11-22,36
10230,5688,10000,2024-03-20,12
10231,9965,5000,2024-07-06,36
10232,1,15000,2024-05-06,24
10233,4645,25000,2024-11-02,24
10234,5906,25000,2024-01-07,12
10235,5362,10000,2024-01-22,36
10236,2182,5000,2024-01-24,12
10237,4965,5000,2024-12-25,24
10238,5192,25000,2024-10-24,36
10239,4617,15000,2024-09-07,24
10240,9101,25000,2024-05-29,24
10241,1923,15000,2024-06-11,12
10242,1987,25000,2024-04-25,12
10243,7815,5000,2024-07-01,12
10244,4043,10000,2024-09-02,12
10245,6940,10000,2024-05-10,24
10246,501,15000,2024-12-27,24
10247,9524,10000,2024-10-01,36
10248,9819,10000,2024-11-23,12
10249,1228,10000,2024-05-04,36
10250,2056,25000,2024-08-02,12
10251,2156,5000,2024-10-15,36
10252,2571,25000,2024-09-27,36
10253,9589,5000,2024-03-09,12
10254,4482,10000,2024-12-11,12
10255,7477,25000,2024-09-12,24
10256,2970,5000,2024-10-13,24
10257,7886,25000,2024-09-18,12
10258,5111,15000,2024-05-26,12
10259,5724,25000,2024-01-15,12
10260,3590,10000,2024-10-16,12
10261,5132,25000,2024-12-04,36
10262,1274,10000,2024-06-25,36
10263,7545,15000,2024-03-22,36
10264,3711,10000,2024-06-22,36
10265,8229,10000,2024-02-20,24
10266,2941,10000,2024-09-23,12
10267,421,25000,2024-01-04,36
10268,3080,15000,2024-12-03,36
10269,4840,25000,2024-10-23,12
10270,2420,5000,2024-09-13,36
10271,2281,25000,2024-01-09,36
10272,2335,5000,2024-11-16,24
10273,8930,10000,2024-09-29,36
10274,1419,5000,2024-11-18,12
10275,4548,10000,2024-12-08,36
10276,6801,15000,2024-09-13,24
10277,2042,15000,2024-05-27,24
10278,9978,10000,2024-07-10,12
10279,9255,10000,2024-05-03,24
10280,3569,10000,2024-07-22,36
10281,372,5000,2024-12-02,12
10282,9195,15000,2024-03-25,36
10283,7578,10000,2024-06-06,12
10284,5376,5000,2024-01-23,24
10285,2524,10000,2024-04-29,24
10286,6355,15000,2024-02-25,36
10287,4501,25000,2024-10-29,24
10288,5651,15000,2024-01-02,36
10289,1419,25000,2024-12-27,24
10290,3202,15000,2024-08-03,24
10291,6169,10000,2024-02-02,36
10292,8819,15000,2024-09-05,24
10293,1822,10000,2024-08-24,12
10294,4308,5000,2024-04-17,24
10295,2962,25000,2024-09-27,12
10296,1647,25000,2024-10-14,12
10297,7516,5000,2024-12-27,12
10298,2636,25000,2024-06-10,12
10299,2344,5000,2024-10-13,12
10300,8185,10000,2024-09-27,24
10301,5510,15000,2024-05-27,24
10302,9202,25000,2024-04-15,36
10303,5009,15000,2024-01-31,36
10304,3219,10000,2024-09-14,36
10305,5999,25000,2024-09-25,36
10306,5724,5000,2024-12-17,12
10307,3741,5000,2024-09-27,24
10308,4977,25000,2024-01-25,12
10309,6070,10000,2024-11-27,36
10310,4039,15000,2024-01-28,12
10311,6099,15000,2024-04-14,36
10312,3835,15000,2024-09-24,36
10313,9992,25000,2024-07-31,36
10314,7688,15000,2024-07-04,36
10315,2885,5000,2024-05-23,24
10316,1323,15000,2024-07-08,36
10317,2610,10000,2024-03-14,24
10318,725,15000,2024-03-31,24
10319,2412,5000,2024-02-21,36
10320,9508,15000,2024-10-12,24
10321,9605,15000,2024-04-06,36
10322,4849,25000,2024-01-16,36
10323,9747,10000,2024-05-17,36
10324,426,15000,2024-05-22,36
10325,7098,15000,2024-10-08,24
10326,7950,25000,2024-07-07,12
10327,8496,10000,2024-01-15,12
10328,6984,10000,2024-05-13,36
10329,8296,25000,2024-04-18,36
10330,7499,10000,2024-05-08,36
10331,8556,10000,2024-04-23,12
10332,7534,5000,2024-03-27,12
10333,4663,15000,2024-08-13,36
10334,2848,15000,2024-06-11,24
10335,5868,5000,2024-05-03,24
10336,2724,10000,2024-04-16,12
10337,9301,15000,2024-12-10,24
10338,5339,10000,2024-05-08,24
10339,1898,10000,2024-12-10,36
10340,4821,25000,2024-10-20,24
10341,715,5000,2024-08-26,36
10342,2873,25000,2024-02-10,36
10343,5932,5000,2024-05-19,36
10344,1203,10000,2024-05-17,36
10345,6085,15000,2024-06-03,24
10346,92,10000,2024-08-21,12
10347,1524,15000,2024-11-21,24
10348,5770,10000,2024-02-14,12
10349,3980,10000,2024-09-23,12
10350,8361,15000,2024-09-10,36
10351,6245,25000,2024-10-06,24
10352,9512,5000,2024-11-08,12
10353,7153,5000,2024-02-09,12
10354,2241,10000,2024-12-10,24
10355,9062,15000,2024-10-19,12
10356,7107,5000,2024-09-15,24
10357,975,15000,2024-03-08,36
10358,6372,25000,2024-08-20,12
10359,4457,25000,2024-04-03,36
10360,2229,5000,2024-07-25,12
10361,2559,15000,2024-10-27,36
10362,1321,10000,2024-10-13,12
10363,9772,25000,2024-10-19,24
10364,7205,15000,2024-04-23,36
10365,9977,10000,2024-02-12,24
10366,7251,5000,2024-03-25,12
10367,1916,15000,2024-04-08,36
10368,8449,25000,2024-09-16,36
10369,1241,5000,2024-07-17,12
10370,2570,5000,2024-05-01,12
10371,8942,10000,2024-01-29,12
10372,3323,25000,2024-12-21,24
10373,4753,25000,2024-04-08,36
10374,6464,15000,2024-04-05,36
10375,8926,10000,2024-12-27,24
10376,6555,15000,2024-08-31,36
10377,7698,5000,2024-05-18,24
10378,4324,5000,2024-10-15,24
10379,1260,15000,2024-08-20,12
10380,2414,25000,2024-04-30,24
10381,2906,25000,2024-01-17,36
10382,2555,5000,2024-05-19,36
10383,7444,5000,2024-01-01,12
10384,3705,10000,2024-07-02,36
10385,3403,5000,2024-01-23,24
10386,4283,5000,2024-01-07,36
10387,5657,5000,2024-11-29,24
10388,7036,15000,2024-02-22,36
10389,1529,5000,2024-08-19,36
10390,851,10000,2024-09-19,12
10391,4675,10000,2024-04-07,24
10392,4410,10000,2024-07-12,12
10393,3296,10000,2024-09-09,12
10394,4527,5000,2024-12-05,12
10395,9572,10000,2024-07-27,12
10396,1416,15000,2024-03-14,24
10397,2270,15000,2024-01-05,24
10398,7271,25000,2024-12-18,36
10399,2808,25000,2024-12-22,36
10400,9992,5000,2024-06-12,12
10401,3609,25000,2024-10-26,24
10402,7834,15000,2024-05-01,36
10403,7606,15000,2024-05-18,12
10404,2814,5000,2024-05-28,12
10405,6871,25000,2024-12-10,36
10406,7337,5000,2024-02-04,24
10407,5712,10000,2024-10-17,36
10408,2120,10000,2024-02-04,36
10409,5086,25000,2024-06-15,24
10410,8648,5000,2024-10-15,36
10411,5589,15000,2024-03-17,12
10412,6741,5000,2024-11-19,36
10413,2885,10000,2024-08-19,24
10414,939,5000,2024-11-02,24
10415,9877,5000,2024-09-04,36
10416,5741,25000,2024-10-20,36
10417,3410,15000,2024-02-11,36
10418,2086,5000,2024-06-21,12
10419,2367,10000,2024-01-30,24
10420,6784,5000,2024-06-11,12
10421,140,15000,2024-01-28,12
10422,7416,5000,2024-12-27,12
10423,7062,15000,2024-06-21,24
10424,5891,5000,2024-10-30,24
10425,427,25000,2024-11-06,12
10426,2903,15000,2024-06-02,24
10427,2018,5000,2024-12-28,24
10428,1219,5000,2024-08-13,24
10429,1913,5000,2024-05-04,36
10430,6789,5000,2024-06-05,24
10431,4637,5000,2024-11-06,24
10432,9645,10000,2024-07-12,24
10433,1718,25000,2024-11-21,12
10434,2200,10000,2024-10-30,36
10435,3175,5000,2024-09-19,36
10436,1429,15000,2024-03-15,12
10437,1312,15000,2024-05-02,24
10438,8939,10000,2024-03-20,24
10439,6277,10000,2024-05-13,36
10440,7570,10000,2024-09-15,24
10441,3107,25000,2024-04-02,36
10442,8038,25000,2024-04-26,12
10443,2915,15000,2024-06-16,36
10444,754,10000,2024-01-17,36
10445,484,25000,2024-08-17,36
10446,7813,10000,2024-12-29,36
10447,388,10000,2024-10-29,36
10448,9981,25000,2024-01-11,12
10449,8737,5000,2024-03-01,24
10450,2907,5000,2024-09-01,24
10451,2966,10000,2024-03-10,36
10452,2747,15000,2024-11-02,24
10453,7179,25000,2024-08-28,36
10454,4677,5000,2024-11-24,24
10455,1162,25000,2024-07-12,24
10456,4227,25000,2024-11-19,24
10457,9851,10000,2024-11-08,24
10458,4462,5000,2024-06-17,12
10459,421,25000,2024-08-19,36
10460,4520,15000,2024-04-03,36
10461,5875,10000,2024-05-11,12
10462,2210,10000,2024-01-07,12
10463,1186,5000,2024-03-22,12
10464,4931,10000,2024-05-15,12
10465,1820,5000,2024-12-15,12
10466,7397,25000,2024-03-19,36
10467,931,15000,2024-01-10,12
10468,1354,5000,2024-04-19,36
10469,657,25000,2024-09-07,36
10470,6430,25000,2024-07-12,24
10471,1206,25000,2024-04-15,24
10472,2868,10000,2024-07-25,24
10473,8648,15000,2024-05-29,12
10474,5015,15000,2024-08-13,12
10475,4371,15000,2024-11-18,24
10476,2491,5000,2024-09-16,12
10477,875,15000,2024-03-29,24
10478,4164,25000,2024-03-09,36
10479,9626,10000,2024-11-04,36
10480,3193,15000,2024-12-04,36
10481,3739,25000,2024-07-01,36
10482,5044,15000,2024-02-16,24
10483,7724,5000,2024-10-09,36
10484,6626,25000,2024-05-25,36
10485,5998,5000,2024-11-02,12
10486,6234,10000,2024-12-08,36
10487,6356,10000,2024-04-30,36
10488,575,5000,2024-03-07,24
10489,9288,15000,2024-01-02,12
10490,2896,5000,2024-09-01,12
10491,1989,25000,2024-04-10,12
10492,8482,5000,2024-05-20,12
10493,6171,5000,2024-06-16,24
10494,2468,10000,2024-01-12,24
10495,1589,25000,2024-02-12,24
10496,5874,10000,2024-03-12,36
10497,9671,25000,2024-11-24,12
10498,8997,10000,2024-01-04,12
10499,8804,10000,2024-06-13,24
10500,472,15000,2024-06-12,12
10501,410,10000,2024-02-01,36
10502,9818,10000,2024-07-03,12
10503,3960,15000,2024-05-19,36
10504,3575,25000,2024-10-13,12
10505,8353,15000,2024-06-16,12
10506,7363,5000,2024-12-28,24
10507,2726,15000,2024-03-03,36
10508,5854,15000,2024-08-08,12
10509,4109,10000,2024-08-27,12
10510,3479,10000,2024-11-06,24
10511,1879,10000,2024-10-22,36
10512,6232,25000,2024-08-06,36
10513,4535,10000,2024-12-18,24
10514,421,15000,2024-08-28,12
10515,5772,25000,2024-10-21,36
10516,3894,10000,2024-07-28,24
10517,7424,25000,2024-06-20,24
10518,500,10000,2024-01-20,24
10519,8438,5000,2024-04-05,24
10520,4442,15000,2024-12-06,24
10521,7372,15000,2024-12-22,12
10522,7650,15000,2024-01-27,36
10523,8672,5000,2024-10-20,24
10524,5214,15000,2024-12-08,12
10525,9526,15000,2024-12-19,12
10526,2568,25000,2024-03-16,24
10527,6049,25000,2024-09-23,36
10528,4215,10000,2024-06-12,24
10529,8950,15000,2024-08-18,24
10530,5854,10000,2024-12-28,36
10531,7285,25000,2024-07-08,24
10532,109,5000,2024-09-28,12
10533,746,25000,2024-02-11,12
10534,9709,10000,2024-08-20,36
10535,8156,5000,2024-11-21,36
10536,6861,5000,2024-01-13,24
10537,9816,5000,2024-02-05,12
10538,1349,10000,2024-03-15,12
10539,7036,5000,2024-05-18,24
10540,3312,25000,2024-05-03,36
10541,8902,25000,2024-10-30,12
10542,7787,10000,2024-09-06,12
10543,7354,25000,2024-06-05,24
10544,738,10000,2024-01-19,36
10545,5533,10000,2024-05-04,24
10546,2202,5000,2024-11-07,12
10547,6368,10000,2024-07-27,24
10548,1442,25000,2024-05-06,24
10549,684,10000,2024-04-09,36
10550,1921,5000,2024-09-08,24
10551,5171,10000,2024-08-22,12
10552,5750,5000,2024-07-22,12
10553,5716,5000,2024-10-24,36
10554,3985,5000,2024-02-29,24
10555,3416,10000,2024-09-12,36
10556,6110,10000,2024-02-25,24
10557,271,15000,2024-09-15,36
10558,6833,15000,2024-06-15,24
10559,5256,15000,2024-02-12,36
10560,6403,5000,2024-05-16,24
10561,9472,25000,2024-12-05,12
10562,6475,15000,2024-09-30,24
10563,3995,10000,2024-12-10,24
10564,2831,5000,2024-09-06,24
10565,1568,5000,2024-01-21,36
10566,6411,10000,2024-06-02,12
10567,6019,15000,2024-01-23,36
10568,8986,15000,2024-09-25,12
10569,9223,25000,2024-06-29,36
10570,860,10000,2024-09-02,24
10571,8743,10000,2024-10-19,24
10572,6148,15000,2024-07-02,36
10573,9758,25000,2024-05-19,24
10574,678,25000,2024-01-03,36
10575,6451,10000,2024-05-21,36
10576,8654,15000,2024-06-11,12
10577,9715,10000,2024-12-19,24
10578,1235,15000,2024-08-19,24
10579,9329,10000,2024-12-14,24
10580,5436,5000,2024-06-06,36
10581,7116,5000,2024-03-11,12
10582,7183,25000,2024-07-12,24
10583,2249,5000,2024-01-26,36
10584,7515,10000,2024-06-22,24
10585,8316,15000,2024-07-04,12
10586,8020,15000,2024-11-08,36
10587,4505,15000,2024-04-22,36
10588,7376,5000,2024-08-27,36
10589,4562,5000,2024-11-15,36
10590,3931,15000,2024-07-20,12
10591,3777,10000,2024-08-15,36
10592,2885,10000,2024-11-17,36
10593,5100,25000,2024-05-21,36
10594,4490,15000,2024-05-17,12
10595,2098,15000,2024-04-13,24
10596,9994,10000,2024-11-15,24
10597,3674,15000,2024-04-28,12
10598,8336,25000,2024-10-03,12
10599,8358,10000,2024-07-15,36
10600,3139,10000,2024-09-21,12
10601,5140,5000,2024-05-16,24
10602,8261,25000,2024-04-29,24
10603,2502,5000,2024-03-09,24
10604,8217,25000,2024-03-02,12
10605,3929,5000,2024-05-23,12
10606,2358,15000,2024-08-13,36
10607,577,10000,2024-04-30,36
10608,7301,15000,2024-01-04,36
10609,8783,15000,2024-04-28,36
10610,1668,25000,2024-04-10,36
10611,1299,25000,2024-08-19,12
10612,6993,25000,2024-06-20,24
10613,5832,15000,2024-07-24,36
10614,2264,10000,2024-08-06,36
10615,4755,5000,2024-04-22,24
10616,3864,25000,2024-11-27,24
10617,4406,10000,2024-09-04,24
10618,7401,10000,2024-06-10,24
10619,6481,25000,2024-09-16,12
10620,3528,15000,2024-11-02,24
10621,5599,15000,2024-08-21,36
10622,6651,5000,2024-02-27,24
10623,3019,10000,2024-05-29,36
10624,9397,5000,2024-01-19,12
10625,7319,15000,2024-08-05,36
10626,5916,15000,2024-01-20,12
10627,4560,5000,2024-12-21,36
10628,974,5000,2024-08-31,12
10629,4245,10000,2024-01-14,24
10630,9493,5000,2024-10-02,12
10631,4009,5000,2024-10-27,24
10632,8227,10000,2024-12-09,12
10633,5998,15000,2024-10-29,24
10634,8193,10000,2024-08-26,12
10635,7886,15000,2024-11-08,36
10636,2516,15000,2024-01-31,36
10637,6748,5000,2024-04-09,36
10638,6214,25000,2024-02-15,24
10639,5764,5000,2024-10-31,36
10640,6401,25000,2024-02-10,36
10641,1941,25000,2024-04-04,12
10642,7011,5000,2024-03-22,36
10643,9213,5000,2024-04-18,24
10644,8284,5000,2024-06-07,24
10645,4690,25000,2024-02-16,12
10646,6516,15000,2024-12-21,24
10647,7037,25000,2024-01-18,24
10648,3892,10000,2024-07-20,12
10649,2147,5000,2024-09-19,36
10650,4094,25000,2024-02-07,12
10651,9781,25000,2024-06-21,12
10652,3664,15000,2024-01-28,36
10653,5082,5000,2024-01-18,12
10654,7675,10000,2024-01-09,24
10655,962,15000,2024-12-28,12
10656,6083,25000,2024-01-16,36
10657,4342,25000,2024-11-13,36
10658,4375,10000,2024-02-09,12
10659,9045,25000,2024-04-10,36
10660,3582,25000,2024-04-03,12
10661,5381,5000,2024-02-27,24
10662,2313,15000,2024-07-15,24
10663,6659,10000,2024-04-15,36
10664,2493,5000,2024-12-15,36
10665,2271,5000,2024-10-01,12
10666,6702,15000,2024-07-24,24
10667,7608,5000,2024-01-27,36
10668,8461,25000,2024-10-12,24
10669,7209,10000,2024-02-14,12
10670,6185,5000,2024-02-05,24
10671,4078,10000,2024-11-01,12
10672,5295,10000,2024-12-15,36
10673,433,10000,2024-02-07,36
10674,7617,25000,2024-08-26,36
10675,803,10000,2024-12-02,36
10676,6135,15000,2024-03-14,12
10677,6467,10000,2024-09-28,12
10678,4996,25000,2024-06-27,36
10679,1304,25000,2024-06-15,36
10680,5214,15000,2024-09-07,24
10681,7008,15000,2024-12-13,12
10682,8935,25000,2024-07-31,24
10683,8875,25000,2024-08-07,12
10684,3059,15000,2024-09-03,12
10685,1850,25000,2024-05-30,36
10686,7817,5000,2024-11-16,36
10687,1302,10000,2024-10-31,24
10688,9988,25000,2024-06-30,36
10689,9088,25000,2024-05-20,36
10690,8673,25000,2024-03-23,36
10691,4038,5000,2024-05-31,12
10692,291,10000,2024-04-13,36
10693,6945,15000,2024-06-25,36
10694,8382,5000,2024-05-02,12
10695,5315,5000,2024-06-13,24
10696,5696,15000,2024-08-04,36
10697,8569,15000,2024-12-28,36
10698,6827,25000,2024-10-08,12
10699,259,15000,2024-08-23,36
10700,827,5000,2024-09-15,36
10701,2420,25000,2024-04-14,12
10702,6976,15000,2024-06-19,24
10703,7933,5000,2024-11-24,12
10704,6204,10000,2024-03-05,36
10705,2153,15000,2024-03-07,24
10706,9642,5000,2024-05-21,12
10707,3333,25000,2024-10-14,36
10708,5887,15000,2024-07-14,36
10709,3118,15000,2024-07-06,24
10710,4740,25000,2024-04-10,24
10711,3598,25000,2024-12-27,36
10712,5597,5000,2024-06-03,24
10713,2315,25000,2024-05-12,36
10714,1558,5000,2024-03-07,24
10715,1717,5000,2024-07-30,12
10716,9365,25000,2024-06-17,12
10717,8015,15000,2024-04-17,24
10718,2328,25000,2024-01-02,24
10719,5402,25000,2024-02-12,36
10720,9700,10000,2024-05-08,36
10721,4894,10000,2024-06-24,36
10722,8009,25000,2024-10-07,12
10723,7804,15000,2024-03-30,12
10724,9097,15000,2024-11-18,12
10725,4822,5000,2024-09-08,24
10726,5560,25000,2024-04-04,12
10727,3200,25000,2024-03-31,24
10728,2342,10000,2024-07-23,24
10729,3399,10000,2024-12-10,24
10730,5260,10000,2024-02-25,12
10731,2852,5000,2024-02-28,12
10732,1146,25000,2024-08-17,24
10733,384,10000,2024-03-30,12
10734,9159,25000,2024-02-23,24
10735,8811,5000,2024-09-07,24
10736,1020,15000,2024-02-16,12
10737,8001,5000,2024-05-25,24
10738,4045,25000,2024-07-27,12
10739,206,25000,2024-02-15,12
10740,8831,25000,2024-04-27,24
10741,3618,15000,2024-08-04,36
10742,64,25000,2024-05-01,12
10743,3833,10000,2024-06-02,24
10744,3177,15000,2024-01-18,36
10745,7608,15000,2024-10-31,36
10746,3806,15000,2024-07-11,36
10747,4324,5000,2024-06-06,24
10748,4798,5000,2024-04-06,24
10749,4024,5000,2024-06-01,36
10750,395,15000,2024-10-07,24
10751,9429,15000,2024-02-04,12
10752,1860,25000,2024-04-16,36
10753,6442,15000,2024-12-03,36
10754,5545,10000,2024-09-26,36
10755,1021,5000,2024-06-11,36
10756,6905,25000,2024-02-03,24
10757,3473,10000,2024-01-07,36
10758,7748,10000,2024-08-15,36
10759,5518,10000,2024-07-06,36
10760,6370,15000,2024-10-16,36
10761,333,5000,2024-09-25,12
10762,4426,10000,2024-09-16,36
10763,9481,25000,2024-02-17,24
10764,7060,5000,2024-04-17,12
10765,876,5000,2024-05-20,12
10766,5841,15000,2024-08-02,36
10767,2289,10000,2024-12-14,24
10768,4680,25000,2024-02-02,12
10769,4697,15000,2024-01-23,12
10770,6617,5000,2024-03-07,24
10771,6101,10000,2024-06-08,12
10772,4783,5000,2024-01-03,36
10773,5726,5000,2024-05-03,12
10774,5581,15000,2024-11-07,36
10775,4487,25000,2024-07-14,24
10776,1079,10000,2024-02-02,24
10777,7219,15000,2024-02-01,12
10778,4586,25000,2024-05-24,24
10779,1356,15000,2024-03-13,36
10780,6018,25000,2024-09-17,36
10781,8187,5000,2024-10-03,36
10782,8462,10000,2024-09-15,12
10783,4241,10000,2024-08-18,36
10784,8781,10000,2024-07-13,36
10785,9345,15000,2024-10-19,24
10786,8567,15000,2024-08-23,12
10787,1647,25000,2024-10-17,24
10788,3073,15000,2024-02-02,36
10789,3439,5000,2024-06-30,36
10790,1652,25000,2024-09-15,24
10791,5294,15000,2024-06-24,24
10792,4681,10000,2024-05-25,24
10793,1751,5000,2024-05-10,36
10794,2972,10000,2024-04-02,24
10795,4190,25000,2024-12-22,12
10796,4743,25000,2024-05-12,12
10797,1742,15000,2024-01-09,24
10798,9707,25000,2024-07-22,12
10799,3825,25000,2024-01-16,12
10800,3842,10000,2024-12-12,12
10801,6198,25000,2024-03-13,24
10802,7644,5000,2024-06-26,12
10803,5068,15000,2024-09-02,12
10804,2362,25000,2024-07-03,36
10805,1967,5000,2024-02-26,24
10806,8552,15000,2024-12-28,36
10807,9174,5000,2024-03-26,36
10808,4633,5000,2024-01-17,24
10809,394,25000,2024-11-16,12
10810,9572,10000,2024-11-08,36
10811,48,15000,2024-07-09,12
10812,9648,25000,2024-07-13,12
10813,2749,25000,2024-01-05,12
10814,2289,15000,2024-06-23,24
10815,7049,15000,2024-05-11,36
10816,7563,25000,2024-03-28,36
10817,1210,5000,2024-07-01,24
10818,1165,10000,2024-10-14,12
10819,8075,10000,2024-04-19,12
10820,9273,15000,2024-03-06,12
10821,4546,15000,2024-04-09,24
10822,8046,5000,2024-11-22,36
10823,3540,5000,2024-08-15,36
10824,9896,25000,2024-08-19,24
10825,3412,5000,2024-08-22,36
10826,1538,10000,2024-09-20,36
10827,6070,5000,2024-02-05,24
10828,7010,5000,2024-09-24,36
10829,9518,5000,2024-06-04,12
10830,183,15000,2024-01-02,12
10831,1534,5000,2024-03-18,24
10832,156,15000,2024-05-26,12
10833,5812,10000,2024-12-06,12
10834,9585,10000,2024-10-31,12
10835,4885,15000,2024-10-19,36
10836,7978,15000,2024-06-28,36
10837,6157,5000,2024-02-29,12
10838,5421,5000,2024-08-12,12
10839,858,10000,2024-10-24,24
10840,5275,10000,2024-09-19,12
10841,4008,10000,2024-10-24,24
10842,4859,10000,2024-07-03,12
10843,4679,25000,2024-09-28,36
10844,6040,5000,2024-04-24,24
10845,4977,5000,2024-10-26,12
10846,1700,25000,2024-02-07,24
10847,6835,10000,2024-09-12,12
10848,8906,5000,2024-08-21,36
10849,2086,5000,2024-10-27,24
10850,1452,15000,2024-08-30,24
10851,7429,25000,2024-06-06,36
10852,1398,15000,2024-12-15,12
10853,6175,25000,2024-07-30,36
10854,8617,25000,2024-10-17,36
10855,1029,25000,2024-03-01,24
10856,691,10000,2024-05-12,12
10857,7899,25000,2024-04-18,24
10858,7964,10000,2024-11-29,24
10859,4011,25000,2024-10-23,24
10860,3580,10000,2024-12-25,24
10861,200,10000,2024-10-10,36
10862,5393,10000,2024-05-17,12
10863,8968,5000,2024-04-27,36
10864,226,15000,2024-05-04,24
10865,4567,15000,2024-06-28,24
10866,2066,15000,2024-08-09,24
10867,9971,5000,2024-06-08,36
10868,8821,5000,2024-07-22,36
10869,41,5000,2024-02-14,12
10870,2092,25000,2024-01-16,12
10871,2245,25000,2024-03-30,24
10872,8491,25000,2024-10-17,36
10873,6063,25000,2024-04-14,36
10874,8651,25000,2024-05-24,24
10875,879,15000,2024-04-21,24
10876,8981,15000,2024-08-02,24
10877,7404,15000,2024-06-26,24
10878,3896,15000,2024-01-21,36
10879,8575,15000,2024-08-13,24
10880,1451,5000,2024-02-15,12
10881,5374,5000,2024-02-26,24
10882,2596,25000,2024-09-17,24
10883,3590,15000,2024-02-21,24
10884,8522,25000,2024-05-10,12
10885,4910,5000,2024-02-22,36
10886,6626,25000,2024-03-23,12
10887,7700,15000,2024-01-18,12
10888,9212,15000,2024-05-22,36
10889,5542,15000,2024-11-01,12
10890,7971,5000,2024-01-28,36
10891,5282,25000,2024-10-28,24
10892,3822,10000,2024-04-22,36
10893,1828,10000,2024-04-25,12
10894,4112,10000,2024-11-23,24
10895,8812,10000,2024-09-07,12
10896,689,10000,2024-04-22,24
10897,820,5000,2024-04-03,12
10898,6217,15000,2024-01-01,24
10899,2252,10000,2024-07-01,24
10900,2302,10000,2024-11-09,12
10901,2661,10000,2024-05-28,12
10902,5649,25000,2024-02-25,24
10903,5663,15000,2024-03-10,12
10904,955,10000,2024-05-24,12
10905,6454,5000,2024-03-18,24
10906,3942,15000,2024-05-14,36
10907,4749,15000,2024-03-19,24
10908,7413,15000,2024-11-23,36
10909,1248,25000,2024-09-04,12
10910,5487,15000,2024-06-24,36
10911,9466,10000,2024-01-10,12
10912,6887,10000,2024-08-08,24
10913,13,25000,2024-05-06,24
10914,7476,5000,2024-02-10,24
10915,4706,25000,2024-07-08,12
10916,2240,25000,2024-04-16,12
10917,698,10000,2024-06-12,12
10918,2067,15000,2024-06-26,24
10919,6915,25000,2024-03-22,12
10920,4675,5000,2024-01-05,36
10921,2074,10000,2024-06-22,24
10922,3213,15000,2024-11-28,12
10923,3814,5000,2024-10-22,12
10924,1051,25000,2024-09-23,36
10925,2153,5000,2024-04-27,24
10926,7690,25000,2024-07-18,36
10927,5788,25000,2024-01-17,12
10928,3090,25000,2024-03-15,12
10929,3642,25000,2024-04-30,36
10930,174,25000,2024-10-08,24
10931,9617,10000,2024-02-08,12
10932,7255,25000,2024-12-19,36
10933,3904,15000,2024-07-13,24
10934,7511,25000,2024-06-01,12
10935,449,10000,2024-12-09,36
10936,9643,5000,2024-09-01,36
10937,5836,15000,2024-04-25,24
10938,782,5000,2024-02-10,12
10939,3569,5000,2024-04-13,24
10940,8364,15000,2024-09-04,24
10941,2284,10000,2024-12-29,12
10942,433,25000,2024-06-20,12
10943,5136,25000,2024-09-22,24
10944,4946,25000,2024-11-24,24
10945,5706,5000,2024-05-28,12
10946,1860,15000,2024-07-21,36
10947,9543,25000,2024-01-25,36
10948,3920,25000,2024-10-04,12
10949,6391,10000,2024-01-11,36
10950,549,10000,2024-09-17,36
10951,5061,5000,2024-01-06,24
10952,3575,15000,2024-08-12,24
10953,167,10000,2024-09-28,24
10954,3513,15000,2024-09-04,36
10955,2401,10000,2024-02-15,24
10956,3171,15000,2024-01-14,36
10957,9840,15000,2024-01-24,36
10958,3190,15000,2024-12-30,24
10959,2622,5000,2024-09-10,12
10960,5159,10000,2024-11-27,36
10961,3402,10000,2024-09-18,36
10962,6467,25000,2024-09-03,12
10963,6173,25000,2024-10-03,24
10964,543,5000,2024-04-21,36
10965,9532,10000,2024-07-19,12
10966,8143,25000,2024-10-28,12
10967,8760,10000,2024-04-14,12
10968,3539,25000,2024-08-15,24
10969,7013,5000,2024-07-05,12
10970,1941,25000,2024-06-18,24
10971,8118,5000,2024-07-05,12
10972,6343,5000,2024-02-10,36
10973,1761,15000,2024-11-18,36
10974,5774,5000,2024-12-04,12
10975,3946,15000,2024-03-23,36
10976,2702,10000,2024-11-16,24
10977,1029,5000,2024-12-07,12
10978,6311,5000,2024-05-26,36
10979,4481,5000,2024-11-30,12
10980,3704,25000,2024-05-26,36
10981,7260,5000,2024-10-07,24
10982,742,10000,2024-06-15,12
10983,9968,15000,2024-09-12,36
10984,2235,10000,2024-08-10,12
10985,1614,15000,2024-04-03,36
10986,3537,10000,2024-06-09,12
10987,558,25000,2024-09-04,24
10988,7431,10000,2024-09-24,24
10989,6063,10000,2024-12-13,36
10990,9560,5000,2024-06-06,24
10991,858,25000,2024-03-10,24
10992,1811,25000,2024-06-18,24
10993,2357,5000,2024-09-17,12
10994,4066,15000,2024-08-02,12
10995,3507,10000,2024-11-11,36
10996,4388,5000,2024-03-18,24
10997,7331,25000,2024-07-11,24
10998,8939,10000,2024-11-03,36
10999,6936,10000,2024-05-16,36
11000,241,15000,2024-05-23,12
11001,5021,15000,2024-02-04,24
11002,7913,10000,2024-11-25,24
11003,1153,10000,2024-09-28,24
11004,9145,10000,2024-06-09,12
11005,3940,15000,2024-11-02,12
11006,2575,15000,2024-11-12,12
11007,3301,5000,2024-03-19,24
11008,4838,15000,2024-11-10,36
11009,8368,25000,2024-05-06,12
11010,6948,25000,2024-12-24,24
11011,6902,10000,2024-01-04,12
11012,1077,10000,2024-11-22,36
11013,335,15000,2024-07-04,24
11014,6437,25000,2024-12-23,12
11015,1731,5000,2024-03-02,24
11016,5256,15000,2024-12-19,36
11017,3854,15000,2024-10-07,36
11018,1725,25000,2024-11-22,36
11019,803,10000,2024-10-07,36
11020,912,10000,2024-05-02,24
11021,3068,25000,2024-11-17,12
11022,7022,25000,2024-10-08,36
11023,8528,5000,2024-08-15,24
11024,8188,25000,2024-12-23,36
11025,4333,10000,2024-12-27,36
11026,2016,25000,2024-07-01,24
11027,3660,25000,2024-05-10,24
11028,399,5000,2024-06-05,24
11029,4098,15000,2024-07-04,36
11030,8070,5000,2024-08-22,36
11031,16,25000,2024-05-28,12
11032,4375,15000,2024-02-12,36
11033,5471,25000,2024-01-04,12
11034,6514,15000,2024-11-20,36
11035,1577,25000,2024-07-16,12
11036,8570,10000,2024-10-04,12
11037,5175,15000,2024-12-24,12
11038,5486,15000,2024-01-06,24
11039,9572,5000,2024-05-29,24
11040,5916,10000,2024-09-28,12
11041,8946,10000,2024-06-12,24
11042,1308,10000,2024-06-26,36
11043,9851,25000,2024-02-27,24
11044,4533,25000,2024-07-17,24
11045,7107,15000,2024-03-27,36
11046,5914,25000,2024-06-27,36
11047,4775,25000,2024-03-18,12
11048,6215,15000,2024-02-16,24
11049,54,5000,2024-05-13,36
11050,5496,25000,2024-06-01,36
11051,3643,10000,2024-09-25,24
11052,80,10000,2024-04-24,24
11053,5965,25000,2024-02-22,12
11054,5610,25000,2024-08-29,24
11055,7204,15000,2024-11-18,36
11056,7424,25000,2024-10-13,24
11057,286,5000,2024-03-07,12
11058,9769,15000,2024-12-02,24
11059,9136,10000,2024-07-01,24
11060,7964,15000,2024-08-18,24
11061,7967,25000,2024-10-11,36
11062,228,25000,2024-06-11,36
11063,1977,5000,2024-04-13,36
11064,2219,5000,2024-06-11,36
11065,9713,15000,2024-11-01,12
11066,3317,10000,2024-10-12,36
11067,1985,15000,2024-09-27,36
11068,3465,15000,2024-01-29,12
11069,9943,5000,2024-03-15,36
11070,3724,15000,2024-11-08,36
11071,2346,5000,2024-04-21,36
11072,6601,5000,2024-09-04,24
11073,1461,15000,2024-11-02,12
11074,7514,5000,2024-11-19,36
11075,4574,25000,2024-09-02,12
11076,1209,25000,2024-02-27,36
11077,3796,15000,2024-05-19,24
11078,2509,10000,2024-11-20,36
11079,1668,10000,2024-12-27,36
11080,9689,25000,2024-08-30,24
11081,7740,5000,2024-11-19,24
11082,6540,10000,2024-10-18,12
11083,9624,10000,2024-09-06,12
11084,7004,15000,2024-05-09,36
11085,9122,15000,2024-10-17,36
11086,6678,10000,2024-05-04,24
11087,3413,10000,2024-12-21,36
11088,7707,25000,2024-09-20,12
11089,4310,15000,2024-07-19,24
11090,6541,15000,2024-10-10,24
11091,8784,10000,2024-07-06,24
11092,366,25000,2024-12-25,36
11093,5912,5000,2024-02-13,12
11094,2222,15000,2024-01-10,24
11095,273,15000,2024-01-05,12
11096,3622,10000,2024-12-22,24
11097,3643,10000,2024-06-23,24
11098,4586,5000,2024-06-07,12
11099,602,15000,2024-08-31,24
11100,8804,25000,2024-01-29,36
11101,7479,25000,2024-06-02,12
11102,327,10000,2024-04-04,12
11103,9899,25000,2024-01-02,24
11104,4262,25000,2024-11-30,12
11105,2928,10000,2024-04-01,36
11106,2109,5000,2024-02-25,24
11107,1965,5000,2024-08-23,36
11108,9402,15000,2024-11-27,36
11109,4460,10000,2024-01-15,36
11110,9216,10000,2024-03-25,12
11111,5302,15000,2024-09-10,24
11112,1755,25000,2024-08-08,24
11113,2082,5000,2024-09-05,36
11114,6282,15000,2024-02-14,36
11115,7866,15000,2024-10-29,24
11116,2076,15000,2024-01-20,24
11117,4029,5000,2024-05-03,36
11118,4202,25000,2024-05-25,24
11119,1257,5000,2024-08-17,36
11120,8388,10000,2024-11-30,36
11121,5971,10000,2024-03-01,36
11122,4298,15000,2024-04-30,36
11123,2157,10000,2024-09-12,12
11124,5858,5000,2024-07-22,24
11125,41,10000,2024-01-05,24
11126,8874,10000,2024-11-09,24
11127,2860,25000,2024-12-02,36
11128,2463,5000,2024-03-17,12
11129,2038,10000,2024-11-11,24
11130,1675,5000,2024-05-20,36
11131,364,10000,2024-04-09,36
11132,2519,25000,2024-07-26,12
11133,8692,10000,2024-10-22,12
11134,3054,15000,2024-07-13,36
11135,2471,25000,2024-06-28,24
11136,579,10000,2024-09-14,36
11137,8028,15000,2024-07-13,12
11138,5843,10000,2024-05-18,36
11139,1258,15000,2024-01-11,36
11140,6636,25000,2024-09-22,12
11141,2973,10000,2024-01-28,12
11142,5042,5000,2024-04-28,36
11143,6675,10000,2024-09-05,12
11144,3986,5000,2024-01-07,24
11145,2989,25000,2024-05-22,24
11146,1525,5000,2024-01-07,24
11147,6488,15000,2024-02-24,12
11148,5840,5000,2024-01-20,36
11149,8444,25000,2024-01-03,36
11150,5673,25000,2024-01-20,36
11151,382,5000,2024-09-22,36
11152,1805,15000,2024-08-14,24
11153,1988,25000,2024-12-11,36
11154,5219,10000,2024-12-15,36
11155,2643,25000,2024-08-05,12
11156,24,10000,2024-06-13,12
11157,353,5000,2024-12-05,36
11158,6217,15000,2024-02-20,24
11159,4089,10000,2024-06-18,24
11160,771,15000,2024-12-18,24
11161,4754,15000,2024-01-30,12
11162,5570,5000,2024-08-31,24
11163,1748,25000,2024-02-14,12
11164,9243,25000,2024-08-02,24
11165,5476,25000,2024-12-21,12
11166,622,15000,2024-01-23,12
11167,19,25000,2024-02-22,12
11168,8986,25000,2024-02-11,36
11169,3342,5000,2024-06-12,12
11170,7727,25000,2024-04-13,12
11171,1903,15000,2024-06-10,12
11172,4638,5000,2024-12-06,24
11173,1941,25000,2024-06-02,12
11174,1207,10000,2024-11-22,36
11175,7838,25000,2024-01-03,24
11176,4081,15000,2024-02-12,24
11177,165,5000,2024-02-23,36
11178,6953,25000,2024-11-03,12
11179,1212,10000,2024-01-13,12
11180,3160,25000,2024-04-21,24
11181,9674,5000,2024-02-25,36
11182,1496,5000,2024-04-13,24
11183,9985,5000,2024-06-23,24
11184,2420,5000,2024-11-17,12
11185,7971,5000,2024-03-08,12
11186,7685,15000,2024-01-13,36
11187,8557,10000,2024-10-12,24
11188,7205,10000,2024-11-27,36
11189,4215,10000,2024-06-09,24
11190,409,15000,2024-06-14,36
11191,363,5000,2024-10-25,36
11192,3441,25000,2024-12-19,36
11193,5273,15000,2024-09-15,36
11194,4419,5000,2024-02-12,24
11195,758,15000,2024-11-24,36
11196,7892,25000,2024-07-17,24
11197,7646,25000,2024-05-11,36
11198,8640,10000,2024-04-01,12
11199,2752,15000,2024-02-01,24
11200,1792,25000,2024-09-13,24
11201,7123,5000,2024-02-05,24
11202,2390,10000,2024-10-08,36
11203,5387,25000,2024-07-23,24
11204,8055,10000,2024-05-29,36
11205,7506,5000,2024-12-09,36
11206,7583,5000,2024-05-18,12
11207,291,15000,2024-10-07,12
11208,8364,5000,2024-11-30,12
11209,301,5000,2024-06-21,36
11210,8116,5000,2024-06-12,24
11211,7433,10000,2024-04-11,24
11212,3167,5000,2024-10-16,12
11213,1747,10000,2024-10-14,24
11214,8707,25000,2024-04-11,12
11215,8871,25000,2024-06-01,12
11216,5008,10000,2024-04-30,24
11217,344,10000,2024-02-26,24
11218,29,5000,2024-04-16,36
11219,7237,5000,2024-08-26,24
11220,107,10000,2024-01-21,24
11221,5812,15000,2024-03-13,12
11222,5784,15000,2024-12-06,36
11223,3361,15000,2024-01-21,24
11224,490,25000,2024-10-24,36
11225,3761,5000,2024-01-11,36
11226,8149,10000,2024-02-27,12
11227,8470,25000,2024-12-19,12
11228,4077,25000,2024-08-27,24
11229,5960,5000,2024-10-23,12
11230,9566,10000,2024-03-26,36
11231,8820,15000,2024-05-23,12
11232,2696,5000,2024-08-12,12
11233,9363,25000,2024-07-12,36
11234,678,25000,2024-04-12,36
11235,5812,25000,2024-12-29,12
11236,3402,25000,2024-11-21,12
11237,2443,15000,2024-06-10,12
11238,555,10000,2024-10-28,36
11239,8995,15000,2024-02-17,36
11240,1163,25000,2024-08-21,12
11241,424,10000,2024-10-19,24
11242,9469,5000,2024-01-22,36
11243,8608,5000,2024-12-01,12
11244,2006,15000,2024-05-14,36
11245,2864,5000,2024-06-23,12
11246,2013,25000,2024-11-28,12
11247,4310,10000,2024-08-29,12
11248,6582,10000,2024-01-17,24
11249,7648,15000,2024-09-15,24
11250,7016,10000,2024-07-16,36
11251,3872,5000,2024-03-16,36
11252,6750,15000,2024-07-21,24
11253,6012,25000,2024-08-20,12
11254,1618,15000,2024-10-01,24
11255,1644,5000,2024-06-07,24
11256,5699,5000,2024-04-24,12
11257,9996,5000,2024-09-14,36
11258,954,15000,2024-08-24,24
11259,5426,15000,2024-04-05,36
11260,9375,10000,2024-05-07,24
11261,4248,15000,2024-09-30,24
11262,7038,25000,2024-11-06,36
11263,909,15000,2024-09-16,36
11264,6140,10000,2024-11-29,12
11265,6600,25000,2024-03-18,12
11266,4430,25000,2024-12-14,24
11267,8655,15000,2024-10-16,24
11268,9685,10000,2024-06-24,12
11269,5967,10000,2024-05-06,12
11270,9242,25000,2024-07-16,24
11271,4535,25000,2024-12-28,12
11272,6241,10000,2024-07-22,36
11273,4490,5000,2024-02-14,24
11274,3539,5000,2024-12-14,24
11275,8459,15000,2024-06-12,24
11276,6019,10000,2024-04-07,24
11277,9751,25000,2024-11-02,36
11278,5318,5000,2024-08-30,12
11279,7209,25000,2024-05-22,24
11280,6569,25000,2024-05-16,24
11281,7423,10000,2024-02-27,24
11282,3540,25000,2024-09-25,24
11283,2867,10000,2024-06-17,36
11284,4279,25000,2024-04-17,12
11285,2547,5000,2024-02-13,36
11286,2118,10000,2024-03-26,24
11287,1800,25000,2024-10-12,24
11288,8315,15000,2024-03-17,36
11289,392,15000,2024-08-29,24
11290,3299,15000,2024-08-11,36
11291,4554,15000,2024-11-09,36
11292,3144,5000,2024-12-04,12
11293,2560,5000,2024-06-11,12
11294,6073,15000,2024-05-01,12
11295,1096,25000,2024-06-25,12
11296,5895,5000,2024-07-05,36
11297,4142,15000,2024-08-31,24
11298,4689,5000,2024-08-08,36
11299,8965,5000,2024-05-14,24
11300,4578,25000,2024-02-04,12
11301,5529,25000,2024-06-15,24
11302,1199,10000,2024-09-18,24
11303,9643,25000,2024-11-29,36
11304,4751,15000,2024-08-07,12
11305,7872,10000,2024-03-05,36
11306,5791,15000,2024-04-19,24
11307,3039,25000,2024-12-06,24
11308,6831,25000,2024-01-09,24
11309,9356,5000,2024-06-30,36
11310,8256,15000,2024-02-12,36
11311,50,10000,2024-04-29,36
11312,6180,25000,2024-11-01,12
11313,1675,10000,2024-04-22,24
11314,8697,25000,2024-11-14,36
11315,1592,25000,2024-09-10,36
11316,4345,5000,2024-08-18,36
11317,734,10000,2024-05-15,36
11318,5957,25000,2024-06-16,36
11319,2853,25000,2024-06-27,36
11320,468,5000,2024-09-10,36
11321,2809,25000,2024-02-16,12
11322,8702,5000,2024-05-21,36
11323,7562,5000,2024-10-07,12
11324,5560,5000,2024-03-25,12
11325,2774,25000,2024-04-02,24
11326,2858,5000,2024-06-07,24
11327,3230,10000,2024-02-21,12
11328,3166,10000,2024-09-16,12
11329,5910,10000,2024-04-27,36
11330,1510,10000,2024-02-15,12
11331,3511,5000,2024-06-05,36
11332,166,15000,2024-07-11,36
11333,3527,25000,2024-04-05,24
11334,9594,25000,2024-09-13,12
11335,4004,15000,2024-11-19,36
11336,5515,15000,2024-07-05,12
11337,1415,25000,2024-08-19,36
11338,9568,25000,2024-09-10,24
11339,3154,15000,2024-03-18,36
11340,6690,10000,2024-06-28,24
11341,8255,5000,2024-09-04,24
11342,2750,25000,2024-11-29,24
11343,3975,25000,2024-09-02,24
11344,3858,25000,2024-05-09,24
11345,9735,10000,2024-01-21,12
11346,4404,10000,2024-10-11,12
11347,7673,25000,2024-03-16,36
11348,1829,10000,2024-12-03,24
11349,8290,25000,2024-06-08,24
11350,9518,5000,2024-06-17,12
11351,8039,10000,2024-10-04,12
11352,3456,5000,2024-05-19,24
11353,7504,15000,2024-11-08,12
11354,2638,25000,2024-01-08,12
11355,2025,10000,2024-06-04,24
11356,5152,5000,2024-11-08,24
11357,2982,10000,2024-06-29,24
11358,8871,15000,2024-08-01,36
11359,1306,5000,2024-07-22,24
11360,3102,15000,2024-08-28,36
11361,9982,15000,2024-01-17,12
11362,7015,5000,2024-10-03,24
11363,6840,10000,2024-02-20,12
11364,5685,5000,2024-07-30,12
11365,3975,15000,2024-02-23,36
11366,7116,25000,2024-11-11,24
11367,2967,5000,2024-02-13,36
11368,5044,25000,2024-11-28,12
11369,3221,10000,2024-08-20,36
11370,1100,5000,2024-01-29,24
11371,5078,25000,2024-06-19,24
11372,3653,15000,2024-03-01,12
11373,4645,10000,2024-03-01,24
11374,9863,25000,2024-11-23,36
11375,6205,10000,2024-01-20,36
11376,3203,5000,2024-02-25,12
11377,8705,25000,2024-06-24,12
11378,9276,5000,2024-11-25,36
11379,4998,5000,2024-09-05,12
11380,6524,15000,2024-07-22,36
11381,1863,25000,2024-07-02,36
11382,6491,25000,2024-02-15,36
11383,7610,25000,2024-02-14,36
11384,9992,10000,2024-02-11,12
11385,3959,10000,2024-01-08,36
11386,4009,10000,2024-12-05,24
11387,1977,10000,2024-01-14,12
11388,9351,25000,2024-08-16,36
11389,6471,25000,2024-10-08,12
11390,9650,10000,2024-04-11,24
11391,654,15000,2024-10-23,24
11392,5494,25000,2024-08-24,36
11393,6287,10000,2024-01-29,24
11394,3794,5000,2024-07-09,36
11395,6538,15000,2024-09-25,36
11396,8675,25000,2024-12-19,12
11397,7131,15000,2024-10-29,36
11398,1661,10000,2024-08-03,36
11399,951,5000,2024-09-04,36
11400,8604,5000,2024-10-03,36
11401,354,10000,2024-12-16,36
11402,2480,15000,2024-01-12,36
11403,4099,25000,2024-04-15,36
11404,7100,10000,2024-01-24,12
11405,4081,15000,2024-10-03,12
11406,4227,10000,2024-01-04,36
11407,1099,5000,2024-10-07,12
11408,1348,25000,2024-01-08,36
11409,1974,10000,2024-06-12,36
11410,1024,5000,2024-10-16,24
11411,4256,10000,2024-04-23,12
11412,6161,5000,2024-02-19,24
11413,9611,5000,2024-08-25,36
11414,4452,25000,2024-12-12,36
11415,1056,5000,2024-10-10,36
11416,2531,25000,2024-03-02,12
11417,1648,25000,2024-12-14,12
11418,2821,5000,2024-05-06,12
11419,9049,5000,2024-08-08,12
11420,7826,25000,2024-07-20,24
11421,7683,10000,2024-10-26,24
11422,4892,10000,2024-06-08,12
11423,3010,10000,2024-01-08,12
11424,802,15000,2024-05-04,24
11425,342,5000,2024-03-30,12
11426,4502,25000,2024-08-31,36
11427,9589,15000,2024-07-13,36
11428,1310,5000,2024-04-15,12
11429,6704,25000,2024-07-24,12
11430,577,5000,2024-03-11,36
11431,4317,10000,2024-12-22,12
11432,4029,15000,2024-02-01,36
11433,2195,25000,2024-06-14,36
11434,4051,5000,2024-07-30,12
11435,9396,25000,2024-01-10,12
11436,5630,25000,2024-11-30,36
11437,5417,25000,2024-07-16,12
11438,8683,10000,2024-09-03,12
11439,6497,25000,2024-08-04,24
11440,5107,15000,2024-05-08,24
11441,4966,15000,2024-07-16,36
11442,2482,5000,2024-11-28,36
11443,740,5000,2024-03-15,36
11444,510,25000,2024-03-30,24
11445,594,10000,2024-10-07,36
11446,8947,15000,2024-02-21,36
11447,9655,25000,2024-11-03,24
11448,5294,15000,2024-01-12,36
11449,3003,5000,2024-02-15,12
11450,8007,10000,2024-05-16,24
11451,105,15000,2024-10-27,36
11452,9785,5000,2024-10-18,36
11453,4884,15000,2024-05-16,12
11454,3823,25000,2024-04-06,24
11455,7755,15000,2024-06-10,12
11456,5414,15000,2024-03-28,12
11457,2843,25000,2024-02-22,36
11458,393,10000,2024-04-18,36
11459,6566,10000,2024-02-14,36
11460,4977,25000,2024-12-18,12
11461,4314,10000,2024-06-09,24
11462,2201,10000,2024-10-11,36
11463,8882,25000,2024-10-30,12
11464,6091,15000,2024-03-22,36
11465,1661,10000,2024-11-10,12
11466,3963,5000,2024-11-13,24
11467,7522,5000,2024-09-11,12
11468,6394,25000,2024-10-17,24
11469,9595,5000,2024-11-10,12
11470,5038,5000,2024-07-05,24
11471,6884,25000,2024-03-29,24
11472,7313,5000,2024-01-25,24
11473,8026,5000,2024-02-22,24
11474,3253,15000,2024-03-18,36
11475,3331,25000,2024-04-23,36
11476,6628,10000,2024-12-13,12
11477,6978,25000,2024-11-07,36
11478,7380,5000,2024-09-14,24
11479,3826,5000,2024-05-24,36
11480,8743,10000,2024-07-14,24
11481,1945,10000,2024-10-30,36
11482,5470,15000,2024-12-13,12
11483,8495,5000,2024-04-11,12
11484,8610,5000,2024-10-16,24
11485,2116,5000,2024-12-17,24
11486,2105,15000,2024-06-17,36
11487,5590,25000,2024-04-04,36
11488,2647,10000,2024-09-18,24
11489,830,15000,2024-09-18,12
11490,3111,15000,2024-01-28,12
11491,5368,5000,2024-05-15,24
11492,1138,10000,2024-05-08,12
11493,9932,25000,2024-12-01,24
11494,5046,5000,2024-09-30,36
11495,5243,15000,2024-08-09,12
11496,2643,15000,2024-12-01,12
11497,6357,10000,2024-05-02,24
11498,787,10000,2024-04-01,36
11499,2550,10000,2024-01-11,12
11500,3247,5000,2024-01-06,12
11501,5395,15000,2024-08-15,36
11502,5356,10000,2024-01-22,36
11503,5666,25000,2024-08-02,24
11504,5773,10000,2024-10-10,12
11505,3609,10000,2024-04-24,12
11506,5217,5000,2024-08-01,36
11507,2069,5000,2024-05-20,36
11508,2338,5000,2024-06-27,12
11509,1817,5000,2024-01-01,36
11510,5202,10000,2024-01-29,24
11511,1803,15000,2024-10-24,24
11512,1811,25000,2024-10-11,36
11513,6050,25000,2024-12-15,12
11514,1922,15000,2024-11-11,36
11515,6430,25000,2024-04-14,12
11516,4717,10000,2024-06-10,24
11517,728,15000,2024-02-09,24
11518,8413,5000,2024-12-14,24
11519,4878,5000,2024-08-09,12
11520,8050,5000,2024-02-21,36
11521,4173,10000,2024-03-04,12
11522,7895,5000,2024-01-04,12
11523,2653,5000,2024-01-18,24
11524,9559,5000,2024-12-07,36
11525,8524,25000,2024-01-10,12
11526,7462,15000,2024-09-26,36
11527,7263,25000,2024-12-16,12
11528,1405,10000,2024-04-08,12
11529,9150,10000,2024-10-28,24
11530,3512,10000,2024-07-12,24
11531,5210,25000,2024-11-12,24
11532,529,15000,2024-02-03,36
11533,9060,5000,2024-12-14,12
11534,1937,10000,2024-11-21,24
11535,741,10000,2024-03-05,36
11536,9499,25000,2024-06-11,36
11537,3417,5000,2024-06-24,12
11538,1758,5000,2024-02-16,24
11539,1257,25000,2024-08-05,24
11540,1376,25000,2024-08-08,24
11541,8908,25000,2024-01-11,24
11542,8625,15000,2024-07-08,36
11543,8449,10000,2024-03-26,24
11544,6541,10000,2024-02-02,24
11545,8117,10000,2024-04-04,36
11546,2837,15000,2024-11-25,12
11547,2305,25000,2024-06-29,12
11548,7117,10000,2024-10-10,36
11549,6973,10000,2024-01-23,36
11550,3843,10000,2024-02-18,24
11551,7581,15000,2024-11-27,12
11552,4784,25000,2024-08-08,12
11553,9662,10000,2024-01-02,24
11554,1049,10000,2024-03-17,24
11555,9153,15000,2024-12-21,24
11556,5916,25000,2024-04-20,24
11557,7284,25000,2024-06-02,36
11558,7774,10000,2024-05-24,36
11559,9364,5000,2024-10-25,24
11560,2985,15000,2024-04-06,12
11561,8928,5000,2024-11-10,12
11562,8117,5000,2024-08-01,12
11563,8825,10000,2024-11-17,12
11564,8479,10000,2024-03-14,12
11565,1349,10000,2024-10-21,24
11566,6344,15000,2024-01-26,12
11567,6095,15000,2024-08-09,36
11568,5933,15000,2024-07-21,36
11569,179,5000,2024-10-04,12
11570,1912,15000,2024-12-09,36
11571,1500,25000,2024-01-29,24
11572,4513,15000,2024-04-24,12
11573,2676,10000,2024-09-22,24
11574,2171,5000,2024-04-19,36
11575,2333,15000,2024-06-01,12
11576,3990,10000,2024-04-27,24
11577,2755,10000,2024-05-02,24
11578,2051,25000,2024-07-23,24
11579,8454,25000,2024-11-17,24
11580,9687,15000,2024-09-07,24
11581,332,5000,2024-05-13,36
11582,4357,5000,2024-09-08,12
11583,2820,15000,2024-01-01,24
11584,4543,15000,2024-10-10,24
11585,4869,15000,2024-08-01,36
11586,8125,5000,2024-05-03,12
11587,6623,25000,2024-07-15,12
11588,6584,5000,2024-01-20,12
11589,7078,10000,2024-11-27,12
11590,6423,25000,2024-12-12,12
11591,1159,10000,2024-11-09,36
11592,294,5000,2024-06-17,24
11593,6349,10000,2024-04-07,12
11594,5817,5000,2024-05-25,12
11595,8485,25000,2024-06-10,24
11596,1162,25000,2024-03-06,24
11597,8603,25000,2024-09-01,12
11598,509,10000,2024-12-24,36
11599,5177,15000,2024-11-16,24
11600,4880,25000,2024-05-05,24
11601,1394,5000,2024-08-07,36
11602,5532,10000,2024-12-26,24
11603,707,25000,2024-10-09,24
11604,1299,15000,2024-01-30,12
11605,7614,25000,2024-03-26,24
11606,3859,10000,2024-11-27,24
11607,3108,10000,2024-09-12,36
11608,4720,15000,2024-08-12,24
11609,741,15000,2024-10-23,36
11610,3900,5000,2024-08-27,36
11611,5606,25000,2024-09-13,36
11612,1435,10000,2024-05-12,24
11613,5543,15000,2024-05-12,36
11614,1322,10000,2024-03-11,12
11615,7210,15000,2024-12-05,24
11616,9203,5000,2024-10-08,24
11617,176,25000,2024-10-31,36
11618,7071,15000,2024-11-21,36
11619,9513,10000,2024-03-30,36
11620,2472,10000,2024-11-12,36
11621,1440,5000,2024-09-15,12
11622,5939,5000,2024-06-15,24
11623,5148,15000,2024-03-18,36
11624,209,25000,2024-06-25,12
11625,248,15000,2024-09-26,36
11626,2895,10000,2024-01-20,12
11627,790,15000,2024-05-16,24
11628,4081,5000,2024-07-09,12
11629,1747,15000,2024-09-18,36
11630,2562,5000,2024-04-11,24
11631,1118,10000,2024-04-14,36
11632,9049,25000,2024-10-25,24
11633,2970,15000,2024-11-15,36
11634,2855,5000,2024-04-06,12
11635,9233,15000,2024-10-26,24
11636,5787,5000,2024-01-05,12
11637,6321,5000,2024-05-20,12
11638,3203,5000,2024-05-22,36
11639,298,15000,2024-08-24,24
11640,9190,5000,2024-07-02,12
11641,2664,15000,2024-07-19,36
11642,2316,5000,2024-12-11,36
11643,4596,25000,2024-01-30,12
11644,7960,5000,2024-11-07,12
11645,7708,15000,2024-05-03,12
11646,3559,15000,2024-11-19,36
11647,9106,15000,2024-05-04,24
11648,3429,10000,2024-10-29,36
11649,4742,25000,2024-10-10,12
11650,1005,25000,2024-10-19,36
11651,9502,25000,2024-11-25,24
11652,2594,10000,2024-03-13,36
11653,2771,10000,2024-09-07,36
11654,5818,25000,2024-05-06,36
11655,5064,5000,2024-10-18,36
11656,3403,5000,2024-08-09,36
11657,2741,25000,2024-11-26,12
11658,9114,5000,2024-06-01,24
11659,9913,15000,2024-11-26,12
11660,8095,10000,2024-10-23,36
11661,6171,25000,2024-07-01,36
11662,3184,5000,2024-03-09,36
11663,9708,25000,2024-08-06,24
11664,7985,25000,2024-02-26,12
11665,7305,15000,2024-01-03,12
11666,4743,10000,2024-10-30,36
11667,3853,10000,2024-02-28,12
11668,6666,25000,2024-10-18,24
11669,9326,15000,2024-07-01,12
11670,1503,5000,2024-03-19,36
11671,1637,10000,2024-11-28,12
11672,1810,25000,2024-06-17,12
11673,8459,5000,2024-03-14,12
11674,4874,25000,2024-02-28,12
11675,668,5000,2024-06-10,24
11676,7381,5000,2024-01-30,36
11677,7477,5000,2024-03-29,12
11678,8246,5000,2024-11-13,12
11679,2822,5000,2024-03-10,12
11680,3946,5000,2024-11-06,24
11681,4491,15000,2024-12-22,36
11682,4608,5000,2024-04-09,24
11683,8993,5000,2024-04-05,36
11684,4421,10000,2024-10-04,12
11685,2027,10000,2024-12-18,36
11686,8366,5000,2024-01-22,36
11687,6349,25000,2024-12-21,36
11688,55,10000,2024-03-22,12
11689,5867,15000,2024-08-07,24
11690,8902,15000,2024-10-05,12
11691,7475,15000,2024-03-14,24
11692,7449,10000,2024-03-06,24
11693,9833,15000,2024-09-26,24
11694,1815,15000,2024-05-26,24
11695,9906,25000,2024-11-20,24
11696,7148,25000,2024-09-06,12
11697,4237,10000,2024-06-24,12
11698,7113,5000,2024-04-05,24
11699,4254,25000,2024-11-25,36
11700,105,5000,2024-05-12,12
11701,4385,25000,2024-07-24,24
11702,7862,25000,2024-08-21,24
11703,1209,25000,2024-06-19,36
11704,2996,25000,2024-11-26,36
11705,7643,5000,2024-06-15,24
11706,4321,10000,2024-12-23,36
11707,1907,5000,2024-11-10,12
11708,1711,15000,2024-08-24,24
11709,4180,5000,2024-08-25,12
11710,9784,15000,2024-04-03,24
11711,2140,5000,2024-06-28,12
11712,8,5000,2024-12-15,24
11713,3646,25000,2024-08-26,12
11714,7222,5000,2024-07-21,36
11715,7331,25000,2024-08-01,24
11716,9847,10000,2024-09-22,24
11717,8671,5000,2024-04-16,24
11718,5391,25000,2024-12-04,24
11719,2015,15000,2024-09-27,12
11720,7429,25000,2024-11-11,24
11721,7126,15000,2024-02-04,36
11722,1628,5000,2024-02-04,12
11723,4725,10000,2024-01-01,24
11724,9603,5000,2024-02-16,24
11725,7526,5000,2024-04-18,12
11726,1243,25000,2024-04-20,12
11727,5585,15000,2024-09-01,24
11728,7589,10000,2024-09-30,12
11729,9365,15000,2024-01-26,36
11730,5477,10000,2024-11-11,24
11731,7219,5000,2024-05-25,24
11732,8129,25000,2024-11-14,12
11733,5790,15000,2024-02-10,36
11734,3185,5000,2024-07-28,36
11735,8619,5000,2024-02-12,24
11736,2546,25000,2024-08-11,36
11737,1316,15000,2024-10-20,36
11738,6490,5000,2024-09-06,36
11739,8703,25000,2024-06-03,24
11740,8633,10000,2024-06-25,24
11741,5866,5000,2024-11-07,36
11742,9848,10000,2024-06-25,36
11743,6123,5000,2024-07-30,24
11744,2770,25000,2024-07-06,24
11745,6372,10000,2024-12-20,12
11746,3045,25000,2024-03-27,12
11747,5210,15000,2024-11-07,36
11748,8588,5000,2024-07-22,24
11749,828,15000,2024-04-26,24
11750,7829,15000,2024-08-14,24
11751,7504,10000,2024-03-02,36
11752,7332,5000,2024-04-09,12
11753,3005,15000,2024-06-18,24
11754,4661,5000,2024-06-04,24
11755,792,25000,2024-02-06,12
11756,503,10000,2024-10-02,24
11757,4430,15000,2024-02-04,24
11758,4587,25000,2024-11-22,12
11759,5727,25000,2024-12-19,12
11760,2049,10000,2024-09-18,24
11761,5480,25000,2024-01-19,24
11762,2675,25000,2024-12-27,24
11763,7721,15000,2024-01-08,12
11764,3503,25000,2024-09-28,24
11765,3611,10000,2024-01-24,12
11766,2171,25000,2024-05-20,24
11767,1243,5000,2024-04-28,36
11768,1440,25000,2024-01-09,24
11769,9402,25000,2024-06-16,24
11770,8107,25000,2024-09-19,24
11771,3277,25000,2024-07-26,36
11772,3874,15000,2024-10-14,12
11773,8582,15000,2024-02-29,24
11774,6448,5000,2024-12-14,12
11775,8175,15000,2024-12-28,12
11776,1703,10000,2024-02-20,36
11777,1536,15000,2024-02-09,36
11778,7943,15000,2024-11-30,24
11779,9990,15000,2024-09-23,24
11780,5068,10000,2024-11-24,36
11781,4322,5000,2024-01-16,36
11782,2561,25000,2024-10-07,24
11783,7154,10000,2024-07-20,24
11784,29,10000,2024-03-24,12
11785,9173,15000,2024-10-23,24
11786,3584,15000,2024-03-05,36
11787,5109,5000,2024-06-08,12
11788,9851,15000,2024-04-13,12
11789,7522,10000,2024-12-16,12
11790,4821,15000,2024-06-24,12
11791,6616,15000,2024-02-23,12
11792,6459,5000,2024-05-04,12
11793,5408,10000,2024-03-15,36
11794,9032,10000,2024-05-01,36
11795,2415,25000,2024-02-10,24
11796,4427,25000,2024-12-04,36
11797,8589,5000,2024-03-01,36
11798,5941,10000,2024-05-14,24
11799,8577,10000,2024-04-11,12
11800,5698,15000,2024-02-22,36
11801,3583,5000,2024-08-15,36
11802,7198,5000,2024-12-18,12
11803,6552,25000,2024-04-09,12
11804,9136,25000,2024-11-12,36
11805,5086,15000,2024-12-14,12
11806,5163,25000,2024-02-04,36
11807,9978,5000,2024-09-15,12
11808,9039,5000,2024-11-15,24
11809,9674,25000,2024-05-18,36
11810,5639,15000,2024-05-09,12
11811,3116,15000,2024-10-22,12
11812,5658,25000,2024-04-15,24
11813,1387,10000,2024-04-08,12
11814,5241,10000,2024-09-18,12
11815,9473,25000,2024-12-19,12
11816,1599,15000,2024-01-21,36
11817,1983,25000,2024-08-11,24
11818,7479,25000,2024-07-01,24
11819,313,5000,2024-12-05,24
11820,5237,15000,2024-12-20,36
11821,3860,15000,2024-07-09,12
11822,6038,15000,2024-11-03,36
11823,5298,25000,2024-10-19,24
11824,2165,10000,2024-07-16,24
11825,1700,25000,2024-09-01,24
11826,1779,15000,2024-01-09,36
11827,4270,5000,2024-05-02,36
11828,749,15000,2024-02-01,12
11829,6299,15000,2024-12-23,36
11830,5779,15000,2024-04-21,12
11831,1808,25000,2024-07-30,12
11832,9726,10000,2024-09-15,12
11833,6454,5000,2024-10-03,24
11834,3797,5000,2024-11-23,12
11835,8179,10000,2024-04-25,36
11836,7905,10000,2024-08-25,36
11837,3423,10000,2024-06-23,24
11838,2210,5000,2024-01-21,24
11839,2739,5000,2024-10-24,24
11840,8484,15000,2024-12-17,36
11841,2741,25000,2024-05-24,36
11842,6746,25000,2024-02-09,12
11843,2436,25000,2024-02-27,36
11844,2828,5000,2024-04-24,24
11845,8373,10000,2024-02-11,12
11846,5181,5000,2024-12-08,12
11847,9363,5000,2024-11-08,24
11848,2744,5000,2024-02-05,12
11849,5897,5000,2024-09-09,24
11850,1136,25000,2024-02-21,24
11851,1711,15000,2024-12-10,24
11852,2345,10000,2024-01-10,36
11853,4787,5000,2024-05-31,24
11854,7285,10000,2024-11-29,24
11855,3975,10000,2024-05-27,12
11856,7195,5000,2024-02-21,12
11857,3504,15000,2024-09-03,24
11858,2359,15000,2024-09-26,12
11859,7871,25000,2024-03-13,36
11860,7019,25000,2024-09-06,36
11861,8582,15000,2024-06-10,12
11862,8096,5000,2024-03-24,12
11863,7630,25000,2024-11-18,12
11864,6150,5000,2024-04-21,12
11865,6847,5000,2024-04-12,12
11866,3059,5000,2024-01-12,36
11867,4626,5000,2024-10-24,24
11868,159,10000,2024-08-14,12
11869,9872,10000,2024-08-19,24
11870,8422,5000,2024-05-16,12
11871,5626,15000,2024-02-20,24
11872,9918,10000,2024-02-06,12
11873,4788,5000,2024-05-29,12
11874,1681,5000,2024-05-16,36
11875,6303,25000,2024-04-25,36
11876,1296,25000,2024-03-03,36
11877,6825,25000,2024-12-06,36
11878,3877,10000,2024-11-24,12
11879,2985,10000,2024-10-09,36
11880,4917,25000,2024-04-25,24
11881,1824,25000,2024-10-29,36
11882,2329,5000,2024-11-24,24
11883,8551,15000,2024-10-10,24
11884,9205,25000,2024-02-04,12
11885,7782,5000,2024-12-28,36
11886,7974,10000,2024-06-14,36
11887,5212,25000,2024-04-05,24
11888,2895,10000,2024-06-17,24
11889,2696,5000,2024-11-18,36
11890,4097,25000,2024-07-02,24
11891,4042,10000,2024-05-16,12
11892,5411,5000,2024-02-20,36
11893,1270,25000,2024-08-15,12
11894,1264,15000,2024-03-17,12
11895,6625,15000,2024-08-13,36
11896,6798,25000,2024-07-26,36
11897,5637,25000,2024-06-11,24
11898,848,5000,2024-01-16,12
11899,4885,10000,2024-06-16,36
11900,2362,10000,2024-11-20,36
11901,2187,25000,2024-01-08,12
11902,498,15000,2024-06-09,24
11903,2169,10000,2024-08-09,36
11904,6609,25000,2024-06-14,12
11905,7134,10000,2024-11-07,12
11906,7054,5000,2024-08-17,24
11907,2412,25000,2024-01-20,36
11908,9714,15000,2024-02-21,12
11909,664,15000,2024-11-16,24
11910,967,5000,2024-03-06,36
11911,8742,5000,2024-10-01,36
11912,9266,15000,2024-08-20,36
11913,4843,15000,2024-12-17,36
11914,893,5000,2024-10-02,36
11915,9441,15000,2024-12-28,24
11916,2434,15000,2024-11-03,12
11917,1191,10000,2024-05-21,24
11918,1738,15000,2024-05-01,12
11919,8846,5000,2024-07-23,24
11920,6028,10000,2024-03-31,36
11921,337,10000,2024-05-01,24
11922,435,15000,2024-07-05,12
11923,1272,10000,2024-03-20,36
11924,4583,25000,2024-06-04,12
11925,9693,5000,2024-09-15,36
11926,6844,5000,2024-05-06,36
11927,5190,15000,2024-01-04,36
11928,1768,15000,2024-07-31,12
11929,805,5000,2024-03-09,12
11930,7866,5000,2024-12-26,24
11931,4779,15000,2024-08-18,12
11932,3181,5000,2024-10-05,24
11933,2312,15000,2024-02-29,12
11934,8721,10000,2024-10-09,36
11935,2386,25000,2024-04-28,24
11936,9781,25000,2024-11-01,24
11937,7143,25000,2024-09-24,24
11938,1645,10000,2024-05-17,24
11939,1593,15000,2024-02-18,12
11940,78,15000,2024-08-17,24
11941,5659,15000,2024-08-07,36
11942,5551,5000,2024-12-28,12
11943,2694,25000,2024-02-04,36
11944,6953,15000,2024-06-30,12
11945,1339,15000,2024-04-29,12
11946,3295,10000,2024-10-02,24
11947,5309,15000,2024-09-24,36
11948,6449,25000,2024-09-15,36
11949,4972,15000,2024-09-14,36
11950,4875,10000,2024-10-04,12
11951,3926,25000,2024-10-17,24
11952,7915,5000,2024-08-24,12
11953,2088,15000,2024-08-31,24
11954,9330,15000,2024-01-09,36
11955,8871,15000,2024-12-08,36
11956,7790,15000,2024-09-10,36
11957,8422,10000,2024-09-29,36
11958,2829,10000,2024-05-21,12
11959,2313,25000,2024-08-31,24
11960,6459,10000,2024-04-13,36
11961,6772,15000,2024-07-04,24
11962,7683,25000,2024-02-05,24
11963,5643,5000,2024-06-09,12
11964,8099,25000,2024-03-04,12
11965,9585,15000,2024-05-20,12
11966,3736,15000,2024-06-10,12
11967,2025,5000,2024-05-12,24
11968,7878,15000,2024-04-20,36
11969,1661,25000,2024-07-18,36
11970,230,10000,2024-09-30,24
11971,9814,10000,2024-03-29,36
11972,6442,25000,2024-01-18,24
11973,1579,25000,2024-12-05,24
11974,6030,25000,2024-10-02,36
11975,3788,5000,2024-12-24,12
11976,281,10000,2024-12-25,12
11977,2516,5000,2024-12-05,36
11978,2456,5000,2024-12-30,12
11979,5994,15000,2024-09-16,36
11980,769,10000,2024-01-22,36
11981,3087,5000,2024-08-04,36
11982,546,25000,2024-12-06,12
11983,6052,25000,2024-07-19,24
11984,4247,25000,2024-09-21,24
11985,5934,15000,2024-07-05,12
11986,6762,5000,2024-10-15,12
11987,14,10000,2024-12-26,24
11988,9594,10000,2024-09-19,24
11989,2255,15000,2024-03-06,24
11990,5507,25000,2024-04-06,24
11991,1099,25000,2024-10-17,36
11992,8117,5000,2024-04-02,36
11993,3205,10000,2024-06-08,24
11994,8623,10000,2024-09-13,36
11995,795,25000,2024-04-26,24
11996,3967,25000,2024-12-16,12
11997,8400,10000,2024-06-28,36
11998,2512,10000,2024-02-04,36
11999,8016,10000,2024-10-22,12
12000,580,5000,2024-10-21,24
12001,7136,5000,2024-01-20,36
12002,2831,25000,2024-12-18,36
12003,6170,15000,2024-08-02,36
12004,7932,25000,2024-02-22,24
12005,9826,10000,2024-05-19,36
12006,4095,15000,2024-05-15,12
12007,9713,5000,2024-06-17,36
12008,3482,25000,2024-05-01,12
12009,96,5000,2024-05-18,12
12010,3511,15000,2024-01-26,24
12011,9724,5000,2024-08-02,24
12012,4876,10000,2024-02-07,36
12013,5808,10000,2024-05-12,12
12014,615,5000,2024-10-14,12
12015,7205,25000,2024-07-15,24
12016,7378,10000,2024-04-21,36
12017,7024,15000,2024-05-22,36
12018,7935,25000,2024-12-28,12
12019,8005,5000,2024-11-03,36
12020,5563,15000,2024-01-28,36
12021,9252,5000,2024-05-26,12
12022,9965,25000,2024-11-05,24
12023,5635,10000,2024-03-21,36
12024,9859,10000,2024-01-15,24
12025,5340,10000,2024-09-25,36
12026,7099,10000,2024-08-02,24
12027,7049,15000,2024-01-23,36
12028,5658,15000,2024-12-01,36
12029,8714,25000,2024-07-08,36
12030,923,25000,2024-10-07,36
12031,4205,25000,2024-06-08,36
12032,4926,5000,2024-05-28,12
12033,9397,10000,2024-10-10,36
12034,6486,10000,2024-03-31,12
12035,7825,25000,2024-04-25,36
12036,9689,25000,2024-08-06,24
12037,4762,15000,2024-05-19,24
12038,8521,10000,2024-01-20,24
12039,6700,10000,2024-12-29,12
12040,5356,10000,2024-12-04,12
12041,1465,15000,2024-11-02,24
12042,2035,25000,2024-03-25,12
12043,3591,15000,2024-04-10,24
12044,6840,25000,2024-07-20,36
12045,8695,25000,2024-11-28,36
12046,6508,25000,2024-01-25,36
12047,8681,25000,2024-01-31,36
12048,7368,10000,2024-07-25,12
12049,3838,15000,2024-06-16,24
12050,1427,10000,2024-12-08,12
12051,1600,5000,2024-03-07,24
12052,1835,10000,2024-07-09,36
12053,9233,25000,2024-01-11,24
12054,39,25000,2024-06-13,12
12055,2915,25000,2024-05-19,24
12056,6439,10000,2024-09-18,36
12057,8231,25000,2024-11-21,12
12058,187,5000,2024-07-31,12
12059,8942,10000,2024-12-10,24
12060,5058,10000,2024-02-16,36
12061,2832,5000,2024-02-05,24
12062,4558,10000,2024-03-22,12
12063,669,25000,2024-02-13,24
12064,5351,25000,2024-08-18,24
12065,2754,5000,2024-03-27,36
12066,5370,5000,2024-02-04,24
12067,4874,10000,2024-12-14,36
12068,3547,10000,2024-11-12,24
12069,4749,10000,2024-07-27,36
12070,182,25000,2024-06-14,12
12071,6146,5000,2024-06-28,36
12072,3242,25000,2024-01-02,36
12073,9169,5000,2024-07-13,24
12074,2924,15000,2024-12-18,24
12075,1446,5000,2024-01-23,12
12076,7140,15000,2024-01-26,36
12077,1309,5000,2024-01-30,12
12078,8572,25000,2024-10-01,24
12079,1856,10000,2024-06-15,36
12080,8748,10000,2024-03-30,12
12081,4668,10000,2024-08-11,24
12082,9415,15000,2024-04-15,24
12083,109,10000,2024-01-28,12
12084,8257,25000,2024-05-06,36
12085,6035,25000,2024-03-01,12
12086,7853,5000,2024-06-24,24
12087,9625,10000,2024-04-04,36
12088,5721,25000,2024-04-05,36
12089,3928,10000,2024-05-20,12
12090,2498,5000,2024-03-26,24
12091,2977,15000,2024-05-02,12
12092,741,25000,2024-12-18,12
12093,471,25000,2024-08-03,24
12094,1666,10000,2024-04-17,36
12095,3991,15000,2024-06-27,36
12096,8302,25000,2024-03-10,12
12097,4390,15000,2024-05-06,36
12098,2263,10000,2024-07-24,24
12099,960,5000,2024-09-19,36
12100,1560,25000,2024-03-07,24
